LOC,NAME,CODETX,SER,KV,MVA,YEAR_Energized,Sample Day,Tested Day,O2,N2,CO2,CO,H2,CH4,C2H2,C2H4,C2H6,C3H6,C3H8,TEMP,NB
AP,KT1AB,APKT1AB,28122,230/115/11,200,1989.0,2022-07-01,2022-07-02,12619,54242,2059,319.0,16642,2500.0,15771,2449,121.0,339.0,0.0,69.0,
AP,KT1AC,APKT1AC,28122,230/115/11,200,1989.0,2022-07-01,2022-07-02,11023,51864,2202,298.0,14849,2701.0,17723,2753,144.0,384.0,0.0,69.0,
AP,KT2AA,APKT2AA,89900048,230/115/11,200,2005.0,2023-10-30,2023-11-25,19360,26060,24879,481.0,2366,6221.0,3310,42975,8075.0,5418.0,23722.0,,
AP,KT2AA,APKT2AA,89900048,230/115/11,200,2005.0,2024-01-21,2024-01-22,16672,41496,1487,267.0,20960,7873.0,21729,27767,5471.0,3928.0,143.0,,
AP,KT2AA,APKT2AA,89900048,230/115/11,200,2005.0,2024-06-10,2024-06-20,15000,35920,328,159.0,21554,3292.0,15818,3402,226.0,865.0,31.0,60.0,After Overhaul 3 Month
AP,KT2AB,APKT2AB,89900048,230/115/11,200,2005.0,2024-01-21,2024-01-22,11542,29027,1517,261.0,34304,12070.0,20281,45669,8550.0,6061.0,174.0,,
AP,KT2AB,APKT2AB,89900048,230/115/11,200,2005.0,2023-10-30,2023-11-25,31120,32330,1387,293.0,7316,4969.0,1978,34456,6630.0,4294.0,137.0,,
AP,KT2AB,APKT2AB,89900048,230/115/11,200,2005.0,2024-06-10,2024-06-20,12660,34650,289,159.0,26971,3216.0,14140,3426,298.0,642.0,26.0,60.0,After Overhaul 3 Month
AP,KT2AC,APKT2AC,89900048,230/115/11,200,2005.0,2023-10-30,2023-11-25,28430,31270,22136,543.0,7193,5087.0,3320,38327,7631.0,5562.0,192.0,,
AP,KT2AC,APKT2AC,89900048,230/115/11,200,2005.0,2024-06-10,2024-06-20,13760,35460,283,148.0,28683,3205.0,14858,3349,258.0,1261.0,25.0,60.0,After Overhaul 3 Month
AP,KT2AC,APKT2AC,89900048,230/115/11,200,2005.0,2024-01-21,2024-01-22,14776,26338,1206,205.0,35593,13007.0,18753,53452,10757.0,7300.0,176.0,,
AP,KT4A,APKT4A,573078,115/22,40,2007.0,2024-05-24,2024-05-26,14000,30520,2422,207.0,12753,5058.0,39681,7479,584.0,3166.0,109.0,37.0,Before Overhaul OLTC
AP,KT5A,APKT5A,145496,115/22,13,2007.0,2023-08-26,2023-09-12,44940,53820,93,258.0,7174,719.0,2074,797,70.0,300.0,8.0,50.0,
AT1,KT10AA,AT1KT10AA,91900008,220/115/22,200,2005.0,2023-11-16,2024-01-21,16240,34580,123,81.0,12734,8757.0,3316,15937,8553.0,2488.0,206.0,59.0,COUNTER 70774
AT1,KT10AB,AT1KT10AB,91900008,220/115/22,200,2005.0,2023-11-16,2024-01-21,17120,38390,137,88.0,13085,8168.0,5074,13649,7298.0,2630.0,204.0,59.0,COUNTER 70774
AT1,KT10AC,AT1KT10AC,91900008,220/115/22,200,2005.0,2023-11-16,2024-01-21,33160,44200,182,51.0,3401,6038.0,5284,11252,6206.0,3710.0,187.0,59.0,COUNTER 70774
AT1,KT7AA,AT1KT7AA,S251385,220/115/22,200,1993.0,2023-11-16,2024-01-22,42560,55450,1800,241.0,4808,1449.0,11200,2267,141.0,875.0,29.0,56.0,COUNTER 107673
AT1,KT7AB,AT1KT7AB,S251385,220/115/22,200,1993.0,2023-11-16,2024-01-21,26730,47370,2058,324.0,9818,2118.0,11687,3263,230.0,1461.0,36.0,56.0,
AT1,KT7AC,AT1KT7AC,S251385,220/115/22,200,1993.0,2023-11-16,2024-01-22,19450,52720,3382,318.0,11750,2023.0,10255,3719,263.0,746.0,27.0,56.0,
AT2,KT3AA,AT2KT3AA,5BK012301,220/115/22,200,2003.0,2023-11-10,2023-11-26,28430,31270,22136,543.0,7193,5087.0,3320,38327,7631.0,5562.0,192.0,,
AT2,KT3AA,AT2KT3AA,5BK012301,220/115/22,200,2003.0,2023-11-16,2024-01-22,13620,39620,196,30.0,512,182.0,410,469,65.0,39.0,1.0,62.0,
AT2,KT3AB,AT2KT3AB,5BK012301,220/115/22,200,2003.0,2023-11-16,2024-01-22,13440,24010,199,18.0,85,37.0,82,286,70.0,81.0,3.0,60.0,
AT2,KT3AB,AT2KT3AB,5BK012301,220/115/22,200,2003.0,2023-11-10,2023-11-26,19360,26060,24879,481.0,2366,6221.0,4200,42975,8075.0,5418.0,23722.0,,
AT2,KT3AC,AT2KT3AC,5BK012301,220/115/22,200,2003.0,2023-11-10,2023-11-26,31120,32330,1387,293.0,7316,4969.0,1978,34556,6630.0,4294.0,137.0,,
AT2,KT3AC,AT2KT3AC,5BK012301,220/115/22,200,2003.0,2023-11-16,2024-01-25,17360,38190,172,15.0,12,4.0,38,25,5.0,7.0,0.0,62.0,
BI1,KT2A,BI1KT2A,8P9090T1,115/22,50,2004.0,2023-09-10,2023-10-09,44380,43730,1177,171.0,147,94.0,1964,228,9.0,98.0,3.0,60.0,
BI2,KT2A,BI2KT2A,971129105,230/121/22,200,2012.0,2024-05-25,2024-05-26,23810,25370,154,5.0,1,2.0,10,4,1.0,4.0,0.0,0.0,
BI2,KT2A,BI2KT2A,971129105,230/121/22,200,2012.0,2024-05-15,2024-05-18,18520,20050,151,4.0,1,1.0,10,2,0.0,0.0,0.0,30.0,
BI2,KT2A,BI2KT2A,971129105,230/121/22,200,2012.0,2023-05-16,2023-05-21,8251,20087,40,2.0,0,0.0,0,0,0.0,0.0,0.0,36.0,
BI2,KT3AB,BI2KT3AB,103730,230/115/22,200,2008.0,2021-02-08,2021-02-09,23775,57138,529,89.0,1088,192.0,1518,331,74.0,0.0,0.0,,
BK,KT1AA,BKKT1AA,7853301,230/69/11,200,2006.0,2023-11-06,2024-01-26,19840,31960,1040,171.0,22589,5685.0,29210,10483,1505.0,6249.0,36.0,56.0,
BK,KT1AB,BKKT1AB,7853301,230/69/11,200,2006.0,2023-11-26,2024-01-27,22490,33460,1092,153.0,19373,5340.0,27104,10294,1461.0,1288.0,35.0,56.0,
BK,KT1AC,BKKT1AC,7853301,230/69/11,200,2006.0,2023-11-26,2024-01-26,21220,31620,1292,232.0,25078,5077.0,33289,5854,482.0,5162.0,33.0,56.0,
BK,KT2AA,BKKT2AA,7853302,230/69,200,,2023-11-26,2024-01-26,31340,40550,1162,185.0,9147,3960.0,28270,4761,405.0,3280.0,31.0,60.0,
BK,KT2AB,BKKT2AB,7853302,230/69,200,,2023-11-26,2024-01-26,26030,35870,886,151.0,13319,4965.0,28478,8600,1296.0,3697.0,38.0,60.0,
BK,KT2AC,BKKT2AC,7853302,230/69,200,,2023-11-26,2024-01-27,23450,36450,1013,157.0,14887,5259.0,30765,9082,1327.0,1623.0,37.0,60.0,
BK,KT3AA,BKKT3AA,7853996,230/69/11,300,2012.0,2023-11-06,2023-12-01,15860,25390,3961,321.0,1462,3231.0,21263,3002,2285.0,3947.0,36.0,48.0,
BK,KT3AB,BKKT3AB,7853996,230/69/11,300,2012.0,2023-11-06,2023-11-27,7780,28790,9764,90.0,22815,3640.0,30000,10924,1802.0,1916.0,29.0,48.0,
BK,KT3AC,BKKT3AC,7853996,230/69/11,300,2012.0,2023-11-06,2023-11-27,14260,36950,149,28.0,8968,2608.0,23881,8047,1331.0,165.0,28.0,48.0,
BKN,KT1A,BKNKT1A,558035,115/22/11,25,,2020-04-10,2020-05-24,8777,40360,2580,304.0,20303,3143.0,24474,4323,318.0,1096.0,0.0,51.0,
BKN,KT2A,BKNKT2A,60492-004,115/22,32,,2024-01-19,2024-02-03,21840,57490,2076,369.0,111,74.0,2,263,34.0,32.0,2.0,29.0,
BL,KT2A,BLKT2A,136702,115/22,50,2000.0,2023-08-26,2023-09-11,13080,47470,599,245.0,9754,1053.0,9365,2602,90.0,199.0,4.0,55.0,
BN,KT2AA,BNKT2AA,103826,230/69,200,2008.0,2023-11-24,2024-01-12,27980,46500,1692,324.0,12352,1415.0,11820,1316,65.0,305.0,8.0,58.0,
BN,KT2AB,BNKT2AB,103826,230/69,200,2008.0,2023-11-24,2024-01-12,22270,43580,1625,307.0,18687,1975.0,15234,1828,94.0,391.0,10.0,58.0,
BN,KT2AC,BNKT2AC,103826,230/69,200,2008.0,2023-11-24,2024-01-12,21660,38080,1258,236.0,13740,1997.0,15550,1957,112.0,527.0,13.0,58.0,
BN,KT3AA,BNKT3AA,103827,230/69,200,2008.0,2023-11-24,2024-01-12,25920,35230,1401,234.0,19160,3934.0,33688,5150,433.0,4278.0,41.0,58.0,
BN,KT3AB,BNKT3AB,103827,230/69,200,2008.0,2023-11-24,2024-01-12,18820,32510,1795,247.0,20004,5480.0,51306,8385,873.0,4012.0,61.0,58.0,
BN,KT3AC,BNKT3AC,103827,230/69,200,2008.0,2023-11-24,2024-01-12,8290,21200,1520,179.0,30230,8164.0,57067,20350,3480.0,5516.0,80.0,58.0,
BN,KT4AA,BNKT4AA,5BK012901,230/115/22,200,2004.0,2023-11-24,2024-01-14,13890,21020,1265,131.0,18013,15383.0,33896,90861,23526.0,13119.0,409.0,51.0,
BN,KT4AB,BNKT4AB,5BK012901,230/115/22,200,2004.0,2023-11-24,2024-01-14,18980,24250,1197,126.0,13542,12921.0,26368,78971,20651.0,13045.0,402.0,51.0,
BN,KT4AC,BNKT4AC,5BK012901,230/115/22,200,2004.0,2023-11-24,2024-01-14,9600,25050,1893,194.0,29720,15432.0,34324,89758,22262.0,10844.0,418.0,51.0,
BN,KT6AA,BNKT6AA,7200157,,,,2023-11-24,2024-01-12,26240,48050,3905,580.0,32,71.0,13,122,21.0,90.0,7.0,50.0,
BN,KT6AB,BNKT6AB,7200157,,,,2023-11-24,2024-01-12,22470,44810,3643,614.0,33,73.0,5,112,20.0,123.0,7.0,50.0,
BN,KT6AC,BNKT6AC,7200157,,,,2023-11-24,2024-01-14,28230,49490,2840,450.0,30,61.0,27,100,20.0,96.0,7.0,50.0,
BN,KT7AA,BNKT7AA,AG69095T121,230/69/11,200,1997.0,2023-11-24,2024-01-14,14580,28240,1775,234.0,27625,11312.0,31072,39781,5891.0,6298.0,165.0,50.0,
BN,KT7AB,BNKT7AB,AG69095T121,230/69/11,200,1997.0,2023-11-24,2024-01-14,9280,22140,2062,229.0,33799,12903.0,39382,50417,7618.0,8656.0,214.0,50.0,
BN,KT7AC,BNKT7AC,AG69095T121,230/69/11,200,1997.0,2023-11-24,2024-01-14,15570,24850,1865,222.0,22416,11601.0,36447,49369,7719.0,5089.0,206.0,50.0,
BN,KT8AA,BNKT8AA,AG69095T221,230/69/11,200,1998.0,2023-03-11,2023-03-24,14534,44224,2102,251.0,12357,5107.0,16453,13231,1745.0,795.0,50.0,51.0,
BN,KT8AA,BNKT8AA,AG69095T221,230/69/11,200,1998.0,2023-11-24,2024-01-14,10690,27320,2090,240.0,33000,11719.0,29841,46297,7093.0,6970.0,208.0,45.0,
BN,KT8AB,BNKT8AB,AG69095T221,230/69/11,200,1998.0,2023-11-24,2024-01-14,12700,24750,1849,195.0,22813,10407.0,28132,41155,6440.0,5986.0,193.0,45.0,
BN,KT8AB,BNKT8AB,AG69095T221,230/69/11,200,1998.0,2023-03-11,2023-03-25,15463,41260,2059,233.0,13977,6076.0,20172,16365,2200.0,974.0,57.0,51.0,
BN,KT8AC,BNKT8AC,AG69095T221,230/69/11,200,1998.0,2023-03-11,2023-03-20,2961,28997,2291,299.0,35228,7868.0,28126,21053,2938.0,971.0,48.0,51.0,
BN,KT8AC,BNKT8AC,AG69095T221,230/69/11,200,1998.0,2023-11-24,2024-01-14,17190,26130,1659,168.0,18525,10025.0,30982,41112,6950.0,5169.0,196.0,45.0,
BP2,KT1AA,BP2KT1AA,AX69026T1-1,230/121/33,200,,2023-11-12,2024-01-22,11400,44920,2534,227.0,15220,4954.0,4199,20715,1610.0,4429.0,83.0,59.0,
BP2,KT1AB,BP2KT1AB,AX69026T1-1,230/121/33,200,,2023-11-12,2024-01-21,14040,40820,1812,174.0,10129,3902.0,4396,12963,1338.0,2563.0,54.0,59.0,
BP2,KT1AC,BP2KT1AC,AX69026T1-1,230/121/33,200,,2023-11-12,2024-01-21,8770,41050,2652,221.0,16088,5310.0,3065,25454,1988.0,3138.0,85.0,59.0,
BP2,KT2AA,BP2KT2AA,AX69026T1-2,230/115,200,,2023-11-12,2024-01-21,16970,37740,1672,155.0,7172,3546.0,11219,11370,1852.0,2772.0,104.0,55.0,
BP2,KT2AB,BP2KT2AB,AX69026T1-2,230/115,200,,2023-11-12,2024-01-21,4550,44290,2292,231.0,13359,4542.0,13975,13396,1943.0,1763.0,133.0,55.0,
BP2,KT2AC,BP2KT2AC,AX69026T1-2,230/115,200,,2023-11-12,2024-01-21,4640,36390,2306,216.0,19008,5512.0,15692,17045,2536.0,3056.0,117.0,55.0,
BP2,"KT4A(A, B)","BP2KT4A(A, B)",573074,115/22,40,1998.0,2023-09-17,2023-09-18,22558,79905,2049,565.0,8851,2115.0,12989,2636,180.0,471.0,22.0,,
BP2,KT5AA,BP2KT5AA,A1Z69040T2,230/115,200,2008.0,2023-11-12,2024-01-22,21920,36310,877,155.0,15554,4116.0,27716,6089,735.0,1323.0,36.0,56.0,
BP2,KT5AB,BP2KT5AB,A1Z69040T2,230/115,200,2008.0,2023-11-12,2024-01-21,21720,38050,989,197.0,16109,3288.0,23182,4009,370.0,2469.0,34.0,56.0,
BP2,KT5AC,BP2KT5AC,A1Z69040T2,230/115,200,2008.0,2023-11-12,2024-01-21,13520,34040,1073,216.0,22526,4017.0,26652,4890,550.0,2301.0,36.0,56.0,
BPI,KT1A,BPIKT1A,338033,115/22,50,,2024-03-08,2024-03-23,9214,22397,2791,311.0,25088,11310.0,49463,44653,7409.0,6536.0,245.0,60.0,
BPL,KT1AA,BPLKT1AA,7312504701,220/69/11,200,1987.0,2023-11-26,2024-01-06,17660,36990,998,219.0,10486,2885.0,16205,4430,610.0,5391.0,66.0,48.0,
BPL,KT1AA,BPLKT1AA,7312504701,220/69/11,200,1987.0,2020-11-21,2021-01-09,4702,38868,3180,552.0,16533,2495.0,10820,2423,169.0,0.0,0.0,45.0,
BPL,KT1AB,BPLKT1AB,7312504701,220/69/11,200,1987.0,2020-11-21,2021-01-09,15379,45937,2846,575.0,12053,1666.0,7628,1914,170.0,0.0,0.0,45.0,
BPL,KT1AB,BPLKT1AB,7312504701,220/69/11,200,1987.0,2023-11-26,2024-01-06,21800,42140,1664,332.0,12303,2765.0,14313,3812,369.0,3243.0,108.0,48.0,
BPL,KT1AC,BPLKT1AC,7312504701,220/69/11,200,1987.0,2020-11-20,2020-11-23,20186,83871,206,66.0,3698,598.0,3956,935,128.0,306.0,14.0,49.0,
BPL,KT1AC,BPLKT1AC,7312504701,220/69/11,200,1987.0,2023-11-26,2024-01-05,43820,46900,1164,188.0,5683,1496.0,8362,3102,412.0,5484.0,137.0,48.0,
BPL,KT2AA,BPLKT2AA,S.251386,220/115/11,200,1994.0,2020-11-21,2021-01-09,5346,49903,3239,265.0,14349,7033.0,14939,40138,11437.0,245.0,0.0,68.0,
BPL,KT2AA,BPLKT2AA,S.251386,220/115/11,200,1994.0,2023-11-26,2024-01-07,15980,32770,1752,242.0,22173,7149.0,44755,28454,4837.0,5522.0,246.0,60.0,
BPL,KT2AB,BPLKT2AB,S.251386,220/115/11,200,1994.0,2020-11-21,2021-01-09,3274,20295,3634,30.0,27539,20027.0,2983,129118,34452.0,19814.0,0.0,68.0,
BPL,KT2AB,BPLKT2AB,S.251386,220/115/11,200,1994.0,2023-11-26,2024-01-06,12510,22600,1419,62.0,20127,13413.0,9893,104668,19194.0,9884.0,390.0,60.0,
BPL,KT2AC,BPLKT2AC,S.251386,220/115/11,200,1994.0,2023-11-26,2024-01-05,8870,21670,1496,68.0,25487,15547.0,7991,122019,23381.0,10736.0,422.0,,
BPL,KT2AC,BPLKT2AC,S.251386,220/115/11,200,1994.0,2020-11-21,2021-01-09,4352,14219,4059,0.0,27556,28013.0,2365,171626,63209.0,24372.0,0.0,68.0,
BPL,KT3AA,BPLKT3AA,AV69020T2,220/115/11,200,2003.0,2023-11-26,2024-01-06,18570,33670,1613,151.0,9287,5092.0,12491,23528,2829.0,6547.0,151.0,32.0,
BPL,KT3AA,BPLKT3AA,AV69020T2,220/115/11,200,2003.0,2020-11-20,2020-12-06,37363,66738,1209,31.0,220,1141.0,2375,4539,644.0,17.0,0.0,44.0,
BPL,KT3AB,BPLKT3AB,AV69020T2,220/115/11,200,2003.0,2023-11-26,2024-01-05,7850,35230,2299,222.0,21344,6947.0,17936,29536,3426.0,7156.0,166.0,32.0,
BPL,KT3AB,BPLKT3AB,AV69020T2,220/115/11,200,2003.0,2020-11-20,2020-12-04,8924,54639,3331,208.0,7859,3544.0,10443,6807,744.0,62.0,0.0,44.0,
BPL,KT3AC,BPLKT3AC,AV69020T2,220/115/11,200,2003.0,2020-11-20,2020-12-06,37568,66890,1359,34.0,139,964.0,3447,3139,400.0,10.0,0.0,44.0,
BPL,KT3AC,BPLKT3AC,AV69020T2,220/115/11,200,2003.0,2023-11-26,2024-01-05,9330,32700,2108,186.0,22273,7681.0,12552,35730,3899.0,6832.0,156.0,32.0,
BPL,KT4AA,BPLKT4AA,91900005,220/69/11,200,2004.0,2023-11-26,2024-01-06,38710,51500,167,59.0,1955,267.0,1033,822,97.0,414.0,3.0,58.0,
BPL,KT4AA,BPLKT4AA,91900005,220/69/11,200,2004.0,2020-11-20,2020-12-06,24517,56865,1362,128.0,3714,5654.0,5069,35200,7518.0,5362.0,0.0,60.0,
BPL,KT4AB,BPLKT4AB,91900005,220/69/11,200,2004.0,2020-11-20,2021-01-09,10800,51875,1925,117.0,24,9538.0,8031,70155,2988.0,5181.0,197.0,46.0,
BPL,KT4AB,BPLKT4AB,91900005,220/69/11,200,2004.0,2023-11-26,2024-01-06,23690,34380,2115,146.0,718,164.0,153,560,73.0,1404.0,176.0,58.0,
BPL,KT4AC,BPLKT4AC,91900005,220/69/11,200,2004.0,2020-11-20,2020-11-23,4436,38105,353,82.0,23178,14919.0,9937,80359,17173.0,6085.0,195.0,60.0,
BPL,KT4AC,BPLKT4AC,91900005,220/69/11,200,2004.0,2023-11-26,2024-01-07,27420,37170,157,66.0,1780,269.0,892,971,135.0,703.0,3.0,58.0,
BPL,KT5AA,BPLKT5AA,95401,220/115/22,200,,2023-11-26,2024-01-05,19740,22850,639,96.0,19842,16706.0,23851,95835,28154.0,10777.0,364.0,58.0,
BPL,KT5AB,BPLKT5AB,95401,220/115/22,200,,2023-11-26,2024-01-06,18020,19440,432,77.0,19585,18850.0,25485,114579,40434.0,11414.0,468.0,58.0,
BPL,KT5AC,BPLKT5AC,95401,230/115/22,200,,2023-11-26,2024-01-05,8100,11060,438,59.0,34840,24652.0,27775,143691,48554.0,10773.0,582.0,58.0,
BPL,KT7AA,BPLKT7AA,8946786,230/72/11,200,,2023-11-26,2024-01-07,2300,33800,1294,164.0,13523,5532.0,36513,12623,2295.0,2851.0,97.0,48.0,
BPL,KT7AB,BPLKT7AB,8946786,230/72/11,200,,2023-11-26,2024-01-06,2130,24110,1240,164.0,24527,9131.0,34462,30914,6690.0,3223.0,113.0,48.0,
BPL,KT7AC,BPLKT7AC,8946786,230/72/11,200,,2023-11-26,2024-01-07,7920,24090,1354,191.0,32134,9636.0,39255,30552,6486.0,5539.0,117.0,48.0,
BR,KT1A,BRKT1A,338029,115/22,50,,2024-02-24,2024-04-09,20761,32738,2469,190.0,12413,17394.0,1990,185731,35608.0,23082.0,673.0,55.0,
BR,KT2A,BRKT2A,52009,115/22/11,50,,2022-11-23,2022-12-03,22604,58983,179,95.0,352,145.0,3696,518,69.0,149.0,219.0,51.0,
BSP,KT1AA,BSPKT1AA,103724,230/115,200,2007.0,2023-10-13,2023-12-09,24318,44726,1954,329.0,564,58.0,630,96,7.0,435.0,2.0,54.0,
BSP,KT1AB,BSPKT1AB,103724,230/115,200,2007.0,2023-10-13,2023-12-02,24189,55224,1655,281.0,1721,138.0,1388,123,6.0,30.0,2.0,54.0,
BSP,KT1AC,BSPKT1AC,103724,230/115,200,2007.0,2023-10-13,2023-12-02,23571,54768,1492,234.0,2028,195.0,1882,174,9.0,40.0,1.0,54.0,
BSP,KT2AA,BSPKT2AA,103725,230/115,200,2007.0,2023-10-13,2023-12-02,31832,48325,1631,326.0,1305,154.0,1309,155,13.0,307.0,2.0,57.0,
BSP,KT2AB,BSPKT2AB,103725,230/115,200,2007.0,2023-10-13,2023-12-09,25139,47558,1642,334.0,1394,166.0,1609,174,13.0,46.0,2.0,57.0,
BSP,KT2AC,BSPKT2AC,103725,230/115,200,2007.0,2023-10-13,2023-12-11,20990,47340,834,247.0,1467,193.0,2022,178,9.0,45.0,2.0,57.0,
BSP,KT3A,BSPKT3A,573082,115/22,25,2007.0,2023-10-13,2023-12-02,29541,41916,1059,202.0,1057,120.0,417,191,18.0,83.0,5.0,50.0,
BSP2,KT1AA,BSP2KT1AA,04900004,500,333.33,2018.0,2023-10-16,2023-12-02,17246,48435,839,183.0,818,102.0,771,89,4.0,24.0,7.0,54.0,
BSP2,KT1AA,BSP2KT1AA,04900004,500,333.33,2018.0,2024-02-17,2024-03-04,21640,37850,791,30.0,69,15.0,159,20,0.0,0.0,0.0,56.0,
BSP2,KT1AB,BSP2KT1AB,04900005,500,333.33,2018.0,2023-10-16,2023-12-09,15814,40335,1582,280.0,976,103.0,727,201,19.0,261.0,2.0,55.0,
BSP2,KT1AB,BSP2KT1AB,04900005,500,333.33,2018.0,2024-02-17,2024-03-04,18732,31437,556,32.0,70,10.0,89,11,0.0,0.0,0.0,58.0,
BSP2,KT1AC,BSP2KT1AC,04900006,500,333.33,,2023-10-16,2023-12-02,13120,47146,1688,292.0,1240,111.0,734,109,7.0,236.0,4.0,54.0,
BSP2,KT1AC,BSP2KT1AC,04900006,500,333.33,,2024-02-17,2024-03-04,27627,52311,593,26.0,0,36.0,10,97,14.0,0.0,0.0,58.0,
BWN,KT1AA,BWNKT1AA,5BK012801,230/121/22,200,2009.0,2024-02-23,2024-03-04,3543,52533,903,129.0,7893,764.0,5267,956,24.0,116.0,0.0,64.0,
BWN,KT1AA,BWNKT1AA,5BK012801,230/121/22,200,2009.0,2023-08-20,2023-09-15,8470,27900,1128,196.0,13206,3074.0,11394,9359,1783.0,941.0,20.0,64.0,
BWN,KT1AB,BWNKT1AB,5BK012801,230/121/22,200,2009.0,2024-02-23,2024-03-04,7162,50700,817,107.0,5983,643.0,4255,817,21.0,77.0,0.0,64.0,
BWN,KT1AB,BWNKT1AB,5BK012801,230/121/22,200,2009.0,2023-08-20,2023-09-11,14790,37850,691,174.0,9470,2599.0,1048,7037,1252.0,962.0,20.0,64.0,
BWN,KT1AC,BWNKT1AC,5BK012801,230/121/22,200,2009.0,2024-02-23,2024-03-05,1754,47583,860,106.0,6964,643.0,4513,719,73.0,89.0,0.0,64.0,
BWN,KT1AC,BWNKT1AC,5BK012801,230/121/22,200,2009.0,2023-08-20,2023-09-11,22990,38720,489,164.0,5853,1594.0,7641,4387,771.0,814.0,18.0,64.0,
BWN,KT2AA,BWNKT2AA,N407930,230/115/22,200,,2023-08-20,2023-09-11,8960,38350,857,182.0,4384,3596.0,1625,1072,1950.0,1025.0,23.0,62.0,
BWN,KT2AA,BWNKT2AA,N407930,230/115/22,200,,2024-02-23,2024-03-09,4612,37983,671,33.0,5579,238.0,1450,222,8.0,0.0,0.0,60.0,
BWN,KT2AB,BWNKT2AB,N407930,230/115/22,200,,2024-02-23,2024-03-04,5723,36058,609,47.0,6987,304.0,1743,321,9.0,7.0,0.0,60.0,
BWN,KT2AB,BWNKT2AB,N407930,230/115/22,200,,2023-08-20,2023-09-11,21250,40190,444,165.0,8636,2061.0,9337,6075,1020.0,827.0,18.0,62.0,
BWN,KT2AC,BWNKT2AC,N407930,230/115/22,200,,2024-02-23,2024-03-04,5094,25343,501,33.0,5632,220.0,1305,296,12.0,0.0,0.0,60.0,
BWN,KT2AC,BWNKT2AC,N407930,230/115/22,200,,2023-08-20,2023-09-12,15170,36640,785,118.0,6328,4698.0,10568,18107,3553.0,986.0,24.0,62.0,
BWN,KT3AA,BWNKT3AA,A1E69002T3-1,230/115,200,2011.0,2023-08-19,2023-09-12,11230,30720,425,118.0,18816,4295.0,14117,14204,3489.0,911.0,16.0,53.0,
BWN,KT3AA,BWNKT3AA,A1E69002T3-1,230/115,200,2011.0,2024-02-23,2024-03-05,4245,26017,399,42.0,5068,279.0,1996,369,13.0,0.0,0.0,50.0,
BWN,KT3AB,BWNKT3AB,A1E69002T3-1,230/115,200,2011.0,2023-08-19,2023-09-12,9270,29980,456,107.0,17775,3958.0,12067,12170,2896.0,799.0,16.0,53.0,
BWN,KT3AB,BWNKT3AB,A1E69002T3-1,230/115,200,2011.0,2024-02-23,2024-03-05,4025,19481,317,72.0,3172,178.0,1264,245,8.0,0.0,0.0,50.0,
BWN,KT3AC,BWNKT3AC,A1E69002T3-1,230/115,200,2011.0,2024-02-23,2024-03-04,7233,18599,230,30.0,542,44.0,297,96,5.0,0.0,0.0,50.0,
BWN,KT3AC,BWNKT3AC,A1E69002T3-1,230/115,200,2011.0,2023-08-19,2023-09-12,17590,25620,162,88.0,14162,3611.0,12140,13434,3620.0,851.0,18.0,53.0,
CC,KT1A,CCKT1A,573076,115/22,40,1998.0,2023-03-04,2023-03-12,7672,43759,1364,207.0,18984,3491.0,33105,4553,381.0,1078.0,37.0,57.0,
CHW,KT1AA,CHWKT1AA,N408177,230/121/22,300,2009.0,2023-11-06,2023-11-28,40376,44531,5942,108.0,3153,2694.0,3412,13120,6801.0,1711.0,60.0,66.0,
CHW,KT1AA,CHWKT1AA,N408177,230/121/22,300,2009.0,2024-06-04,2024-06-08,16874,32556,10883,210.0,10880,10538.0,6638,25525,23579.0,9699.0,266.0,65.0,
CHW,KT1AB,CHWKT1AB,N408177,230/121/22,300,2009.0,2023-11-06,2023-11-28,37475,40427,6308,229.0,3881,3294.0,686,17951,10172.0,1769.0,91.0,66.0,
CHW,KT1AB,CHWKT1AB,N408177,230/121/22,300,2009.0,2024-06-04,2024-06-08,16874,42553,11359,413.0,21370,16897.0,1237,45393,39117.0,13372.0,328.0,65.0,
CHW,KT1AC,CHWKT1AC,N408177,230/121/22,300,2009.0,2024-06-04,2024-06-08,15397,38402,19674,318.0,25131,20164.0,1748,67312,55177.0,7841.0,395.0,65.0,
CHW,KT1AC,CHWKT1AC,N408177,230/121/22,300,2009.0,2023-11-06,2023-11-27,26724,32734,9187,151.0,14024,4883.0,804,21773,15656.0,1827.0,106.0,66.0,
CHW,KT2AA,CHWKT2AA,N 408034,230/121/22,300,,2024-06-04,2024-06-08,17853,41071,8423,69.0,12821,11806.0,7653,44722,26692.0,6367.0,344.0,65.0,
CHW,KT2AA,CHWKT2AA,N 408034,230/121/22,300,,2023-11-06,2023-11-25,23461,37059,4181,19.0,5310,3140.0,3525,15993,7073.0,1833.0,73.0,66.0,
CHW,KT2AA,CHWKT2AA,N 408034,230/121/22,300,,2023-08-04,2023-08-17,40899,74822,66,20.0,12888,5288.0,3220,27701,12732.0,2017.0,71.0,,
CHW,KT2AB,CHWKT2AB,N 408034,230/121/22,300,,2023-08-04,2023-08-12,26630,35920,26,24.0,14038,4229.0,743,25118,10389.0,1851.0,62.0,,
CHW,KT2AB,CHWKT2AB,N 408034,230/121/22,300,,2023-11-06,2023-11-28,34035,39687,4651,194.0,5049,3807.0,501,21647,1027.0,2258.0,112.0,66.0,
CHW,KT2AB,CHWKT2AB,N 408034,230/121/22,300,,2024-06-04,2024-06-08,21057,43435,9102,381.0,14794,14546.0,696,47840,38099.0,12891.0,402.0,65.0,
CHW,KT2AC,CHWKT2AC,N 408034,230/121/22,300,,2023-11-06,2023-11-28,38587,41623,4331,129.0,3446,3488.0,2888,26175,2112.0,2494.0,103.0,66.0,
CHW,KT2AC,CHWKT2AC,N 408034,230/121/22,300,,2023-08-04,2023-08-12,30340,33250,75,16.0,12820,3969.0,5888,22490,10360.0,2157.0,48.0,,
CHW,KT2AC,CHWKT2AC,N 408034,230/121/22,300,,2024-06-04,2024-06-08,24105,39094,8019,242.0,10444,10636.0,3257,68812,53434.0,8871.0,488.0,65.0,
CM1,KT1A,CM1KT1A,8P8744T1,115/22,50,,2019-09-23,2019-09-27,19253,68792,1774,119.0,304,85.0,2531,327,13.0,111.0,0.0,58.0,
CM1,KT1A,CM1KT1A,8P8744T1,115/22,50,,2024-05-11,2024-06-01,12712,51916,1602,150.0,161,83.0,2563,282,13.0,249.0,11.0,58.0,
CM1,KT1A,CM1KT1A,8P8744T1,115/22,50,,2021-04-10,2021-10-21,21794,72066,954,0.0,129,36.0,801,92,10.0,27.0,0.0,,
CM1,KT2A,CM1KT2A,8P8744T2,115/22,50,,2021-04-10,2021-10-21,36948,68604,845,0.0,73,37.0,801,108,10.0,0.0,0.0,,
CM1,KT2A,CM1KT2A,8P8744T2,115/22,50,,2019-09-23,2019-09-27,18263,62184,1361,105.0,268,63.0,1844,234,9.0,95.0,0.0,55.0,
CM1,KT2A,CM1KT2A,8P8744T2,115/22,50,,2024-05-11,2024-06-01,13164,48933,1767,110.0,137,86.0,2896,340,15.0,195.0,12.0,0.0,
CM2,KT1A,CM2KT1A,8R8398T1,115/22,50,2007.0,2021-04-12,2021-10-22,31073,60637,475,0.0,64,0.0,143,22,0.0,0.0,0.0,,
CM2,KT2A,CM2KT2A,8R8406T1,115/22,50,2007.0,2021-04-10,2021-10-21,32192,62070,705,0.0,79,0.0,151,0,0.0,0.0,0.0,,
CM3,KT1A,CM3KT1A,AN69003T2,115/22,50,,2021-04-10,2021-10-21,19661,81680,3425,272.0,979,509.0,11606,3153,192.0,886.0,0.0,,
CM3,KT2A,CM3KT2A,8P9092T1,115/22,50,,2021-04-11,2021-10-22,31658,67056,1243,0.0,74,44.0,1084,148,10.0,16.0,0.0,,
CM3,KT3AA,CM3KT3AA,N 407920,230/115,200,,2021-04-10,2021-10-31,7377,46480,2670,482.0,10485,2921.0,15513,3869,400.0,1443.0,0.0,,
CM3,KT3AA,CM3KT3AA,N 407920,230/115,200,,2021-10-01,2021-11-13,9443,45006,2668,487.0,12386,3325.0,14514,5420,642.0,1708.0,0.0,,
CM3,KT3AA,CM3KT3AA,N 407920,230/115,200,,2023-03-24,2023-03-31,6045,56411,4695,489.0,13303,3416.0,13404,8533,1215.0,1070.0,40.0,,
CM3,KT3AB,CM3KT3AB,N 407920,230/115,200,,2021-04-10,2021-10-31,26057,56534,1523,247.0,946,979.0,6151,1338,120.0,489.0,0.0,,
CM3,KT3AB,CM3KT3AB,N 407920,230/115,200,,2021-10-01,2021-11-14,13427,53528,2556,492.0,7657,1801.0,9787,2395,218.0,721.0,0.0,,
CM3,KT3AB,CM3KT3AB,N 407920,230/115,200,,2023-03-24,2023-03-31,12705,58102,3841,375.0,5017,1382.0,7928,2978,335.0,1559.0,172.0,,
CM3,KT3AC,CM3KT3AC,N 407920,230/115,200,,2021-10-01,2021-11-14,16369,55604,2245,472.0,8759,1321.0,7616,1749,159.0,406.0,7.0,,
CM3,KT3AC,CM3KT3AC,N 407920,230/115,200,,2023-03-24,2023-03-31,15701,58332,3022,296.0,3738,823.0,5214,1843,190.0,1025.0,68.0,,
CM3,KT3AC,CM3KT3AC,N 407920,230/115,200,,2021-04-10,2021-10-24,42514,64952,924,8.0,3,84.0,2706,710,78.0,314.0,0.0,,
CM3,KT4A,CM3KT4A,407922,230/115/22,200,,2021-04-10,2021-10-28,19543,57136,2216,248.0,3179,1487.0,8033,1897,159.0,474.0,0.0,,
CM3,KT4AA,CM3KT4AA,N 407922,230/115,200,,2021-10-01,2021-11-14,6653,45404,2778,517.0,12676,2999.0,14663,4938,579.0,1492.0,0.0,,
CM3,KT4AA,CM3KT4AA,N 407922,230/115,200,,2021-04-10,2021-10-31,16074,48568,2382,412.0,5234,2202.0,13096,3120,317.0,1146.0,0.0,,
CM3,KT4AB,CM3KT4AB,N 407922,230/115,200,,2021-10-01,2021-11-13,17409,54574,2368,454.0,5729,1552.0,8230,2043,185.0,583.0,0.0,,
CM3,KT4AC,CM3KT4AC,N 407922,230/115,200,,2021-10-01,2021-11-13,21916,60005,2036,341.0,4258,1094.0,6446,1532,143.0,380.0,11.0,58.0,
CM3,KT4AC,CM3KT4AC,N 407922,230/115,200,,2021-04-10,2021-10-28,29574,58441,1368,89.0,650,706.0,4416,1067,94.0,389.0,0.0,,
CM3,KT5AA,CM3KT5AA,9812811102,230/115/22,200,2013.0,2020-04-28,2020-05-28,24150,71960,844,57.0,248,201.0,6109,1063,89.0,417.0,18.0,54.0,
CM3,KT5AA,CM3KT5AA,9812811102,230/115/22,200,2013.0,2021-04-10,2021-10-28,30350,58392,1913,101.0,256,149.0,3454,742,72.0,320.0,0.0,,
CM3,KT5AA,CM3KT5AA,9812811102,230/115/22,200,2013.0,2021-10-01,2021-11-13,20080,56553,2291,320.0,408,175.0,3766,829,87.0,375.0,0.0,,
CM3,KT5AB,CM3KT5AB,9812811102,230/115/22,200,2013.0,2020-04-28,2020-05-28,23302,56434,1770,151.0,546,216.0,4333,717,66.0,164.0,0.0,54.0,
CM3,KT5AB,CM3KT5AB,9812811102,230/115/22,200,2013.0,2021-04-10,2021-10-31,30475,55091,1788,211.0,265,184.0,4303,780,99.0,492.0,0.0,,
CM3,KT5AB,CM3KT5AB,9812811102,230/115/22,200,2013.0,2021-10-01,2021-11-13,25109,58015,2272,279.0,539,201.0,4076,841,85.0,319.0,0.0,,
CM3,KT5AC,CM3KT5AC,9812811102,230/115/22,200,2013.0,2020-04-28,2020-05-30,29334,58308,1502,116.0,245,189.0,3522,602,59.0,146.0,0.0,54.0,
CM3,KT5AC,CM3KT5AC,9812811102,230/115/22,200,2013.0,2021-04-11,2021-10-22,27429,58954,1760,132.0,584,218.0,4249,748,74.0,347.0,0.0,,
CM3,KT5AC,CM3KT5AC,9812811102,230/115/22,200,2013.0,2021-10-01,2021-11-13,23094,58237,2600,361.0,1910,351.0,5518,1019,92.0,367.0,0.0,,
CPA,KT1A,CPAKT1A,56043,115/22,50,2014.0,2020-04-02,2020-05-10,28273,64412,328,36.0,515,85.0,1255,96,4.0,22.0,1.0,45.0,
CPA,KT2A,CPAKT2A,56044,115/22,50,2011.0,2020-04-02,2020-05-19,30808,54138,369,46.0,577,60.0,697,61,0.0,0.0,0.0,46.0,
CR,KT1A,CRKT1A,8P9089T2,115/22,50,2004.0,2024-02-18,2024-05-31,13942,45926,1560,136.0,51,49.0,1730,179,11.0,177.0,6.0,40.0,
CR,KT2A,CRKT2A,8R8396T1,115/22,50,2006.0,2024-02-19,2024-05-31,12562,46488,2297,190.0,183,86.0,2505,338,17.0,283.0,10.0,42.0,
CR*,KT3A,CR*KT3A,8S9486T3,115/33,50,,2020-02-22,2020-03-01,28074,42526,610,39.0,101,127.0,4735,568,26.0,226.0,8.0,,
CTG,KT1A,CTGKT1A,AN69003T3-1,115/22,25,1998.0,2021-04-12,2021-10-22,36126,64909,1527,0.0,11,0.0,0,11,0.0,0.0,0.0,,
CTG,KT2A,CTGKT2A,60546-001,115/22,25,,2021-04-12,2021-10-21,13876,58755,2138,121.0,4677,1003.0,3833,1657,141.0,391.0,14.0,,
CTN,KT1A,CTNKT1A,8R9911T6,115/22,50,2008.0,2024-02-22,2024-04-05,51970,55300,871,41.0,439,61.0,724,53,2.0,12.0,1.0,54.0,
CTN,KT2A,CTNKT2A,8R9911T7,115/22,50,2008.0,2024-02-22,2024-04-05,4582,51790,614,44.0,152,25.0,319,24,1.0,7.0,1.0,55.0,
CYP,KT2AA,CYPKT2AA,A1Z69040T1-2,230/115/22,120/160/200,2007.0,2022-11-24,2022-12-04,8614,48647,402,149.0,11230,1705.0,10556,2657,297.0,457.0,13.0,49.0,
CYP,KT2AA,CYPKT2AA,A1Z69040T1-2,230/115/22,120/160/200,2007.0,2024-02-07,2024-04-20,7873,20946,396,83.0,1016,87.0,723,96,9.0,74.0,4.0,53.0,
CYP,KT2AB,CYPKT2AB,A1Z69040T1-2,230/121/22,120/160/200,2007.0,2024-03-04,2024-03-23,8163,37604,316,44.0,264,36.0,365,102,16.0,36.0,2.0,53.0,
CYP,KT2AB,CYPKT2AB,A1Z69040T1-2,230/121/22,120/160/200,2007.0,2022-11-24,2022-12-08,7954,49521,466,187.0,10542,1663.0,12801,1898,147.0,451.0,12.0,49.0,
CYP,KT2AC,CYPKT2AC,A1Z69040T1-2,230/121/22,120/160/200,2007.0,2024-03-04,2024-04-06,13517,30218,516,76.0,1237,258.0,1017,1939,337.0,356.0,17.0,53.0,
CYP,KT2AC,CYPKT2AC,A1Z69040T1-2,230/121/22,120/160/200,2007.0,2022-11-24,2022-12-03,7043,52741,565,180.0,14512,1869.0,13442,2150,165.0,491.0,12.0,49.0,
CYP,KT4AA,CYPKT4AA,98900017,230/121/22,120/160/200,2012.0,2023-12-23,2024-01-08,22617,51585,270,26.0,13,0.0,17,5,0.0,1.0,0.0,0.0,
CYP,KT4AA,CYPKT4AA,98900017,230/121/22,120/160/200,2012.0,2024-03-04,2024-04-07,6607,37248,583,118.0,847,121.0,1183,205,21.0,32.0,4.0,53.0,
CYP,KT4AA,CYPKT4AA,98900017,230/121/22,120/160/200,2012.0,2022-11-24,2022-12-08,5642,60157,521,223.0,12356,1642.0,10127,2638,300.0,440.0,11.0,46.5,
CYP,KT4AA,CYPKT4AA,98900017,230/121/22,120/160/200,2012.0,2023-12-23,2023-12-25,16102,30229,142,2.0,17,1.0,18,3,0.0,1.0,0.0,,
CYP,KT4AB,CYPKT4AB,98900017,230/121/22,120/160/200,2012.0,2023-12-23,2023-12-25,23743,47863,197,5.0,16,0.0,18,3,0.0,0.0,0.0,,
CYP,KT4AB,CYPKT4AB,98900017,230/121/22,120/160/200,2012.0,2022-11-24,2022-12-08,4965,57324,722,250.0,18345,2288.0,12829,4056,551.0,466.0,11.0,46.5,
CYP,KT4AB,CYPKT4AB,98900017,230/121/22,120/160/200,2012.0,2024-03-04,2024-04-07,3924,18537,423,69.0,1402,175.0,1589,220,19.0,56.0,3.0,53.0,
CYP,KT4AB,CYPKT4AB,98900017,230/121/22,120/160/200,2012.0,2023-12-23,2024-01-08,30570,74942,338,36.0,12,1.0,15,5,0.0,2.0,0.0,0.0,
CYP,KT4AC,CYPKT4AC,98900017,230/121/22,120/160/200,2012.0,2023-12-23,2024-01-08,29121,65882,367,28.0,16,1.0,19,5,0.0,1.0,0.0,0.0,
CYP,KT4AC,CYPKT4AC,98900017,230/121/22,120/160/200,2012.0,2023-12-23,2023-12-25,24851,47904,196,2.0,4,1.0,16,3,0.0,1.0,0.0,,
CYP,KT4AC,CYPKT4AC,98900017,230/121/22,120/160/200,2012.0,2024-03-04,2024-04-06,4718,29105,469,86.0,1754,204.0,1733,245,20.0,142.0,5.0,53.0,
CYP,KT4AC,CYPKT4AC,98900017,230/121/22,120/160/200,2012.0,2022-11-24,2022-12-08,4628,59063,615,246.0,17568,2218.0,12493,3694,440.0,474.0,13.0,46.5,
HH,KT3AA,HHKT3AA,A1E69002T1,230/115/22,200,,2023-11-12,2024-01-25,6030,50190,1002,190.0,9736,1716.0,13487,3127,484.0,522.0,73.0,48.0,
HH,KT3AB,HHKT3AB,A1E69002T1,230/115/22,200,,2023-11-12,2024-01-22,11040,42790,846,134.0,5591,1292.0,11016,2556,365.0,455.0,54.0,48.0,
HH,KT3AC,HHKT3AC,A1E69002T1,230/115/22,200,,2023-11-12,2024-01-25,8370,50010,989,189.0,10616,1721.0,13872,2905,412.0,456.0,56.0,48.0,
HY2,KT2A,HY2KT2A,T943016,115/33,50,2008.0,2020-07-04,2020-08-11,2495,151980,1032,50.0,144,284.0,4476,1063,77.0,280.0,17.0,53.0,
HY2,KT3A,HY2KT3A,94169,230/115/33,200,,2023-10-13,2023-11-30,9473,27789,583,165.0,83,15.0,11,10,6.0,3.0,4.0,58.0,
HY2,KT4A,HY2KT4A,94170,230/121/33,200,2002.0,2023-10-13,2023-11-30,3876,39842,297,82.0,20,8.0,18,2,2.0,1.0,13.0,62.0,
HY2,KT5AA,HY2KT5AA,5BK013801,230/115/33,200,2011.0,2023-10-13,2023-11-30,9436,49384,1710,172.0,925,162.0,908,491,54.0,281.0,13.0,69.0,
HY2,KT5AB,HY2KT5AB,5BK013801,230/115/33,200,2011.0,2023-10-13,2023-11-30,7701,49692,300,119.0,942,238.0,1197,612,62.0,304.0,14.0,69.0,
HY2,KT5AC,HY2KT5AC,5BK013801,230/115/33,200,2011.0,2023-10-13,2023-11-30,10562,51554,425,191.0,1822,303.0,1431,781,75.0,335.0,18.0,69.0,
KA,KT1A,KAKT1A,60538-002,115/33,25,1993.0,2023-10-07,2023-11-20,39250,46590,1927,122.0,1344,597.0,2451,1560,161.0,380.0,12.0,30.0,
KA,KT3AA,KAKT3AA,9816102102,230/121/33,,,2023-10-07,2023-11-19,47400,46470,2094,58.0,7,7.0,156,26,2.0,14.0,1.0,40.0,
KA,KT3AB,KAKT3AB,9816102102,230/121/33,,,2023-10-07,2023-11-20,44640,48270,2470,107.0,89,12.0,215,38,2.0,16.0,1.0,40.0,
KA,KT3AC,KAKT3AC,9816102102,230/121/33,,,2023-10-07,2023-11-20,36040,49740,3375,224.0,206,21.0,321,58,3.0,18.0,1.0,40.0,
KA,KT4AA,KAKT4AA,9816102101,230/121/33,,,2023-10-07,2023-11-20,51920,46890,1865,43.0,3,9.0,165,34,2.0,14.0,1.0,40.0,
KA,KT4AB,KAKT4AB,9816102101,230/121/33,,,2023-10-07,2023-11-20,48460,49560,2595,103.0,108,16.0,235,49,2.0,11.0,1.0,40.0,
KA,KT4AC,KAKT4AC,9816102101,230/121/33,,,2023-10-07,2023-11-19,37910,48510,3116,175.0,207,19.0,275,49,2.0,9.0,1.0,40.0,
KB1,KT1A,KB1KT1A,5F9902T2,115/22,50,1993.0,2023-10-27,2023-12-08,4381,48982,2150,236.0,2629,2284.0,3210,12931,3119.0,27897.0,1734.0,54.0,
KB1,KT2A,KB1KT2A,8R8405T1,115/22,50,2007.0,2023-10-27,2023-12-08,5916,51586,2295,352.0,380,75.0,1735,255,14.0,242.0,8.0,,
KB1,KT3A,KB1KT3A,556261,115/22,50,1985.0,2023-10-27,2023-12-08,5023,46492,1979,200.0,442,409.0,8254,1654,104.0,1083.0,23.0,46.0,
KB2,KT1AA,KB2KT1AA,92198,230/115/22,200,1995.0,2020-09-06,2020-09-11,35785,60923,411,0.0,7,0.0,0,0,0.0,0.0,0.0,,
KB2,KT1AA,KB2KT1AA,92198,230/115/22,200,1995.0,2023-10-09,2023-01-15,38280,57490,269,289.0,1880,485.0,3605,2084,69.0,333.0,8.0,70.0,
KB2,KT1AB,KB2KT1AB,92198,230/115/22,200,1995.0,2023-10-08,2023-01-15,36020,52620,297,207.0,1148,331.0,3434,1458,54.0,251.0,8.0,70.0,
KB2,KT1AB,KB2KT1AB,92198,230/115/22,200,1995.0,2020-09-06,2020-09-11,32196,58939,413,9.0,8,0.0,0,0,0.0,0.0,0.0,,
KB2,KT1AC,KB2KT1AC,92198,230/115/22,200,1995.0,2020-09-06,2020-09-11,33089,60980,385,11.0,7,0.0,0,0,0.0,0.0,0.0,,
KB2,KT1AC,KB2KT1AC,92198,230/115/22,200,1995.0,2023-10-08,2023-01-15,40270,49300,386,141.0,568,203.0,2367,912,38.0,212.0,6.0,70.0,
KK1,KT1A,KK1KT1A,8P9097T1,115/22/11,50,,2022-11-19,2022-12-03,11015,57542,995,193.0,7227,1713.0,15239,3243,307.0,1263.0,40.0,52.0,
KK2,KT1A,KK2KT1A,8T9796T1,115/22,50,,2022-10-06,2022-10-17,31431,87814,1014,78.0,1152,208.0,11069,838,42.0,501.0,17.0,60.0,
KK2,KT1A,KK2KT1A,8T9796T1,115/22,50,,2022-11-18,2022-12-08,28163,75826,632,84.0,318,148.0,4936,648,36.0,339.0,11.0,54.0,
KK2,KT2A,KK2KT2A,8T9796T2,115/22,50,,2022-11-18,2022-12-01,25136,74512,615,115.0,147,88.0,1864,208,10.0,274.0,5.0,50.0,
KL,KT1A,KLKT1A,EDP011908,115/22/11,50,2013.0,2020-04-19,2020-05-24,21444,54692,138,84.0,5584,1003.0,458,451,49.0,81.0,0.0,52.0,
KL,KT2A,KLKT2A,EDP011907,115/22/11,50,,2020-04-19,2020-05-25,10396,45868,105,126.0,11032,2636.0,2208,2440,220.0,440.0,0.0,53.0,
KLM,KT1AA,KLMKT1AA,N 407924,230/115/22,200,2007.0,2023-09-28,2023-10-01,29390,43740,376,219.0,7564,1907.0,6817,6381,1121.0,1422.0,29.0,,
KLM,KT1AA,KLMKT1AA,N 407924,230/115/22,200,2007.0,2023-03-04,2023-03-12,1370,60280,716,285.0,10346,2274.0,1732,6303,1050.0,1974.0,0.0,40.0,
KLM,KT1AB,KLMKT1AB,N 407924,230/115/22,200,2007.0,2023-09-28,2023-09-30,12020,44000,447,202.0,5149,3373.0,9583,1448,1967.0,1939.0,36.0,,
KLM,KT1AB,KLMKT1AB,N 407924,230/115/22,200,2007.0,2023-03-04,2023-03-12,7160,51770,865,297.0,15445,3265.0,5388,10135,1769.0,2662.0,61.0,40.0,
KLM,KT1AC,KLMKT1AC,N 407924,230/115/22,200,2007.0,2023-03-04,2023-03-12,7080,41350,711,163.0,19742,5363.0,9172,28216,5048.0,3560.0,100.0,40.0,
KLM,KT1AC,KLMKT1AC,N 407924,230/115/22,200,2007.0,2023-09-28,2023-10-01,11590,28560,442,109.0,5784,5246.0,5638,30895,5393.0,2628.0,73.0,,
KLM,KT2AA,KLMKT2AA,N 407926,230/115/22,200,,2023-09-28,2023-10-02,29360,50250,675,205.0,9170,2394.0,5375,11192,2250.0,1796.0,53.0,,
KLM,KT2AB,KLMKT2AB,N 407926,230/115/22,200,,2023-09-28,2023-10-01,12530,43360,526,179.0,9720,3435.0,6899,6589,3207.0,2194.0,58.0,,
KLM,KT2AC,KLMKT2AC,N 407926,230/115/22,200,,2023-09-28,2023-10-02,7440,34510,550,99.0,7619,6361.0,4086,42076,7344.0,3043.0,109.0,,
KLM,KT3AA,KLMKT3AA,N 407928,230/115/22,200,,2023-09-28,2023-10-01,30330,49330,539,225.0,9523,2355.0,6985,8790,1738.0,1864.0,43.0,,
KLM,KT3AB,KLMKT3AB,N 407928,230/115/22,200,,2023-09-28,2023-10-02,7310,46170,584,203.0,5558,3710.0,20421,14445,2780.0,2520.0,50.0,,
KLM,KT3AC,KLMKT3AC,N 407928,230/115/22,200,,2023-09-28,2023-10-02,7690,32100,412,79.0,7921,5844.0,6042,34813,6490.0,3197.0,93.0,,
KN,KT2A,KNKT2A,5BK010701,230/121/33,25,1999.0,2023-12-09,2024-01-27,30031,52286,1645,231.0,364,57.0,492,77,6.0,53.0,4.0,48.0,
KN,KT3A,KNKT3A,8T9791T1,115/33,50,2012.0,2023-04-27,2023-05-19,26471,59732,1259,39.0,5,14.0,568,80,3.0,32.0,2.0,38.0,
KNG,KT2A,KNGKT2A,AG69095T412,115/22/11,15,,2024-02-26,2024-04-05,16608,40673,5053,613.0,15151,5371.0,36244,12444,1248.0,4457.0,186.0,61.0,
KS,KT2A,KSKT2A,EDP011306,115/22,50,2012.0,2022-03-19,2022-03-19,2768,27337,3707,933.0,33971,26250.0,19924,31197,6189.0,13275.0,5334.0,49.0,
KS,KT2A,KSKT2A,EDP011306,115/22,50,2012.0,2022-04-04,2022-04-08,29722,69054,661,265.0,3899,542.0,4877,1024,172.0,774.0,43.0,52.0,
KTL,KT1A,KTLKT1A,60539-003,115/22,25,1993.0,2022-11-22,2022-12-08,6874,39542,161,44.0,5148,9494.0,1425,72715,29324.0,5762.0,269.0,44.0,
KTL,KT1A,KTLKT1A,60539-003,115/22,25,1993.0,2023-12-11,2023-12-14,43929,74132,747,24.0,67,83.0,238,1334,266.0,113.0,0.0,34.0,
KTL,KT1A,KTLKT1A,60539-003,115/22,25,1993.0,2024-02-17,2024-03-03,7128,24929,1746,627.0,16162,4149.0,401,18057,3701.0,1307.0,293.0,51.0,
KTL,KT2A,KTLKT2A,AG69095T431,115/22/11,25,1998.0,2022-11-22,2022-12-04,7015,54003,670,86.0,16143,7024.0,3975,60386,10073.0,5311.0,206.0,46.0,
LB2,KT2A,LB2KT2A,8144902,115/22,25,,2019-05-24,2019-06-22,11878,49577,3147,97.0,3302,353.0,2700,300,20.0,76.0,0.0,48.0,
LB2,KT2A,LB2KT2A,8144902,115/22,25,,2019-02-25,2019-03-08,7512,17960,1358,118.0,949,158.0,921,103,5.0,0.0,0.0,44.0,
LE,KT1A,LEKT1A,338028,115/22,50,,2021-05-07,2021-05-08,7297,22637,198,0.0,9,0.0,0,0,0.0,0.0,0.0,42.0,
LE,KT1A,LEKT1A,338028,115/22,50,,2024-01-13,2024-02-03,14830,23570,1267,96.0,17239,13666.0,5116,116160,19512.0,13575.0,530.0,49.0,
LE,KT1A,LEKT1A,338028,115/22,50,,2021-05-07,2021-05-08,8150,14748,85,0.0,14,0.0,0,0,0.0,0.0,0.0,42.0,
LE,KT2A,LEKT2A,60542-002,115/22/11,25,,2024-01-13,2024-02-03,4610,48150,500,10.0,33,241.0,7,4091,6142.0,2818.0,139.0,47.0,
LN1,KT1A,LN1KT1A,8T9668T4,115/22,50,2011.0,2024-02-02,2024-05-27,21521,45454,1650,160.0,204,90.0,3018,281,15.0,108.0,0.0,,
LN1,KT1A,LN1KT1A,8T9668T4,115/22,50,2011.0,2021-04-12,2021-10-21,41065,65705,902,4.0,75,27.0,1422,161,15.0,0.0,0.0,,
LN2,KT1A,LN2KT1A,8R8397T1,115/22,50,,2021-04-12,2021-10-21,39892,67432,1012,0.0,78,36.0,1061,135,8.0,22.0,0.0,,
LN2,KT2A,LN2KT2A,8R8397T2,115/22,50,,2021-04-11,2021-10-22,34923,60382,1489,0.0,96,54.0,1352,221,14.0,177.0,0.0,,
LP2,KT3A,LP2KT3A,1G9579T1,115/22,25,1995.0,2023-04-28,2023-05-04,5974,4108,1520,109.0,945,43.0,1,122,16.0,61.0,8.0,40.0,
LPR,KT1AA,LPRKT1AA,7412507701,230/69/11,200,1988.0,2023-11-19,2024-01-04,13204,35193,2455,417.0,15743,3306.0,27094,5204,388.0,4956.0,122.0,46.0,
LPR,KT1AB,LPRKT1AB,7412507701,230/69/11,200,1988.0,2023-11-19,2024-01-04,24335,36182,1694,306.0,8697,2044.0,17752,3861,354.0,6253.0,129.0,46.0,
LPR,KT1AC,LPRKT1AC,7412507701,230/69/11,230/69/11,1988.0,2023-11-19,2023-12-08,14508,42816,2826,369.0,403,525.0,5583,2547,357.0,2357.0,67.0,46.0,
LPR,KT2AA,LPRKT2AA,S251401,230/69/11,200,1994.0,2023-11-19,2024-01-04,10965,29947,1251,164.0,14010,6026.0,27361,16278,2706.0,6276.0,126.0,60.0,
LPR,KT2AB,LPRKT2AB,S251401,230/69/11,200,1994.0,2023-11-19,2024-01-04,11285,30487,1540,131.0,20499,8880.0,21386,31675,5175.0,3231.0,141.0,60.0,
LPR,KT2AC,LPRKT2AC,S251401,230/69/11,200,,2023-11-19,2023-12-08,14063,38276,2214,285.0,673,2150.0,6167,5060,3252.0,2483.0,67.0,60.0,
LPR,KT3AA,LPRKT3AA,91900007,220/69/22,200,2005.0,2023-11-19,2024-01-04,7486,20663,1448,221.0,26505,17392.0,17409,125193,24558.0,15575.0,538.0,55.0,
LPR,KT3AB,LPRKT3AB,91900007,220/69/22,200,2005.0,2023-11-19,2023-12-08,12214,32957,2003,267.0,4637,6471.0,8293,55520,13291.0,8245.0,252.0,55.0,
LPR,KT3AB,LPRKT3AB,91900007,220/69/22,200,2005.0,2024-03-06,2024-03-07,7612,29431,0,0.0,34475,27138.0,13652,140592,35954.0,547.0,10931.0,50.0,
LPR,KT3AC,LPRKT3AC,91900007,220/69/22,200,2005.0,2024-03-06,2024-03-07,8000,18066,0,0.0,42748,24021.0,18460,153656,37078.0,604.0,11628.0,50.0,
LPR,KT3AC,LPRKT3AC,91900007,220/69/22,200,2005.0,2023-11-19,2024-01-04,7783,16274,1083,159.0,25032,18271.0,22562,130893,28381.0,15362.0,578.0,55.0,
LPR,KT4AA,LPRKT4AA,8946787,230/69,200,2003.0,2023-11-19,2024-01-04,11526,29254,1646,228.0,19188,7045.0,43823,17049,3250.0,4195.0,130.0,51.0,
LPR,KT4AB,LPRKT4AB,8946787,230/69,200,2003.0,2023-11-19,2024-01-04,9514,23217,1461,213.0,23115,10325.0,46116,31569,6875.0,8573.0,150.0,51.0,
LPR,KT4AC,LPRKT4AC,8946787,230/69,200,2003.0,2023-11-19,2024-01-04,6278,26342,1750,263.0,23911,9497.0,45603,27575,5652.0,4817.0,145.0,51.0,
LR,KT1A,LRKT1A,60548002,115/33/11,32,1994.0,2023-10-01,2023-11-21,34210,47930,3286,197.0,2347,721.0,1305,2510,235.0,436.0,15.0,60.0,
LR,KT2A,LRKT2A,5A1594001,115/33,25,1992.0,2021-03-28,2021-04-17,27949,56500,353,41.0,249,95.0,141,113,50.0,0.0,0.0,,
LR,KT3A,LRKT3A,566415,115/33,25,1991.0,2023-10-02,2023-11-21,59420,49140,3925,70.0,757,141.0,1613,193,11.0,55.0,2.0,52.0,
LS,KT2A,LSKT2A,574418,115/22,25,,2023-08-18,2023-08-28,23958,76089,1587,178.0,647,235.0,6490,1330,109.0,913.0,15.0,56.0,
LSN,KT1A,LSNKT1A,57024,115/22,50,2011.0,2023-04-29,2023-05-19,25882,56875,1184,55.0,5,6.0,83,15,1.0,19.0,0.0,45.0,
MD2,KT1A,MD2KT1A,60541-001,115/22,25,1993.0,2024-02-01,2024-03-02,26118,58410,647,14.0,275,110.0,737,509,67.0,72.0,2.0,50.0,
MK,KT1A,MKKT1A,52011,115/22,50,2007.0,2020-03-07,2020-03-29,26185,51293,188,15.0,462,33.0,349,30,0.0,0.0,0.0,59.0,
MK,KT2A,MKKT2A,56039,115/22,50,2011.0,2020-06-05,2020-06-26,34762,58678,671,63.0,619,210.0,4705,734,155.0,331.0,0.0,49.0,
MK,KT2A,MKKT2A,56039,115/22,50,2011.0,2020-03-07,2020-03-27,8567,62281,69,30.0,8888,2269.0,207,887,299.0,0.0,29.0,50.0,
MK,KT2A,MKKT2A,56039,115/22,50,2011.0,2022-11-19,2022-12-03,30602,73385,306,92.0,314,138.0,4037,370,22.0,367.0,11.0,40.0,
MM3,KT5A,MM3KT5A,9711290103,230/115,200,,2023-09-10,2023-10-08,11930,37890,809,69.0,66,38.0,10,17,20.0,248.0,16.0,68.0,
MM3,KT7A,MM3KT7A,AIZ69040T3,230/121/22,200,,2023-09-10,2023-10-08,1640,52750,829,37.0,53,72.0,45,147,257.0,217.0,227.0,60.0,
MM3,KT7A,MM3KT7A,AIZ69040T3,230/121/22,200,,2023-03-23,2023-03-31,3336,44824,3884,308.0,22392,4390.0,15420,15073,2455.0,2118.0,60.0,54.0,
MM3,KT9AA,MM3KT9AA,03900061,525,333.3,2018.0,2023-09-10,2023-10-08,23700,21150,145,51.0,15,109.0,14,113,56.0,87.0,18.0,58.0,
MTG,KT1A,MTGKT1A,AN690003T3-2,115/22,25,1998.0,2021-04-12,2021-10-22,28150,59604,462,0.0,0,0.0,0,0,0.0,0.0,0.0,,
NB,KT1AA,NBKT1AA,AX69026T4,230/69/11,200,1982.0,2024-06-21,2024-06-23,9590,30570,1995,173.0,18389,9051.0,8369,38007,4412.0,3759.0,162.0,56.0,
NB,KT1AA,NBKT1AA,AX69026T4,230/69/11,200,1982.0,2023-11-20,2024-01-05,6100,37950,3016,344.0,28213,4665.0,12774,14254,1453.0,1558.0,87.0,54.0,
NB,KT1AB,NBKT1AB,AX69026T4,230/69/11,200,1982.0,2023-11-20,2024-01-06,8770,39190,2723,325.0,26591,4558.0,11293,13019,1221.0,1631.0,82.0,54.0,
NB,KT1AB,NBKT1AB,AX69026T4,230/69/11,200,1982.0,2024-06-21,2024-06-24,14780,33820,2202,289.0,11583,8549.0,7647,35273,3775.0,3949.0,161.0,56.0,
NB,KT1AC,NBKT1AC,AX69026T4,230/69/11,200,1982.0,2023-11-20,2024-01-05,8000,38680,2808,334.0,24199,4297.0,11983,13241,1399.0,2379.0,86.0,54.0,
NB,KT1AC,NBKT1AC,AX69026T4,230/69/11,200,1982.0,2024-06-21,2024-06-23,3320,30460,2539,344.0,25293,10725.0,9771,43464,4853.0,4787.0,177.0,56.0,
NB,KT2AA,NBKT2AA,AX69026T3,230/72.5,200,2000.0,2023-11-20,2024-01-05,7640,30460,3127,263.0,28153,8752.0,11352,36098,4871.0,4108.0,126.0,,
NB,KT2AA,NBKT2AA,AX69026T3,230/72.5,200,2000.0,2024-06-21,2024-06-24,9770,27280,948,143.0,18163,13172.0,5973,62511,8405.0,5785.0,212.0,66.0,
NB,KT2AA,NBKT2AA,AX69026T3,230/72.5,200,2000.0,2023-11-20,2024-01-05,7640,30460,3127,263.0,28153,8752.0,11352,36098,4871.0,4108.0,126.0,58.0,
NB,KT2AB,NBKT2AB,AX69026T3,230/72.5/11,200,2000.0,2024-06-21,2024-06-25,7660,28020,1117,278.0,18042,12318.0,6091,54769,7286.0,8199.0,199.0,66.0,
NB,KT2AB,NBKT2AB,AX69026T3,230/72.5/11,200,2000.0,2023-11-20,2024-01-06,9420,37020,3166,295.0,24346,7213.0,10625,27177,3525.0,4200.0,115.0,58.0,
NB,KT2AC,NBKT2AC,AX69026T3,230/72.5/11,200,2000.0,2023-11-20,2024-01-05,11910,35020,2797,261.0,21677,8080.0,7574,40383,4873.0,3818.0,125.0,58.0,
NB,KT2AC,NBKT2AC,AX69026T3,230/72.5/11,200,2000.0,2024-06-21,2024-06-25,7960,27370,1152,199.0,19524,15163.0,4388,81398,9765.0,8409.0,225.0,66.0,
NB,KT3AA,NBKT3AA,103711,230/72.5,200,2007.0,2023-11-20,2024-01-05,29410,37260,1387,230.0,16267,3235.0,29375,6244,717.0,2163.0,46.0,54.0,
NB,KT3AA,NBKT3AA,103711,230/72.5,200,2007.0,2023-03-19,2023-03-23,24001,47068,1339,219.0,10746,2007.0,16533,2953,250.0,546.0,21.0,53.0,
NB,KT3AA,NBKT3AA,103711,230/72.5,200,2007.0,2024-06-21,2024-06-24,20260,34490,749,430.0,13595,4756.0,30852,9797,1452.0,3304.0,79.0,58.0,
NB,KT3AB,NBKT3AB,103711,230/72.5,200,2007.0,2023-03-19,2023-03-23,14597,37992,1562,290.0,17356,3371.0,25125,4831,451.0,748.0,47.0,53.0,
NB,KT3AB,NBKT3AB,103711,230/72.5,200,2007.0,2024-06-21,2024-06-24,12710,26330,648,364.0,16765,7031.0,43049,13866,2120.0,3502.0,87.0,58.0,
NB,KT3AB,NBKT3AB,103711,230/72.5,200,2007.0,2023-11-20,2024-01-06,13490,29080,1711,282.0,26152,5571.0,44420,10100,1240.0,1652.0,54.0,54.0,
NB,KT3AC,NBKT3AC,103711,230/72.5,200,2007.0,2023-03-19,2023-03-23,18561,38739,1223,162.0,15015,4132.0,24456,10639,1754.0,922.0,147.0,53.0,
NB,KT3AC,NBKT3AC,103711,230/72.5,200,2007.0,2023-11-20,2024-01-06,12500,24080,1313,173.0,24700,7170.0,40282,22059,3754.0,2134.0,69.0,54.0,
NB,KT3AC,NBKT3AC,103711,230/72.5,200,2007.0,2024-06-21,2024-06-24,8180,19390,641,138.0,23309,12381.0,47488,37573,6667.0,4306.0,124.0,58.0,
NB,KT4A,NBKT4A,554711,69/22-11,12,1990.0,2024-06-21,2024-06-23,46720,51630,453,318.0,3,42.0,102,27,3.0,125.0,2.0,53.0,
NB,KT4A,NBKT4A,554711,69/22-11,12,1990.0,2023-11-20,2024-01-05,47620,48440,595,37.0,9,8.0,92,42,7.0,1313.0,1.0,45.0,
NB,KT5A,NBKT5A,554709,69/22,12,1984.0,2023-11-20,2024-01-05,49960,48830,664,68.0,15,13.0,168,81,12.0,2708.0,7.0,,
NB,KT5A,NBKT5A,554709,69/22,12,1984.0,2024-06-21,2024-06-23,44210,52040,508,285.0,16,42.0,109,116,8.0,890.0,1.0,52.0,
NB,KT6AA,NBKT6AA,103712,230/72.5,200,2007.0,2024-06-21,2024-06-23,17650,35170,797,458.0,15238,5796.0,44083,9051,981.0,2267.0,78.0,60.0,
NB,KT6AA,NBKT6AA,103712,230/72.5,200,2007.0,2023-11-20,2024-01-05,34080,41320,1417,179.0,6339,2623.0,28511,4467,343.0,4135.0,43.0,56.0,
NB,KT6AB,NBKT6AB,103712,230/72.5,200,2007.0,2024-06-21,2024-06-23,8990,28300,1208,410.0,24989,9310.0,62205,13767,1532.0,3281.0,103.0,60.0,
NB,KT6AB,NBKT6AB,103712,230/72.5,200,2007.0,2023-11-20,2024-01-05,17630,30320,1765,225.0,15524,5656.0,46849,12821,1799.0,4390.0,66.0,56.0,
NB,KT6AC,NBKT6AC,103712,230/72.5,200,2007.0,2024-06-21,2024-06-23,8560,20640,804,306.0,21524,12231.0,67831,29341,4707.0,3994.0,119.0,60.0,
NB,KT6AC,NBKT6AC,103712,230/72.5,200,2007.0,2023-11-20,2024-01-05,22970,32950,1545,199.0,8748,3639.0,37148,5721,458.0,1512.0,47.0,56.0,
NB,KT7A,NBKT7A,552428,115/69/22,25,,2023-11-20,2024-01-06,43450,53250,848,127.0,626,371.0,8293,1314,82.0,1622.0,29.0,54.0,
NB,KT7A,NBKT7A,552428,115/69/22,25,,2024-06-21,2024-06-23,45730,53350,508,274.0,635,628.0,11642,1936,114.0,1758.0,48.0,58.0,
NBL,KT1A,NBLKT1A,574412,115/22,25,,2023-10-20,2023-12-01,24950,29140,343,258.0,10965,3071.0,31751,5354,252.0,1603.0,22.0,61.0,
NBL,KT1A,NBLKT1A,574412,115/22,25,,2023-06-17,2023-06-26,36338,85943,447,26.0,2,8.0,0,0,4.0,0.0,5.0,27.0,
NBL,KT1A,NBLKT1A,574412,115/22,25,,2023-04-26,2023-04-27,7560,24350,758,1212.0,7575,20936.0,63322,40222,4446.0,40513.0,1625.0,39.0,
NBL,KT2A,NBLKT2A,558036,115/22/11,25,,2020-04-04,2020-05-15,10986,40952,1776,176.0,2170,5352.0,21763,19884,3501.0,3445.0,148.0,66.0,
NBL,KT2A,NBLKT2A,558036,115/22/11,25,,2023-04-23,2023-04-27,8710,66320,1776,178.0,4231,2274.0,5536,3646,260.0,866.0,30.0,52.0,
NBL,KT3A,NBLKT3A,EDP011201,115/22/11,50,2012.0,2020-04-04,2020-05-09,7677,57438,79,26.0,9891,8059.0,922,26686,3057.0,1384.0,144.0,58.0,
NCO,KT1AA,NCOKT1AA,94427,525/242/22,200,2003.0,2023-11-24,2024-01-16,14628,55721,936,314.0,11051,5646.0,6067,5494,826.0,4122.0,164.0,50.0,
NCO,KT1AB,NCOKT1AB,94428,525/230/22,200,2003.0,2023-11-24,2019-12-29,17263,49782,2195,343.0,7960,4781.0,5233,4996,731.0,3712.0,167.0,46.0,
NCO,KT1AC,NCOKT1AC,94429,525/230/22,200,2003.0,2021-08-27,2021-08-27,15135,62700,269,316.0,8975,3336.0,1873,2630,353.0,168.0,15.0,,
NCO,KT1AC,NCOKT1AC,94429,525/230/22,200,2003.0,2023-11-24,2024-01-15,29083,56047,561,280.0,6565,4030.0,5331,4823,659.0,3648.0,167.0,48.0,
NCO,KT2AA,NCOKT2AA,94440,525/230/22,200,2003.0,2023-11-24,2023-12-29,18106,44668,2156,288.0,4650,3699.0,4892,4601,575.0,3611.0,144.0,30.0,
NCO,KT2AB,NCOKT2AB,94441,525/230/22,200,2003.0,2023-11-24,2023-12-29,27146,42903,2234,283.0,2703,2226.0,4079,3755,409.0,3886.0,131.0,30.0,
NCO,KT2AC,NCOKT2AC,94442,525/230/22,200,2003.0,2023-11-24,2024-01-15,31338,54369,2106,351.0,5685,3556.0,5373,4850,562.0,4778.0,153.0,50.0,
NCO,KT3AA,NCOKT3AA,88900014,525/242/22,200,,2023-11-24,2024-01-15,34092,58164,2134,304.0,5572,2116.0,1969,1891,192.0,1285.0,45.0,50.0,
NCO,KT3AB,NCOKT3AB,88900015,525/242/22,200,,2023-11-24,2024-01-15,23937,59551,2357,429.0,10796,2524.0,2392,2155,212.0,1530.0,47.0,50.0,
NCO,KT3AC,NCOKT3AC,88900016,525,200,,2023-11-24,2024-01-15,18357,55116,2411,406.0,13636,3126.0,3326,2763,257.0,3716.0,49.0,50.0,
NCO,KT5AA,NCOKT5AA,95399,230/115/11,200,2007.0,2024-04-17,2024-04-17,18946,36219,871,1532.0,10053,8788.0,10870,41659,18154.0,3805.0,120.0,0.0,
NCO,KT5AA,NCOKT5AA,95399,230/115/11,200,2007.0,2024-06-24,2024-06-26,13852,25509,557,243.0,17002,16924.0,26563,71359,19467.0,7421.0,257.0,67.0,
NCO,KT5AA,NCOKT5AA,95399,230/115/11,200,2007.0,2023-11-24,2024-01-15,10883,25074,1637,188.0,28818,10866.0,32024,36923,10341.0,4666.0,166.0,50.0,
NCO,KT5AB,NCOKT5AB,95399,230/115/11,200,2007.0,2024-06-24,2024-06-06,12774,28936,325,312.0,19188,23557.0,38157,109920,34944.0,10492.0,323.0,67.0,
NCO,KT5AB,NCOKT5AB,95399,230/115/11,200,2007.0,2024-04-17,2024-04-17,16527,36545,595,114.0,20785,14721.0,16924,27751,20764.0,3647.0,185.0,0.0,
NCO,KT5AB,NCOKT5AB,95399,230/115/11,200,2007.0,2023-11-24,2023-12-29,10948,27153,881,134.0,22533,12586.0,39317,51283,17145.0,6401.0,189.0,50.0,
NCO,KT5AC,NCOKT5AC,95399,230/115/11,200,2007.0,2023-11-24,2024-01-15,6863,16127,2134,272.0,41366,17157.0,49464,68731,22638.0,5904.0,224.0,50.0,
NCO,KT5AC,NCOKT5AC,95399,230/115/11,200,2007.0,2024-06-23,2024-06-26,12715,26553,261,158.0,17315,21838.0,33133,106333,35202.0,10251.0,327.0,67.0,
NCO,KT5AC,NCOKT5AC,95399,230/115/11,200,2007.0,2024-04-17,2024-04-17,13489,33453,1324,1557.0,15466,7890.0,8481,32064,11522.0,3355.0,93.0,0.0,
NCO,KT6AA,NCOKT6AA,95400,230/115/22,200,2007.0,2023-11-24,2024-01-16,19935,32174,2165,284.0,21403,6526.0,32675,11140,1954.0,2040.0,58.0,54.0,
NCO,KT6AA,NCOKT6AA,95400,230/115/22,200,2007.0,2024-04-17,2024-04-17,34770,41910,551,63.0,14245,3649.0,11973,12782,2442.0,1361.0,26.0,0.0,
NCO,KT6AA,NCOKT6AA,95400,230/115/22,200,2007.0,2022-10-04,2022-10-04,2776,24365,1519,188.0,27977,6861.0,15303,20333,4022.0,1348.0,42.0,,
NCO,KT6AB,NCOKT6AB,95400,230/115/22,200,2007.0,2024-04-17,2024-04-17,36250,38900,367,32.0,15354,4585.0,11692,21213,4077.0,1867.0,48.0,0.0,
NCO,KT6AB,NCOKT6AB,95400,230/115/22,200,2007.0,2022-10-04,2022-10-04,4871,11952,962,116.0,40672,9631.0,15612,36312,8130.0,1639.0,57.0,,
NCO,KT6AB,NCOKT6AB,95400,230/115/22,200,2007.0,2023-11-24,2023-12-29,14351,29803,1790,155.0,23151,7310.0,28591,21596,4276.0,2378.0,63.0,54.0,
NCO,KT6AC,NCOKT6AC,95400,230/115/22,200,2007.0,2023-11-24,2023-12-29,11203,18436,1629,128.0,24379,8328.0,29994,27617,5533.0,4252.0,69.0,54.0,
NCO,KT6AC,NCOKT6AC,95400,230/115/22,200,2007.0,2022-10-04,2022-10-04,4462,14172,973,88.0,33054,9178.0,14002,38037,8153.0,1718.0,55.0,,
NCO,KT6AC,NCOKT6AC,95400,230/115/22,200,2007.0,2024-04-17,2024-04-17,33800,34480,279,34.0,13487,4482.0,9505,22523,4359.0,2386.0,47.0,0.0,
NCS,KT1A,NCSKT1A,5BA159012,115/22,25,1990.0,2022-04-04,2022-04-08,5158,42717,5713,147.0,17026,6689.0,13362,21633,6746.0,1416.0,274.0,56.0,
NCS,KT2A,NCSKT2A,5BA159007,115/22,25,1990.0,2022-04-04,2022-04-08,5727,44095,6201,266.0,17325,5661.0,17557,15302,2891.0,1312.0,92.0,58.0,
NCS,KT5AA,NCSKT5AA,8329837,230/115,300,,2021-09-19,2021-11-02,35487,67029,4218,217.0,797,101.0,547,80,7.0,0.0,0.0,72.0,
NCS,KT5AB,NCSKT5AB,8329837,230/115,300,,2021-09-19,2021-11-03,34014,67272,5574,255.0,748,128.0,625,94,7.0,0.0,0.0,72.0,
NCS,KT5AC,NCSKT5AC,8329837,230/115,300,,2021-09-19,2021-11-02,31055,69491,7734,310.0,1040,159.0,746,110,8.0,0.0,0.0,72.0,
NCS,KT6AA,NCSKT6AA,8329836,230/115,300,,2021-09-19,2021-11-02,34569,67373,4035,225.0,744,100.0,529,81,5.0,0.0,0.0,70.0,
NCS,KT6AB,NCSKT6AB,8329836,230/115,300,,2021-09-19,2021-11-02,30053,70690,6330,333.0,1423,153.0,764,111,12.0,0.0,0.0,70.0,
NCS,KT6AC,NCSKT6AC,8329836,230/115,300,,2021-09-19,2021-11-02,28999,74915,7999,354.0,1518,174.0,772,119,22.0,0.0,0.0,70.0,
NH,KT1A,NHKT1A,574410,115/22,25,,2023-04-24,2023-05-14,7046,63197,2189,725.0,13542,3505.0,30816,4142,210.0,784.0,31.0,64.0,
NH,KT2A,NHKT2A,EDP011903,115/22,50,2012.0,2020-04-07,2020-05-10,7766,63851,95,368.0,2112,2919.0,5404,3233,174.0,598.0,26.0,41.0,
NK,KT1A,NKKT1A,56041,115/22/11,50,2011.0,2020-04-08,2020-05-15,28031,70285,482,45.0,808,189.0,4395,426,18.0,111.0,5.0,,
NK,KT2A,NKKT2A,56042,115/22/11,50,2011.0,2020-04-08,2020-05-25,33431,58891,651,82.0,726,167.0,3996,421,25.0,132.0,0.0,45.0,
NN,KT5AA,NNKT5AA,5BK014201,230/121/22,120/160/200,2010.0,2024-01-20,2024-02-02,26080,49540,407,93.0,468,16.0,174,25,6.0,16.0,14.0,42.0,
NN,KT5AA,NNKT5AA,5BK014201,230/121/22,120/160/200,2010.0,2022-11-20,2022-12-01,15443,65854,1525,228.0,3392,229.0,2765,450,52.0,86.0,3.0,43.0,
NN,KT5AB,NNKT5AB,5BK014201,230/121/22,120/160/200,2010.0,2022-11-20,2022-12-01,11796,52914,514,188.0,2841,287.0,2843,379,19.0,143.0,4.0,43.0,
NN,KT5AB,NNKT5AB,5BK014201,230/121/22,120/160/200,2010.0,2024-01-20,2024-02-03,27510,58190,503,118.0,375,24.0,275,31,6.0,15.0,275.0,42.0,
NN,KT5AC,NNKT5AC,5BK014201,230/121/22,120/160/200,2010.0,2024-01-20,2024-02-03,27210,51780,414,101.0,641,21.0,263,27,4.0,15.0,12.0,42.0,
NN,KT5AC,NNKT5AC,5BK014201,230/121/22,120/160/200,2010.0,2022-11-20,2022-12-01,6178,47746,910,236.0,6260,431.0,4399,573,26.0,136.0,4.0,43.0,
NR1,KT1A,NR1KT1A,338031,115/22,50,,2024-02-07,2024-04-20,29604,43765,443,31.0,9,15.0,33,316,188.0,91.0,81.0,65.0,
NR1,KT2A,NR1KT2A,338032,115/22,50,,2024-02-27,2024-04-08,10993,23637,1800,112.0,11859,12961.0,2413,138605,29775.0,22437.0,572.0,65.0,
NR2,KT1A,NR2KT1A,338027,115/22,50,,2024-02-26,2024-04-07,30176,46368,1517,80.0,2004,5992.0,5089,58218,9020.0,8002.0,288.0,55.0,
NR2,KT2A,NR2KT2A,338026,115/22,50,,2024-02-26,2024-04-07,28413,39027,2252,307.0,7462,5813.0,63757,12850,1430.0,7380.0,180.0,50.0,
NR2,KT3AA,NR2KT3AA,GBK604205,230/121/22,300,2019.0,2024-02-26,2024-04-07,18269,47892,2510,473.0,1799,506.0,4166,832,60.0,466.0,16.0,52.0,
NR2,KT3AB,NR2KT3AB,GBK604205,230/121/22,300,2019.0,2024-02-26,2024-04-05,12843,47115,2572,538.0,2562,698.0,5403,1021,71.0,1441.0,19.0,52.0,
NR2,KT3AC,NR2KT3AC,GBK604205,230/121/22,300,2019.0,2024-02-26,2024-04-06,13247,47105,3176,628.0,4122,1045.0,7381,1373,97.0,513.0,22.0,52.0,
NR2,KT4AA,NR2KT4AA,GBK604203,230/121/22,180/240/300,2019.0,2022-11-24,2022-12-03,16254,67378,564,139.0,2704,354.0,3648,548,36.0,163.0,6.0,42.0,
NR2,KT4AA,NR2KT4AA,GBK604203,230/121/22,180/240/300,2019.0,2024-02-26,2024-04-05,24397,48972,2015,428.0,1436,438.0,3467,705,49.0,638.0,15.0,53.0,
NR2,KT4AB,NR2KT4AB,GBK604203,230/121/22,180/240/300,2019.0,2022-11-24,2022-12-03,7589,74663,930,226.0,8437,672.0,5736,868,53.0,186.0,6.0,42.0,
NR2,KT4AB,NR2KT4AB,GBK604203,230/121/22,180/240/300,2019.0,2024-02-26,2024-04-06,21673,51774,2958,546.0,2912,711.0,5239,1025,69.0,428.0,16.0,53.0,
NR2,KT4AC,NR2KT4AC,GBK604203,230/121/22,180/240/300,2019.0,2024-02-26,2024-04-06,13128,53374,3460,628.0,5797,1077.0,7440,1401,93.0,642.0,18.0,53.0,
NR2,KT4AC,NR2KT4AC,GBK604203,230/121/22,180/240/300,2019.0,2022-11-24,2022-12-04,10158,72683,714,169.0,6122,716.0,5940,857,49.0,169.0,6.0,42.0,
NR2,KT5AA,NR2KT5AA,GBK604204,230/121/22,180/240/300,2019.0,2024-02-26,2024-04-06,23427,50168,2601,469.0,2147,544.0,4461,898,65.0,429.0,16.0,53.0,
NR2,KT5AA,NR2KT5AA,GBK604204,230/121/22,180/240/300,2019.0,2022-11-24,2022-12-03,13702,70442,574,194.0,3605,456.0,4156,653,43.0,288.0,6.0,42.0,
NR2,KT5AB,NR2KT5AB,GBK604204,230/121/22,180/240/300,2019.0,2022-11-24,2022-12-08,10235,59472,354,150.0,4863,497.0,4386,734,51.0,761.0,7.0,42.0,
NR2,KT5AB,NR2KT5AB,GBK604204,230/121/22,180/240/300,2019.0,2024-02-26,2024-04-06,13584,48826,2909,578.0,3408,788.0,5831,1138,79.0,451.0,17.0,53.0,
NR2,KT5AC,NR2KT5AC,GBK604204,230/121/22,180/240/300,2019.0,2024-02-26,2024-04-07,12125,41338,2528,461.0,3298,859.0,6105,1333,116.0,478.0,19.0,53.0,
NR2,KT5AC,NR2KT5AC,GBK604204,230/121/22,180/240/300,2019.0,2022-11-24,2022-12-04,10595,64123,496,187.0,5714,714.0,5700,912,58.0,297.0,7.0,42.0,
NS,KT1AA,NSKT1AA,9274730101,230/121/11,,,2023-07-24,2023-08-17,15320,46060,173,135.0,7595,814.0,6180,1934,133.0,1413.0,153.0,52.0,
NS,KT1AA,NSKT1AA,9274730101,230/121/11,,,2024-02-11,2024-02-25,20890,70430,2151,259.0,6,2.0,0,15,1.0,3.0,0.0,62.0,
NS,KT1AB,NSKT1AB,9274730101,230/121/11,,,2024-02-11,2024-02-25,6170,68670,1313,183.0,7,46.0,0,16,84.0,80.0,62.0,62.0,
NS,KT1AB,NSKT1AB,9274730101,230/121/11,,,2023-07-24,2023-08-17,21100,47130,108,89.0,3633,476.0,5455,1561,107.0,1195.0,30.0,52.0,
NS,KT1AC,NSKT1AC,9274730101,230/121/11,,,2023-07-24,2023-08-17,16600,52010,151,107.0,5486,495.0,6001,1725,116.0,1258.0,29.0,52.0,
NS,KT1AC,NSKT1AC,9274730101,230/121/11,,,2024-12-11,2024-02-25,8510,34090,1663,867.0,25,101.0,14,188,19.0,106.0,8.0,62.0,
NS,KT4AA,NSKT4AA,9274730102,230/121/11,,,2023-07-24,2023-08-17,29670,54180,96,95.0,3951,594.0,6032,1813,112.0,1013.0,28.0,50.0,
NS,KT4AA,NSKT4AA,9274730102,230/121/11,,,2024-02-11,2024-02-25,8650,75780,1563,199.0,37,15.0,0,8,5.0,37.0,3.0,62.0,
NS,KT4AB,NSKT4AB,9274730102,230/121/11,,,2023-07-24,2023-08-17,34150,49190,124,46.0,713,231.0,5199,1187,75.0,813.0,148.0,50.0,
NS,KT4AB,NSKT4AB,9274730102,230/121/11,,,2024-12-11,2024-02-25,12485,70182,1916,207.0,36,23.0,0,13,9.0,18.0,6.0,62.0,
NS,KT4AC,NSKT4AC,9274730102,230/121/11,,,2024-12-11,2024-02-25,12310,69250,5167,378.0,6,6.0,0,8,1.0,4.0,1.0,62.0,
NS,KT4AC,NSKT4AC,9274730102,230/121/11,,,2023-07-24,2023-08-17,33460,51190,115,76.0,2367,342.0,5713,1397,87.0,897.0,136.0,50.0,
NT,KT3AA,NTKT3AA,9274720101,230/121/33,200,,2023-09-23,2023-11-28,53250,44490,540,140.0,21,41.0,118,73,16.0,24.0,2.0,50.0,
NT,KT3AB,NTKT3AB,9274720101,230/121/33,200,,2023-09-23,2023-11-28,52920,46770,563,113.0,59,52.0,136,63,8.0,23.0,2.0,50.0,
NT,KT3AC,NTKT3AC,9274720101,230/121/33,200,,2023-09-23,2023-11-26,49620,42560,530,137.0,141,30.0,90,41,5.0,14.0,2.0,50.0,
NT,KT4AA,NTKT4AA,9374760101,230/121/33,200,2010.0,2023-09-23,2023-11-28,52720,46970,760,136.0,93,70.0,128,77,10.0,24.0,2.0,50.0,
NT,KT4AB,NTKT4AB,9374760101,230/121/33,200,2010.0,2023-09-23,2023-11-28,54870,48410,780,124.0,50,56.0,158,84,11.0,25.0,2.0,50.0,
NV,KT1AA,NVKT1AA,96183,230/115,200,2012.0,2022-09-26,2022-09-26,11345,43720,1590,368.0,17038,2233.0,9817,1992,96.0,293.0,0.0,60.0,
NV,KT1AA,NVKT1AA,96183,230/115,200,2012.0,2022-08-18,2022-08-18,12531,46743,1250,316.0,19847,1588.0,10695,1318,62.0,203.0,0.0,,
NV,KT1AA,NVKT1AA,96183,230/115,200,2012.0,2024-06-04,2024-06-08,13705,42429,2945,236.0,34594,13898.0,50321,24155,7966.0,5613.0,118.0,61.0,
NV,KT1AA,NVKT1AA,96183,230/115,200,2012.0,2023-11-03,2023-11-28,40613,47422,1074,105.0,213,889.0,7421,3296,673.0,799.0,17.0,54.0,
NV,KT1AB,NVKT1AB,96183,230/115,200,2012.0,2022-09-26,2022-09-26,12038,42509,1573,412.0,17946,2427.0,10608,2126,108.0,360.0,0.0,60.0,
NV,KT1AB,NVKT1AB,96183,230/115,200,2012.0,2022-08-18,2022-08-18,15524,50446,1223,309.0,15759,1442.0,10214,1242,61.0,193.0,0.0,,
NV,KT1AB,NVKT1AB,96183,230/115,200,2012.0,2023-11-03,2023-11-27,10513,17629,4364,248.0,29642,4638.0,23258,7247,2936.0,1337.0,26.0,54.0,
NV,KT1AB,NVKT1AB,96183,230/115,200,2012.0,2024-06-04,2024-06-08,10741,38543,5329,297.0,27490,13842.0,30931,28108,10053.0,7014.0,125.0,66.0,
NV,KT1AC,NVKT1AC,96183,230/115,200,2012.0,2022-08-18,2022-08-18,8448,46310,1387,415.0,22705,1941.0,13398,1588,74.0,250.0,0.0,,
NV,KT1AC,NVKT1AC,96183,230/115,200,2012.0,2022-09-26,2022-09-26,11410,43603,1654,426.0,19833,2573.0,11194,2211,112.0,357.0,0.0,60.0,
NV,KT1AC,NVKT1AC,96183,230/115,200,2012.0,2023-11-03,2023-11-27,27954,33576,3750,149.0,6514,2899.0,15026,13484,2547.0,1237.0,22.0,54.0,
NV,KT1AC,NVKT1AC,96183,230/115,200,2012.0,2024-06-04,2024-06-08,23604,42779,6582,308.0,37922,16026.0,31701,29292,11388.0,4522.0,110.0,66.0,
NW,KT1A,NWKT1A,AG69095T311,115/33/11,25,1997.0,2023-10-14,2023-11-21,41913,51758,2664,316.0,306,219.0,1563,1212,128.0,539.0,23.0,50.0,
ON,KT1AA,ONKT1AA,7128900904,,,,2023-11-17,2023-12-04,13640,23380,825,204.0,23130,4885.0,62135,12434,2308.0,2863.0,28.0,58.0,
ON,KT1AB,ONKT1AB,7128900904,,,,2023-11-17,2023-12-04,11290,22140,799,197.0,24900,5713.0,56718,16512,3340.0,2810.0,33.0,58.0,
ON,KT1AC,ONKT1AC,7128900904,,,,2023-11-17,2023-12-04,7730,16420,554,138.0,26875,6816.0,64116,23362,5022.0,3404.0,34.0,58.0,
ON,KT2AA,ONKT2AA,7128900905,,,,2023-11-17,2023-12-08,47530,42420,939,334.0,1670,1635.0,24562,4747,526.0,2110.0,39.0,50.0,
ON,KT2AB,ONKT2AB,7128900905,,,,2023-11-17,2023-12-04,23240,26680,687,168.0,16557,3159.0,37825,6709,834.0,1455.0,21.0,50.0,
ON,KT2AC,ONKT2AC,7128900905,,,,2023-11-17,2023-12-04,12510,19970,954,238.0,28432,4828.0,46177,14653,2801.0,2217.0,25.0,50.0,
PCH,KT1A,PCHKT1A,52015,115/22/11,30/40/50,2007.0,2022-11-23,2022-12-03,28114,66092,297,67.0,410,104.0,3322,331,20.0,277.0,7.0,48.0,
PCH,KT2A,PCHKT2A,52016,115/22/11,30/40/50,2007.0,2022-11-23,2022-12-04,30526,69754,326,46.0,660,129.0,5328,586,34.0,288.0,9.0,45.0,
PDG,KT1AA,PDGKT1AA,01900067,525/230-22,333.3,2015.0,2021-07-09,2021-07-10,14972,80929,2558,370.0,453,53.0,151,21,1.0,4.0,1.0,,
PDG,KT1AB,PDGKT1AB,01900068,500/230/22,333.3,2015.0,2021-07-09,2021-07-10,14078,85593,2281,421.0,462,48.0,168,23,1.0,5.0,1.0,,
PDG,KT1AC,PDGKT1AC,01900069,500/230/22,333.3,2015.0,2021-07-09,2021-07-10,14108,77258,2851,447.0,527,55.0,250,24,0.0,7.0,0.0,,
PDG,KT3AA,PDGKT3AA,9374750103,230/115/22,200,2007.0,2022-12-03,2022-12-04,29984,74223,132,66.0,1718,304.0,2817,872,34.0,171.0,5.0,56.5,
PDG,KT3AA,PDGKT3AA,9374750103,230/115/22,200,2007.0,2023-03-06,2023-03-06,39632,80218,640,133.0,1532,379.0,4209,1283,46.0,217.0,0.0,,
PDG,KT3AA,PDGKT3AA,9374750103,230/115/22,200,2007.0,2023-08-21,2023-09-15,24410,52720,394,77.0,787,248.0,3135,1035,45.0,241.0,7.0,60.0,
PDG,KT3AB,PDGKT3AB,9374750103,230/115/22,200,2007.0,2023-03-06,2023-03-06,39861,83364,509,177.0,2195,473.0,4006,1392,50.0,241.0,0.0,,
PDG,KT3AB,PDGKT3AB,9374750103,230/115/22,200,2007.0,2023-08-21,2023-09-14,37090,47140,138,108.0,1421,293.0,2459,822,46.0,239.0,6.0,60.0,
PDG,KT3AC,PDGKT3AC,9374750103,230/115/22,200,2007.0,2023-03-06,2023-03-06,38161,83795,380,183.0,2011,583.0,3765,1404,53.0,250.0,0.0,,
PDG,KT3AC,PDGKT3AC,9374750103,230/115/22,200,2007.0,2023-08-21,2023-09-14,29790,49590,367,147.0,2795,506.0,2692,1021,53.0,277.0,7.0,60.0,
PE#,KT1A,PE#KT1A,5BA158902,115/22,25,,2022-10-13,2022-10-22,18945,35450,2071,145.0,22,107.0,0,189,66.0,156.0,11.0,40.0,
PE#,KT1A,PE#KT1A,5BA158902,115/22,25,,2020-03-10,2020-03-29,25056,44767,2817,120.0,308,40.0,130,14,0.0,0.0,0.0,61.0,
PHG,KT1AA,PHGKT1AA,92199,230/115/22,200,1995.0,2021-02-26,2021-03-01,26683,51144,375,20.0,83,0.0,137,41,46.0,0.0,0.0,,
PHG,KT1AA,PHGKT1AA,92199,230/115/22,200,1995.0,2021-03-06,2021-03-07,21304,53781,220,24.0,57,27.0,64,15,1.0,3.0,0.0,,
PHG,KT1AA,PHGKT1AA,92199,230/115/22,200,1995.0,2021-02-15,2021-02-16,31686,76030,373,20.0,15,0.0,7,2,1.0,0.0,1.0,31.0,
PHG,KT1AB,PHGKT1AB,92199,230/115/22,200,1995.0,2021-02-16,2021-02-19,11943,32345,195,9.0,5,0.0,1,1,0.0,2.0,0.0,,
PHG,KT1AB,PHGKT1AB,92199,230/115/22,200,1995.0,2021-02-26,2021-03-01,23658,51868,399,26.0,64,0.0,172,61,55.0,0.0,0.0,,
PHG,KT1AB,PHGKT1AB,92199,230/115/22,200,1995.0,2021-03-06,2021-03-07,26901,52497,240,15.0,17,19.0,25,3,0.0,1.0,0.0,,
PHG,KT1AC,PHGKT1AC,92199,230/115/22,200,1995.0,2021-02-16,2021-02-19,23446,56797,394,24.0,9,0.0,6,2,0.0,2.0,0.0,,
PHG,KT1AC,PHGKT1AC,92199,230/115/22,200,1995.0,2021-02-26,2021-03-01,25301,60035,445,24.0,87,0.0,116,21,0.0,0.0,0.0,,
PHG,KT1AC,PHGKT1AC,92199,230/115/22,200,1995.0,2021-03-06,2021-03-07,21579,52688,256,26.0,39,27.0,66,9,0.0,3.0,0.0,,
PHK,KT1A,PHKKT1A,AG69095T436,115/22,25,1998.0,2020-03-31,2020-04-05,33421,79662,182,4.0,47,2.0,1,0,0.0,0.0,0.0,44.0,
PK2,KT1A,PK2KT1A,AG69095T331,115/33/11,25,1998.0,2023-09-16,2023-11-21,22974,43956,2212,114.0,130,622.0,1636,2940,439.0,1771.0,69.0,46.0,
PK2,KT2A,PK2KT2A,574406,115/33/11,25,1999.0,2023-07-28,2023-09-15,45146,55683,214,67.0,338,96.0,768,105,6.0,27.0,1.0,50.0,
PK2,KT2A,PK2KT2A,574406,115/33/11,25,1999.0,2023-09-07,2023-11-19,35751,51019,1790,124.0,1384,252.0,2712,380,19.0,105.0,2.0,46.0,
PK2,KT3A,PK2KT3A,60491-001,115/33/11,75,1993.0,2023-09-17,2023-11-21,28651,42815,1634,24.0,284,824.0,218,7354,1193.0,976.0,72.0,,
PK2,KT4A,PK2KT4A,60548-001,115/33/11,25,1994.0,2023-09-17,2023-11-21,26981,45086,726,15.0,201,336.0,190,3511,667.0,707.0,31.0,45.0,
PKC,KT1A,PKCKT1A,52014,115/22/11,50,2007.0,2022-11-22,2022-12-03,30175,71882,292,97.0,823,196.0,4892,510,30.0,411.0,9.0,42.0,
PKC,KT1A,PKCKT1A,52014,115/22/11,50,2007.0,2020-03-16,2020-03-30,35716,60236,736,59.0,1231,308.0,6189,633,33.0,110.0,0.0,42.0,
PKC,KT2A,PKCKT2A,9912790104,115/22/11,30/40/50,2013.0,2022-11-23,2022-12-03,7925,30394,193,91.0,14953,7497.0,5794,73470,14931.0,7489.0,269.0,42.0,
PKC,KT2A,PKCKT2A,9912790104,115/22/11,30/40/50,2013.0,2024-02-24,2024-04-08,22148,31657,1438,264.0,13411,4132.0,45876,7440,744.0,7685.0,78.0,46.0,
PKK,KT1A,PKKKT1A,573069,115/22,40,2007.0,2023-09-23,2023-10-05,9020,50780,1741,208.0,9573,1783.0,10477,2569,1469.0,541.0,11.0,33.0,
PKK,KT2A,PKKKT2A,AE69025T7-1,230/115/22,100,1997.0,2023-07-23,2023-10-05,17420,54710,843,91.0,557,154.0,437,191,104.0,96.0,77.0,50.0,
PKK,KT3A,PKKKT3A,AE69025T7-2,230/115/22,100,1997.0,2023-09-23,2023-10-05,10820,47420,1360,77.0,820,145.0,554,187,48.0,77.0,23.0,50.0,
PKK,KT4A,PKKKT4A,573070,115/22,40,2007.0,2023-09-23,2023-10-05,13020,50160,1538,109.0,8143,1952.0,9429,2594,3021.0,392.0,12.0,56.0,
PL2,KT1AA,PL2KT1AA,5BK012802,230/121/22,,2006.0,2023-09-15,2023-09-29,8870,32650,466,166.0,7234,2610.0,7344,3587,294.0,736.0,11.0,60.0,
PL2,KT1AB,PL2KT1AB,5BK012802,230/121/22,,2006.0,2023-09-15,2023-09-29,17150,38850,549,208.0,4235,2177.0,3650,2916,197.0,675.0,10.0,60.0,
PL2,KT1AC,PL2KT1AC,5BK012802,230/121/22,,2006.0,2023-10-21,2023-11-25,39070,44960,1150,291.0,4260,1209.0,10911,1918,149.0,706.0,16.0,60.0,
PL2,KT1AC,PL2KT1AC,5BK012802,230/121/22,,2006.0,2023-09-15,2023-09-29,28230,42420,502,233.0,3077,1811.0,1996,2550,168.0,643.0,11.0,60.0,
PL2,KT4A,PL2KT4A,9812810103,230/121/22,200,2013.0,2023-09-15,2023-09-29,7620,29730,637,143.0,10,29.0,29,14,9.0,5.0,13.0,74.0,
PN,KT2A,PNKT2A,AN69001T21-1,115/33/11,25,1998.0,2023-09-15,2023-11-21,47990,43540,1362,196.0,84,65.0,471,149,11.0,87.0,4.0,56.0,
PO,KT1A,POKT1A,60540-001,115/22,32,,2024-03-05,2024-04-07,20304,50628,1160,40.0,332,255.0,145,3880,729.0,578.0,26.0,48.0,
PO,KT2A,POKT2A,AG69095T435,115/22,25,,2024-03-05,2024-04-07,15419,38187,620,103.0,2306,407.0,3431,684,50.0,228.0,6.0,51.0,
POT,KT1A,POTKT1A,574413,115/22/11,25,,2024-02-12,2024-03-21,16254,33825,3879,350.0,16886,4493.0,49365,8136,514.0,4013.0,127.0,59.0,
POT,KT2A,POTKT2A,9912790101,115/22,50,,2024-02-12,2024-03-03,8422,30345,1822,949.0,15953,6201.0,999,20566,5350.0,3877.0,524.0,47.0,
POT,KT3A,POTKT3A,574471,115/22,25,,2024-02-12,2024-03-02,14610,42666,6604,510.0,4029,3233.0,721,3286,118.0,1959.0,1.0,58.0,
PRB,KT1A,PRBKT1A,8R8408T2,115/22,50,2007.0,2023-10-20,2023-01-15,48900,47870,952,86.0,143,75.0,1860,240,25.0,121.0,3.0,60.0,
PRB,KT2A,PRBKT2A,8P9086T1,115/22,50,2004.0,2023-10-20,2023-01-15,48900,52350,1370,119.0,120,95.0,2624,304,16.0,1503.0,3.0,64.0,
PRB*,KT1A,PRB*KT1A,5BA159004,115/22,25,1990.0,2022-07-16,2022-07-21,17325,30012,189,10.0,10,0.0,0,0,0.0,0.0,0.0,,
PTB,KT1A,PTBKT1A,8T9668T3,115/22,50,2011.0,2022-11-04,2022-11-14,24383,74776,1225,83.0,243,86.0,2956,274,17.0,110.0,7.0,50.0,
PTB,KT2A,PTBKT2A,8S9483T2,115/22,50,2009.0,2022-11-04,2022-11-14,26186,76597,1026,83.0,230,66.0,2591,247,15.0,115.0,6.0,35.0,
PTN,KT1A,PTNKT1A,574408,115/33/11,25,,2023-10-15,2023-11-23,14073,50502,6347,455.0,5244,545.0,5657,903,49.0,300.0,9.0,56.0,
PTN,KT2A,PTNKT2A,574409,115/33/11,25,,2023-10-15,2023-11-23,38751,53547,5970,543.0,671,53.0,329,92,3.0,29.0,1.0,58.0,
PTN,KT2A,PTNKT2A,574409,115/33/11,25,,2023-06-26,2023-07-16,12280,64851,5712,38.0,7880,271.0,787,1668,127.0,145.0,7.0,60.0,
PTN,KT3A,PTNKT3A,AG69095T313,115/33/11,25,,2023-10-15,2023-11-23,23195,49486,6360,435.0,1662,494.0,2405,1651,174.0,1021.0,38.0,50.0,
PU,KT2AA,PUKT2AA,5BK013802,230/121/33,200,2010.0,2023-09-21,2023-11-19,45890,58010,3106,176.0,225,13.0,99,11,1.0,3.0,1.0,54.0,
PU,KT2AB,PUKT2AB,5BK013802,230/121/33,200,2010.0,2023-09-21,2023-11-19,47220,59530,3387,234.0,331,22.0,145,17,1.0,4.0,1.0,54.0,
PU,KT2AC,PUKT2AC,5BK013802,230/121/33,200,2010.0,2023-09-21,2023-11-19,45380,60270,3867,259.0,366,23.0,174,18,1.0,4.0,1.0,54.0,
PYK,KT1A,PYKKT1A,60492-002,115/22,25,1993.0,2024-02-24,2024-04-07,23009,50521,1217,38.0,280,162.0,834,951,121.0,428.0,8.0,47.0,
PYK,KT1A,PYKKT1A,60492-002,115/22,25,1993.0,2022-11-23,2022-12-04,8087,26734,815,82.0,16804,7947.0,8531,57289,9878.0,3892.0,151.0,45.0,
RB2,KT1AA,RB2KT1AA,GBK604901,230/115,300,2019.0,2023-11-16,2024-01-20,15660,39180,1965,268.0,20985,4491.0,35573,9082,1396.0,2132.0,77.0,58.0,
RB2,KT1AB,RB2KT1AB,GBK604901,230/115,300,2019.0,2023-11-16,2024-01-20,14750,39420,1939,275.0,22022,4798.0,36982,9413,1513.0,2398.0,82.0,58.0,
RB2,KT1AC,RB2KT1AC,GBK604901,230/115,300,2019.0,2023-11-16,2024-01-21,6070,32400,1787,167.0,30073,7675.0,29258,26151,5601.0,2788.0,125.0,58.0,
RB2,KT4AA,RB2KT4AA,GBK604902,230/115,300,2019.0,2023-11-16,2024-01-19,29960,50230,880,167.0,2729,625.0,5281,790,71.0,251.0,10.0,30.0,
RB2,KT4AB,RB2KT4AB,GBK604902,230/115,300,2019.0,2023-11-16,2024-01-19,14150,53280,1019,211.0,9830,1040.0,8114,1107,72.0,677.0,10.0,30.0,
RB2,KT4AC,RB2KT4AC,GBK604902,230/115,300,2019.0,2023-11-16,2024-01-19,27010,47870,802,119.0,4520,975.0,7353,1247,98.0,314.0,12.0,30.0,
RB3,KT1AA,RB3KT1AA,21784108,525/242/1.73,250,,2020-12-12,2020-12-13,2729,22419,13,23.0,54,5.0,26,16,1.0,2.0,1.0,46.0,
RB3,KT1AB,RB3KT1AB,21784109,525/242/1.73,250,,2020-12-12,2020-12-13,2098,17087,18,21.0,48,5.0,24,13,1.0,1.0,2.0,48.0,
RB3,KT1AC,RB3KT1AC,21784110,525/242/1.73,250,,2020-12-12,2020-12-13,1763,15565,23,17.0,256,44.0,251,64,18.0,42.0,22.0,48.0,
RE1,KT3AA,RE1KT3AA,91900020,230/121/22,200,2005.0,2024-02-11,2024-03-21,12229,50079,249,211.0,1504,842.0,503,929,130.0,150.0,4.0,0.0,
RE1,KT3AA,RE1KT3AA,91900020,230/121/22,200,2005.0,2020-03-09,2020-03-29,7968,61892,119,78.0,8678,1772.0,239,618,175.0,0.0,0.0,54.0,
RE1,KT3AA,RE1KT3AA,91900020,230/121/22,200,2005.0,2020-06-09,2020-06-27,7241,65026,44,48.0,12690,2325.0,220,974,264.0,0.0,16.0,58.0,
RE1,KT3AB,RE1KT3AB,91900020,230/121/22,200,2005.0,2020-03-09,2020-03-29,7685,61670,101,76.0,9254,1882.0,274,627,179.0,0.0,0.0,54.0,
RE1,KT3AB,RE1KT3AB,91900020,230/121/22,200,2005.0,2024-02-11,2024-03-21,14452,49406,153,246.0,2174,955.0,621,878,113.0,288.0,3.0,59.0,
RE1,KT3AB,RE1KT3AB,91900020,230/121/22,200,2005.0,2020-06-09,2020-06-27,7357,63111,57,105.0,9481,1952.0,303,812,187.0,0.0,7.0,58.0,
RE1,KT3AC,RE1KT3AC,91900020,230/121/22,200,2005.0,2020-06-09,2020-06-26,11241,66788,80,115.0,7542,1782.0,282,812,194.0,0.0,0.0,58.0,
RE1,KT3AC,RE1KT3AC,91900020,230/121/22,200,2005.0,2024-02-11,2024-03-21,9610,51514,171,160.0,2968,1268.0,507,1032,182.0,151.0,5.0,59.0,
RE1,KT3AC,RE1KT3AC,91900020,230/121/22,200,2005.0,2020-03-09,2020-03-27,8562,62284,69,30.0,8889,2269.0,207,887,229.0,76.0,29.0,54.0,
RE1,KT4AA,RE1KT4AA,91900021,230/121/22,200,2005.0,2020-06-09,2020-06-26,6626,68364,66,30.0,13700,2868.0,181,1057,342.0,0.0,11.0,55.0,
RE1,KT4AA,RE1KT4AA,91900021,230/121/22,200,2005.0,2024-02-11,2024-03-21,16321,51682,162,227.0,2416,1239.0,706,1107,191.0,145.0,6.0,57.0,
RE1,KT4AA,RE1KT4AA,91900021,230/121/22,200,2005.0,2020-03-09,2020-03-29,6081,61977,150,116.0,7335,1963.0,257,588,198.0,0.0,0.0,52.0,
RE1,KT4AB,RE1KT4AB,91900021,230/121/22,200,2005.0,2020-03-09,2020-03-30,6195,72683,78,55.0,9071,2610.0,283,856,280.0,176.0,33.0,52.0,
RE1,KT4AB,RE1KT4AB,91900021,230/121/22,200,2005.0,2024-02-11,2024-03-21,12965,51224,152,203.0,2759,1353.0,634,1173,199.0,138.0,6.0,57.0,
RE1,KT4AB,RE1KT4AB,91900021,230/121/22,200,2005.0,2020-06-09,2020-06-26,5305,68702,61,73.0,11181,2500.0,335,1126,388.0,0.0,0.0,55.0,
RE1,KT4AC,RE1KT4AC,91900021,230/121/22,200,2005.0,2020-03-09,2020-03-30,6185,68962,66,28.0,9872,2997.0,235,977,381.0,78.0,31.0,52.0,
RE1,KT4AC,RE1KT4AC,91900021,230/121/22,200,2005.0,2024-02-11,2024-03-21,13048,48506,167,89.0,2468,1368.0,409,1253,225.0,121.0,6.0,57.0,
RE1,KT4AC,RE1KT4AC,91900021,230/121/22,200,2005.0,2020-06-09,2020-06-26,8120,68262,63,107.0,9410,2248.0,147,1135,252.0,0.0,7.0,55.0,
RE2,KT1AA,RE2KT1AA,07MK410101,525,333,2022.0,2022-07-25,2022-08-06,13710,53570,263,9.0,10,2.0,3,1,0.0,0.0,0.0,39.0,
RE2,KT1AB,RE2KT1AB,07MK410102,525,333,2022.0,2022-07-25,2022-08-06,18190,56440,212,9.0,60,2.0,22,0,0.0,2.0,0.0,40.0,
RE2,KT1AB,RE2KT1AB,07MK410102,525,333,2022.0,2022-07-25,2022-08-06,18190,56440,212,9.0,60,2.0,22,0,0.0,2.0,0.0,40.0,
RE2,KT1AC,RE2KT1AC,07MK410103,525,333,2022.0,2022-07-25,2022-08-06,21630,69140,246,9.0,10,2.0,1,1,0.0,0.0,0.0,40.0,
RE2,KT2AA,RE2KT2AA,07MK410104,525,333,2022.0,2022-07-25,2022-08-07,14110,38930,117,4.0,6,1.0,0,0,0.0,0.0,0.0,40.0,
RE2,KT2AB,RE2KT2AB,07MK410105,525,333,2022.0,2022-07-25,2022-08-06,15390,56230,167,5.0,8,1.0,1,0,0.0,0.0,0.0,37.0,
RE2,KT2AC,RE2KT2AC,07MK410106,525,333,2022.0,2022-07-25,2022-08-06,14170,52770,201,4.0,6,1.0,1,0,1.0,0.0,1.0,39.0,
RN,KT1A,RNKT1A,60538001,115/33/11,25,1993.0,2023-11-25,2024-01-27,19882,34729,1448,163.0,8725,500.0,2330,850,80.0,225.0,9.0,55.0,
RN,KT1A,RNKT1A,60538001,115/33/11,25,1993.0,2020-11-07,2020-11-29,16635,62542,654,95.0,1881,1604.0,3648,3061,848.0,137.0,26.0,53.0,
RN,KT2A,RNKT2A,60494001,115/33/11,25,1993.0,2020-11-07,2020-11-28,6183,71134,517,82.0,8159,6309.0,4606,25204,3253.0,1725.0,62.0,38.0,
RN,KT2A,RNKT2A,60494001,115/33/11,25,1993.0,2023-11-25,2024-01-26,2845,52331,2410,243.0,2975,540.0,335,1502,161.0,230.0,9.0,28.0,
RPB,KT1AA,RPBKT1AA,9374740101,230/115/33,,,2023-11-27,2024-01-27,5470,56114,283,189.0,203,53.0,944,380,23.0,94.0,10.0,64.0,
RPB,KT1AB,RPBKT1AB,9374740101,230/115/33,,,2023-11-27,2024-01-27,4332,46682,222,129.0,88,29.0,563,237,11.0,126.0,6.0,64.0,
RPB,KT1AC,RPBKT1AC,9374740101,230/115/33,,,2023-11-27,2024-01-26,4846,54041,250,256.0,227,74.0,773,440,32.0,137.0,9.0,64.0,
RPB,KT4A,RPBKT4A,AG69095T312,115/33/11,25,1997.0,2023-11-27,2024-01-27,9001,52536,1602,125.0,1588,627.0,1759,4081,755.0,1006.0,252.0,49.0,
RPS,KT1AA,RPSKT1AA,408036,230/72/11,300,,2023-11-16,2023-12-03,6138,27974,511,87.0,27935,7833.0,4192,38555,18775.0,3071.0,170.0,58.0,
RPS,KT1AB,RPSKT1AB,408036,230/72/11,300,,2023-11-16,2023-12-03,7632,36826,2522,385.0,11618,5188.0,1933,25630,13281.0,2730.0,153.0,58.0,
RPS,KT1AC,RPSKT1AC,408036,230/72/11,300,,2023-11-16,2023-12-03,14035,35196,1160,305.0,17262,4813.0,9307,17045,9257.0,2780.0,95.0,58.0,
RPS,KT2AA,RPSKT2AA,408038,230/72/11,300,,2023-11-16,2023-12-03,7652,11478,2670,147.0,10322,566.0,1511,2333,431.0,249.0,11.0,60.0,
RPS,KT2AB,RPSKT2AB,408038,230/72/11,300,,2023-11-16,2023-12-08,4328,11936,512,99.0,18756,992.0,2762,3911,640.0,402.0,14.0,60.0,
RPS,KT2AC,RPSKT2AC,408038,230/72/11,300,,2023-11-16,2023-12-03,12227,36891,2036,358.0,8966,1162.0,8073,3493,582.0,568.0,17.0,60.0,
RS,KT1AA,RSKT1AA,8946783,230/72/11,200,2009.0,2024-06-11,2024-06-21,10445,29256,589,183.0,16585,9886.0,43449,27426,6129.0,5314.0,150.0,52.0,
RS,KT1AA,RSKT1AA,8946783,230/72/11,200,2009.0,2023-09-21,2023-09-22,16260,28760,2587,243.0,24108,4015.0,22034,9639,1519.0,1203.0,15.0,,
RS,KT1AA,RSKT1AA,8946783,230/72/11,200,2009.0,2023-12-09,2024-01-25,21103,35337,955,202.0,15962,5562.0,34536,13310,2691.0,4439.0,100.0,45.0,
RS,KT1AB,RSKT1AB,8946783,230/72/11,200,2009.0,2023-12-09,2024-01-23,17459,27794,839,146.0,15578,7547.0,35390,25064,5940.0,7181.0,113.0,45.0,
RS,KT1AB,RSKT1AB,8946783,230/72/11,200,2009.0,2023-09-21,2023-09-22,11170,19590,2530,253.0,27481,5599.0,26855,8371,3902.0,1461.0,17.0,,
RS,KT1AB,RSKT1AB,8946783,230/72/11,200,2009.0,2024-06-11,2024-06-21,7738,20665,605,187.0,26293,17515.0,44673,62618,13866.0,6623.0,211.0,52.0,
RS,KT1AC,RSKT1AC,8946783,230/72/11,200,2009.0,2023-09-21,2023-09-22,11390,23280,2165,253.0,26572,5192.0,26128,6520,3463.0,1487.0,19.0,,
RS,KT1AC,RSKT1AC,8946783,230/72/11,200,2009.0,2023-12-09,2024-01-23,15287,25539,1234,219.0,39978,10450.0,46241,29687,6398.0,3489.0,121.0,45.0,
RS,KT1AC,RSKT1AC,8946783,230/72/11,200,2009.0,2024-06-11,2024-06-20,9478,23356,519,143.0,19676,13907.0,38099,49868,11014.0,6275.0,199.0,52.0,
RS,KT2AA,RSKT2AA,8946785,220/69/11,200,2009.0,2023-09-21,2023-09-22,14000,24450,1177,259.0,22832,4619.0,21663,2637,2467.0,1342.0,19.0,,
RS,KT2AA,RSKT2AA,8946785,220/69/11,200,2009.0,2023-12-09,2024-01-26,15142,34528,1351,264.0,25378,7045.0,44296,12743,2091.0,2977.0,77.0,47.0,
RS,KT2AA,RSKT2AA,8946785,220/69/11,200,2009.0,2024-06-11,2024-06-20,9628,28914,531,194.0,18045,9438.0,40487,9438,4318.0,7493.0,155.0,54.0,
RS,KT2AB,RSKT2AB,8946785,220/69/11,200,2009.0,2023-09-21,2023-09-22,12910,21290,1146,152.0,23437,4820.0,24212,3993,2911.0,1364.0,18.0,,
RS,KT2AB,RSKT2AB,8946785,220/69/11,200,2009.0,2023-12-09,2024-01-25,19361,28413,784,154.0,15667,6669.0,31365,18331,4117.0,5494.0,104.0,47.0,
RS,KT2AB,RSKT2AB,8946785,220/69/11,200,2009.0,2024-06-11,2024-06-19,9463,22051,472,234.0,21515,14174.0,43795,45438,10269.0,6760.0,186.0,54.0,
RS,KT2AC,RSKT2AC,8946785,220/69/11,200,2009.0,2023-09-21,2023-09-22,30850,31690,1152,165.0,8120,3328.0,22320,6815,1183.0,1114.0,16.0,,
RS,KT2AC,RSKT2AC,8946785,220/69/11,200,2009.0,2023-12-09,2024-01-23,11647,28283,982,203.0,29410,8388.0,39468,20838,4286.0,6636.0,112.0,47.0,
RS,KT2AC,RSKT2AC,8946785,220/69/11,200,2009.0,2024-06-11,2024-06-20,6405,23385,662,190.0,25888,15093.0,44049,46337,10112.0,5848.0,194.0,54.0,
RS,KT8AA,RSKT8AA,275050229801,230/121/22,300,2011.0,2023-12-09,2024-01-23,12755,26764,1034,179.0,32313,15416.0,21993,87041,20975.0,7829.0,268.0,62.0,
RS,KT8AA,RSKT8AA,275050229801,230/121/22,300,2011.0,2024-06-11,2024-06-19,10501,24066,401,111.0,14811,16601.0,14041,111631,29061.0,11123.0,405.0,70.0,
RS,KT8AB,RSKT8AB,275050229801,230/121/22,300,2011.0,2023-12-09,2024-01-26,11074,28107,907,153.0,30280,16235.0,31202,98848,25993.0,10494.0,300.0,62.0,
RS,KT8AB,RSKT8AB,275050229801,230/121/22,300,2011.0,2024-06-11,2024-06-19,7632,16706,504,124.0,25794,25357.0,18223,172614,45369.0,21589.0,553.0,70.0,
RS,KT8AC,RSKT8AC,275050229801,230/121/22,300,2011.0,2024-06-11,2024-06-19,12265,28536,332,92.0,21870,28251.0,20096,192322,67455.0,19776.0,766.0,70.0,
RS,KT8AC,RSKT8AC,275050229801,230/121/22,300,2011.0,2023-12-09,2024-01-26,11877,24639,753,107.0,31839,18916.0,39998,114397,36137.0,14328.0,387.0,62.0,
RWPS,KT1A,RWPSKT1A,553809,115/22,12.5,1984.0,2021-12-15,2022-01-10,23952,65954,928,16.8,0,0.6,0,0,0.4,1.3,0.5,50.0,
RY2,KT3AA,RY2KT3AA,AX69026T2,115/22,200,2000.0,2019-04-01,2019-04-01,15815,37711,4396,483.0,5895,672.0,1057,603,37.0,99.0,0.0,64.0,
RY2,KT3AA,RY2KT3AA,AX69026T2,115/22,200,2000.0,2022-08-14,2022-09-02,7106,60642,6252,506.0,10865,3181.0,2411,6253,335.0,599.0,10.0,55.0,
RY2,KT3AB,RY2KT3AB,AX69026T2,115/22,200,2000.0,2022-08-14,2022-09-02,8638,60690,5935,503.0,9817,2901.0,3974,2826,286.0,570.0,17.0,55.0,
RY2,KT3AB,RY2KT3AB,AX69026T2,115/22,200,2000.0,2019-04-01,2019-04-01,9139,30716,4364,406.0,5044,902.0,774,833,48.0,139.0,0.0,64.0,
RY2,KT3AC,RY2KT3AC,AX69026T2,115/22,200,2000.0,2022-08-14,2022-09-02,5919,59181,6142,631.0,12249,3157.0,9063,3982,351.0,503.0,0.0,55.0,
RY2,KT3AC,RY2KT3AC,AX69026T2,115/22,200,2000.0,2019-04-01,2019-04-01,8371,34052,4234,349.0,5802,929.0,1002,853,49.0,135.0,0.0,64.0,
RY2,KT4AA,RY2KT4AA,AQ69007T1,115/22,200,2006.0,2023-09-18,2023-09-24,31180,53630,903,118.0,2623,1948.0,5948,3917,292.0,839.0,14.0,52.0,
RY2,KT4AA,RY2KT4AA,AQ69007T1,115/22,200,2006.0,2022-08-14,2022-09-02,7952,48799,3581,600.0,15318,2986.0,18549,3304,219.0,516.0,0.0,50.0,
RY2,KT4AB,RY2KT4AB,AQ69007T1,115/22,200,2006.0,2022-08-14,2022-09-02,7727,18611,3423,612.0,12615,2581.0,15889,2888,190.0,451.0,0.0,50.0,
RY2,KT4AB,RY2KT4AB,AQ69007T1,115/22,200,2006.0,2023-09-18,2023-09-24,34410,51850,452,143.0,1629,1581.0,4324,3306,235.0,750.0,13.0,52.0,
RY2,KT4AC,RY2KT4AC,AQ69007T1,115/22,200,2006.0,2023-09-18,2023-09-24,41430,53130,469,125.0,1281,1421.0,4258,3250,241.0,764.0,14.0,52.0,
RY2,KT4AC,RY2KT4AC,AQ69007T1,115/22,200,2006.0,2022-08-14,2022-09-02,10224,47832,3223,579.0,12206,2749.0,16523,2767,200.0,514.0,0.0,50.0,
RY2,KT6AA,RY2KT6AA,9374750101,230/115,200,2007.0,2023-08-21,2023-09-15,11720,56020,279,85.0,562,369.0,2471,1637,1233.0,306.0,1224.0,56.0,
RY2,KT6AB,RY2KT6AB,9374750101,230/115,200,2007.0,2023-08-21,2023-09-14,6440,47060,139,109.0,1840,441.0,1994,1581,1152.0,413.0,1168.0,56.0,
RY2,KT6AC,RY2KT6AC,9374750101,230/115,200,2007.0,2023-08-21,2023-09-15,24000,54130,122,113.0,1584,544.0,2568,2196,1299.0,498.0,1301.0,56.0,
SA1,KT1AA,SA1KT1AA,9147503,230/115/22,200,2005.0,2023-11-23,2024-01-19,13660,33840,476,119.0,15671,1036.0,7548,1469,151.0,377.0,19.0,50.0,
SA1,KT1AB,SA1KT1AB,9147503,230/115/22,200,2005.0,2023-11-23,2024-01-19,24470,43370,396,112.0,11053,454.0,2681,463,42.0,614.0,7.0,50.0,
SA1,KT1AC,SA1KT1AC,9147503,230/115/22,200,2005.0,2023-11-23,2024-01-19,7850,32320,399,126.0,19938,1016.0,7261,1454,138.0,746.0,17.0,50.0,
SA1,KT2AA,SA1KT2AA,5BK013201,230/121/22,200,2006.0,2020-04-19,2020-04-19,8421,38300,2870,288.0,19749,6283.0,12146,20767,3690.0,3555.0,9291.0,,
SA1,KT2AA,SA1KT2AA,5BK013201,230/121/22,200,2006.0,2023-11-23,2024-01-21,5550,30800,658,217.0,32755,3985.0,19027,9062,1170.0,1818.0,48.0,50.0,
SA1,KT2AA,SA1KT2AA,5BK013201,230/121/22,200,2006.0,2020-04-17,2020-04-17,15537,45752,3353,239.0,12688,5249.0,11417,21286,3661.0,3502.0,9249.0,,
SA1,KT2AB,SA1KT2AB,5BK013201,230/121/22,200,2006.0,2020-04-17,2020-04-17,10846,47576,3599,347.0,15027,5249.0,11919,18406,2814.0,3068.0,8472.0,,
SA1,KT2AB,SA1KT2AB,5BK013201,230/121/22,200,2006.0,2023-11-23,2024-01-19,7660,31350,605,184.0,32909,3906.0,13020,11042,1638.0,1379.0,47.0,50.0,
SA1,KT2AC,SA1KT2AC,5BK013201,230/121/22,200,2006.0,2020-04-18,2020-04-17,14694,53040,2952,375.0,13900,4779.0,15418,12209,2016.0,1979.0,8020.0,,
SA1,KT2AC,SA1KT2AC,5BK013201,230/121/22,200,2006.0,2020-04-19,2020-04-19,8764,45640,2971,400.0,18566,5197.0,15390,12562,1991.0,2111.0,9135.0,,
SA1,KT2AC,SA1KT2AC,5BK013201,230/121/22,200,2006.0,2023-11-23,2024-01-20,9380,29680,495,192.0,33052,3910.0,12881,13059,2065.0,2633.0,53.0,50.0,
SA1,KT3AA,SA1KT3AA,9147504,230/121/22,200,2006.0,2023-11-23,2024-01-19,12380,46270,906,181.0,12591,1162.0,8163,1313,114.0,833.0,12.0,47.0,
SA1,KT3AB,SA1KT3AB,9147504,230/121/22,200,2006.0,2023-11-23,2024-01-20,10620,44330,1039,279.0,19801,2181.0,13533,2315,181.0,1377.0,20.0,47.0,
SA1,KT3AC,SA1KT3AC,9147504,230/121/22,200,2006.0,2023-11-23,2024-01-19,10260,42970,867,259.0,21829,1919.0,11889,2079,173.0,675.0,18.0,47.0,
SA1,KT4AA,SA1KT4AA,5BK013202,230/121/22,200,2006.0,2023-11-23,2024-01-19,7380,40870,1017,300.0,26266,3642.0,18859,6574,865.0,1157.0,46.0,48.0,
SA1,KT4AA,SA1KT4AA,5BK013202,230/121/22,200,2006.0,2020-09-28,2020-09-29,1875,27372,482,153.0,21881,1820.0,9464,2275,215.0,802.0,603.0,,
SA1,KT4AA,SA1KT4AA,5BK013202,230/121/22,200,2006.0,2020-04-19,2020-04-19,13522,45978,2902,260.0,15048,5676.0,12316,19469,3487.0,3325.0,9795.0,,
SA1,KT4AB,SA1KT4AB,5BK013202,230/121/22,200,2006.0,2020-09-28,2020-09-29,2334,36693,645,205.0,19529,1781.0,9194,2096,173.0,523.0,350.0,,
SA1,KT4AB,SA1KT4AB,5BK013202,230/121/22,200,2006.0,2023-11-23,2024-01-20,15450,38080,688,242.0,23656,3919.0,12380,10794,1544.0,2787.0,46.0,48.0,
SA1,KT4AB,SA1KT4AB,5BK013202,230/121/22,200,2006.0,2020-04-19,2020-04-19,11788,45000,2728,285.0,12089,4639.0,11916,13557,2321.0,2528.0,5518.0,,
SA1,KT4AC,SA1KT4AC,5BK013202,230/121/22,200,2006.0,2020-04-19,2020-04-19,18856,52495,2190,276.0,8706,2945.0,8621,8121,1377.0,1753.0,8075.0,,
SA1,KT4AC,SA1KT4AC,5BK013202,230/121/22,200,2006.0,2020-09-28,2020-09-29,4712,45929,757,226.0,11501,1180.0,6920,1340,124.0,421.0,243.0,,
SA1,KT4AC,SA1KT4AC,5BK013202,230/121/22,200,2006.0,2023-11-23,2024-01-21,6090,31900,641,211.0,32193,4697.0,15040,15885,2484.0,2503.0,63.0,48.0,
SA1,KT5A,SA1KT5A,8R8395T2,115/22,50,2007.0,2020-11-27,2020-11-28,34282,61059,1233,103.0,630,86.0,1743,226,44.0,0.0,0.0,43.0,
SA1,KT7A,SA1KT7A,890900049,115/22,50,2003.0,2021-02-16,2021-02-16,2631,55133,2083,823.0,12875,1723.0,9891,2023,96.0,0.0,0.0,64.0,
SB,KT1A,SBKT1A,103923,230/72/22,300,2011.0,2023-11-11,2023-12-15,27683,81727,4989,817.0,19,10.0,0,4,3.0,7.0,4.0,60.0,
SB,KT2A,SBKT2A,103922,230/72/22,300,2011.0,2023-11-11,2023-12-15,25462,78243,4829,854.0,16,11.0,0,0,3.0,9.0,2.0,60.0,
SB,KT2AA,SBKT2AA,103922,230/72/22,300,2011.0,2023-11-27,2024-01-16,3742,40581,1311,128.0,8708,3424.0,22161,9306,1901.0,2284.0,80.0,56.0,
SB,KT2AB,SBKT2AB,103922,230/72/22,300,2011.0,2023-11-27,2024-01-16,3506,40293,1577,117.0,5860,4646.0,30564,15705,3329.0,3438.0,100.0,56.0,
SB,KT2AC,SBKT2AC,103922,230/72/22,300,2011.0,2023-11-27,2024-01-17,3294,29845,1633,96.0,15781,8917.0,31813,37417,8219.0,6489.0,131.0,56.0,
SB,KT3A,SBKT3A,275050119601,230/115,300,,2023-11-11,2023-12-15,21598,74921,6054,608.0,21,0.0,4,4,6.0,4.0,11.0,64.0,
SB,KT3AA,SBKT3AA,275050119601,230/115,300,,2023-11-27,2024-01-16,11877,24963,341,118.0,16002,1784.0,12917,1784,325.0,1191.0,17.0,56.0,
SB,KT3AB,SBKT3AB,275050119601,230/115,300,,2023-11-27,2024-01-17,8234,26235,281,80.0,10755,1454.0,10608,3078,405.0,1442.0,15.0,56.0,
SB,KT3AC,SBKT3AC,275050119601,230/115,300,,2023-11-27,2024-01-17,17282,24368,270,87.0,15879,1990.0,13346,3782,961.0,2140.0,21.0,56.0,
SB,KT4A,SBKT4A,103916,230/72.5,300,2011.0,2023-11-11,2023-12-15,35537,74842,3890,503.0,16,8.0,0,2,6.0,14.0,4.0,60.0,
SB,KT4AA,SBKT4AA,103916,230/72.5,300,,2023-11-27,2024-01-16,13023,35065,311,72.0,3604,533.0,4193,743,48.0,646.0,3.0,57.0,
SB,KT4AB,SBKT4AB,103916,230/72.5,300,,2023-11-27,2024-01-17,13077,43675,796,80.0,5208,658.0,4948,855,38.0,159.0,2.0,57.0,
SB,KT4AC,SBKT4AC,103916,230/72.5,300,,2023-11-27,2024-01-16,13932,43775,329,57.0,2283,357.0,3016,447,22.0,451.0,2.0,57.0,
SB,KT5A,SBKT5A,103917,230/72/11,300,2011.0,2023-11-11,2023-12-15,32394,72901,3142,460.0,17,193.0,4,241,151.0,211.0,45.0,54.0,
SB,KT5AA,SBKT5AA,103917,230/72/11,300,,2024-06-14,2024-06-16,16808,29624,925,230.0,20910,15548.0,29150,71627,13658.0,5918.0,184.0,55.0,
SB,KT5AA,SBKT5AA,103917,230/72/11,300,,2023-11-27,2024-01-17,13571,23685,1614,118.0,20900,9707.0,32973,21741,8163.0,5327.0,124.0,49.0,
SB,KT5AA,SBKT5AA,103917,230/72/11,300,,2024-02-12,2024-02-24,15450,22980,1209,77.0,14748,8571.0,27026,38974,7804.0,3508.0,118.0,52.0,
SB,KT5AB,SBKT5AB,103917,230/72/11,300,,2024-02-12,2024-02-25,13660,25110,1309,158.0,15766,6407.0,44173,17295,3081.0,2871.0,93.0,52.0,
SB,KT5AB,SBKT5AB,103917,230/72/11,300,,2023-11-27,2024-01-17,18992,30379,1652,187.0,22490,6464.0,41664,15319,2568.0,2137.0,77.0,49.0,
SB,KT5AB,SBKT5AB,103917,230/72/11,300,,2024-06-14,2024-06-16,14762,24418,1562,349.0,24887,11357.0,48519,30523,5716.0,4129.0,144.0,55.0,
SB,KT5AC,SBKT5AC,103917,230/72/11,300,,2024-02-12,2024-02-25,27110,31120,896,142.0,7922,3367.0,25486,8568,1439.0,3312.0,61.0,52.0,
SB,KT5AC,SBKT5AC,103917,230/72/11,300,,2023-11-27,2024-01-17,13341,36836,1331,184.0,15868,4265.0,31739,9559,1481.0,2279.0,63.0,49.0,
SB,KT5AC,SBKT5AC,103917,230/72/11,300,,2024-06-14,2024-06-16,15234,33479,798,461.0,12759,5997.0,30613,14795,2837.0,4124.0,101.0,55.0,
SB,KT6A,SBKT6A,275050219601,230/115,300,2011.0,2023-11-11,2023-12-15,20271,53690,4298,679.0,31,8.0,0,0,1.0,3.0,7.0,58.0,
SB,KT6AA,SBKT6AA,275050219601,230/115,300,,2024-02-28,2024-03-19,8796,15746,184,18.0,3295,373.0,1337,1176,240.0,48.0,8.0,57.0,
SB,KT6AB,SBKT6AB,275050219601,230/115,300,,2024-02-28,2024-03-19,11983,22359,185,23.0,2915,350.0,1407,1110,171.0,39.0,0.0,57.0,
SB,KT6AC,SBKT6AC,275050219601,230/115,300,,2024-02-28,2024-03-19,12927,24623,189,22.0,3149,363.0,1557,974,137.0,31.0,0.0,57.0,
SD,KT1A,SDKT1A,EDP011205,115/22,50,2013.0,2022-11-20,2022-12-02,6782,69795,437,154.0,10335,2337.0,5821,2999,482.0,1460.0,39.0,42.0,
SD,KT1A,SDKT1A,EDP011205,115/22,50,2013.0,2020-04-18,2020-05-28,19604,67649,151,113.0,4189,2400.0,4775,2702,259.0,832.0,36.0,54.0,
SD,KT2A,SDKT2A,EDP011206,115/22,50,2013.0,2020-04-18,2020-05-26,16292,57375,109,77.0,4245,2577.0,2801,2610,286.0,807.0,41.0,51.0,
SD,KT2A,SDKT2A,EDP011206,115/22,50,2013.0,2022-11-20,2022-12-02,7483,68264,941,117.0,9905,2195.0,4130,2674,403.0,935.0,39.0,38.0,
SDO,KT1A,SDOKT1A,574407,115/33/11,25,1999.0,2023-10-13,2023-11-30,14590,48010,144,103.0,2531,206.0,2192,314,16.0,111.0,4.0,61.0,
SDO,KT2A,SDOKT2A,AN69050T1,132/115/33,66,1993.0,2023-10-13,2023-11-30,23520,45170,136,95.0,649,104.0,951,144,6.0,46.0,2.0,39.0,
SDO,KT3A,SDOKT3A,AN69003T1,132/121/33,66,1998.0,2023-10-13,2023-11-30,15820,48390,365,211.0,939,194.0,13,270,14.0,89.0,2.0,33.0,
SDO,KT3A,SDOKT3A,AN69003T1,132/121/33,66,1998.0,2020-07-14,2020-08-25,13918,60608,4969,482.0,3297,689.0,333,854,72.0,0.0,0.0,51.0,
SDO,KT4A,SDOKT4A,AN69001T22,115/33/11,25,1998.0,2023-10-13,2023-11-30,14230,44280,452,118.0,1086,849.0,2257,4078,405.0,1371.0,74.0,54.0,
SH1,KT1A,SH1KT1A,5BA159010,115/22,25,1990.0,2020-05-22,2020-05-23,4484,56778,4483,492.0,12968,1932.0,8556,2257,191.0,488.0,0.0,58.0,
SH1,KT1A,SH1KT1A,5BA159010,115/22,25,1990.0,2020-08-18,2020-08-23,32133,68616,388,36.0,72,0.0,258,59,18.0,0.0,0.0,34.0,
SH1,KT1A,SH1KT1A,5BA159010,115/22,25,1990.0,2020-08-18,2020-08-23,10545,46586,4035,335.0,13259,2908.0,15582,3895,380.0,143.0,0.0,34.0,
SH1*,KT2A,SH1*KT2A,554451,115/22,25,1990.0,2020-12-15,2020-12-18,17524,52057,633,297.0,1453,621.0,2211,794,82.0,0.0,0.0,32.0,
SI,KT2A,SIKT2A,8T9664T3,115/22,50,2011.0,2023-10-12,2023-12-09,5308,49142,2851,442.0,614,129.0,3212,395,27.0,265.0,5.0,57.0,
SI,KT3A,SIKT3A,8T9664T4,115/22,50,2011.0,2023-10-12,2023-11-08,5268,48551,2484,267.0,630,140.0,3413,446,21.0,271.0,5.0,60.0,
SKA,KT1A,SKAKT1A,9912790102,115/22,50,2013.0,2024-02-17,2024-03-21,12702,31986,640,91.0,95,80.0,339,533,98.0,57.0,1.0,36.0,
SKA,KT1A,SKAKT1A,9912790102,115/22,50,2013.0,2022-11-22,2022-12-02,5178,49065,394,120.0,10331,4692.0,3711,37880,10614.0,4839.0,251.0,32.0,
SKA,KT2A,SKAKT2A,9912790103,115/22,50,2013.0,2022-11-22,2022-12-08,5423,52471,452,144.0,8952,2847.0,38993,3680,291.0,881.0,27.0,43.0,
SK-P,KT1AA,SK-PKT1AA,5BK014301,230/115,200,2011.0,2023-09-16,2023-09-30,9895,50062,509,241.0,7296,749.0,4285,699,27.0,44.0,2.0,43.0,
SK-P,KT1AB,SK-PKT1AB,5BK014301,230/115,230,2011.0,2023-09-16,2023-09-30,7143,52678,617,305.0,6866,603.0,4666,723,25.0,70.0,2.0,43.0,
SK-P,KT1AC,SK-PKT1AC,5BK014301,230/115,230,2011.0,2023-09-16,2023-09-30,29974,53641,346,262.0,3489,478.0,3644,620,29.0,111.0,3.0,43.0,
SK-P,KT2AA,SK-PKT2AA,5BK014302,230/115,200,2011.0,2023-09-16,2023-09-30,8083,51296,617,222.0,10027,1658.0,8171,2339,166.0,223.0,3.0,44.0,
SK-P,KT2AB,SK-PKT2AB,5BK014302,230/115,200,2011.0,2023-09-16,2023-09-29,21175,56843,508,245.0,6740,1322.0,8276,1641,91.0,172.0,3.0,44.0,
SK-P,KT2AC,SK-PKT2AC,5BK014302,230/115,200,2011.0,2023-09-16,2023-09-30,29172,57985,488,261.0,4918,1027.0,6633,1791,167.0,347.0,8.0,44.0,
SM,KT1A,SMKT1A,5F9902T1,115/22,25,1993.0,2023-09-14,2023-10-05,39120,47070,1608,131.0,9117,2602.0,8125,6161,910.0,4054.0,185.0,60.0,
SM,KT2A,SMKT2A,AN69001T1,115/22,25,,2023-09-14,2023-10-03,22350,55820,1549,201.0,553,153.0,3113,465,27.0,126.0,5.0,58.0,
SM,KT3A,SMKT3A,8R8399T1,115/22,50,2006.0,2023-09-14,2023-10-05,63700,56880,1263,208.0,17,65.0,55,39,8.0,15.0,1.0,57.0,
SN1,KT2A,SN1KT2A,890900051,115/22,50,2003.0,2023-05-26,2023-05-29,16322,84022,1490,1490.0,6353,1384.0,12285,2202,172.0,253.0,25.0,,
SN3,KT1A,SN3KT1A,57030,115/22,50,,2023-09-04,2023-09-22,27300,49920,364,55.0,532,112.0,2685,333,23.0,137.0,6.0,50.0,
SN3,KT2A,SN3KT2A,8P9091T2,115/22,50,2004.0,2023-09-04,2023-09-22,26820,52640,550,59.0,418,58.0,682,196,41.0,70.0,0.0,65.0,
SN3,KT2A,SN3KT2A,8P9091T2,115/22,50,2004.0,2023-02-19,2023-02-19,43293,81461,989,42.0,341,77.0,2471,202,11.0,42.0,0.0,62.0,
SN4,KT1AA,SN4KT1AA,98900013,230/121,200,2012.0,2023-09-10,2023-09-23,12520,35060,197,111.0,21565,4524.0,22756,10446,1570.0,1176.0,14.0,60.0,
SN4,KT1AB,SN4KT1AB,98900013,230/121,200,2012.0,2023-09-10,2023-09-23,10980,28500,167,90.0,22888,5287.0,20997,15936,2573.0,1342.0,19.0,60.0,
SN4,KT1AC,SN4KT1AC,98900013,230/121,200,,2023-09-10,2023-09-23,12570,29620,250,121.0,23210,5522.0,19098,7569,2742.0,1511.0,21.0,60.0,
SN4,KT2AA,SN4KT2AA,98900014,230/121,200,2012.0,2023-09-10,2023-09-22,11510,29600,158,79.0,17007,4061.0,17601,11710,1825.0,1292.0,19.0,60.0,
SN4,KT2AB,SN4KT2AB,98900014,230/121,200,2012.0,2023-09-10,2023-09-23,7410,27270,284,123.0,25812,6163.0,19423,21589,3258.0,1524.0,21.0,60.0,
SN4,KT2AC,SN4KT2AC,98900014,230/121,200,2012.0,2023-09-10,2023-09-23,16560,27140,178,89.0,17386,4831.0,13898,17174,2673.0,1338.0,23.0,60.0,
SN4,KT3AA,SN4KT3AA,98900015,230/121,200,2012.0,2023-09-10,2023-09-23,8100,34870,545,179.0,23752,4956.0,20738,12777,1957.0,1299.0,16.0,60.0,
SN4,KT3AB,SN4KT3AB,98900015,230/121,200,2012.0,2023-09-10,2023-09-23,7750,30300,266,119.0,25529,5922.0,21288,19491,3082.0,1465.0,19.0,60.0,
SN4,KT3AC,SN4KT3AC,98900015,230/121,200,2012.0,2023-09-10,2023-09-23,16810,28770,165,99.0,16185,4437.0,15602,15041,2430.0,1261.0,19.0,60.0,
SN4,KT4AA,SN4KT4AA,508032,230/115,200,2022.0,2023-08-10,2023-08-14,10161,11895,69,3.0,0,7.0,3,0,0.0,0.0,0.0,35.0,
SN4,KT4AB,SN4KT4AB,508032,230/115,200,2022.0,2023-08-10,2023-08-14,7835,7648,76,3.0,0,5.0,2,0,0.0,0.0,0.0,37.0,
SN4,KT4AC,SN4KT4AC,508032,230/115,200,2022.0,2023-08-10,2023-08-14,12438,10699,79,3.0,0,6.0,1,0,0.0,0.0,0.0,35.0,
SNO,KT2AA,SNOKT2AA,GBK600001,230/115,300,,2023-11-27,2024-01-18,7990,19050,971,190.0,39858,10990.0,69090,30327,5094.0,8193.0,144.0,51.0,
SNO,KT2AB,SNOKT2AB,GBK600001,230/115,300,,2023-11-27,2024-01-18,18560,27100,971,184.0,17287,7513.0,55980,18409,2893.0,3783.0,121.0,51.0,
SNO,KT2AC,SNOKT2AC,GBK600001,230/115,300,,2023-11-27,2024-01-18,20970,29950,983,207.0,16319,6139.0,55625,12220,1488.0,3641.0,107.0,51.0,
SNO,KT5AA,SNOKT5AA,11135210,500,300,2009.0,2023-11-27,2024-01-18,7670,41470,1956,395.0,21458,3007.0,22995,3769,235.0,1624.0,29.0,52.0,
SNO,KT5AB,SNOKT5AB,11135211,500,300,2009.0,2023-11-27,2024-01-18,7600,42430,2064,427.0,17269,2676.0,21542,3538,208.0,4109.0,27.0,51.0,
SNO,KT5AC,SNOKT5AC,11135212,500,300,2009.0,2023-11-27,2024-01-19,9540,40630,1694,375.0,22564,3418.0,26013,4825,469.0,1078.0,123.0,51.0,
SNO,KT6AA,SNOKT6AA,11155008,500,300,2009.0,2023-11-27,2024-01-19,15960,42020,2107,573.0,17941,3627.0,20871,3722,210.0,1296.0,28.0,52.0,
SNO,KT6AB,SNOKT6AB,11155009,500,300,2009.0,2023-11-27,2024-01-18,26420,46790,1916,535.0,19463,3526.0,20340,3538,203.0,2255.0,28.0,52.0,
SNO,KT6AC,SNOKT6AC,11155010,500,300,2010.0,2023-11-27,2024-01-19,10300,39570,1799,515.0,19931,3969.0,23892,4258,286.0,1419.0,48.0,52.0,
SNO,KT7AA,SNOKT7AA,21784115,525/242/22,250,,2023-11-27,2024-01-18,30350,52080,1319,289.0,4779,2861.0,23336,7286,815.0,6673.0,219.0,54.0,
SNO,KT7AB,SNOKT7AB,21784116,525/242/22,250,,2023-11-27,2024-01-18,22020,52620,1434,355.0,6765,3588.0,25421,9238,1019.0,7820.0,232.0,54.0,
SNO,KT7AC,SNOKT7AC,21784117,525/242/22,250,,2023-11-27,2024-01-18,22790,54850,1711,346.0,7071,3696.0,25849,9278,1056.0,7195.0,228.0,54.0,
SNO1,KT1A,SNO1KT1A,1728901701,230/121/22,300,2023.0,2023-06-16,2023-06-19,14642,40297,341,28.0,9,12.5,1,3,0.0,4.0,0.0,31.0,
SNR-P,KT1A,SNR-PKT1A,5J8777T1,230/115/11,60,,2019-07-14,2019-08-17,8454,37915,2890,204.0,4145,694.0,8668,756,137.0,125.0,7.0,47.0,
SNR-P,KT1A,SNR-PKT1A,5J8777T1,230/115/11,60,,2020-05-08,2020-05-28,6865,46765,819,68.0,46,37.0,2,1,87.0,8.0,66.0,55.0,
SNR-P,KT1A,SNR-PKT1A,5J8777T1,230/115/11,60,,2023-04-23,2023-04-29,19954,81596,3176,155.0,1105,279.0,1970,640,142.0,285.0,56.0,45.0,
SNR-P,KT1A,SNR-PKT1A,5J8777T1,230/115/11,60,,2022-05-16,2022-05-22,23104,67108,2063,110.0,4122,415.0,3204,615,130.0,314.0,14.0,40.0,
SO1,KT1A,SO1KT1A,8T9792T3,115/22/11,50,2002.0,2020-04-12,2020-05-25,33956,61483,967,104.0,829,177.0,4565,609,27.0,143.0,0.0,53.0,
SO1,KT3A,SO1KT3A,8T9792T4,115/22/11,50,2002.0,2020-04-12,2020-05-25,37249,63613,619,60.0,232,57.0,1886,260,13.0,52.0,0.0,55.0,
SO2,KT2AA,SO2KT2AA,5BK014202,230/121/22,120/160/200,2010.0,2024-01-22,2024-02-03,14820,34490,182,41.0,111,17.0,106,15,3.0,8.0,106.0,42.0,
SO2,KT2AA,SO2KT2AA,5BK014202,230/121/22,120/160/200,2010.0,2022-11-20,2022-12-01,10476,63518,528,207.0,6276,1196.0,9624,1742,165.0,1814.0,72.0,48.0,
SO2,KT2AB,SO2KT2AB,5BK014202,230/121/22,120/160/200,2010.0,2022-11-20,2022-12-01,4985,65984,1640,387.0,12285,1843.0,13445,2759,251.0,557.0,17.0,48.0,
SO2,KT2AB,SO2KT2AB,5BK014202,230/121/22,120/160/200,2010.0,2024-01-22,2024-02-03,13560,35340,224,58.0,240,43.0,213,39,5.0,11.0,7.0,42.0,
SO2,KT2AC,SO2KT2AC,5BK014202,230/121/22,120/160/200,2010.0,2024-01-22,2024-02-02,22880,37250,208,47.0,293,27.0,204,38,5.0,14.0,9.0,42.0,
SO2,KT2AC,SO2KT2AC,5BK014202,230/121/22,120/160/200,2010.0,2022-11-20,2022-12-02,7082,54241,703,210.0,10191,2058.0,13343,3901,461.0,733.0,20.0,48.0,
SO2,KT3AA,SO2KT3AA,5BK014203,230/121/22,120/160/200,2010.0,2022-11-20,2022-12-02,23154,69957,554,138.0,3011,693.0,5405,1109,114.0,259.0,9.0,48.0,
SO2,KT3AA,SO2KT3AA,5BK014203,230/121/22,120/160/200,2010.0,2024-01-22,2024-02-02,23290,30170,297,41.0,119,29.0,138,26,17.0,208.0,23.0,42.0,
SO2,KT3AB,SO2KT3AB,5BK014203,230/121/22,120/160/200,2010.0,2024-01-22,2024-02-03,28640,38460,183,42.0,142,22.0,115,17,6.0,12.0,115.0,42.0,
SO2,KT3AB,SO2KT3AB,5BK014203,230/121/22,120/160/200,2010.0,2022-11-20,2022-12-02,7635,57751,782,229.0,8767,1612.0,11436,2498,261.0,523.0,17.0,48.0,
SO2,KT3AC,SO2KT3AC,5BK014203,230/121/22,120/160/200,2010.0,2024-01-22,2024-02-03,32370,40610,213,41.0,237,19.0,141,25,7.0,15.0,141.0,42.0,
SO2,KT3AC,SO2KT3AC,5BK014203,230/121/22,120/160/200,2010.0,2022-11-20,2022-12-02,3165,52684,824,208.0,17073,2584.0,15573,4687,612.0,697.0,22.0,48.0,
SR2,KT1A,SR2KT1A,573077,115/22,40,1998.0,2020-03-20,2020-03-21,3621,56636,3213,1190.0,13552,2822.0,23821,4274,551.0,695.0,123.0,62.0,
SR2,KT2AA,SR2KT2AA,GBK604201,230/115,300,2019.0,2024-01-14,2024-01-28,17330,28900,1384,153.0,15580,9508.0,34493,45216,11382.0,9232.0,276.0,45.0,
SR2,KT2AA,SR2KT2AA,GBK604201,230/115,300,2019.0,2023-09-28,2023-10-06,15480,62730,734,89.0,2250,135.0,920,381,79.0,131.0,0.0,53.0,
SR2,KT2AB,SR2KT2AB,GBK604201,230/115,300,2019.0,2024-01-14,2024-01-28,15220,25590,1244,121.0,16357,11759.0,23333,64803,15369.0,10450.0,314.0,45.0,
SR2,KT2AB,SR2KT2AB,GBK604201,230/115,300,2019.0,2023-09-28,2023-10-02,10460,19080,175,70.0,23792,7806.0,17760,43045,9878.0,3877.0,78.0,53.0,
SR2,KT2AC,SR2KT2AC,GBK604201,230/115,300,2019.0,2024-01-14,2024-02-09,18410,24270,827,93.0,14291,13323.0,19947,80760,19391.0,12623.0,369.0,45.0,
SR2,KT2AC,SR2KT2AC,GBK604201,230/115,300,2019.0,2023-09-28,2023-10-07,8710,17660,53,48.0,28528,9648.0,20609,55461,12785.0,4332.0,91.0,53.0,
SR2,KT3AA,SR2KT3AA,GBK604202,230/115,300,2019.0,2023-09-28,2023-10-06,14590,26390,82,74.0,17344,5825.0,25660,26205,6385.0,2477.0,56.0,50.0,
SR2,KT3AA,SR2KT3AA,GBK604202,230/115,300,2019.0,2024-01-14,2024-02-09,11900,27750,1135,197.0,19211,9770.0,46607,39659,8685.0,8962.0,8962.0,44.0,
SR2,KT3AB,SR2KT3AB,GBK604202,230/115,300,2019.0,2024-01-14,2024-02-09,12520,25190,1182,120.0,20347,11969.0,30928,60447,12732.0,6957.0,282.0,44.0,
SR2,KT3AB,SR2KT3AB,GBK604202,230/115,300,2019.0,2023-09-28,2023-10-07,3840,17480,118,56.0,24506,7184.0,39743,36777,7856.0,2608.0,59.0,50.0,
SR2,KT3AC,SR2KT3AC,GBK604202,230/115,300,2019.0,2024-01-14,2024-01-28,16170,23740,1080,84.0,15550,12277.0,20452,72893,15913.0,12511.0,327.0,44.0,
SR2,KT3AC,SR2KT3AC,GBK604202,230/115,300,2019.0,2023-09-28,2023-10-06,3110,11410,228,55.0,31141,9398.0,19179,50421,10473.0,3999.0,75.0,50.0,
SR2,KT4AA,SR2KT4AA,408030,230/115,300,2009.0,2023-09-28,2023-10-06,15250,36550,53,51.0,14727,6192.0,3417,17905,11134.0,2149.0,149.0,60.0,
SR2,KT4AA,SR2KT4AA,408030,230/115,300,2009.0,2024-03-18,2024-05-31,6758,35502,420,146.0,17878,3458.0,5493,15468,2131.0,1317.0,436.0,64.0,
SR2,KT4AB,SR2KT4AB,408030,230/115,300,2009.0,2024-03-18,2024-05-21,5607,32420,245,35.0,22730,5507.0,2682,24116,3272.0,723.0,20.0,64.0,
SR2,KT4AB,SR2KT4AB,408030,230/115,300,2009.0,2023-09-28,2023-10-05,16600,26060,31,32.0,13449,7453.0,1658,23046,16085.0,2135.0,219.0,60.0,
SR2,KT4AC,SR2KT4AC,408030,230/115,300,2009.0,2024-03-08,2024-05-31,6650,38137,310,36.0,17817,5365.0,3561,22567,3566.0,698.0,21.0,64.0,
SR2,KT4AC,SR2KT4AC,408030,230/115,300,2009.0,2023-09-28,2023-10-07,7410,20210,19,18.0,24894,11444.0,2515,28251,25106.0,2333.0,248.0,60.0,
SRT,KT1AA,SRTKT1AA,AV69090T11,230/121/33,,1999.0,2023-12-08,2024-01-27,15362,26906,518,104.0,88,17.0,84,27,3.0,20.0,1.0,59.0,
SRT,KT1AB,SRTKT1AB,AV69090T11,230/121/33,,1999.0,2023-12-08,2024-01-27,1398,22805,410,82.0,111,15.0,81,27,3.0,12.0,1.0,59.0,
SRT,KT1AC,SRTKT1AC,AV69090T11,230/121/33,,1999.0,2023-12-08,2024-01-27,9235,21941,478,102.0,204,18.0,124,36,4.0,10.0,1.0,59.0,
SRT,KT2AA,SRTKT2AA,AV69090T12,230/121/33,,1999.0,2023-12-08,2024-01-26,13762,24645,518,113.0,175,27.0,153,51,8.0,22.0,1.0,56.0,
SRT,KT2AB,SRTKT2AB,AV69090T12,230/121/33,,1999.0,2023-12-08,2024-01-26,17045,22928,394,81.0,130,31.0,104,179,52.0,38.0,3.0,56.0,
SRT,KT2AC,SRTKT2AC,AV69090T12,230/121/33,,1999.0,2023-12-08,2024-01-26,15802,22049,404,72.0,162,24.0,140,57,10.0,33.0,1.0,56.0,
SS,KT1A,SSKT1A,8P9098T1,115/22,50,,2022-11-22,2022-12-02,6357,37238,441,123.0,12210,5026.0,1559,51506,1031.0,5701.0,117.0,51.0,
SS,KT2A,SSKT2A,8P9098T2,115/22,50,,2022-11-22,2022-12-09,6413,42439,484,157.0,10360,4412.0,2411,53466,9245.0,4847.0,127.0,50.0,
STB,KT4AA,STBKT4AA,26769,230/69,200,,2023-11-23,2023-12-29,16154,40458,2053,267.0,9885,1040.0,4096,1530,89.0,278.0,14.0,56.0,
STB,KT4AB,STBKT4AB,26769,230/69,200,,2023-11-23,2023-12-29,21086,44987,2424,338.0,7887,982.0,3467,1378,78.0,284.0,15.0,56.0,
STB,KT4AC,STBKT4AC,26769,230/69,200,,2023-11-23,2023-12-29,22716,43095,2316,288.0,7210,1179.0,3601,3102,306.0,490.0,23.0,56.0,
SU2,KT1AA,SU2KT1AA,A1Z69040T4-1,230/121/22,200,,2024-02-18,2024-03-03,6463,48835,1812,105.0,723,643.0,77,606,36.0,166.0,0.0,0.0,
SU2,KT1AC,SU2KT1AC,A1Z69040T4-1,230/121/22,200,,2024-02-18,2024-03-03,5017,53301,954,73.0,699,575.0,67,721,61.0,164.0,0.0,49.0,
SUK,KT1A,SUKKT1A,T943037,115/34.5/11,50,2009.0,2020-07-18,2020-08-25,4575,53853,1494,342.0,8962,1121.0,9819,1659,106.0,23.0,0.0,52.0,
TH,KT1A,THKT1A,60492-003,115/22,31,,2022-11-21,2022-12-01,7135,29737,417,44.0,17315,5977.0,1390,44592,7739.0,3404.0,141.0,36.0,
TH,KT1A,THKT1A,60492-003,115/22,31,,2024-01-30,2024-03-02,9767,58400,728,122.0,71,25.0,210,189,26.0,7.0,0.0,46.0,
TH,KT2A,THKT2A,60547-001,115/22,25,1993.0,2024-01-30,2024-03-02,33672,57653,743,88.0,72,32.0,278,188,62.0,18.0,0.0,56.0,
TK2,KT1A,TK2KT1A,AN69001T31,115/69/22,25,,2020-10-19,2020-11-22,25091,62235,1155,31.0,19,1.0,0,2,1.0,4.0,1.0,55.0,
TK2,KT2A,TK2KT2A,AN69003T4-1,115/69/22,25,2005.0,2020-10-19,2020-11-22,18724,66746,1131,57.0,32,2.0,0,8,1.0,4.0,1.0,55.0,
TL3,KT1AA,TL3KT1AA,AQ69008T1-2,230/121/22,,2006.0,2023-09-21,2023-09-24,6542,23694,147,49.0,27439,9088.0,12756,55072,14950.0,3891.0,108.0,,
TL3,KT1AB,TL3KT1AB,AQ69008T1-2,230/121/22,,2006.0,2023-09-21,2023-09-25,6212,15158,164,52.0,26828,8275.0,12025,49912,12544.0,3747.0,97.0,,
TL3,KT1AC,TL3KT1AC,AQ69008T1-2,230/121/22,,2006.0,2023-09-21,2023-09-25,13761,20806,152,66.0,31254,9081.0,13435,53251,13216.0,3837.0,91.0,,
TL3,KT2AA,TL3KT2AA,5BK012702,230/121,,2004.0,2023-09-21,2023-09-25,8362,22445,140,66.0,22419,7833.0,4158,54109,11193.0,3659.0,169.0,,
TL3,KT2AB,TL3KT2AB,5BK012702,230/121,,2004.0,2023-09-21,2023-09-21,11504,27286,119,66.0,14398,5378.0,6773,36276,7771.0,3552.0,115.0,,
TL3,KT2AC,TL3KT2AC,5BK012702,230/121,,2004.0,2023-09-21,2023-09-24,8362,34638,194,99.0,16098,5186.0,8647,31473,6759.0,3464.0,99.0,,
TL3,KT3AA,TL3KT3AA,5BK012701,230/121/22,,2004.0,2024-03-17,2024-06-01,13702,47506,987,283.0,6667,2994.0,17584,5498,692.0,1159.0,124.0,67.0,
TL3,KT3AA,TL3KT3AA,5BK012701,230/121/22,,2004.0,2023-09-21,2023-09-24,11063,21528,103,61.0,17825,7017.0,3945,52169,10105.0,3553.0,154.0,,
TL3,KT3AB,TL3KT3AB,5BK012701,230/121/22,,2004.0,2024-03-17,2024-05-30,5507,44102,950,246.0,7917,2147.0,12688,4359,544.0,541.0,62.0,67.0,
TL3,KT3AB,TL3KT3AB,5BK012701,230/121/22,,2004.0,2023-09-21,2023-09-23,11622,25711,84,59.0,13748,5388.0,6659,37386,7716.0,3465.0,112.0,,
TL3,KT3AC,TL3KT3AC,5BK012701,230/121/22,200,2004.0,2023-09-21,2023-09-25,4215,32415,155,85.0,18210,5297.0,10583,34507,7147.0,3585.0,94.0,,
TL3,KT3AC,TL3KT3AC,5BK012701,230/121/22,200,2004.0,2024-03-17,2024-06-01,15362,47929,963,220.0,7432,3134.0,20594,5953,801.0,1224.0,126.0,67.0,
TL3,KT4AA,TL3KT4AA,A1E69002T3-2,230/121/22,200,2011.0,2023-09-21,2023-09-24,11375,27342,127,47.0,18752,6962.0,7043,45724,13630.0,3150.0,129.0,,
TL3,KT4AA,TL3KT4AA,A1E69002T3-2,230/121/22,200,2011.0,2024-03-17,2024-05-30,12357,45674,315,97.0,11257,748.0,3462,1498,216.0,95.0,0.0,60.0,
TL3,KT4AB,TL3KT4AB,A1E69002T3-2,230/121/22,200,2011.0,2023-09-21,2023-09-25,4105,16909,50,37.0,33068,8825.0,9559,54035,14672.0,3381.0,115.0,,
TL3,KT4AB,TL3KT4AB,A1E69002T3-2,230/121/22,200,2011.0,2024-03-17,2024-05-31,12802,49634,381,132.0,14768,1222.0,6471,2035,224.0,178.0,0.0,60.0,
TL3,KT4AC,TL3KT4AC,A1E69002T3-2,230/121/22,200,2011.0,2024-03-17,2024-05-30,13556,43643,370,141.0,16694,1405.0,7081,2232,261.0,208.0,0.0,60.0,
TM,KT1AA,TMKT1AA,840900018,115/22,30,1998.0,2023-10-08,2023-12-02,2894,41129,256,63.0,14198,1597.0,8237,8376,1869.0,1370.0,123.0,63.0,
TM,KT1AC,TMKT1AC,840900018,115/22,30,1998.0,2023-10-08,2023-12-02,7073,26347,496,122.0,13846,4145.0,2951,32930,6677.0,2132.0,137.0,63.0,
TM,KT2AA,TMKT2AA,60841-001,115/22,40,1999.0,2023-10-08,2023-12-09,17365,30714,938,231.0,9811,2532.0,11162,7872,1112.0,1344.0,39.0,53.0,
TM,KT2AC,TMKT2AC,60841-001,115/22,40,1999.0,2023-10-08,2023-12-02,12973,37816,954,213.0,13611,2194.0,13050,4418,468.0,931.0,26.0,53.0,
TPR,KT1AA,TPRKT1AA,GBK600002,230/121/22,300,2013.0,2023-11-12,2023-12-03,8170,24780,890,197.0,6016,5298.0,42323,27335,6079.0,4591.0,82.0,54.0,
TPR,KT1AA,TPRKT1AA,GBK600002,230/121/22,300,2013.0,2020-11-21,2020-12-04,4309,24660,826,233.0,32195,3440.0,20038,4038,294.0,0.0,0.0,62.0,
TPR,KT1AB,TPRKT1AB,GBK600002,230/121/22,300,2013.0,2023-11-12,2023-12-10,5070,20340,2036,167.0,21559,7085.0,41650,40406,8494.0,5049.0,93.0,54.0,
TPR,KT1AB,TPRKT1AB,GBK600002,230/121/22,300,2013.0,2020-11-21,2020-12-01,6025,27694,787,215.0,26886,3299.0,19636,4019,295.0,0.0,0.0,62.0,
TPR,KT1AC,TPRKT1AC,GBK600002,230/121/22,300,2013.0,2023-11-12,2023-12-01,3045,14310,3329,303.0,9314,7690.0,57951,45765,9943.0,23.0,86.0,54.0,
TPR,KT1AC,TPRKT1AC,GBK600002,230/121/22,300,2013.0,2020-11-21,2020-12-04,3161,36234,829,266.0,25918,2736.0,17011,3321,269.0,0.0,0.0,62.0,
TPR,KT3AA,TPRKT3AA,98900011,230/72.5,,,2023-11-12,2023-12-10,7440,9920,759,208.0,30569,5439.0,33717,5550,4456.0,3976.0,32.0,50.0,
TPR,KT3AB,TPRKT3AB,98900011,230/72.5,,,2023-11-12,2023-12-11,6010,18650,7664,88.0,3309,7417.0,48599,3560,8529.0,4665.0,51.0,50.0,
TPR,KT3AC,TPRKT3AC,98900011,230/72.5,,,2023-11-12,2023-12-11,2515,23450,2192,148.0,9137,5303.0,35571,9498,5210.0,2407.0,45.0,50.0,
TPR,KT4AA,TPRKT4AA,98900012,230/72.5,,,2023-11-12,2023-12-10,8780,14110,3516,126.0,4621,5704.0,39283,9085,4872.0,2086.0,37.0,50.0,
TPR,KT4AB,TPRKT4AB,98900012,230/72.5,,,2023-11-12,2023-12-11,8060,17780,7369,95.0,30031,6352.0,46734,24211,6882.0,4522.0,40.0,50.0,
TPR,KT4AC,TPRKT4AC,98900012,230/72.5,,,2023-11-12,2023-12-11,6820,15220,5726,52.0,28803,6382.0,51743,23603,5771.0,3560.0,37.0,50.0,
TS,KT2A,TSKT2A,9711291103,230/121/33,200,2013.0,2023-10-06,2023-11-21,38070,42290,4141,188.0,0,10.0,0,0,2.0,120.0,1.0,50.0,
TTK,KT1AA,TTKKT1AA,AE69040T1-1,500,200,,2019-05-18,2019-06-01,5080,35286,162,321.0,2799,371.0,758,348,16.0,54.0,0.0,62.0,
TTK,KT1AB,TTKKT1AB,AE69040T1-2,500,200,,2019-05-18,2019-06-03,4890,34788,268,299.0,2563,373.0,1657,356,44.0,46.0,0.0,60.0,
TTK,KT1AC,TTKKT1AC,AE69040T1-3,500,200,,2019-05-18,2019-06-02,2950,30196,148,331.0,3171,443.0,827,402,20.0,63.0,0.0,62.0,
TTK,KT2AA,TTKKT2AA,AE69040T2-1,525,200,,2019-05-18,2019-06-03,3605,33889,249,384.0,3784,739.0,2544,544,0.0,175.0,0.0,60.0,
TTK,KT2AB,TTKKT2AB,AE69040T2-2,525/242/22,200,,2019-05-18,2019-06-03,3117,30788,208,394.0,3544,755.0,2117,481,0.0,169.0,0.0,62.0,
TTK,KT2AC,TTKKT2AC,AE69040T2-3,525/242/22,200,,2019-05-18,2019-06-03,5740,34382,155,369.0,2451,759.0,1644,456,72.0,142.0,0.0,63.0,
TTK,KT3AA,TTKKT3AA,95768,500,200,,2020-11-14,2020-11-29,21877,63311,101,349.0,1220,492.0,182,372,66.0,0.0,0.0,,
TTK,KT3AA,TTKKT3AA,95768,500,200,,2019-05-18,2019-06-01,8231,36176,260,200.0,963,317.0,212,245,22.0,89.0,0.0,58.0,
TTK,KT3AB,TTKKT3AB,95769,500,200,,2020-11-14,2020-11-29,24213,62786,135,251.0,1006,500.0,128,323,63.0,0.0,0.0,,
TTK,KT3AB,TTKKT3AB,95769,500,200,,2019-05-18,2019-06-03,9611,30276,436,151.0,862,312.0,874,219,54.0,73.0,0.0,61.0,
TTK,KT3AC,TTKKT3AC,95770,500,200,,2020-11-14,2020-11-29,28122,63461,184,243.0,583,431.0,156,339,65.0,0.0,0.0,,
TTK,KT3AC,TTKKT3AC,95770,500,200,,2019-05-18,2019-06-03,6421,31602,418,119.0,466,241.0,1180,514,0.0,85.0,0.0,60.0,
TW,KT1AA,TWKT1AA,4710127,230/121/22,120/160/200,2019.0,2023-09-28,2023-10-07,4920,49480,77,83.0,406,232.0,1986,284,19.0,70.0,2.0,48.0,
TW,KT1AB,TWKT1AB,4710127,230/121/22,120/160/200,2019.0,2023-09-28,2023-10-06,8550,54440,143,141.0,6812,434.0,3247,434,24.0,80.0,3.0,48.0,
TW,KT1AC,TWKT1AC,4710127,230/121/22,120/160/200,2019.0,2023-09-28,2023-09-06,5140,52850,853,107.0,8003,457.0,3220,797,120.0,254.0,1.0,48.0,
TW,KT2AA,TWKT2AA,4710128,230/121/22,120/160/200,2019.0,2023-09-28,2023-10-06,17600,49890,85,86.0,5319,458.0,3109,538,32.0,79.0,3.0,47.0,
TW,KT2AB,TWKT2AB,4710128,230/121/22,120/160/200,2019.0,2023-09-28,2023-10-08,18150,55560,107,109.0,935,92.0,700,80,5.0,19.0,2.0,47.0,
TW,KT2AC,TWKT2AC,4710128,230/121/22,120/160/200,2019.0,2023-09-28,2023-10-07,34580,57200,91,95.0,385,92.0,544,94,33.0,22.0,2.0,47.0,
UB1,KT1A,UB1KT1A,890900053,115/22,50,2003.0,2022-11-21,2022-12-02,3684,46952,971,213.0,20054,4844.0,4105,25891,4543.0,2497.0,78.0,55.0,
UB1,KT2A,UB1KT2A,338025,115/22,50,,2022-11-21,2022-12-01,5589,32054,705,159.0,24917,8407.0,37231,47048,9394.0,5016.0,186.0,48.0,
UB2,KT1A,UB2KT1A,8R8199T1,115/22,50,,2022-11-21,2022-12-09,10642,39302,294,128.0,9451,2669.0,24865,8390,1969.0,1680.0,82.0,54.0,
UB2,KT2A,UB2KT2A,EDP011202,115/22/11,50,2011.0,2020-03-02,2020-03-30,15554,48135,311,99.0,7764,883.0,6873,867,46.0,148.0,6.0,36.0,
UB2,KT2A,UB2KT2A,EDP011202,115/22/11,50,2011.0,2022-11-21,2022-12-04,13356,55367,272,142.0,6531,1077.0,8799,1290,125.0,824.0,66.0,30.0,
UB2,KT3AA,UB2KT3AA,A1E69002T2,230/115/22,200,2011.0,2022-11-21,2022-12-09,7582,53974,485,169.0,9943,1056.0,9124,1145,83.0,229.0,6.0,42.0,
UB2,KT3AA,UB2KT3AA,A1E69002T2,230/115/22,200,2011.0,2024-02-04,2024-03-02,14255,38867,524,17.0,473,26.0,429,16,45.0,12.0,0.0,54.0,
UB2,KT3AB,UB2KT3AB,A1E69002T2,230/115/22,200,2011.0,2022-11-21,2022-12-01,8889,57981,467,217.0,7908,923.0,8028,944,66.0,330.0,10.0,42.0,
UB2,KT3AB,UB2KT3AB,A1E69002T2,230/115/22,200,2011.0,2024-03-04,2024-03-02,13554,38284,632,58.0,571,44.0,633,53,4.0,1.0,0.0,54.0,
UB2,KT3AC,UB2KT3AC,A1E69002T2,230/115/22,200,2011.0,2024-03-04,2024-03-02,13457,33989,622,99.0,654,48.0,708,54,24.0,5.0,1.0,54.0,
UB2,KT3AC,UB2KT3AC,A1E69002T2,230/115/22,200,2011.0,2022-11-21,2022-12-01,6687,61435,851,281.0,1107,1153.0,9812,1173,79.0,273.0,7.0,42.0,
UB2,KT4AA,UB2KT4AA,98900016,230/121/22,120/160/200,2012.0,2022-11-21,2022-12-08,6548,63751,384,178.0,1285,913.0,5028,1375,138.0,312.0,10.0,44.0,
UB2,KT4AB,UB2KT4AB,98900016,230/121/22,120/160/200,2012.0,2022-11-21,2022-12-08,6028,64219,361,169.0,1325,1342.0,6453,2060,195.0,315.0,10.0,44.0,
UB2,KT4AC,UB2KT4AC,98900016,230/121/22,120/160/200,2012.0,2022-11-21,2022-12-02,5498,60974,653,224.0,1179,1470.0,7284,2205,196.0,1914.0,240.0,44.0,
UD2,KT1A,UD2KT1A,52012,115/22,50,,2020-04-05,2020-05-10,29035,69410,682,57.0,262,99.0,2525,332,18.0,216.0,9.0,52.0,
VRK,KT3A,VRKKT3A,5A1592001,115/22,25,1990.0,2023-07-10,2023-07-13,14910,77570,1289,89.0,1401,85.0,1085,115,6.0,31.0,0.0,40.0,
VRK-P,KT1AA,VRK-PKT1AA,7212507001,220/115/22,66,1986.0,2023-11-25,2024-01-22,24390,48940,2382,321.0,296,85.0,771,212,15.0,1993.0,4.0,0.0,
VRK-P,KT1AB,VRK-PKT1AB,7212507001,220/115/22,66,1986.0,2023-11-25,2024-01-25,17160,48320,2658,374.0,492,77.0,731,138,7.0,384.0,5.0,0.0,
VRK-P,KT1AC,VRK-PKT1AC,7212507001,220/115/22,66,1986.0,2023-11-25,2024-01-25,15920,49880,3377,402.0,486,83.0,728,148,9.0,387.0,6.0,0.0,
VRK-P,KT2A,VRK-PKT2A,5A0178001,115/22,12.5,1984.0,2023-10-22,2023-12-01,6228,55540,2980,376.0,28,71.0,2451,38,26.0,17.0,22.0,,
WN,KT1AA,WNKT1AA,217841-04,525/242,250,2011.0,2022-07-10,2022-07-31,20694,70703,144,132.0,367,42.0,111,54,2.0,15.0,0.0,50.0,
WN,KT1AB,WNKT1AB,217841-02,525/242,250,2011.0,2022-07-10,2022-07-31,17225,60921,147,120.0,489,41.0,116,51,2.0,17.0,0.0,49.0,
WN,KT1AC,WNKT1AC,217841-05,525/242,250,2011.0,2022-07-10,2022-08-01,19443,69735,162,142.0,528,45.0,150,59,2.0,20.0,0.0,49.0,
WN,KT2AA,WNKT2AA,217841-03,525/242,250,2011.0,2022-07-10,2022-07-31,24096,76814,159,128.0,617,51.0,210,59,3.0,15.0,0.0,54.0,
WN,KT2AB,WNKT2AB,217841-01,525/242,250,2011.0,2022-07-10,2022-07-31,23992,69157,135,105.0,591,45.0,168,55,3.0,20.0,1.0,56.0,
WN,KT2AC,WNKT2AC,217841-06,525/242,250,2011.0,2022-07-10,2022-07-31,19302,68134,137,112.0,548,44.0,127,52,3.0,16.0,0.0,55.0,
YL1,KT1A,YL1KT1A,69001T21-2,115/33/11,25,1998.0,2023-10-16,2023-12-01,15893,49457,167,79.0,3321,882.0,5333,2704,267.0,931.0,34.0,47.0,
YL1,KT2A,YL1KT2A,AG69095T321,115/33/11,25,1997.0,2023-10-16,2023-12-02,21263,50327,141,76.0,2948,709.0,3271,1895,150.0,763.0,28.0,44.0,
YL1,KT3A,YL1KT3A,60494002,115/33/11,25,1993.0,2024-01-14,2024-04-05,2738,37754,4959,242.0,13432,3916.0,2464,16537,1630.0,1316.0,68.0,40.0,
YL1,KT3A,YL1KT3A,60494002,115/33/11,25,1993.0,2023-10-16,2023-12-01,4658,32338,4897,138.0,9395,1614.0,1395,8193,859.0,697.0,28.0,38.0,
YL2,KT1A,YL2KT1A,9711291101,230/121/33,200,1993.0,2023-10-15,2023-11-21,23751,37892,2886,312.0,6,11.0,0,1,2.0,1.0,1.0,50.0,
YL2,KT1A,YL2KT1A,9711291101,230/121/33,200,1993.0,2023-12-01,2024-01-07,19260,40070,1935,382.0,8,20.0,24,12,7.0,316.0,3.0,43.0,
YL2,KT2A,YL2KT2A,9711291102,230/121/33,200,1993.0,2023-10-15,2023-11-21,22953,38316,2884,332.0,5,11.0,1,1,1.0,7.0,1.0,49.0,
YL2,KT2A,YL2KT2A,9711291102,230/121/33,200,1993.0,2023-12-01,2024-01-07,17010,38960,1993,399.0,7,19.0,22,5,4.0,285.0,2.0,44.0,
YT,KT1A,YTKT1A,56037,115/22,50,2011.0,2020-03-10,2020-03-30,29685,61139,721,123.0,1640,367.0,7932,724,37.0,123.0,0.0,41.0,
YT,KT2A,YTKT2A,56038,115/22,50,2011.0,2020-03-10,2020-03-30,29521,59262,729,116.0,1113,230.0,5815,562,29.0,104.0,0.0,40.0,
YT,KT3AA,YTKT3AA,504006,230/121/22,200,2018.0,2020-03-10,2020-03-29,14381,28832,2756,125.0,486,50.0,165,21,0.0,0.0,0.0,61.0,
YT,KT4AA,YTKT4AA,9711290101,230/121/22,200,2012.0,2024-02-13,2024-03-03,21772,54410,2038,83.0,746,117.0,1138,212,7.0,142.0,0.0,74.0,
YT,KT4AB,YTKT4AB,9711290101,230/121/22,200,2012.0,2024-02-13,2024-03-21,35756,47176,2710,188.0,175,85.0,1801,387,20.0,208.0,7.0,74.0,
YT,KT4AC,YTKT4AC,9711290101,230/121/22,200,2012.0,2024-02-13,2024-03-20,16625,39576,763,96.0,26,38.0,928,229,12.0,149.0,5.0,74.0,
