LOC,NAME,CODETX,MFG,SER,KV,MVA,Year Test,Sample Day,Tested day,O2,N2,CO2,CO,H2,CH4,C2H2,C2H4,C2H6,C3H6,C3H8,TCG,TEMP,WATER,NB
AN,KT1A,ANKT1A,ABB,52013,115/22,50,2007.0,2020-05-25,2020-05-30,5405,55119,1851.0,202.0,10.0,16.0,0.0,2.0,1.0,2.0,1.0,234.0,47,10,
AN,KT1A,ANKT1A,ABB,52013,115/22,50,2007.0,2021-02-26,2021-05-20,16174,64807,684.0,121.0,14.0,10.0,0.0,2.0,2.0,2.0,1.0,152.0,46,38,
AN,KT1A,ANKT1A,ABB,52013,115/22,50,2007.0,2022-02-04,2022-02-19,10316,46537,1196.0,163.0,9.0,9.0,0.0,2.0,2.0,1.0,2.0,184.0,48,17,-
AN,KT1A,ANKT1A,ABB,52013,115/22,50,2007.0,2022-02-04,2022-02-19,6284,44223,2112.0,144.0,21.0,15.0,0.0,0.0,2.0,0.0,2.0,184.0,39,18,
AN,KT1A,ANKT1A,ABB,52013,115/22,50,2007.0,2023-02-03,2023-02-18,10547,46745,2075.0,243.0,13.0,15.0,0.0,3.0,3.0,3.0,2.0,282.0,45,6,
AN,KT1A,ANKT1A,ABB,52013,115/22,50,2007.0,2024-02-02,2024-03-08,5642,30749,2084.0,200.0,16.0,10.0,0.0,15.0,3.0,14.0,2.0,260.0,49,11,
AN,KT2A,ANKT2A,DAIHEN,EDP011904,115/22/11,50,2013.0,2020-02-28,2020-04-04,11354,68371,1004.0,617.0,27.0,4.0,0.0,2.0,2.0,0.0,3.0,655.0,49,15,
AN,KT2A,ANKT2A,DAIHEN,EDP011904,115/22/11,50,2013.0,2021-02-26,2021-05-21,14386,65964,854.0,544.0,42.0,7.0,0.0,8.0,2.0,6.0,3.0,612.0,50,29,
AN,KT2A,ANKT2A,DAIHEN,EDP011904,115/22/11,50,2013.0,2022-02-04,2022-02-18,10351,35195,755.0,158.0,4.0,2.0,0.0,2.0,0.0,2.0,0.0,735.0,49,26,-
AN,KT2A,ANKT2A,DAIHEN,EDP011904,115/22/11,50,2013.0,2022-02-04,2022-02-18,11005,70904,1439.0,684.0,40.0,3.0,0.0,2.0,1.0,3.0,2.0,735.0,43,16,
AN,KT2A,ANKT2A,DAIHEN,EDP011904,115/22/11,50,2013.0,2023-02-03,2023-02-16,10570,56560,1642.0,592.0,14.0,3.0,0.0,5.0,1.0,28.0,3.0,646.0,46,6,
AN,KT2A,ANKT2A,DAIHEN,EDP011904,115/22/11,50,2013.0,2024-02-02,2024-03-08,19766,47492,1625.0,641.0,17.0,8.0,0.0,12.0,2.0,4.0,5.0,689.0,50,10,
AP,KT1A,APKT1A,ASEA,28122,230/115/11,200,1989.0,2019-11-17,2019-12-14,16223,66531,3015.0,400.0,26.0,48.0,0.0,17.0,10.0,25.0,0.0,526.0,60,15,-
AP,KT1A,APKT1A,ASEA,28122,230/115/11,200,1989.0,2020-06-19,2020-07-05,7629,74966,4752.0,725.0,9.0,71.0,0.0,47.0,15.0,26.0,6.0,899.0,57,21,
AP,KT1A,APKT1A,ASEA,28122,230/115/11,200,1989.0,2021-01-25,2021-03-23,8180,89930,4752.0,750.0,18.0,102.0,0.0,0.0,15.0,0.0,9.0,894.0,50,23,
AP,KT1A,APKT1A,ASEA,28122,230/115/11,200,1989.0,2021-04-17,2021-06-12,12690,89900,4956.0,427.0,49.0,69.0,0.0,19.0,11.0,33.0,8.0,616.0,57,10,
AP,KT1A,APKT1A,ASEA,28122,230/115/11,200,1989.0,2022-07-01,2022-07-02,5484,64556,6394.0,794.0,15.0,36.0,0.0,46.0,26.0,8.0,2.0,927.0,69,8,
AP,KT1A,APKT1A,ASEA,28122,230/115/11,200,1989.0,2022-07-08,2022-07-14,8830,88250,6667.0,767.0,16.0,80.0,0.0,22.0,16.0,35.0,11.0,947.0,50,12,
AP,KT1A,APKT1A,ASEA,28122,230/115/11,200,1989.0,2023-03-19,2023-04-07,9300,75320,6685.0,751.0,9.0,87.0,0.0,24.0,16.0,35.0,12.0,934.0,54,19,
AP,KT1A,APKT1A,ASEA,28122,230/115/11,200,1989.0,2023-09-07,2023-10-10,13780,57890,6768.0,753.0,7.0,91.0,0.0,34.0,15.0,30.0,10.0,940.0,56,13,
AP,KT1A,APKT1A,ASEA,28122,230/115/11,200,1989.0,2024-05-30,2024-05-31,12370,44744,6539.0,658.0,13.0,79.0,0.0,48.0,11.0,26.0,8.0,843.0,53,12,
AP,KT2A,APKT2A,TOSHIBA,89900048,230/115/11,200,2005.0,2019-11-17,2019-12-14,20934,60881,3358.0,147.0,21.0,14.0,0.0,0.0,6.0,0.0,0.0,188.0,72,21,-
AP,KT2A,APKT2A,TOSHIBA,89900048,230/115/11,200,2005.0,2020-04-17,2021-06-12,42430,235790,5353.0,151.0,55.0,24.0,0.0,0.0,8.0,0.0,4.0,242.0,68,14,
AP,KT2A,APKT2A,TOSHIBA,89900048,230/115/11,200,2005.0,2020-06-19,2020-07-05,4008,43356,5767.0,330.0,41.0,21.0,0.0,0.0,0.0,4.0,4.0,400.0,70,18,
AP,KT2A,APKT2A,TOSHIBA,89900048,230/115/11,200,2005.0,2021-01-25,2021-03-21,7100,95970,6000.0,400.0,43.0,32.0,0.0,0.0,10.0,0.0,5.0,90.0,62,19,
AP,KT2A,APKT2A,TOSHIBA,89900048,230/115/11,200,2005.0,2022-07-08,2022-07-14,7330,68500,6078.0,418.0,58.0,32.0,0.0,0.0,12.0,6.0,7.0,533.0,70,21,
AP,KT2A,APKT2A,TOSHIBA,89900048,230/115/11,200,2005.0,2023-03-19,2023-04-07,8110,52980,6294.0,431.0,38.0,35.0,0.0,0.0,12.0,6.0,7.0,529.0,61,20,
AP,KT2A,APKT2A,TOSHIBA,89900048,230/115/11,200,2005.0,2023-09-07,2023-10-10,11910,43880,6431.0,438.0,41.0,40.0,0.0,1.0,12.0,6.0,7.0,545.0,65,21,
AP,KT3A,APKT3A,ABB,57031,115/22,50,2011.0,2019-11-17,2019-12-14,22472,63915,1003.0,282.0,17.0,1.0,0.0,0.0,0.0,0.0,0.0,300.0,46,9,-
AP,KT3A,APKT3A,ABB,57031,115/22,50,2011.0,2020-06-19,2020-07-05,13322,70115,1274.0,436.0,5.0,5.0,0.0,1.0,0.0,2.0,0.0,449.0,35,13,
AP,KT3A,APKT3A,ABB,57031,115/22,50,2011.0,2021-01-25,2021-03-26,20020,58380,0.0,160.0,31.0,0.0,0.0,0.0,1.0,4.0,0.0,196.0,48,14,
AP,KT3A,APKT3A,ABB,57031,115/22,50,2011.0,2023-03-19,2023-04-07,25570,68190,2341.0,279.0,5.0,2.0,0.0,0.0,0.0,2.0,0.0,288.0,49,9,
AP,KT4A,APKT4A,MITSUBISHI,573078,115/22,40,1999.0,2019-11-17,2019-12-14,11532,53926,2020.0,70.0,29.0,59.0,0.0,0.0,219.0,0.0,148.0,525.0,62,20,-
AP,KT4A,APKT4A,MITSUBISHI,573078,115/22,40,1999.0,2020-01-23,2020-01-23,3128,39156,3338.0,140.0,32.0,94.0,0.0,0.0,586.0,0.0,115.0,967.0,,18,research
AP,KT4A,APKT4A,MITSUBISHI,573078,115/22,40,1999.0,2020-02-10,2020-03-01,2513,37051,2740.0,112.0,44.0,82.0,0.0,0.0,261.0,0.0,170.0,669.0,58,17,
AP,KT4A,APKT4A,MITSUBISHI,573078,115/22,40,1999.0,2020-06-19,2020-07-05,4431,42556,2231.0,84.0,16.0,69.0,0.0,6.0,208.0,0.0,114.0,497.0,44,26,
AP,KT4A,APKT4A,MITSUBISHI,573078,115/22,40,1999.0,2021-01-25,2021-03-21,6420,50210,2300.0,90.0,33.0,70.0,0.0,0.0,166.0,17.0,126.0,502.0,57,17,
AP,KT4A,APKT4A,MITSUBISHI,573078,115/22,40,1999.0,2021-11-29,2021-12-03,6023,46054,3290.0,20.0,50.0,25.0,0.0,6.0,296.0,0.0,150.0,547.0,58,15,repeat
AP,KT4A,APKT4A,MITSUBISHI,573078,115/22,40,1999.0,2022-07-08,2022-07-14,3360,47950,3055.0,57.0,55.0,71.0,0.0,2.0,237.0,15.0,147.0,584.0,,17,
AP,KT4A,APKT4A,MITSUBISHI,573078,115/22,40,1999.0,2023-03-19,2023-04-07,7390,50440,4316.0,59.0,24.0,66.0,0.0,2.0,217.0,16.0,161.0,545.0,60,22,
AP,KT5A,APKT5A,EBG,145496,115/22,13,2007.0,2019-11-17,2019-12-14,10147,61062,3329.0,1066.0,25.0,4.0,0.0,0.0,0.0,0.0,0.0,1095.0,48,8,-
AP,KT5A,APKT5A,EBG,145496,115/22,13,2007.0,2020-06-19,2020-07-05,2934,61432,4065.0,1338.0,17.0,10.0,0.0,0.0,0.0,0.0,0.0,1365.0,60,11,
AP,KT5A,APKT5A,EBG,145496,115/22,13,2007.0,2021-01-25,2021-03-21,6570,79950,1400.0,20.0,25.0,15.0,0.0,0.0,2.0,56.0,3.0,121.0,40,13,
AP,KT5A,APKT5A,EBG,145496,115/22,13,2007.0,2022-07-08,2022-07-14,6600,69760,2652.0,648.0,31.0,4.0,0.0,0.0,2.0,6.0,3.0,694.0,42,11,
AP,KT5A,APKT5A,EBG,145496,115/22,13,2007.0,2023-03-19,2023-04-07,6830,60910,3874.0,764.0,24.0,5.0,0.0,0.0,2.0,7.0,4.0,806.0,42,10,
AP,KT6A,APKT6A,ABB,103710,230/115/22,200,2007.0,2019-11-17,2019-12-14,18887,51574,1895.0,221.0,29.0,6.0,0.0,0.0,0.0,0.0,0.0,256.0,62,23,-
AP,KT6A,APKT6A,ABB,103710,230/115/22,200,2007.0,2020-06-19,2020-07-05,6900,47305,3862.0,578.0,19.0,4.0,0.0,1.0,0.0,4.0,0.0,606.0,60,17,
AP,KT6A,APKT6A,ABB,103710,230/115/22,200,2007.0,2021-01-25,2021-03-21,12730,50620,4000.0,600.0,30.0,0.0,0.0,0.0,0.0,0.0,0.0,630.0,58,17,
AP,KT6A,APKT6A,ABB,103710,230/115/22,200,2007.0,2021-04-17,2021-06-12,13000,56000,4031.0,667.0,51.0,1.0,0.0,0.0,1.0,0.0,0.0,720.0,62,17,
AP,KT6A,APKT6A,ABB,103710,230/115/22,200,2007.0,2022-07-02,2022-07-07,7620,16180,140.0,2.0,1.0,0.0,0.0,0.0,0.0,0.0,0.0,3.0,,13,ทดสอบก่อนนำเข้าใช้งาน
AP,KT6A,APKT6A,ABB,103710,230/115/22,200,2007.0,2023-03-19,2023-04-07,10070,26000,3301.0,90.0,6.0,1.0,0.0,0.0,0.0,3.0,0.0,100.0,55,14,
AP,KT6A,APKT6A,ABB,103710,230/115/22,200,2007.0,2023-09-07,2023-10-10,15020,14340,3516.0,97.0,8.0,15.0,0.0,0.0,0.0,0.0,0.0,120.0,58,12,
AT1,KT10A,AT1KT10A,TOSHIBA,91900008,220/115/22,200,2005.0,2019-01-12,2019-03-08,11950,41445,3842.0,133.0,78.0,88.0,0.0,4.0,196.0,0.0,139.0,638.0,56,23,-
AT1,KT10A,AT1KT10A,TOSHIBA,91900008,220/115/22,200,2005.0,2020-01-23,2020-02-09,12500,45000,4474.0,146.0,27.0,44.0,0.0,0.0,150.0,0.0,153.0,520.0,59,16,
AT1,KT10A,AT1KT10A,TOSHIBA,91900008,220/115/22,200,2005.0,2021-01-23,2021-01-31,5840,80270,5212.0,90.0,62.0,80.0,0.0,0.0,173.0,85.0,136.0,626.0,56,16,
AT1,KT10A,AT1KT10A,TOSHIBA,91900008,220/115/22,200,2005.0,2022-02-18,2022-03-10,4517,39146,5411.0,137.0,66.0,74.0,0.0,5.0,240.0,0.0,136.0,658.0,54,12,
AT1,KT10A,AT1KT10A,TOSHIBA,91900008,220/115/22,200,2005.0,2022-07-29,2022-08-07,5344,38345,4502.0,125.0,56.0,51.0,0.0,6.0,212.0,0.0,115.0,565.0,56,18,
AT1,KT10A,AT1KT10A,TOSHIBA,91900008,220/115/22,200,2005.0,2023-02-25,2023-03-10,3164,42379,4727.0,122.0,42.0,69.0,0.0,2.0,162.0,2.0,121.0,520.0,55,14,
AT1,KT10A,AT1KT10A,TOSHIBA,91900008,220/115/22,200,2005.0,2023-07-13,2023-08-05,3140,62690,4291.0,122.0,43.0,70.0,0.0,1.0,163.0,2.0,126.0,527.0,55,16,
AT1,KT10A,AT1KT10A,TOSHIBA,91900008,220/115/22,200,2005.0,2024-01-26,2024-02-23,11399,48276,3435.0,106.0,29.0,72.0,0.0,7.0,356.0,14.0,177.0,761.0,50,12,
AT1,KT2AA,AT1KT2AA,ASEA,5899719,220/69/11,33,1980.0,2019-01-11,2019-03-08,9128,42526,6382.0,689.0,285.0,68.0,0.0,69.0,12.0,10.0,2.0,1135.0,50,24,-
AT1,KT2AA,AT1KT2AA,ASEA,5899719,220/69/11,33,1980.0,2020-01-23,2020-02-07,6127,30990,6400.0,650.0,421.0,70.0,0.0,42.0,6.0,11.0,5.0,1205.0,60,25,
AT1,KT2AB,AT1KT2AB,ASEA,5899717,220/69/11,33,1980.0,2019-01-11,2019-03-10,8253,41677,3200.0,225.0,131.0,49.0,0.0,22.0,12.0,4.0,5.0,448.0,54,25,-
AT1,KT2AB,AT1KT2AB,ASEA,5899717,220/69/11,33,1980.0,2020-01-23,2020-02-07,6820,70400,6786.0,610.0,272.0,114.0,0.0,20.0,22.0,32.0,14.0,1084.0,60,20,
AT1,KT2AC,AT1KT2AC,ASEA,5899718,220/69/11,33,1980.0,2019-01-11,2019-03-08,8128,4128,5067.0,332.0,250.0,96.0,0.0,26.0,24.0,0.0,0.0,728.0,36,25,-
AT1,KT2AC,AT1KT2AC,ASEA,5899718,220/69/11,33,1980.0,2020-01-23,2020-02-07,27320,41000,2675.0,112.0,38.0,49.0,0.0,30.0,35.0,15.0,0.0,279.0,41,20,
AT1,KT3A,AT1KT3A,MITSUBISHI,9711292101,230/115,200,2013.0,2022-02-18,2022-03-10,8707,27784,1439.0,221.0,18.0,4.0,0.0,0.0,1.0,1.0,1.0,246.0,60,8,
AT1,KT3A,AT1KT3A,MITSUBISHI,9711292101,230/115,200,2013.0,2022-07-29,2022-08-07,3921,24030,1717.0,280.0,15.0,0.0,0.0,0.0,3.0,0.0,0.0,298.0,61,11,
AT1,KT3A,AT1KT3A,MITSUBISHI,9711292101,230/115,200,2013.0,2023-02-26,2023-03-10,8352,36824,1782.0,286.0,6.0,3.0,0.0,1.0,2.0,0.0,1.0,299.0,62,12,
AT1,KT3A,AT1KT3A,MITSUBISHI,9711292101,230/115,200,2013.0,2023-07-13,2023-08-05,8040,23510,1806.0,284.0,7.0,14.0,0.0,0.0,2.0,12.0,1.0,320.0,0,8,
AT1,KT3A,AT1KT3A,MITSUBISHI,9711292101,230/115,200,2013.0,2024-01-26,2024-02-19,16534,47267,1630.0,275.0,8.0,6.0,0.0,0.0,5.0,1.0,7.0,302.0,56,15,
AT1,KT7A,AT1KT7A,TRAFO UNION,S 251385,230/115/11,200,1988.0,2019-01-12,2019-03-08,11268,52354,2807.0,486.0,57.0,18.0,0.0,0.0,15.0,0.0,18.0,594.0,57,19,-
AT1,KT7A,AT1KT7A,TRAFO UNION,S 251385,230/115/11,200,1988.0,2020-01-23,2020-02-09,12000,53000,1612.0,134.0,31.0,4.0,0.0,0.0,10.0,0.0,35.0,214.0,57,13,
AT1,KT7A,AT1KT7A,TRAFO UNION,S 251385,230/115/11,200,1988.0,2020-09-14,2020-09-22,6267,55897,1977.0,525.0,48.0,14.0,0.0,3.0,11.0,11.0,20.0,632.0,,11,research
AT1,KT7A,AT1KT7A,TRAFO UNION,S 251385,230/115/11,200,1988.0,2021-01-23,2021-02-01,6330,14597,4189.0,445.0,49.0,8.0,0.0,0.0,11.0,19.0,27.0,559.0,56,11,
AT1,KT7A,AT1KT7A,TRAFO UNION,S 251385,230/115/11,200,1988.0,2021-11-28,2021-12-03,5755,60771,5448.0,626.0,38.0,8.0,0.0,0.0,11.0,20.0,28.0,731.0,53,14,repeat
AT1,KT7A,AT1KT7A,TRAFO UNION,S 251385,230/115/11,200,1988.0,2022-02-18,2022-03-10,3912,74968,4506.0,825.0,38.0,25.0,0.0,7.0,12.0,12.0,20.0,939.0,59,9,
AT1,KT7A,AT1KT7A,TRAFO UNION,S 251385,230/115/11,200,1988.0,2022-07-29,2022-08-07,9028,62934,3585.0,648.0,35.0,0.0,0.0,2.0,14.0,4.0,8.0,711.0,56,18,
AT1,KT7A,AT1KT7A,TRAFO UNION,S 251385,230/115/11,200,1988.0,2023-02-25,2023-03-10,6884,75301,3861.0,701.0,28.0,7.0,0.0,1.0,8.0,0.0,8.0,753.0,55,13,
AT1,KT7A,AT1KT7A,TRAFO UNION,S 251385,230/115/11,200,1988.0,2023-07-13,2023-08-05,12540,52850,3552.0,700.0,20.0,22.0,0.0,1.0,8.0,20.0,22.0,793.0,55,16,
AT1,KT7A,AT1KT7A,TRAFO UNION,S 251385,230/115/11,200,1988.0,2024-01-26,2024-02-23,14815,53080,3506.0,668.0,5.0,8.0,0.0,1.0,5.0,15.0,14.0,716.0,54,14,
AT1,KT8A,AT1KT8A,MEIDENSHA,5F9907T1,115/69/22,25,1992.0,2019-01-11,2019-03-10,9174,41600,1049.0,67.0,43.0,17.0,0.0,4.0,43.0,0.0,33.0,207.0,44,22,-
AT2,KT1A,AT2KT1A,TRAFO UNION,8251593,220/115/22,200,1996.0,2019-02-15,2019-03-02,10672,41813,3455.0,160.0,18.0,85.0,0.0,2.0,237.0,0.0,175.0,677.0,65,18,-
AT2,KT1A,AT2KT1A,TRAFO UNION,8251593,220/115/22,200,1996.0,2020-02-08,2020-03-14,9322,67902,3159.0,103.0,10.0,69.0,0.0,0.0,221.0,0.0,109.0,512.0,60,14,
AT2,KT1A,AT2KT1A,TRAFO UNION,8251593,220/115/22,200,1996.0,2021-02-13,2021-04-26,4980,70000,2584.0,90.0,56.0,99.0,0.0,2.0,215.0,16.0,197.0,675.0,66,20,
AT2,KT1A,AT2KT1A,TRAFO UNION,8251593,220/115/22,200,1996.0,2022-02-19,2022-03-10,6196,60991,4596.0,153.0,26.0,53.0,0.0,5.0,275.0,0.0,165.0,677.0,67,12,
AT2,KT1A,AT2KT1A,TRAFO UNION,8251593,220/115/22,200,1996.0,2022-08-27,2022-09-03,2271,64379,4390.0,155.0,8.0,88.0,0.0,4.0,230.0,0.0,147.0,632.0,72,13,
AT2,KT1A,AT2KT1A,TRAFO UNION,8251593,220/115/22,200,1996.0,2023-01-29,2023-02-05,8751,72266,5000.0,216.0,53.0,109.0,0.0,8.0,262.0,0.0,169.0,817.0,70,11,สี 2.5
AT2,KT1A,AT2KT1A,TRAFO UNION,8251593,220/115/22,200,1996.0,2023-08-17,2023-09-02,11847,70514,2800.0,152.0,26.0,107.0,0.0,7.0,217.0,17.0,135.0,661.0,74,21,
AT2,KT1A,AT2KT1A,TRAFO UNION,8251593,220/115/22,200,1996.0,2023-11-18,2023-11-18,3025,71036,4616.0,220.0,57.0,126.0,0.0,61.0,306.0,0.0,155.0,925.0,48,20,Sampling point at bottom valve (Test after Tx. Diff)
AT2,KT1A,AT2KT1A,TRAFO UNION,8251593,220/115/22,200,1996.0,2023-11-18,2023-11-18,2597,70132,4734.0,224.0,59.0,126.0,0.0,12.0,304.0,0.0,146.0,871.0,48,9,Sampling point at middle valve (Test after Tx. Diff)
AT2,KT1A,AT2KT1A,TRAFO UNION,8251593,220/115/22,200,1996.0,2024-02-08,2024-02-24,14631,73139,6475.0,279.0,24.0,90.0,0.0,19.0,318.0,18.0,220.0,968.0,70,10,
AT2,KT3A,AT2KT3A,DAIHEN,5BK012301,230/115/22,200,2003.0,2019-02-25,2019-03-02,10453,41976,2502.0,195.0,69.0,77.0,0.0,9.0,100.0,0.0,50.0,500.0,58,16,-
AT2,KT3A,AT2KT3A,DAIHEN,5BK012301,230/115/22,200,2003.0,2020-02-08,2020-03-14,9231,75782,1989.0,101.0,10.0,55.0,0.0,0.0,90.0,0.0,34.0,290.0,60,14,
AT2,KT3A,AT2KT3A,DAIHEN,5BK012301,230/115/22,200,2003.0,2022-02-20,2022-03-10,3699,75384,5036.0,229.0,38.0,64.0,0.0,4.0,214.0,0.0,86.0,635.0,48,10,
AT2,KT3A,AT2KT3A,DAIHEN,5BK012301,230/115/22,200,2003.0,2022-08-27,2022-09-03,2312,88459,4451.0,217.0,11.0,114.0,0.0,3.0,197.0,0.0,93.0,635.0,60,22,
AT2,KT3A,AT2KT3A,DAIHEN,5BK012301,230/115/22,200,2003.0,2023-01-29,2023-02-05,12789,89921,4782.0,184.0,24.0,56.0,0.0,6.0,219.0,0.0,103.0,592.0,62,22,สี 2.5
AT2,KT3A,AT2KT3A,DAIHEN,5BK012301,230/115/22,200,2003.0,2023-08-17,2023-09-21,3405,73058,3189.0,159.0,109.0,140.0,0.0,4.0,193.0,9.0,83.0,697.0,66,21,
AT2,KT3A,AT2KT3A,DAIHEN,5BK012301,230/115/22,200,2003.0,2024-02-08,2024-02-24,8253,78838,6402.0,334.0,40.0,201.0,0.0,6.0,316.0,11.0,156.0,1064.0,60,11,
AT2,KT4A,AT2KT4A,MEIDEN,8T9670T4,115/22,50,2013.0,2019-02-15,2019-03-02,15440,41727,1669.0,712.0,7.0,6.0,0.0,0.0,0.0,0.0,0.0,725.0,57,9,-
AT2,KT4A,AT2KT4A,MEIDEN,8T9670T4,115/22,50,2013.0,2021-02-13,2021-04-27,17097,82417,3739.0,1666.0,10.0,7.0,0.0,7.0,4.0,2.0,3.0,1699.0,52,39,
AT2,KT4A,AT2KT4A,MEIDEN,8T9670T4,115/22,50,2013.0,2022-02-19,2022-03-10,5317,70625,4606.0,1797.0,5.0,16.0,0.0,7.0,3.0,2.0,2.0,1832.0,47,11,
AT2,KT4A,AT2KT4A,MEIDEN,8T9670T4,115/22,50,2013.0,2023-01-29,2023-02-05,9654,62498,3900.0,1690.0,8.0,11.0,0.0,7.0,0.0,0.0,0.0,1716.0,53,5,สี 2.5
AT2,KT4A,AT2KT4A,MEIDEN,8T9670T4,115/22,50,2013.0,2024-02-08,2024-02-24,17719,70326,5054.0,2139.0,2.0,7.0,0.0,12.0,8.0,4.0,10.0,2182.0,56,8,
AY1,KT1A,AY1KT1A,MEIDEN,8T9670T3,115/22,50,2013.0,2019-01-10,2019-03-09,9303,38169,1152.0,319.0,42.0,6.0,0.0,0.0,0.0,0.0,0.0,367.0,54,18,-
AY1,KT1A,AY1KT1A,MEIDEN,8T9670T3,115/22,50,2013.0,2021-01-25,2021-02-01,5420,30250,3718.0,859.0,40.0,4.0,0.0,0.0,2.0,0.0,1.0,906.0,50,6,
AY1,KT1A,AY1KT1A,MEIDEN,8T9670T3,115/22,50,2013.0,2022-01-17,2022-02-08,9860,66720,3778.0,767.0,4.0,4.0,0.0,1.0,2.0,0.0,2.0,780.0,48,11,
AY1,KT1A,AY1KT1A,MEIDEN,8T9670T3,115/22,50,2013.0,2023-02-10,2023-03-12,13803,57168,4057.0,842.0,7.0,9.0,0.0,8.0,8.0,0.0,0.0,874.0,54,13,
AY1,KT1A,AY1KT1A,MEIDEN,8T9670T3,115/22,50,2013.0,2024-01-26,2024-02-25,25908,68980,4250.0,872.0,14.0,9.0,0.0,10.0,10.0,3.0,2.0,920.0,57,6,
AY1,KT2A,AY1KT2A,MEIDENSHA,8T9669T4,115/22,50,2011.0,2019-03-24,2019-03-31,8363,39690,4811.0,846.0,3.0,33.0,0.0,0.0,10.0,0.0,0.0,892.0,53,11,-
AY1,KT2A,AY1KT2A,MEIDENSHA,8T9669T4,115/22,50,2011.0,2021-03-12,2021-05-11,9645,51990,3002.0,610.0,31.0,14.0,0.0,0.0,11.0,0.0,8.0,674.0,52,22,
AY1,KT2A,AY1KT2A,MEIDENSHA,8T9669T4,115/22,50,2011.0,2021-06-12,2021-09-05,28615,76951,559.0,13.0,17.0,29.0,0.0,4.0,0.0,0.0,0.0,63.0,61,8,
AY1,KT2A,AY1KT2A,MEIDENSHA,8T9669T4,115/22,50,2011.0,2022-05-21,2022-05-22,8100,14754,152.0,5.0,6.0,4.0,0.0,0.0,0.0,0.0,0.0,15.0,,10,ย้ายมาจาก  SN3-KT3A
AY1,KT2A,AY1KT2A,MEIDENSHA,8T9669T4,115/22,50,2011.0,2023-02-10,2023-03-12,13987,29441,1702.0,202.0,5.0,1.0,0.0,2.0,5.0,0.0,0.0,215.0,51,14,
AY1,KT2A,AY1KT2A,MEIDENSHA,8T9669T4,115/22,50,2011.0,2024-01-26,2024-03-04,15503,51632,845.0,57.0,1.0,3.0,0.0,1.0,1.0,5.0,2.0,70.0,53,5,
AY2,KT1A,AY2KT1A,MEIDEN,8N5450T4,115/22,50,2012.0,2022-02-28,2022-03-10,6579,46664,1358.0,314.0,4.0,3.0,0.0,1.0,3.0,0.0,6.0,331.0,48,5,
AY2,KT1A,AY2KT1A,MEIDEN,8N5450T4,115/22,50,2012.0,2024-01-25,2024-02-25,10192,66552,1577.0,354.0,7.0,9.0,0.0,2.0,6.0,0.0,3.0,381.0,52,4,
AY2,KT2A,AY2KT2A,MEIDEN,8N5451T1,115/22,50,2012.0,2022-02-28,2022-03-10,7373,48683,1085.0,251.0,5.0,3.0,0.0,1.0,2.0,0.0,4.0,266.0,46,7,
AY2,KT2A,AY2KT2A,MEIDEN,8N5451T1,115/22,50,2012.0,2024-01-25,2024-02-04,20720,73901,1687.0,911.0,3.0,1.0,0.0,2.0,7.0,1.0,2.0,927.0,50,5,
AY2,KT3A,AY2KT3A,MITSUBISHI,558031,115/69/11,40,1986.0,2022-02-28,2022-03-10,2606,48634,1203.0,79.0,52.0,22.0,0.0,15.0,54.0,12.0,31.0,265.0,45,15,ย้ายมาจาก TK2-KT3A
AY2,KT3A,AY2KT3A,MITSUBISHI,558031,115/69/11,40,1986.0,2024-01-25,2024-03-02,13629,70854,1582.0,89.0,5.0,44.0,0.0,61.0,82.0,45.0,50.0,376.0,49,14,
BB,KT1A,BBKT1A,MEIDENSHA,5J8645T2,230/115/11,100,1991.0,2019-12-08,2019-12-16,8942,37042,1427.0,140.0,10.0,6.0,0.0,0.0,13.0,0.0,0.0,169.0,38,6,-
BB,KT1A,BBKT1A,MEIDENSHA,5J8645T2,230/115/11,100,1991.0,2020-07-26,2020-08-22,6105,50207,882.0,53.0,28.0,8.0,0.0,0.0,17.0,1.0,10.0,117.0,39,18,
BB,KT1A,BBKT1A,MEIDENSHA,5J8645T2,230/115/11,100,1991.0,2020-12-27,2021-01-11,5175,53845,1087.0,101.0,20.0,19.0,0.0,0.0,26.0,4.0,17.0,187.0,27,13,
BB,KT1A,BBKT1A,MEIDENSHA,5J8645T2,230/115/11,100,1991.0,2021-07-17,2021-10-09,5895,38084,1211.0,134.0,14.0,11.0,0.0,0.0,38.0,0.0,0.0,197.0,38,23,
BB,KT1A,BBKT1A,MEIDENSHA,5J8645T2,230/115/11,100,1991.0,2021-12-11,2022-01-06,5250,50770,1518.0,154.0,13.0,18.0,0.0,0.0,30.0,5.0,19.0,239.0,40,15,
BB,KT1A,BBKT1A,MEIDENSHA,5J8645T2,230/115/11,100,1991.0,2022-07-30,2022-08-04,2505,66419,1431.0,143.0,4.0,18.0,0.0,3.0,44.0,2.0,23.0,237.0,38,10,
BB,KT1A,BBKT1A,MEIDENSHA,5J8645T2,230/115/11,100,1991.0,2023-01-22,2023-01-27,16065,53247,1017.0,117.0,10.0,6.0,0.0,3.0,27.0,9.0,10.0,182.0,29,8,สีเบอร์ 2 .
BB,KT1A,BBKT1A,MEIDENSHA,5J8645T2,230/115/11,100,1991.0,2023-07-20,2023-08-06,29770,53480,1215.0,128.0,8.0,8.0,0.0,14.0,17.0,8.0,18.0,201.0,40,11,
BB,KT1A,BBKT1A,MEIDENSHA,5J8645T2,230/115/11,100,1991.0,2024-01-18,2024-01-30,36560,57820,1254.0,149.0,6.0,6.0,0.0,19.0,18.0,13.0,23.0,234.0,40,6,
BB,KT2A,BBKT2A,OSAKA,3A431001,115/22,13,,2019-07-19,2019-08-18,4388,21315,1051.0,52.0,9.0,5.0,0.0,0.0,11.0,0.0,0.0,77.0,50,22,-
BB,KT2A,BBKT2A,OSAKA,3A431001,115/22,13,,2020-02-08,2020-05-09,6776,39516,645.0,54.0,2.0,3.0,0.0,1.0,3.0,1.0,3.0,67.0,35,30,research
BB,KT2A,BBKT2A,OSAKA,3A431001,115/22,13,,2020-12-27,2021-01-12,4499,38522,1177.0,61.0,22.0,9.0,0.0,0.0,5.0,1.0,4.0,102.0,33,19,
BB,KT2A,BBKT2A,OSAKA,3A431001,115/22,13,,2021-12-11,2022-01-06,4267,24212,833.0,79.0,6.0,0.0,0.0,0.0,25.0,0.0,0.0,110.0,31,13,
BB,KT2A,BBKT2A,OSAKA,3A431001,115/22,13,,2023-01-22,2023-01-27,6596,23958,992.0,81.0,8.0,8.0,0.0,0.0,11.0,9.0,8.0,125.0,32,10,สีเบอร์ 1.
BB,KT3A,BBKT3A,OSAKA,3A430001,115/22,13,,2021-12-11,2022-01-06,6400,25560,837.0,72.0,5.0,6.0,0.0,0.0,6.0,2.0,8.0,99.0,38,16,
BB,KT3A,BBKT3A,OSAKA,3A430001,115/22,13,,2023-01-22,2023-01-27,8556,25584,1063.0,94.0,8.0,2.0,0.0,0.0,5.0,0.0,0.0,109.0,30,11,สีเบอร์ 2
BB,KT4A,BBKT4A,MEIDENSHA,5J8645T1,230/115/11,100,1991.0,2019-12-08,2019-12-16,5124,38719,1100.0,107.0,20.0,14.0,0.0,0.0,22.0,0.0,11.0,174.0,44,7,-
BB,KT4A,BBKT4A,MEIDENSHA,5J8645T1,230/115/11,100,1991.0,2020-07-26,2020-08-22,5524,35107,616.0,34.0,23.0,6.0,0.0,0.0,15.0,2.0,9.0,89.0,43,8,
BB,KT4A,BBKT4A,MEIDENSHA,5J8645T1,230/115/11,100,1991.0,2020-12-27,2021-01-12,6410,41956,1459.0,62.0,23.0,11.0,0.0,0.0,16.0,2.0,12.0,126.0,32,12,
BB,KT4A,BBKT4A,MEIDENSHA,5J8645T1,230/115/11,100,1991.0,2021-07-17,2021-10-09,3839,23020,921.0,85.0,9.0,6.0,0.0,0.0,25.0,0.0,0.0,125.0,44,20,
BB,KT4A,BBKT4A,MEIDENSHA,5J8645T1,230/115/11,100,1991.0,2021-12-11,2022-01-06,8160,36870,881.0,76.0,5.0,8.0,0.0,0.0,14.0,4.0,13.0,120.0,46,11,
BB,KT4A,BBKT4A,MEIDENSHA,5J8645T1,230/115/11,100,1991.0,2022-07-30,2022-08-04,1773,20084,911.0,87.0,3.0,8.0,0.0,1.0,23.0,0.0,14.0,136.0,43,8,
BB,KT4A,BBKT4A,MEIDENSHA,5J8645T1,230/115/11,100,1991.0,2023-01-22,2023-01-27,2615,20113,1031.0,106.0,29.0,12.0,0.0,2.0,26.0,0.0,16.0,191.0,34,10,สีเบอร์ 2 .
BB,KT4A,BBKT4A,MEIDENSHA,5J8645T1,230/115/11,100,1991.0,2023-07-20,2023-08-07,13587,34751,1080.0,113.0,13.0,12.0,0.0,1.0,21.0,2.0,13.0,175.0,47,8,
BB,KT4A,BBKT4A,MEIDENSHA,5J8645T1,230/115/11,100,1991.0,2024-01-18,2024-01-30,32760,60150,1007.0,101.0,8.0,17.0,0.0,4.0,31.0,8.0,23.0,192.0,47,9,
BBG,KT2A,BBGKT2A,MEIDEN,8T9670T2,115/22,50,2011.0,2019-11-15,2019-11-30,13960,66913,3798.0,743.0,6.0,20.0,0.0,11.0,15.0,0.0,0.0,795.0,75,8,-
BBG,KT2A,BBGKT2A,MEIDEN,8T9670T2,115/22,50,2011.0,2022-04-08,2022-04-22,3232,51994,3503.0,568.0,3.0,2.0,0.0,4.0,5.0,8.0,3.0,593.0,71,10,
BBG,KT2A,BBGKT2A,MEIDEN,8T9670T2,115/22,50,2011.0,2022-10-22,2022-10-29,12302,50038,3327.0,521.0,6.0,1.0,0.0,3.0,5.0,3.0,5.0,544.0,65,13,
BBG,KT2A,BBGKT2A,MEIDEN,8T9670T2,115/22,50,2011.0,2023-05-21,2023-05-26,8030,61050,3451.0,542.0,2.0,25.0,0.0,3.0,4.0,0.0,3.0,579.0,56,5,
BBG,KT2A,BBGKT2A,MEIDEN,8T9670T2,115/22,50,2011.0,2024-03-09,2024-04-09,15049,59140,3729.0,622.0,8.0,15.0,0.0,10.0,7.0,4.0,5.0,671.0,60,7,
BBG,KT3A,BBGKT3A,MEIDEN,8T9670T1,115/22,50,2011.0,2019-11-15,2019-11-30,8823,66047,4508.0,1086.0,7.0,14.0,0.0,0.0,9.0,0.0,0.0,1116.0,62,11,-
BBG,KT3A,BBGKT3A,MEIDEN,8T9670T1,115/22,50,2011.0,2022-04-08,2022-04-21,11795,69152,5102.0,876.0,4.0,7.0,0.0,0.0,3.0,0.0,2.0,892.0,68,9,
BBG,KT3A,BBGKT3A,MEIDEN,8T9670T1,115/22,50,2011.0,2022-10-22,2022-10-29,11873,63094,4720.0,902.0,7.0,1.0,0.0,6.0,7.0,3.0,2.0,928.0,60,10,
BBG,KT3A,BBGKT3A,MEIDEN,8T9670T1,115/22,50,2011.0,2023-05-21,2023-05-26,10100,69730,4904.0,983.0,2.0,30.0,0.0,3.0,4.0,4.0,0.0,1026.0,54,6,
BBG,KT3A,BBGKT3A,MEIDEN,8T9670T1,115/22,50,2011.0,2024-03-09,2024-04-09,18760,84036,3288.0,829.0,23.0,20.0,0.0,8.0,5.0,4.0,3.0,892.0,60,15,
BDN,KT1A,BDNKT1A,MEIDEN,8P8745T1,115/33/11,50,2004.0,2019-11-01,2019-12-26,9470,69300,3766.0,168.0,32.0,112.0,0.0,0.0,366.0,0.0,232.0,910.0,29,18,-
BDN,KT1A,BDNKT1A,MEIDEN,8P8745T1,115/33/11,50,2004.0,2020-10-31,2020-11-29,12083,64952,3954.0,172.0,22.0,213.0,0.0,0.0,388.0,0.0,245.0,1040.0,60,32,
BDN,KT1A,BDNKT1A,MEIDEN,8P8745T1,115/33/11,50,2004.0,2021-10-31,2021-11-23,4220,27070,3233.0,85.0,3.0,30.0,0.0,0.0,119.0,15.0,122.0,374.0,56,9,
BDN,KT1A,BDNKT1A,MEIDEN,8P8745T1,115/33/11,50,2004.0,2022-12-08,2023-01-13,2810,35500,2682.0,99.0,3.0,47.0,0.0,0.0,153.0,13.0,143.0,458.0,69,9,
BDN,KT1A,BDNKT1A,MEIDEN,8P8745T1,115/33/11,50,2004.0,2023-11-19,2024-01-25,8203,44426,2680.0,127.0,18.0,60.0,0.0,3.0,232.0,6.0,119.0,565.0,48,15,
BDN,KT2A,BDNKT2A,MEIDEN,8P8745T2,115/33/11,50,2004.0,2019-11-01,2019-12-26,21000,61020,2281.0,58.0,30.0,44.0,0.0,0.0,214.0,0.0,181.0,527.0,58,18,-
BDN,KT2A,BDNKT2A,MEIDEN,8P8745T2,115/33/11,50,2004.0,2020-10-31,2020-11-29,16164,69507,3186.0,74.0,23.0,64.0,0.0,0.0,248.0,0.0,201.0,610.0,65,11,
BDN,KT2A,BDNKT2A,MEIDEN,8P8745T2,115/33/11,50,2004.0,2021-11-12,2021-11-23,2390,36420,4198.0,144.0,8.0,88.0,0.0,0.0,313.0,30.0,209.0,792.0,56,11,
BDN,KT2A,BDNKT2A,MEIDEN,8P8745T2,115/33/11,50,2004.0,2022-12-08,2023-01-13,11941,54573,5963.0,184.0,8.0,98.0,0.0,1.0,384.0,9.0,211.0,895.0,52,12,
BDN,KT2A,BDNKT2A,MEIDEN,8P8745T2,115/33/11,50,2004.0,2023-11-19,2024-01-23,5793,46627,4429.0,164.0,15.0,75.0,0.0,4.0,302.0,13.0,152.0,725.0,55,21,
BGS,KT1A,BGSKT1A,MEIDEN,8R8404T1,115/22,50,2007.0,2019-09-15,2019-09-21,15794,42214,1581.0,163.0,19.0,66.0,0.0,0.0,281.0,0.0,244.0,773.0,67,10,-
BGS,KT1A,BGSKT1A,MEIDEN,8R8404T1,115/22,50,2007.0,2021-01-22,2021-02-13,17582,53798,1372.0,160.0,25.0,54.0,0.0,0.0,238.0,0.0,209.0,686.0,64,13,
BGS,KT1A,BGSKT1A,MEIDEN,8R8404T1,115/22,50,2007.0,2021-10-18,2021-11-17,6098,43642,2781.0,215.0,21.0,95.0,0.0,1.0,315.0,0.0,313.0,960.0,61,10,
BGS,KT1A,BGSKT1A,MEIDEN,8R8404T1,115/22,50,2007.0,2023-03-03,2023-03-12,2467,58273,1889.0,242.0,21.0,121.0,0.0,4.0,394.0,3.0,314.0,1099.0,34,10,
BGS,KT1A,BGSKT1A,MEIDEN,8R8404T1,115/22,50,2007.0,2024-02-02,2024-02-24,13020,42400,1963.0,256.0,16.0,177.0,0.0,6.0,553.0,56.0,441.0,1505.0,62,9,
BI1,KT1A,BI1KT1A,MEIDEN,8P9087T1,115/22,50,2004.0,2019-03-14,2019-03-30,6662,36789,2152.0,94.0,28.0,67.0,0.0,0.0,222.0,0.0,83.0,494.0,60,11,-
BI1,KT1A,BI1KT1A,MEIDEN,8P9087T1,115/22,50,2004.0,2021-02-12,2021-04-02,9970,40000,2250.0,96.0,29.0,70.0,0.0,0.0,180.0,0.0,89.0,464.0,53,19,
BI1,KT1A,BI1KT1A,MEIDEN,8P9087T1,115/22,50,2004.0,2022-03-18,2022-04-01,6865,47128,2459.0,84.0,9.0,113.0,0.0,4.0,298.0,0.0,128.0,636.0,55,10,
BI1,KT1A,BI1KT1A,MEIDEN,8P9087T1,115/22,50,2004.0,2023-03-24,2023-04-01,6070,50410,4660.0,104.0,14.0,88.0,0.0,2.0,260.0,7.0,150.0,625.0,54,10,หม้อแปลงไม่ได้ใช้งาน วัดทางไฟฟ้าผิดปกติ
BI1,KT2A,BI1KT2A,MEIDEN,8P9090T1,115/22,50,2004.0,2019-03-14,2019-04-01,6713,35695,1541.0,137.0,11.0,19.0,0.0,0.0,9.0,0.0,0.0,176.0,59,10,-
BI1,KT2A,BI1KT2A,MEIDEN,8P9090T1,115/22,50,2004.0,2021-02-12,2021-04-26,9790,47330,805.0,130.0,30.0,45.0,0.0,0.0,14.0,0.0,21.0,240.0,58,13,
BI1,KT2A,BI1KT2A,MEIDEN,8P9090T1,115/22,50,2004.0,2022-03-18,2022-04-01,6782,32985,1644.0,263.0,2.0,85.0,0.0,2.0,25.0,3.0,17.0,397.0,57,10,
BI1,KT2A,BI1KT2A,MEIDEN,8P9090T1,115/22,50,2004.0,2023-03-24,2023-04-03,2060,39470,3544.0,239.0,4.0,55.0,0.0,1.0,22.0,7.0,12.0,340.0,58,11,
BI1,KT2A,BI1KT2A,MEIDEN,8P9090T1,115/22,50,2004.0,2024-03-15,2024-04-19,8483,51603,1684.0,237.0,21.0,70.0,0.0,4.0,28.0,5.0,18.0,383.0,54,10,
BI2,KT1A,BI2KT1A,FUJI,AQ69008T1-1,230/115/22,200,2007.0,2019-03-14,2019-03-30,7662,46789,2512.0,134.0,8.0,37.0,0.0,0.0,212.0,0.0,87.0,478.0,71,13,-
BI2,KT1A,BI2KT1A,FUJI,AQ69008T1-1,230/115/22,200,2007.0,2020-03-21,2020-04-04,5990,50000,1636.0,105.0,90.0,89.0,0.0,0.0,303.0,155.0,217.0,959.0,62,18,
BI2,KT1A,BI2KT1A,FUJI,AQ69008T1-1,230/115/22,200,2007.0,2021-03-20,2021-05-09,5476,53744,1585.0,87.0,57.0,67.0,0.0,2.0,206.0,0.0,190.0,609.0,60,19,
BI2,KT1A,BI2KT1A,FUJI,AQ69008T1-1,230/115/22,200,2007.0,2022-04-29,2022-05-08,4385,94293,2892.0,81.0,52.0,58.0,0.0,1.0,229.0,0.0,170.0,591.0,61,7,
BI2,KT1A,BI2KT1A,FUJI,AQ69008T1-1,230/115/22,200,2007.0,2022-09-09,2022-10-02,2265,60853,1509.0,80.0,61.0,60.0,0.0,2.0,201.0,0.0,148.0,552.0,63,14,
BI2,KT1A,BI2KT1A,FUJI,AQ69008T1-1,230/115/22,200,2007.0,2023-01-23,2023-01-23,1710,60880,1632.0,52.0,26.0,45.0,0.0,1.0,180.0,105.0,148.0,557.0,38,8,
BI2,KT1A,BI2KT1A,FUJI,AQ69008T1-1,230/115/22,200,2007.0,2023-03-25,2023-04-03,2220,40040,1590.0,46.0,13.0,34.0,0.0,0.0,147.0,109.0,135.0,484.0,64,12,
BI2,KT1A,BI2KT1A,FUJI,AQ69008T1-1,230/115/22,200,2007.0,2023-10-15,2023-12-14,8971,60962,2941.0,71.0,14.0,52.0,0.0,7.0,251.0,1.0,155.0,551.0,62,18,
BI2,KT1A,BI2KT1A,FUJI,AQ69008T1-1,230/115/22,200,2007.0,2024-03-23,2024-04-20,12615,62306,2049.0,71.0,16.0,40.0,0.0,8.0,217.0,3.0,126.0,481.0,62,17,
BI2,KT2A,BI2KT2A,MITSUBISHI,9711290105,230/121/21,200,2012.0,2020-11-03,2020-11-21,4090,50460,1954.0,108.0,16.0,19.0,0.0,0.0,9.0,0.0,7.0,159.0,61,11,
BI2,KT2A,BI2KT2A,MITSUBISHI,9711290105,230/121/21,200,2012.0,2022-02-07,2022-03-18,13348,76411,889.0,4.0,1.0,1.0,0.0,0.0,3.0,0.0,6.0,15.0,,8,
BI2,KT2A,BI2KT2A,MITSUBISHI,9711290105,230/121/21,200,2012.0,2023-02-11,2023-02-25,32271,73110,1337.0,82.0,13.0,5.0,0.0,0.0,6.0,0.0,7.0,113.0,32,21,
BI2,KT2A,BI2KT2A,MITSUBISHI,9711290105,230/121/21,200,2012.0,2023-05-16,2023-05-21,6973,17506,43.0,2.0,0.0,2.0,0.0,6.0,1.0,6.0,1.0,18.0,36,14,ย้ายมาจากโรงไฟฟ้าลานกระบือ-KG11B (ทดสอบก่อนจ่ายไฟ)
BI2,KT2A,BI2KT2A,MITSUBISHI,9711290105,230/121/21,200,2012.0,2023-10-15,2023-12-14,7179,24258,3349.0,188.0,3.0,3.0,0.0,1.0,2.0,0.0,1.0,198.0,64,13,
BI2,KT2A,BI2KT2A,MITSUBISHI,9711290105,230/121/21,200,2012.0,2024-03-23,2024-04-20,2732,27559,2782.0,181.0,7.0,3.0,0.0,0.0,3.0,0.0,0.0,194.0,60,18,
BI2,KT2A,BI2KT2A,MITSUBISHI,9711290105,230/121/21,200,2012.0,2024-05-14,2024-05-18,12890,23974,149.0,8.0,0.0,0.0,0.0,0.0,0.0,0.0,0.0,8.0,30,5,ก่อนทดสอบ HIGH VOLTAGE
BI2,KT2A,BI2KT2A,MITSUBISHI,9711290105,230/121/21,200,2012.0,2024-05-25,2024-05-26,13058,30030,172.0,7.0,0.0,0.0,0.0,0.0,0.0,6.0,1.0,14.0,0,9,หลังทดสอบ HIGH VOLTAGE
BI2,KT3A,BI2KT3A,ABB,103730,230/115/22,200,2008.0,2019-03-14,2019-04-01,6500,48244,6872.0,1007.0,18.0,77.0,0.0,58.0,39.0,10.0,9.0,1218.0,61,15,-
BI2,KT3A,BI2KT3A,ABB,103730,230/115/22,200,2008.0,2020-03-21,2020-04-04,4600,6967,2033.0,608.0,65.0,183.0,0.0,41.0,63.0,263.0,25.0,1248.0,60,8,
BI2,KT3A,BI2KT3A,ABB,103730,230/115/22,200,2008.0,2021-03-20,2021-05-09,5783,54144,3010.0,472.0,36.0,164.0,0.0,40.0,58.0,17.0,50.0,837.0,58,11,
BI2,KT3A,BI2KT3A,ABB,103730,230/115/22,200,2008.0,2022-03-16,2022-04-01,16391,79315,4085.0,376.0,5.0,155.0,0.0,49.0,47.0,69.0,12.0,713.0,56,11,
BI2,KT3A,BI2KT3A,ABB,103730,230/115/22,200,2008.0,2022-09-09,2022-10-02,3328,80704,3431.0,518.0,19.0,170.0,0.0,51.0,47.0,77.0,15.0,897.0,56,16,
BI2,KT3A,BI2KT3A,ABB,103730,230/115/22,200,2008.0,2023-01-23,2023-01-23,9252,75485,7788.0,1110.0,26.0,122.0,0.0,59.0,54.0,73.0,18.0,1462.0,40,6,
BI2,KT3A,BI2KT3A,ABB,103730,230/115/22,200,2008.0,2023-03-25,2023-04-03,4190,73470,6346.0,874.0,35.0,141.0,0.0,34.0,48.0,17.0,20.0,1169.0,60,9,
BI2,KT3A,BI2KT3A,ABB,103730,230/115/22,200,2008.0,2023-10-15,2023-12-14,15493,75449,9461.0,892.0,45.0,159.0,0.0,38.0,62.0,72.0,18.0,1286.0,58,17,
BI2,KT3A,BI2KT3A,ABB,103730,230/115/22,200,2008.0,2024-03-23,2024-04-20,9339,54566,6618.0,876.0,24.0,86.0,0.0,49.0,51.0,53.0,5.0,1144.0,60,20,
BI2,KT4A,BI2KT4A,DAIHEN,5BK014001,230,200,2011.0,2019-03-14,2019-03-30,8310,36018,2585.0,146.0,15.0,27.0,0.0,0.0,66.0,0.0,25.0,279.0,74,14,-
BI2,KT4A,BI2KT4A,DAIHEN,5BK014001,230,200,2011.0,2020-03-21,2020-04-04,5980,51370,1628.0,108.0,79.0,59.0,0.0,0.0,123.0,15.0,79.0,463.0,70,15,
BI2,KT4A,BI2KT4A,DAIHEN,5BK014001,230,200,2011.0,2021-03-20,2021-05-09,7869,51304,1895.0,115.0,35.0,47.0,0.0,0.0,118.0,0.0,92.0,407.0,66,20,
BI2,KT4A,BI2KT4A,DAIHEN,5BK014001,230,200,2011.0,2022-04-29,2022-05-08,4387,54750,3378.0,111.0,51.0,45.0,0.0,0.0,114.0,2.0,72.0,419.0,57,7,
BI2,KT4A,BI2KT4A,DAIHEN,5BK014001,230,200,2011.0,2022-09-09,2022-10-02,3096,55521,2462.0,136.0,44.0,50.0,0.0,0.0,124.0,0.0,72.0,426.0,62,15,
BI2,KT4A,BI2KT4A,DAIHEN,5BK014001,230,200,2011.0,2023-01-23,2023-01-23,9198,51435,4254.0,195.0,81.0,59.0,0.0,3.0,145.0,6.0,71.0,560.0,38,12,
BI2,KT4A,BI2KT4A,DAIHEN,5BK014001,230,200,2011.0,2023-03-25,2023-04-03,4160,48360,4152.0,154.0,38.0,61.0,0.0,0.0,126.0,3.0,87.0,469.0,72,10,
BI2,KT4A,BI2KT4A,DAIHEN,5BK014001,230,200,2011.0,2023-10-15,2023-12-14,11195,53328,5979.0,198.0,32.0,64.0,0.0,4.0,150.0,1.0,74.0,523.0,68,17,
BI2,KT4A,BI2KT4A,DAIHEN,5BK014001,230,200,2011.0,2024-03-23,2024-04-20,14193,63335,4916.0,193.0,16.0,66.0,0.0,36.0,181.0,3.0,83.0,578.0,69,17,
BK,KT1A,BKKT1A,ABB,7853301,230/72.5/11,200,2006.0,2019-05-18,2019-05-24,9583,43329,3290.0,781.0,17.0,10.0,0.0,0.0,4.0,0.0,0.0,812.0,57,13,-
BK,KT1A,BKKT1A,ABB,7853301,230/72.5/11,200,2006.0,2019-11-01,2019-11-08,16432,63495,3425.0,805.0,23.0,12.0,0.0,0.0,4.0,0.0,0.0,844.0,56,13,-
BK,KT1A,BKKT1A,ABB,7853301,230/72.5/11,200,2006.0,2020-05-25,2020-06-01,21333,56728,3955.0,794.0,22.0,12.0,0.0,0.0,5.0,0.0,0.0,833.0,53,8,
BK,KT1A,BKKT1A,ABB,7853301,230/72.5/11,200,2006.0,2020-11-27,2020-12-25,15664,64211,4201.0,811.0,38.0,15.0,0.0,1.0,2.0,0.0,1.0,868.0,60,14,
BK,KT1A,BKKT1A,ABB,7853301,230/72.5/11,200,2006.0,2021-11-07,2021-11-12,13433,46275,4316.0,941.0,26.0,0.0,0.0,0.0,7.0,0.0,0.0,974.0,56,10,
BK,KT1A,BKKT1A,ABB,7853301,230/72.5/11,200,2006.0,2022-05-26,2022-06-02,15135,52528,4581.0,1113.0,23.0,4.0,0.0,2.0,5.0,0.0,0.0,1147.0,50,11,
BK,KT1A,BKKT1A,ABB,7853301,230/72.5/11,200,2006.0,2022-12-15,2023-01-06,12960,56260,6797.0,1207.0,20.0,8.0,0.0,0.0,3.0,0.0,2.0,1240.0,55,8,
BK,KT1A,BKKT1A,ABB,7853301,230/72.5/11,200,2006.0,2023-05-29,2023-06-02,12204,70351,6909.0,1229.0,29.0,9.0,0.0,3.0,6.0,8.0,1.0,1285.0,60,7,
BK,KT1A,BKKT1A,ABB,7853301,230/72.5/11,200,2006.0,2023-11-06,2023-12-15,23300,69012,5771.0,913.0,24.0,15.0,0.0,3.0,5.0,8.0,2.0,970.0,62,6,
BK,KT2A,BKKT2A,ABB,7853302,230/72.5/11,200,2006.0,2019-05-18,2019-05-24,12824,46215,4250.0,785.0,17.0,11.0,0.0,0.0,5.0,0.0,0.0,818.0,57,19,-
BK,KT2A,BKKT2A,ABB,7853302,230/72.5/11,200,2006.0,2019-11-01,2019-11-08,20021,64457,4473.0,818.0,23.0,22.0,0.0,0.0,4.0,0.0,0.0,867.0,56,10,-
BK,KT2A,BKKT2A,ABB,7853302,230/72.5/11,200,2006.0,2020-05-25,2020-06-01,18255,56441,4005.0,918.0,19.0,15.0,0.0,0.0,5.0,0.0,3.0,960.0,55,8,
BK,KT2A,BKKT2A,ABB,7853302,230/72.5/11,200,2006.0,2020-11-27,2020-12-25,17205,62518,4183.0,962.0,44.0,19.0,0.0,2.0,2.0,0.0,1.0,1030.0,60,15,
BK,KT2A,BKKT2A,ABB,7853302,230/72.5/11,200,2006.0,2021-11-07,2021-11-19,13435,44609,3910.0,914.0,35.0,0.0,0.0,0.0,10.0,0.0,0.0,959.0,56,9,
BK,KT2A,BKKT2A,ABB,7853302,230/72.5/11,200,2006.0,2022-05-26,2022-06-02,16613,49164,4508.0,1093.0,31.0,7.0,0.0,2.0,6.0,0.0,0.0,1139.0,60,11,
BK,KT2A,BKKT2A,ABB,7853302,230/72.5/11,200,2006.0,2022-12-15,2023-01-06,11130,51560,6516.0,1275.0,28.0,9.0,0.0,0.0,3.0,0.0,1.0,1316.0,56,10,
BK,KT2A,BKKT2A,ABB,7853302,230/72.5/11,200,2006.0,2023-05-29,2023-06-02,9911,59717,6074.0,1197.0,33.0,9.0,0.0,4.0,5.0,6.0,1.0,1255.0,51,9,
BK,KT2A,BKKT2A,ABB,7853302,230/72.5/11,200,2006.0,2023-11-06,2023-12-15,27392,74625,4456.0,852.0,25.0,15.0,0.0,0.0,4.0,6.0,2.0,904.0,62,9,
BK,KT3A,BKKT3A,ABB,7853996,230/72.5/22,300,2012.0,2019-02-07,2019-02-09,7494,54605,4773.0,1455.0,14.0,44.0,0.0,33.0,10.0,43.0,0.0,1599.0,64,6,มีเสียงดังผิดปกติ
BK,KT3A,BKKT3A,ABB,7853996,230/72.5/22,300,2012.0,2019-05-18,2019-05-24,8265,48709,6081.0,1431.0,18.0,47.0,0.0,42.0,18.0,67.0,0.0,1623.0,65,13,-
BK,KT3A,BKKT3A,ABB,7853996,230/72.5/22,300,2012.0,2019-11-01,2019-11-08,7354,61859,6389.0,1506.0,27.0,80.0,0.0,67.0,16.0,89.0,0.0,1785.0,66,5,-
BK,KT3A,BKKT3A,ABB,7853996,230/72.5/22,300,2012.0,2020-05-25,2020-06-01,13726,53663,4953.0,1271.0,18.0,45.0,0.0,34.0,15.0,0.0,0.0,1383.0,62,6,
BK,KT3A,BKKT3A,ABB,7853996,230/72.5/22,300,2012.0,2020-11-27,2020-12-25,9661,51218,5411.0,1433.0,38.0,57.0,0.0,41.0,21.0,65.0,5.0,1660.0,67,11,
BK,KT3A,BKKT3A,ABB,7853996,230/72.5/22,300,2012.0,2021-08-03,2021-08-04,11898,68012,3855.0,1514.0,273.0,54.0,80.0,114.0,19.0,84.0,2.0,2140.0,,8,Buchholz and Sudden pressure RelayTrip
BK,KT3A,BKKT3A,ABB,7853996,230/72.5/22,300,2012.0,2021-08-04,2021-08-04,3026,21868,5268.0,1019.0,148.0,158.0,82.0,165.0,20.0,112.0,8.0,1712.0,,8,Bouchholz relay Trip(พบสาย Lead Bushing Neutral ขาดลง tank)
BK,KT3A,BKKT3A,ABB,7853996,230/72.5/22,300,2012.0,2021-08-09,2021-08-10,15682,44744,1177.0,79.0,17.0,11.0,14.0,22.0,6.0,43.0,0.0,192.0,,6,หลังซ่อมและทำน้ำมัน
BK,KT3A,BKKT3A,ABB,7853996,230/72.5/22,300,2012.0,2021-09-10,2021-09-11,21758,55534,1023.0,134.0,16.0,8.0,16.0,25.0,8.0,55.0,1.0,263.0,,8,ตามผลหลังซ่อม Bushing เสียหายแล้วนำกลับเข้าใช้งาน
BK,KT3A,BKKT3A,ABB,7853996,230/72.5/22,300,2012.0,2021-11-07,2021-11-19,32554,58384,1828.0,123.0,7.0,0.0,8.0,19.0,9.0,0.0,0.0,166.0,49,5,
BK,KT3A,BKKT3A,ABB,7853996,230/72.5/22,300,2012.0,2022-05-26,2022-06-02,33392,62286,2122.0,152.0,13.0,30.0,0.0,13.0,7.0,12.0,0.0,227.0,60,9,
BK,KT3A,BKKT3A,ABB,7853996,230/72.5/22,300,2012.0,2022-12-15,2022-01-06,29090,69390,3376.0,167.0,3.0,2.0,0.0,3.0,3.0,15.0,3.0,196.0,50,9,
BK,KT3A,BKKT3A,ABB,7853996,230/72.5/22,300,2012.0,2023-05-29,2023-06-02,25106,63204,4377.0,218.0,6.0,1.0,0.0,10.0,3.0,37.0,3.0,278.0,60,8,
BK,KT3A,BKKT3A,ABB,7853996,230/72.5/22,300,2012.0,2023-11-06,2023-12-15,34825,75100,3997.0,681.0,7.0,12.0,0.0,0.0,5.0,45.0,5.0,755.0,48,8,
BK,KT4A,BKKT4A,ABB,7853997,230/72.5/22,300,2012.0,2019-02-07,2019-02-09,9054,41825,5078.0,1529.0,11.0,12.0,0.0,3.0,4.0,28.0,0.0,1587.0,58,5,-
BK,KT4A,BKKT4A,ABB,7853997,230/72.5/22,300,2012.0,2019-05-18,2019-05-24,6442,49081,6060.0,1452.0,15.0,18.0,0.0,5.0,7.0,31.0,0.0,1528.0,60,19,-
BK,KT4A,BKKT4A,ABB,7853997,230/72.5/22,300,2012.0,2019-11-01,2019-11-08,8480,62304,6398.0,1528.0,18.0,17.0,0.0,3.0,4.0,35.0,0.0,1605.0,60,7,-
BK,KT4A,BKKT4A,ABB,7853997,230/72.5/22,300,2012.0,2020-05-25,2020-06-01,9124,54214,4449.0,1257.0,22.0,19.0,0.0,1.0,7.0,28.0,6.0,1340.0,59,8,
BK,KT4A,BKKT4A,ABB,7853997,230/72.5/22,300,2012.0,2020-11-27,2020-12-25,10863,61922,5164.0,1483.0,31.0,21.0,0.0,3.0,4.0,21.0,4.0,1567.0,63,11,
BK,KT4A,BKKT4A,ABB,7853997,230/72.5/22,300,2012.0,2021-11-07,2021-11-19,12025,56924,5414.0,1400.0,14.0,16.0,0.0,0.0,11.0,0.0,0.0,1441.0,46,9,
BK,KT4A,BKKT4A,ABB,7853997,230/72.5/22,300,2012.0,2022-05-26,2022-06-02,15425,54783,5606.0,1422.0,11.0,7.0,0.0,5.0,7.0,26.0,0.0,1478.0,62,10,
BK,KT4A,BKKT4A,ABB,7853997,230/72.5/22,300,2012.0,2022-12-15,2023-01-06,11920,69210,8065.0,1873.0,14.0,12.0,0.0,0.0,5.0,22.0,5.0,1931.0,44,7,
BK,KT4A,BKKT4A,ABB,7853997,230/72.5/22,300,2012.0,2023-05-29,2023-06-02,9932,63123,7614.0,1773.0,19.0,13.0,0.0,4.0,5.0,66.0,6.0,1886.0,54,5,
BK,KT4A,BKKT4A,ABB,7853997,230/72.5/22,300,2012.0,2023-11-06,2023-12-15,43753,77216,7634.0,1726.0,8.0,2.0,0.0,7.0,2.0,42.0,5.0,1792.0,53,9,
BKN,KT1A,BKNKT1A,MITSUBISHI,558035,115/22/11,25,,2019-02-08,2019-05-12,9797,43237,1826.0,209.0,14.0,23.0,0.0,2.0,24.0,3.0,11.0,286.0,61,24,-
BKN,KT1A,BKNKT1A,MITSUBISHI,558035,115/22/11,25,,2020-03-13,2020-05-10,6381,49773,873.0,132.0,20.0,38.0,0.0,2.0,47.0,0.0,28.0,267.0,,22,research
BKN,KT1A,BKNKT1A,MITSUBISHI,558035,115/22/11,25,,2020-04-10,2020-05-17,9284,53567,914.0,146.0,15.0,35.0,0.0,0.0,38.0,0.0,29.0,263.0,51,28,
BKN,KT1A,BKNKT1A,MITSUBISHI,558035,115/22/11,25,,2021-02-09,2021-05-24,8211,56329,2289.0,177.0,53.0,63.0,0.0,5.0,66.0,13.0,63.0,440.0,58,35,
BKN,KT1A,BKNKT1A,MITSUBISHI,558035,115/22/11,25,,2022-01-22,2022-02-08,3775,57803,1616.0,221.0,50.0,34.0,0.0,4.0,63.0,0.0,20.0,392.0,57,13,
BKN,KT1A,BKNKT1A,MITSUBISHI,558035,115/22/11,25,,2023-01-22,2023-02-03,2507,73915,1851.0,240.0,53.0,51.0,0.0,2.0,66.0,15.0,41.0,468.0,56,10,
BKN,KT1A,BKNKT1A,MITSUBISHI,558035,115/22/11,25,,2024-01-19,2024-02-10,6110,56940,1687.0,217.0,54.0,84.0,0.0,6.0,106.0,46.0,71.0,584.0,55,13,
BKN,KT2A,BKNKT2A,VOLTA WERKE,60492-004,115/22,32,,2019-02-08,2019-05-12,7759,54478,1829.0,261.0,13.0,2.0,0.0,0.0,6.0,0.0,0.0,282.0,42,27,-
BKN,KT2A,BKNKT2A,VOLTA WERKE,60492-004,115/22,32,,2020-04-10,2020-05-17,9116,59483,2345.0,565.0,11.0,8.0,0.0,0.0,3.0,0.0,4.0,591.0,28,16,
BKN,KT2A,BKNKT2A,VOLTA WERKE,60492-004,115/22,32,,2021-02-09,2021-05-25,16254,65582,4305.0,635.0,17.0,7.0,0.0,3.0,0.0,2.0,2.0,666.0,32,24,
BKN,KT2A,BKNKT2A,VOLTA WERKE,60492-004,115/22,32,,2022-01-22,2022-02-06,10856,56524,2938.0,323.0,11.0,4.0,0.0,1.0,2.0,2.0,2.0,345.0,33,10,
BKN,KT2A,BKNKT2A,VOLTA WERKE,60492-004,115/22,32,,2023-01-20,2023-02-03,5824,53682,2529.0,298.0,8.0,5.0,0.0,2.0,2.0,2.0,2.0,319.0,26,8,
BKN,KT2A,BKNKT2A,VOLTA WERKE,60492-004,115/22,32,,2024-01-19,2024-02-10,7160,44590,5218.0,2437.0,10.0,18.0,0.0,7.0,4.0,5.0,4.0,2485.0,29,10,
BL,KT2A,BLKT2A,EBG,136702,115/22,50,2000.0,2019-11-14,2019-11-30,4956,38946,5656.0,279.0,87.0,56.0,0.0,0.0,132.0,0.0,76.0,630.0,67,13,-
BL,KT2A,BLKT2A,EBG,136702,115/22,50,2000.0,2022-05-29,2022-06-06,3714,37873,7041.0,370.0,125.0,48.0,0.0,0.0,110.0,0.0,42.0,695.0,62,9,
BL,KT2A,BLKT2A,EBG,136702,115/22,50,2000.0,2022-11-17,2022-11-27,7509,43415,6774.0,342.0,100.0,70.0,0.0,1.0,120.0,10.0,81.0,724.0,69,21,
BL,KT2A,BLKT2A,EBG,136702,115/22,50,2000.0,2023-06-03,2023-06-10,8851,43749,6592.0,329.0,34.0,63.0,0.0,3.0,128.0,0.0,46.0,603.0,65,8,
BL,KT3A,BLKT3A,MEIDENSHA,8S9483T3,115/22,50,2009.0,2019-11-14,2019-11-30,11280,49057,549.0,63.0,7.0,22.0,0.0,0.0,82.0,0.0,34.0,208.0,63,10,-
BL,KT3A,BLKT3A,MEIDENSHA,8S9483T3,115/22,50,2009.0,2022-05-29,2022-06-06,5330,40713,1837.0,113.0,26.0,32.0,0.0,3.0,133.0,0.0,33.0,340.0,58,14,
BL,KT3A,BLKT3A,MEIDENSHA,8S9483T3,115/22,50,2009.0,2022-11-17,2022-11-25,7134,49464,1773.0,132.0,21.0,51.0,0.0,3.0,135.0,0.0,72.0,414.0,59,7,
BL,KT3A,BLKT3A,MEIDENSHA,8S9483T3,115/22,50,2009.0,2023-06-03,2023-06-10,6916,39770,1804.0,146.0,23.0,47.0,0.0,2.0,142.0,0.0,36.0,396.0,57,10,
BLG,KT1A,BLGKT1A,ELIN,535959,107/34.85,8,1977.0,2019-02-02,2019-04-07,10115,46333,5105.0,319.0,10.0,3.0,100.0,45.0,11.0,15.0,0.0,503.0,47,34,-
BLG,KT1A,BLGKT1A,ELIN,535959,107/34.85,8,1977.0,2019-04-06,2019-06-30,12665,46542,6023.0,371.0,22.0,24.0,115.0,50.0,5.0,16.0,0.0,603.0,58,35,-
BLG,KT1A,BLGKT1A,ELIN,535959,107/34.85,8,1977.0,2019-09-06,2019-10-18,9622,50112,5741.0,401.0,17.0,21.0,95.0,47.0,14.0,21.0,0.0,616.0,58,26,-
BLG,KT1A,BLGKT1A,ELIN,535959,107/34.85,8,1977.0,2020-07-25,2020-08-24,13847,58351,12451.0,208.0,533.0,13.0,65.0,33.0,0.0,13.0,2.0,867.0,63,32,
BLG,KT1A,BLGKT1A,ELIN,535959,107/34.85,8,1977.0,2022-07-15,2022-07-24,5763,81193,20231.0,273.0,49.0,2.0,14.0,18.0,14.0,0.0,0.0,370.0,54,40,ไม่ได้ออกผลขอเก็บตัวอย่างใหม่
BLG,KT1A,BLGKT1A,ELIN,535959,107/34.85,8,1977.0,2023-06-26,2023-07-17,19995,55072,7760.0,36.0,7.0,1.0,9.0,8.0,3.0,2.0,7.0,73.0,38,17,ค่า p.f สูง
BLG,KT1A,BLGKT1A,ELIN,535959,107/34.85,8,1977.0,2023-07-28,2023-11-18,23270,37090,5053.0,72.0,10.0,4.0,8.0,19.0,3.0,5.0,3.0,124.0,33,27,
BLG,KT2A,BLGKT2A,ELIN,535956,107/34.85,8,1977.0,2019-04-06,2019-08-26,16541,54793,3180.0,516.0,43.0,20.0,125.0,22.0,0.0,0.0,0.0,726.0,66,27,-
BLG,KT2A,BLGKT2A,ELIN,535956,107/34.85,8,1977.0,2019-04-06,2019-07-05,13330,45288,2146.0,373.0,41.0,8.0,56.0,24.0,2.0,11.0,0.0,515.0,66,29,-
BLG,KT2A,BLGKT2A,ELIN,535956,107/34.85,8,1977.0,2019-09-06,2019-10-18,12926,47571,2138.0,450.0,23.0,9.0,38.0,26.0,0.0,14.0,1.0,561.0,-64,24,-
BLG,KT2A,BLGKT2A,ELIN,535956,107/34.85,8,1977.0,2020-07-25,2020-08-24,10863,53477,1683.0,197.0,38.0,0.0,37.0,15.0,6.0,0.0,59.0,352.0,67,16,
BLG,KT2A,BLGKT2A,ELIN,535956,107/34.85,8,1977.0,2022-07-15,2022-07-24,10540,71630,4695.0,608.0,59.0,4.0,0.0,8.0,3.0,7.0,88.0,777.0,,20,ไม่ได้ออกผลขอเก็บตัวอย่างใหม่
BLG,KT2A,BLGKT2A,ELIN,535956,107/34.85,8,1977.0,2023-07-28,2023-11-18,33550,53850,4137.0,552.0,3.0,17.0,24.0,27.0,2.0,6.0,2.0,633.0,0,27,
BLG,KT2A,BLGKT2A,ELIN,535956,107/34.85,8,1977.0,2024-01-13,2024-04-09,23524,85953,4815.0,606.0,9.0,9.0,29.0,36.0,2.0,7.0,1.0,699.0,0,19,
BMN,KT1A,BMNKT1A,MEIDEN,8R8409T2,115/22,50,2007.0,2020-01-18,2020-01-27,6762,45049,846.0,53.0,30.0,43.0,0.0,1.0,203.0,21.0,185.0,536.0,48,9,
BMN,KT1A,BMNKT1A,MEIDEN,8R8409T2,115/22,50,2007.0,2021-06-06,2021-08-16,14583,46823,850.0,77.0,13.0,54.0,0.0,16.0,291.0,0.0,85.0,536.0,51,33,
BMN,KT1A,BMNKT1A,MEIDEN,8R8409T2,115/22,50,2007.0,2022-01-08,2022-01-16,4213,49144,1321.0,181.0,38.0,214.0,0.0,8.0,375.0,0.0,226.0,1042.0,52,10,
BMN,KT1A,BMNKT1A,MEIDEN,8R8409T2,115/22,50,2007.0,2023-03-05,2023-03-12,3605,54027,1019.0,129.0,12.0,83.0,0.0,5.0,336.0,0.0,262.0,827.0,52,18,
BMN,KT1A,BMNKT1A,MEIDEN,8R8409T2,115/22,50,2007.0,2024-02-03,2024-02-24,72800,39540,1261.0,120.0,17.0,143.0,0.0,10.0,532.0,49.0,394.0,1265.0,56,6,
BMN,KT2A,BMNKT2A,MEIDEN,8R8409T1,115/22,50,2007.0,2020-01-18,2020-01-26,6794,38084,1239.0,165.0,42.0,190.0,0.0,15.0,758.0,81.0,703.0,1954.0,49,5,
BMN,KT2A,BMNKT2A,MEIDEN,8R8409T1,115/22,50,2007.0,2021-06-06,2021-08-16,10646,60750,977.0,153.0,12.0,144.0,0.0,34.0,577.0,0.0,370.0,1290.0,51,26,
BMN,KT2A,BMNKT2A,MEIDEN,8R8409T1,115/22,50,2007.0,2022-01-08,2022-01-16,4449,73062,1452.0,251.0,32.0,254.0,0.0,25.0,848.0,0.0,596.0,2006.0,53,7,
BMN,KT2A,BMNKT2A,MEIDEN,8R8409T1,115/22,50,2007.0,2023-03-05,2023-03-12,2664,75851,1053.0,244.0,7.0,184.0,0.0,26.0,679.0,24.0,602.0,1766.0,46,9,
BMN,KT2A,BMNKT2A,MEIDEN,8R8409T1,115/22,50,2007.0,2024-02-03,2024-02-24,5750,52810,1323.0,215.0,10.0,308.0,0.0,31.0,1011.0,149.0,852.0,2576.0,57,8,
BN,KT2A,BNKT2A,ABB,103826,230/69,200,2008.0,2019-11-04,2019-12-14,28150,76555,1921.0,341.0,6.0,6.0,0.0,3.0,0.0,3.0,0.0,359.0,40,25,-
BN,KT2A,BNKT2A,ABB,103826,230/69,200,2008.0,2019-12-05,2019-05-24,10185,48997,1713.0,376.0,11.0,0.0,0.0,2.0,0.0,0.0,0.0,389.0,40,10,de-energize.
BN,KT2A,BNKT2A,ABB,103826,230/69,200,2008.0,2020-06-03,2020-07-03,27393,62374,1831.0,423.0,12.0,0.0,0.0,8.0,4.0,0.0,0.0,447.0,42,14,
BN,KT2A,BNKT2A,ABB,103826,230/69,200,2008.0,2020-11-21,2020-11-30,29264,72753,1795.0,361.0,4.0,0.0,0.0,0.0,4.0,3.0,0.0,372.0,,9,
BN,KT2A,BNKT2A,ABB,103826,230/69,200,2008.0,2021-05-21,2021-06-15,12940,65687,1752.0,351.0,7.0,3.0,0.0,8.0,0.0,2.0,0.0,371.0,40,10,De-energize .
BN,KT2A,BNKT2A,ABB,103826,230/69,200,2008.0,2021-11-15,2021-11-21,16655,45462,1833.0,368.0,2.0,1.0,0.0,1.0,1.0,1.0,1.0,375.0,40,6,De-Energize
BN,KT2A,BNKT2A,ABB,103826,230/69,200,2008.0,2022-05-30,2022-06-13,30697,63264,2023.0,278.0,9.0,78.0,0.0,5.0,6.0,0.0,0.0,376.0,63,9,
BN,KT2A,BNKT2A,ABB,103826,230/69,200,2008.0,2022-11-26,2022-11-28,32652,60401,1797.0,278.0,10.0,3.0,0.0,4.0,1.0,4.0,2.0,302.0,56,5,
BN,KT2A,BNKT2A,ABB,103826,230/69,200,2008.0,2023-05-19,2023-05-22,27340,66270,1989.0,254.0,4.0,1.0,0.0,2.0,0.0,1.0,0.0,262.0,40,6,De Energize
BN,KT2A,BNKT2A,ABB,103826,230/69,200,2008.0,2023-11-24,2023-12-25,40970,78204,1909.0,228.0,21.0,1.0,0.0,3.0,1.0,4.0,3.0,261.0,58,16,
BN,KT3A,BNKT3A,ABB,103827,230/69,200,2008.0,2019-05-12,2019-05-25,7237,42914,5378.0,1085.0,15.0,72.0,6.0,43.0,21.0,40.0,0.0,1282.0,68,12,-
BN,KT3A,BNKT3A,ABB,103827,230/69,200,2008.0,2019-11-04,2019-12-14,11420,62697,5078.0,1063.0,10.0,57.0,4.0,38.0,24.0,51.0,0.0,1247.0,66,9,-
BN,KT3A,BNKT3A,ABB,103827,230/69,200,2008.0,2020-06-03,2020-07-03,9249,51994,5123.0,1255.0,16.0,63.0,4.0,40.0,28.0,0.0,0.0,1406.0,68,11,
BN,KT3A,BNKT3A,ABB,103827,230/69,200,2008.0,2020-11-21,2017-11-30,8570,62498,6035.0,1503.0,9.0,51.0,3.0,33.0,20.0,43.0,0.0,1662.0,66,7,
BN,KT3A,BNKT3A,ABB,103827,230/69,200,2008.0,2021-05-21,2021-06-21,9032,59531,6372.0,1050.0,31.0,32.0,1.0,15.0,17.0,18.0,6.0,1170.0,66,13,
BN,KT3A,BNKT3A,ABB,103827,230/69,200,2008.0,2021-11-15,2021-11-21,7392,38921,5373.0,813.0,7.0,30.0,1.0,14.0,17.0,14.0,5.0,901.0,56,4,
BN,KT3A,BNKT3A,ABB,103827,230/69,200,2008.0,2022-05-30,2022-06-04,8484,47781,4255.0,1037.0,14.0,35.0,0.0,37.0,25.0,20.0,10.0,1178.0,42,10,
BN,KT3A,BNKT3A,ABB,103827,230/69,200,2008.0,2022-11-26,2022-11-28,6654,42045,4718.0,1263.0,21.0,68.0,0.0,31.0,22.0,27.0,7.0,1439.0,60,4,
BN,KT3A,BNKT3A,ABB,103827,230/69,200,2008.0,2023-05-19,2023-05-25,9067,59494,3453.0,851.0,17.0,64.0,0.0,35.0,20.0,42.0,5.0,1034.0,58,6,
BN,KT3A,BNKT3A,ABB,103827,230/69,200,2008.0,2023-11-24,2023-12-25,15255,57457,5782.0,1173.0,25.0,57.0,0.0,52.0,28.0,49.0,6.0,1390.0,58,10,
BN,KT4A,BNKT4A,DAIHEN,5BK012901,230/115/22,200,2004.0,2019-05-12,2019-05-25,5560,31091,2644.0,206.0,36.0,15.0,0.0,2.0,10.0,2.0,3.0,274.0,58,20,-
BN,KT4A,BNKT4A,DAIHEN,5BK012901,230/115/22,200,2004.0,2019-11-04,2019-12-14,18092,47423,1991.0,113.0,16.0,9.0,0.0,1.0,12.0,1.0,6.0,158.0,54,22,-
BN,KT4A,BNKT4A,DAIHEN,5BK012901,230/115/22,200,2004.0,2020-06-03,2020-07-03,6542,27929,2705.0,182.0,33.0,17.0,0.0,0.0,21.0,0.0,0.0,253.0,,12,
BN,KT4A,BNKT4A,DAIHEN,5BK012901,230/115/22,200,2004.0,2020-11-21,2020-11-30,7706,26761,2559.0,166.0,25.0,18.0,0.0,3.0,14.0,0.0,0.0,226.0,56,12,
BN,KT4A,BNKT4A,DAIHEN,5BK012901,230/115/22,200,2004.0,2021-05-18,2021-06-21,6779,39048,2489.0,134.0,33.0,25.0,0.0,0.0,14.0,0.0,7.0,213.0,58,14,
BN,KT4A,BNKT4A,DAIHEN,5BK012901,230/115/22,200,2004.0,2021-11-15,2021-11-21,4286,26968,3351.0,157.0,21.0,33.0,0.0,0.0,24.0,6.0,12.0,253.0,54,7,
BN,KT4A,BNKT4A,DAIHEN,5BK012901,230/115/22,200,2004.0,2022-05-30,2022-06-04,7733,29648,3138.0,178.0,23.0,21.0,0.0,2.0,30.0,0.0,0.0,254.0,54,10,
BN,KT4A,BNKT4A,DAIHEN,5BK012901,230/115/22,200,2004.0,2022-11-26,2022-11-28,7650,28837,2922.0,180.0,34.0,36.0,0.0,2.0,32.0,10.0,17.0,311.0,56,6,
BN,KT4A,BNKT4A,DAIHEN,5BK012901,230/115/22,200,2004.0,2023-05-19,2023-05-25,6139,38748,3322.0,223.0,48.0,42.0,0.0,5.0,38.0,2.0,20.0,378.0,61,9,
BN,KT4A,BNKT4A,DAIHEN,5BK012901,230/115/22,200,2004.0,2023-11-24,2023-12-25,8371,37112,3297.0,196.0,71.0,45.0,0.0,9.0,39.0,4.0,48.0,412.0,51,11,
BN,KT6A,BNKT6A,ASEA,7200157,230/115/11,200,1994.0,2019-05-12,2019-05-25,9004,47115,2339.0,356.0,21.0,40.0,0.0,61.0,13.0,42.0,0.0,533.0,60,16,-
BN,KT6A,BNKT6A,ASEA,7200157,230/115/11,200,1994.0,2019-11-04,2019-12-13,8567,41772,2413.0,420.0,37.0,54.0,0.0,92.0,15.0,55.0,0.0,673.0,60,14,-
BN,KT6A,BNKT6A,ASEA,7200157,230/115/11,200,1994.0,2020-06-03,2020-07-03,10653,40264,2387.0,383.0,25.0,44.0,0.0,63.0,18.0,0.0,0.0,533.0,60,13,
BN,KT6A,BNKT6A,ASEA,7200157,230/115/11,200,1994.0,2020-11-21,2020-11-30,7610,38699,2650.0,422.0,29.0,42.0,0.0,65.0,42.0,25.0,0.0,625.0,60,8,
BN,KT6A,BNKT6A,ASEA,7200157,230/115/11,200,1994.0,2021-05-18,2021-06-21,7231,41735,2379.0,391.0,46.0,47.0,0.0,69.0,10.0,35.0,4.0,602.0,61,14,
BN,KT6A,BNKT6A,ASEA,7200157,230/115/11,200,1994.0,2021-11-15,2021-11-21,8752,43172,3410.0,361.0,20.0,51.0,0.0,111.0,13.0,56.0,5.0,617.0,60,7,
BN,KT6A,BNKT6A,ASEA,7200157,230/115/11,200,1994.0,2022-05-30,2022-06-04,7662,45848,2968.0,579.0,33.0,31.0,0.0,65.0,18.0,43.0,8.0,777.0,60,18,
BN,KT6A,BNKT6A,ASEA,7200157,230/115/11,200,1994.0,2022-11-26,2022-11-28,6723,43541,3039.0,623.0,36.0,45.0,0.0,69.0,17.0,27.0,0.0,817.0,62,9,
BN,KT6A,BNKT6A,ASEA,7200157,230/115/11,200,1994.0,2023-05-19,2023-05-25,9578,62250,2925.0,638.0,31.0,48.0,0.0,56.0,13.0,51.0,5.0,842.0,53,28,
BN,KT6A,BNKT6A,ASEA,7200157,230/115/11,200,1994.0,2023-11-24,2023-12-25,13016,59197,3759.0,624.0,46.0,49.0,0.0,86.0,21.0,51.0,6.0,883.0,50,15,
BN,KT7A,BNKT7A,FUJI,AG69095T121,230/69/11,200,1997.0,2019-05-12,2019-05-25,6083,47224,1678.0,104.0,47.0,60.0,0.0,14.0,152.0,0.0,80.0,457.0,60,13,-
BN,KT7A,BNKT7A,FUJI,AG69095T121,230/69/11,200,1997.0,2019-11-04,2019-12-13,10721,43512,2281.0,128.0,69.0,55.0,0.0,4.0,91.0,0.0,62.0,409.0,55,15,-
BN,KT7A,BNKT7A,FUJI,AG69095T121,230/69/11,200,1997.0,2020-06-03,2020-07-03,5806,35645,1652.0,90.0,57.0,54.0,0.0,14.0,164.0,0.0,64.0,443.0,58,8,
BN,KT7A,BNKT7A,FUJI,AG69095T121,230/69/11,200,1997.0,2020-11-21,2020-11-30,4568,34405,1668.0,89.0,58.0,58.0,0.0,14.0,177.0,46.0,20.0,462.0,60,9,
BN,KT7A,BNKT7A,FUJI,AG69095T121,230/69/11,200,1997.0,2021-05-18,2021-06-21,4386,46351,1542.0,87.0,55.0,51.0,0.0,7.0,148.0,4.0,43.0,395.0,55,13,
BN,KT7A,BNKT7A,FUJI,AG69095T121,230/69/11,200,1997.0,2021-11-15,2021-11-21,3149,33915,2279.0,73.0,36.0,50.0,0.0,6.0,162.0,3.0,108.0,438.0,55,5,
BN,KT7A,BNKT7A,FUJI,AG69095T121,230/69/11,200,1997.0,2022-05-30,2022-06-04,6486,51641,1739.0,84.0,43.0,46.0,0.0,15.0,178.0,0.0,45.0,411.0,51,24,
BN,KT7A,BNKT7A,FUJI,AG69095T121,230/69/11,200,1997.0,2022-11-26,2022-11-28,8684,36723,1788.0,88.0,38.0,61.0,0.0,12.0,176.0,57.0,80.0,512.0,51,5,
BN,KT7A,BNKT7A,FUJI,AG69095T121,230/69/11,200,1997.0,2023-05-19,2023-05-25,4435,43658,1522.0,117.0,59.0,71.0,0.0,16.0,187.0,5.0,87.0,542.0,46,10,
BN,KT7A,BNKT7A,FUJI,AG69095T121,230/69/11,200,1997.0,2023-11-24,2023-12-25,8600,41744,2549.0,161.0,74.0,77.0,0.0,16.0,130.0,7.0,16.0,481.0,50,12,
BN,KT8A,BNKT8A,FUJI,AG69095T221,230/69/11,200,1998.0,2019-05-12,2019-05-25,4257,40662,2776.0,165.0,72.0,63.0,0.0,13.0,85.0,0.0,43.0,441.0,58,13,-
BN,KT8A,BNKT8A,FUJI,AG69095T221,230/69/11,200,1998.0,2019-11-04,2019-12-14,10432,50742,1548.0,74.0,38.0,47.0,0.0,13.0,183.0,0.0,81.0,436.0,55,44,-
BN,KT8A,BNKT8A,FUJI,AG69095T221,230/69/11,200,1998.0,2020-06-03,2020-07-03,719534824,34824,2456.0,142.0,97.0,68.0,0.0,13.0,97.0,0.0,34.0,451.0,52,12,
BN,KT8A,BNKT8A,FUJI,AG69095T221,230/69/11,200,1998.0,2020-11-21,2020-11-30,6466,40534,2673.0,139.0,51.0,44.0,0.0,11.0,91.0,0.0,49.0,385.0,54,9,
BN,KT8A,BNKT8A,FUJI,AG69095T221,230/69/11,200,1998.0,2021-05-18,2021-06-21,5196,39558,2532.0,118.0,69.0,59.0,0.0,6.0,94.0,7.0,65.0,418.0,51,11,
BN,KT8A,BNKT8A,FUJI,AG69095T221,230/69/11,200,1998.0,2021-11-15,2021-11-21,4786,31487,3099.0,100.0,43.0,53.0,0.0,4.0,93.0,0.0,71.0,364.0,50,6,
BN,KT8A,BNKT8A,FUJI,AG69095T221,230/69/11,200,1998.0,2022-05-30,2022-06-04,7290,36363,3278.0,128.0,68.0,52.0,0.0,14.0,104.0,6.0,31.0,403.0,51,6,
BN,KT8A,BNKT8A,FUJI,AG69095T221,230/69/11,200,1998.0,2022-11-26,2022-11-28,9107,34793,3281.0,133.0,68.0,55.0,0.0,14.0,106.0,79.0,71.0,526.0,48,6,
BN,KT8A,BNKT8A,FUJI,AG69095T221,230/69/11,200,1998.0,2023-03-11,2023-03-20,4649,32241,2561.0,155.0,91.0,60.0,0.0,15.0,132.0,0.0,43.0,496.0,51,10,
BN,KT8A,BNKT8A,FUJI,AG69095T221,230/69/11,200,1998.0,2023-05-19,2023-05-25,5108,43292,2301.0,165.0,73.0,41.0,0.0,15.0,111.0,7.0,55.0,467.0,50,5,
BN,KT8A,BNKT8A,FUJI,AG69095T221,230/69/11,200,1998.0,2023-11-24,2023-12-25,7895,44637,2176.0,152.0,70.0,74.0,0.0,18.0,219.0,5.0,92.0,630.0,45,55,
BNN,KT1A,BNNKT1A,MEIDEN,8T9792T1,115/22/11,50,2012.0,2019-03-29,2019-04-18,9759,47592,2800.0,1069.0,7.0,13.0,0.0,0.0,0.0,0.0,0.0,1089.0,54,16,-
BNN,KT1A,BNNKT1A,MEIDEN,8T9792T1,115/22/11,50,2012.0,2020-03-29,2020-05-25,12930,67660,1625.0,888.0,27.0,9.0,0.0,0.0,3.0,0.0,1.0,928.0,55,11,
BNN,KT1A,BNNKT1A,MEIDEN,8T9792T1,115/22/11,50,2012.0,2021-01-17,2021-02-12,8685,61327,2810.0,977.0,33.0,9.0,0.0,0.0,8.0,0.0,8.0,1035.0,54,13,
BNN,KT1A,BNNKT1A,MEIDEN,8T9792T1,115/22/11,50,2012.0,2022-03-05,2022-03-27,13056,60475,2776.0,1027.0,5.0,0.0,0.0,0.0,0.0,0.0,0.0,1032.0,48,10,
BNN,KT1A,BNNKT1A,MEIDEN,8T9792T1,115/22/11,50,2012.0,2023-03-03,2023-03-18,17486,62456,3080.0,1107.0,7.0,10.0,0.0,8.0,16.0,0.0,0.0,1148.0,56,11,
BNN,KT1A,BNNKT1A,MEIDEN,8T9792T1,115/22/11,50,2012.0,2024-03-03,2024-04-07,16921,36032,1307.0,264.0,1.0,3.0,0.0,2.0,0.0,1.0,0.0,271.0,57,7,
BNN,KT2A,BNNKT2A,MEIDEN,8T9792T2,115/22/11,50,2012.0,2019-03-29,2019-04-21,12985,45228,2018.0,920.0,10.0,7.0,0.0,5.0,8.0,0.0,11.0,961.0,51,11,-
BNN,KT2A,BNNKT2A,MEIDEN,8T9792T2,115/22/11,50,2012.0,2020-03-29,2020-05-25,14880,72550,1577.0,927.0,49.0,8.0,0.0,0.0,2.0,0.0,2.0,988.0,53,12,
BNN,KT2A,BNNKT2A,MEIDEN,8T9792T2,115/22/11,50,2012.0,2021-01-17,2021-02-12,9112,61160,3214.0,1000.0,33.0,8.0,0.0,0.0,2.0,0.0,2.0,1045.0,52,12,
BNN,KT2A,BNNKT2A,MEIDEN,8T9792T2,115/22/11,50,2012.0,2022-03-05,2022-03-27,17556,61887,2613.0,912.0,5.0,0.0,0.0,5.0,0.0,0.0,0.0,922.0,46,9,
BNN,KT2A,BNNKT2A,MEIDEN,8T9792T2,115/22/11,50,2012.0,2023-03-03,2023-03-17,19126,62830,3010.0,1014.0,5.0,16.0,0.0,8.0,7.0,0.0,0.0,1050.0,53,15,
BNN,KT2A,BNNKT2A,MEIDEN,8T9792T2,115/22/11,50,2012.0,2024-03-03,2024-04-07,19138,34398,1133.0,189.0,2.0,2.0,0.0,2.0,0.0,1.0,0.0,196.0,55,8,
BP1,KT1A,BP1KT1A,OSAKA,5BA158903,115/22,25,1989.0,2019-03-11,2019-03-20,13338,37766,3679.0,318.0,12.0,67.0,0.0,10.0,103.0,0.0,54.0,564.0,54,42,-
BP1,KT1A,BP1KT1A,OSAKA,5BA158903,115/22,25,1989.0,2019-03-21,2019-03-30,7436,39032,4879.0,335.0,15.0,70.0,0.0,7.0,91.0,0.0,31.0,549.0,50,16,-
BP1,KT1A,BP1KT1A,OSAKA,5BA158903,115/22,25,1989.0,2019-06-08,2019-06-13,5630,20460,845.0,52.0,4.0,8.0,0.0,1.0,23.0,0.0,27.0,115.0,40,10,หลังแก้ไขOFF LOAD TAP CHANGER.
BP1,KT1A,BP1KT1A,OSAKA,5BA158903,115/22,25,1989.0,2021-02-20,2021-04-02,7890,38006,1015.0,67.0,40.0,0.0,0.0,0.0,22.0,20.0,21.0,170.0,50,16,
BP1,KT1A,BP1KT1A,OSAKA,5BA158903,115/22,25,1989.0,2022-02-07,2022-03-10,5035,48874,2081.0,142.0,21.0,34.0,0.0,28.0,28.0,10.0,18.0,281.0,54,11,
BP1,KT1A,BP1KT1A,OSAKA,5BA158903,115/22,25,1989.0,2023-02-12,2023-03-12,8497,30808,2958.0,221.0,12.0,9.0,0.0,14.0,18.0,0.0,0.0,274.0,57,14,
BP1,KT1A,BP1KT1A,OSAKA,5BA158903,115/22,25,1989.0,2024-02-25,2024-03-21,11005,46048,2709.0,289.0,22.0,11.0,0.0,21.0,23.0,9.0,25.0,400.0,54,10,
BP1,KT2A,BP1KT2A,VOLTA WERKE,60545-003,115/22,25,1993.0,2019-03-11,2019-06-21,4761,44859,3913.0,253.0,13.0,123.0,0.0,7.0,266.0,0.0,209.0,871.0,59,31,-
BP1,KT2A,BP1KT2A,VOLTA WERKE,60545-003,115/22,25,1993.0,2019-03-21,2019-04-01,7220,48174,4187.0,275.0,7.0,91.0,0.0,7.0,222.0,0.0,132.0,734.0,52,16,-
BP1,KT2A,BP1KT2A,VOLTA WERKE,60545-003,115/22,25,1993.0,2020-02-10,2020-02-23,8284,44791,3246.0,289.0,34.0,190.0,0.0,0.0,395.0,0.0,304.0,1212.0,,11,
BP1,KT2A,BP1KT2A,VOLTA WERKE,60545-003,115/22,25,1993.0,2021-02-20,2021-04-26,19330,45000,2038.0,78.0,29.0,89.0,0.0,2.0,229.0,25.0,242.0,694.0,52,24,
BP1,KT2A,BP1KT2A,VOLTA WERKE,60545-003,115/22,25,1993.0,2022-02-07,2022-03-07,9082,55867,3817.0,197.0,9.0,97.0,0.0,7.0,282.0,0.0,133.0,725.0,52,15,
BP1,KT2A,BP1KT2A,VOLTA WERKE,60545-003,115/22,25,1993.0,2023-02-12,2023-03-12,6336,57268,4599.0,280.0,9.0,140.0,0.0,0.0,333.0,0.0,177.0,939.0,54,16,
BP1,KT2A,BP1KT2A,VOLTA WERKE,60545-003,115/22,25,1993.0,2024-02-25,2024-03-21,7166,72646,4765.0,292.0,7.0,161.0,0.0,0.0,343.0,0.0,231.0,1034.0,54,8,
BP1,KT3A,BP1KT3A,ELEKTRO-BAU,136700,115/22,50,,2019-03-11,2019-06-21,9674,36546,1194.0,91.0,8.0,56.0,0.0,16.0,210.0,0.0,86.0,467.0,62,39,-
BP1,KT3A,BP1KT3A,ELEKTRO-BAU,136700,115/22,50,,2019-03-21,2019-03-30,8312,37658,1123.0,94.0,10.0,62.0,0.0,13.0,204.0,0.0,93.0,476.0,62,21,-
BP1,KT3A,BP1KT3A,ELEKTRO-BAU,136700,115/22,50,,2020-12-22,2021-01-09,15302,44281,6176.0,261.0,50.0,129.0,0.0,4.0,333.0,0.0,288.0,1065.0,,15,research
BP1,KT3A,BP1KT3A,ELEKTRO-BAU,136700,115/22,50,,2021-02-20,2021-04-26,5950,52110,1314.0,82.0,33.0,57.0,0.0,4.0,157.0,28.0,215.0,494.0,50,21,
BP1,KT3A,BP1KT3A,ELEKTRO-BAU,136700,115/22,50,,2021-11-28,2021-12-03,5732,49048,2754.0,137.0,55.0,19.0,0.0,7.0,242.0,0.0,228.0,688.0,50,8,repeat
BP1,KT3A,BP1KT3A,ELEKTRO-BAU,136700,115/22,50,,2022-02-07,2022-03-07,4654,35623,2319.0,107.0,38.0,68.0,0.0,9.0,214.0,0.0,110.0,546.0,42,11,
BP1,KT3A,BP1KT3A,ELEKTRO-BAU,136700,115/22,50,,2023-02-12,2023-03-12,6683,39244,2802.0,212.0,49.0,79.0,0.0,0.0,222.0,0.0,161.0,723.0,50,16,
BP1,KT3A,BP1KT3A,ELEKTRO-BAU,136700,115/22,50,,2024-02-25,2024-03-21,11229,59705,2913.0,217.0,31.0,74.0,0.0,13.0,246.0,0.0,218.0,799.0,50,16,
BP2,KT1A,BP2KT1A,FUJI,AX69026T1-1,230/121/33,200,,2019-04-11,2019-06-21,10038,54402,4270.0,120.0,21.0,73.0,0.0,8.0,252.0,0.0,138.0,612.0,72,36,-
BP2,KT1A,BP2KT1A,FUJI,AX69026T1-1,230/121/33,200,,2019-11-09,2019-11-30,9569,59402,4748.0,95.0,36.0,83.0,0.0,12.0,262.0,0.0,134.0,622.0,72,10,-
BP2,KT1A,BP2KT1A,FUJI,AX69026T1-1,230/121/33,200,,2020-05-17,2020-06-05,7411,55710,4598.0,82.0,33.0,83.0,0.0,13.0,270.0,0.0,252.0,735.0,66,15,
BP2,KT1A,BP2KT1A,FUJI,AX69026T1-1,230/121/33,200,,2021-05-22,2021-08-03,7422,62869,4538.0,102.0,45.0,98.0,0.0,4.0,267.0,0.0,171.0,687.0,66,22,
BP2,KT1A,BP2KT1A,FUJI,AX69026T1-1,230/121/33,200,,2022-05-28,2022-06-05,3500,32320,2302.0,49.0,17.0,16.0,0.0,16.0,49.0,13.0,41.0,201.0,38,10,
BP2,KT1A,BP2KT1A,FUJI,AX69026T1-1,230/121/33,200,,2022-11-18,2022-12-04,5532,31054,2361.0,65.0,14.0,24.0,0.0,2.0,59.0,0.0,43.0,207.0,52,8,
BP2,KT1A,BP2KT1A,FUJI,AX69026T1-1,230/121/33,200,,2023-05-12,2023-06-09,7940,30492,2199.0,49.0,21.0,23.0,0.0,7.0,81.0,3.0,31.0,215.0,0,15,
BP2,KT1A,BP2KT1A,FUJI,AX69026T1-1,230/121/33,200,,2023-11-12,2023-12-29,7951,45599,2480.0,83.0,33.0,42.0,0.0,3.0,113.0,0.0,62.0,336.0,59,6,
BP2,KT1A,BP2KT1A,FUJI,AX69026T1-1,230/121/33,200,,2024-05-24,2024-06-02,7700,56342,2483.0,89.0,29.0,67.0,0.0,7.0,153.0,3.0,76.0,424.0,40,8,
BP2,KT2A,BP2KT2A,FUJI,AX69026T1-2,230/115,200,,2019-04-11,2019-06-21,11224,49630,3897.0,84.0,19.0,77.0,0.0,5.0,254.0,0.0,124.0,563.0,73,23,-
BP2,KT2A,BP2KT2A,FUJI,AX69026T1-2,230/115,200,,2019-11-09,2019-11-30,16608,76520,4659.0,98.0,48.0,78.0,0.0,6.0,301.0,0.0,151.0,682.0,68,16,-
BP2,KT2A,BP2KT2A,FUJI,AX69026T1-2,230/115,200,,2020-05-17,2020-06-05,7388,57696,4801.0,92.0,59.0,68.0,0.0,5.0,307.0,0.0,292.0,823.0,64,13,
BP2,KT2A,BP2KT2A,FUJI,AX69026T1-2,230/115,200,,2021-05-22,2021-07-25,9762,63700,5310.0,106.0,50.0,77.0,0.0,7.0,298.0,0.0,187.0,725.0,73,18,
BP2,KT2A,BP2KT2A,FUJI,AX69026T1-2,230/115,200,,2022-05-28,2022-06-05,5330,80950,4028.0,69.0,102.0,78.0,0.0,38.0,295.0,66.0,192.0,840.0,57,7,
BP2,KT2A,BP2KT2A,FUJI,AX69026T1-2,230/115,200,,2022-11-18,2022-12-04,6908,70524,3867.0,80.0,34.0,117.0,0.0,6.0,388.0,13.0,210.0,848.0,53,9,
BP2,KT2A,BP2KT2A,FUJI,AX69026T1-2,230/115,200,,2023-05-12,2023-06-09,9988,59563,3942.0,88.0,43.0,90.0,0.0,6.0,344.0,22.0,85.0,678.0,52,5,
BP2,KT2A,BP2KT2A,FUJI,AX69026T1-2,230/115,200,,2023-11-12,2023-12-29,6548,72021,4621.0,122.0,59.0,127.0,0.0,8.0,450.0,0.0,201.0,967.0,55,9,
BP2,KT2A,BP2KT2A,FUJI,AX69026T1-2,230/115,200,,2024-05-24,2024-06-02,6284,45957,4306.0,108.0,69.0,177.0,0.0,13.0,530.0,159.0,387.0,1443.0,49,7,
BP2,KT4A,BP2KT4A,MITSUBISHI,573074,115/22,40,1998.0,2019-04-11,2019-06-21,11098,47027,7689.0,131.0,34.0,127.0,0.0,7.0,346.0,0.0,166.0,811.0,69,34,-
BP2,KT4A,BP2KT4A,MITSUBISHI,573074,115/22,40,1998.0,2021-05-22,2021-08-03,15975,60311,6081.0,108.0,30.0,97.0,0.0,7.0,355.0,0.0,119.0,716.0,72,23,
BP2,KT4A,BP2KT4A,MITSUBISHI,573074,115/22,40,1998.0,2022-05-28,2022-06-05,6560,56760,4946.0,61.0,79.0,72.0,0.0,42.0,282.0,11.0,183.0,730.0,68,25,
BP2,KT4A,BP2KT4A,MITSUBISHI,573074,115/22,40,1998.0,2023-05-12,2023-06-09,5384,43889,5263.0,135.0,117.0,116.0,0.0,8.0,469.0,5.0,109.0,959.0,78,24,
BP2,KT4A,BP2KT4A,MITSUBISHI,573074,115/22,40,1998.0,2024-05-24,2024-06-02,4953,39642,6945.0,166.0,148.0,265.0,0.0,13.0,715.0,62.0,483.0,1852.0,68,23,
BP2,KT5A,BP2KT5A,FUJI,A1Z69040T2,230/115,200,2008.0,2019-11-09,2019-11-30,10320,55439,3002.0,164.0,27.0,49.0,0.0,5.0,171.0,0.0,73.0,489.0,67,9,-
BP2,KT5A,BP2KT5A,FUJI,A1Z69040T2,230/115,200,2008.0,2020-05-17,2020-06-05,5495,56129,2878.0,151.0,25.0,62.0,0.0,4.0,215.0,0.0,159.0,616.0,66,12,
BP2,KT5A,BP2KT5A,FUJI,A1Z69040T2,230/115,200,2008.0,2021-05-22,2021-08-03,7202,60689,2573.0,152.0,25.0,67.0,0.0,4.0,283.0,0.0,84.0,615.0,75,22,
BP2,KT5A,BP2KT5A,FUJI,A1Z69040T2,230/115,200,2008.0,2022-05-28,2022-06-05,4770,96900,2491.0,95.0,36.0,63.0,0.0,3.0,263.0,480.0,183.0,1123.0,55,11,
BP2,KT5A,BP2KT5A,FUJI,A1Z69040T2,230/115,200,2008.0,2022-11-18,2022-12-04,4150,72379,2558.0,160.0,24.0,110.0,0.0,6.0,406.0,11.0,306.0,1023.0,53,8,
BP2,KT5A,BP2KT5A,FUJI,A1Z69040T2,230/115,200,2008.0,2023-05-12,2023-06-09,3790,71350,2599.0,148.0,28.0,81.0,0.0,6.0,357.0,2.0,168.0,790.0,52,9,
BP2,KT5A,BP2KT5A,FUJI,A1Z69040T2,230/115,200,2008.0,2023-11-12,2023-12-29,7620,92628,2849.0,160.0,24.0,105.0,0.0,8.0,470.0,0.0,226.0,993.0,56,10,
BP2,KT5A,BP2KT5A,FUJI,A1Z69040T2,230/115,200,2008.0,2024-05-24,2024-06-02,8710,98932,2526.0,158.0,29.0,128.0,0.0,13.0,523.0,13.0,249.0,1113.0,52,6,
BP2,KT6A,BP2KT6A,MITSUBISHI,573073,115/22,40,1998.0,2019-04-11,2019-06-21,8595,47211,5404.0,135.0,44.0,127.0,0.0,9.0,384.0,0.0,216.0,915.0,59,22,-
BP2,KT6A,BP2KT6A,MITSUBISHI,573073,115/22,40,1998.0,2021-05-22,2021-08-03,10795,54466,3971.0,104.0,38.0,82.0,0.0,8.0,320.0,0.0,115.0,667.0,60,23,
BP2,KT6A,BP2KT6A,MITSUBISHI,573073,115/22,40,1998.0,2022-05-28,2022-06-05,3850,61880,3299.0,69.0,86.0,76.0,0.0,31.0,296.0,14.0,185.0,757.0,61,22,
BP2,KT6A,BP2KT6A,MITSUBISHI,573073,115/22,40,1998.0,2023-05-12,2023-06-09,4806,42220,4180.0,121.0,92.0,116.0,0.0,11.0,397.0,0.0,110.0,847.0,65,20,
BP2,KT6A,BP2KT6A,MITSUBISHI,573073,115/22,40,1998.0,2024-05-24,2024-06-02,10152,59688,4371.0,138.0,48.0,134.0,0.0,20.0,584.0,12.0,248.0,1184.0,62,17,
BPI,KT1A,BPIKT1A,RADE KONCAR,338033,115/22,50,2005.0,2019-04-01,2019-04-19,4691,50982,4730.0,547.0,24.0,28.0,0.0,7.0,13.0,0.0,0.0,619.0,37,12,-
BPI,KT1A,BPIKT1A,RADE KONCAR,338033,115/22,50,2005.0,2020-05-02,2020-06-01,10210,49512,3784.0,412.0,31.0,62.0,0.0,15.0,16.0,26.0,6.0,568.0,39,15,
BPI,KT1A,BPIKT1A,RADE KONCAR,338033,115/22,50,2005.0,2021-01-20,2021-01-29,6192,50424,6010.0,530.0,30.0,20.0,0.0,8.0,12.0,0.0,4.0,604.0,,8,
BPI,KT1A,BPIKT1A,RADE KONCAR,338033,115/22,50,2005.0,2022-03-10,2022-03-27,4931,48976,4580.0,664.0,21.0,0.0,0.0,29.0,27.0,0.0,0.0,741.0,38,15,
BPI,KT1A,BPIKT1A,RADE KONCAR,338033,115/22,50,2005.0,2023-03-10,2023-03-17,7018,65424,5665.0,762.0,42.0,48.0,0.0,33.0,23.0,31.0,8.0,947.0,60,10,
BPI,KT1A,BPIKT1A,RADE KONCAR,338033,115/22,50,2005.0,2024-03-08,2024-04-08,7316,44416,5583.0,843.0,18.0,37.0,0.0,34.0,0.0,16.0,0.0,948.0,60,6,
BPI,KT2A,BPIKT2A,EKARAT-DAIHEN,EDP011203,115/22/11,50,2011.0,2019-04-01,2019-04-19,7592,42123,1940.0,690.0,39.0,0.0,0.0,0.0,18.0,0.0,0.0,747.0,60,9,-
BPI,KT2A,BPIKT2A,EKARAT-DAIHEN,EDP011203,115/22/11,50,2011.0,2020-05-02,2020-06-01,9454,41201,1096.0,680.0,42.0,4.0,0.0,0.0,2.0,0.0,3.0,731.0,54,10,
BPI,KT2A,BPIKT2A,EKARAT-DAIHEN,EDP011203,115/22/11,50,2011.0,2021-01-20,2021-02-05,6301,57961,2603.0,762.0,38.0,3.0,0.0,0.0,1.0,0.0,3.0,807.0,32,11,
BPI,KT2A,BPIKT2A,EKARAT-DAIHEN,EDP011203,115/22/11,50,2011.0,2022-03-10,2022-03-27,7936,49319,2492.0,916.0,26.0,0.0,0.0,6.0,0.0,0.0,0.0,948.0,52,12,
BPI,KT2A,BPIKT2A,EKARAT-DAIHEN,EDP011203,115/22/11,50,2011.0,2023-03-10,2023-03-17,8668,62645,2800.0,1027.0,48.0,8.0,0.0,8.0,2.0,7.0,4.0,1104.0,52,9,
BPI,KT2A,BPIKT2A,EKARAT-DAIHEN,EDP011203,115/22/11,50,2011.0,2024-03-08,2024-04-08,14488,66086,3344.0,1154.0,21.0,64.0,0.0,18.0,71.0,7.0,5.0,1340.0,53,7,
BPK,KT1A,BPKKT1A,FUJI,AQ69061T41,230/115/22,200,1995.0,2019-01-20,2019-01-26,9716,47912,1697.0,173.0,10.0,45.0,0.0,7.0,116.0,0.0,102.0,453.0,45,24,-
BPK,KT1A,BPKKT1A,FUJI,AQ69061T41,230/115/22,200,1995.0,2019-11-07,2019-11-24,15150,73010,1566.0,170.0,64.0,67.0,0.0,10.0,153.0,162.0,118.0,744.0,55,11,-
BPK,KT1A,BPKKT1A,FUJI,AQ69061T41,230/115/22,200,1995.0,2020-12-22,2021-01-09,13785,52036,2587.0,179.0,62.0,79.0,0.0,2.0,141.0,34.0,110.0,607.0,,9,research
BPK,KT1A,BPKKT1A,FUJI,AQ69061T41,230/115/22,200,1995.0,2021-05-24,2021-06-13,4444,61463,2240.0,153.0,51.0,34.0,0.0,0.0,94.0,1.0,58.0,391.0,55,12,
BPK,KT1A,BPKKT1A,FUJI,AQ69061T41,230/115/22,200,1995.0,2022-05-15,2022-06-09,2823,34550,1909.0,212.0,18.0,73.0,0.0,2.0,145.0,0.0,65.0,515.0,58,13,
BPK,KT1A,BPKKT1A,FUJI,AQ69061T41,230/115/22,200,1995.0,2022-07-11,2022-07-14,10131,40301,1844.0,194.0,52.0,34.0,0.0,6.0,150.0,0.0,49.0,485.0,54,10,TEST AFTER TRANSFORMER TRIP.
BPK,KT1A,BPKKT1A,FUJI,AQ69061T41,230/115/22,200,1995.0,2022-11-19,2022-11-25,6376,42454,1722.0,191.0,17.0,69.0,0.0,8.0,156.0,9.0,96.0,546.0,47,8,
BPK,KT1A,BPKKT1A,FUJI,AQ69061T41,230/115/22,200,1995.0,2023-06-04,2023-06-10,6315,36163,1886.0,184.0,57.0,63.0,0.0,5.0,149.0,255.0,38.0,751.0,51,6,
BPK,KT1A,BPKKT1A,FUJI,AQ69061T41,230/115/22,200,1995.0,2024-06-23,2024-06-30,8432,46249,3083.0,200.0,34.0,74.0,0.0,9.0,177.0,10.0,99.0,603.0,60,10,
BPK,KT4A,BPKKT4A,DAIHEN,5BK012201,230/115,200,2003.0,2019-01-20,2019-01-26,9421,51662,1203.0,81.0,34.0,47.0,0.0,4.0,182.0,0.0,129.0,477.0,40,23,-
BPK,KT4A,BPKKT4A,DAIHEN,5BK012201,230/115,200,2003.0,2019-11-07,2019-11-24,16280,68050,1300.0,85.0,28.0,41.0,0.0,0.0,198.0,0.0,135.0,487.0,42,19,-
BPK,KT4A,BPKKT4A,DAIHEN,5BK012201,230/115,200,2003.0,2021-05-24,2021-06-13,10353,54760,1539.0,102.0,43.0,45.0,0.0,2.0,190.0,0.0,123.0,505.0,51,13,
BPK,KT4A,BPKKT4A,DAIHEN,5BK012201,230/115,200,2003.0,2022-05-15,2022-06-09,3349,46417,1700.0,160.0,15.0,51.0,0.0,0.0,229.0,0.0,120.0,575.0,46,11,
BPK,KT4A,BPKKT4A,DAIHEN,5BK012201,230/115,200,2003.0,2022-11-19,2022-11-27,11970,62690,893.0,35.0,7.0,34.0,0.0,1.0,157.0,2.0,110.0,346.0,40,12,
BPK,KT4A,BPKKT4A,DAIHEN,5BK012201,230/115,200,2003.0,2023-06-04,2023-06-10,2673,41152,1676.0,92.0,31.0,64.0,0.0,3.0,242.0,30.0,55.0,517.0,40,8,
BPK,KT4A,BPKKT4A,DAIHEN,5BK012201,230/115,200,2003.0,2024-06-23,2024-06-30,6701,53728,2216.0,123.0,25.0,68.0,0.0,4.0,296.0,0.0,128.0,644.0,44,8,
BPK,KT5A,BPKKT5A,MEIDENSHA,8R8395T1,115/22,50,2008.0,2019-11-14,2019-11-24,5400,31570,1700.0,180.0,18.0,20.0,0.0,10.0,22.0,68.0,16.0,334.0,57,10,-
BPK,KT5A,BPKKT5A,MEIDENSHA,8R8395T1,115/22,50,2008.0,2022-05-15,2022-06-09,5481,27580,2349.0,218.0,27.0,23.0,0.0,0.0,23.0,0.0,17.0,308.0,57,16,
BPK,KT5A,BPKKT5A,MEIDENSHA,8R8395T1,115/22,50,2008.0,2022-11-19,2022-11-27,7877,33784,1652.0,186.0,2.0,19.0,0.0,2.0,16.0,4.0,12.0,241.0,47,9,
BPK,KT5A,BPKKT5A,MEIDENSHA,8R8395T1,115/22,50,2008.0,2023-06-04,2023-06-10,3803,23972,2458.0,216.0,14.0,22.0,0.0,3.0,25.0,92.0,10.0,382.0,50,10,
BPK,KT5A,BPKKT5A,MEIDENSHA,8R8395T1,115/22,50,2008.0,2024-06-23,2024-06-30,8093,38283,3507.0,277.0,23.0,35.0,0.0,3.0,38.0,5.0,25.0,406.0,70,16,
BPL,KT1A,BPLKT1A,MITSUBISHI,7312504701,220/69/11,200,1987.0,2019-05-31,2019-06-30,6194,35212,3691.0,166.0,128.0,18.0,0.0,0.0,28.0,0.0,18.0,358.0,45,20,-
BPL,KT1A,BPLKT1A,MITSUBISHI,7312504701,220/69/11,200,1987.0,2019-11-14,2019-11-25,8330,56160,3781.0,200.0,38.0,13.0,0.0,0.0,18.0,0.0,15.0,284.0,45,20,-
BPL,KT1A,BPLKT1A,MITSUBISHI,7312504701,220/69/11,200,1987.0,2020-05-15,2020-05-29,2954,43992,3245.0,162.0,69.0,27.0,0.0,0.0,33.0,10.0,28.0,229.0,50,16,
BPL,KT1A,BPLKT1A,MITSUBISHI,7312504701,220/69/11,200,1987.0,2020-11-22,2020-12-04,3178,37750,2361.0,72.0,28.0,4.0,0.0,0.0,23.0,2.0,13.0,142.0,64,11,
BPL,KT1A,BPLKT1A,MITSUBISHI,7312504701,220/69/11,200,1987.0,2021-05-24,2021-07-12,4888,38807,4259.0,202.0,37.0,5.0,0.0,0.0,49.0,0.0,0.0,293.0,59,14,
BPL,KT1A,BPLKT1A,MITSUBISHI,7312504701,220/69/11,200,1987.0,2021-11-14,2021-12-11,14910,54750,3375.0,175.0,4.0,15.0,0.0,0.0,23.0,8.0,21.0,246.0,52,23,
BPL,KT1A,BPLKT1A,MITSUBISHI,7312504701,220/69/11,200,1987.0,2022-05-28,2022-06-02,4604,42356,3386.0,163.0,60.0,29.0,0.0,3.0,26.0,11.0,19.0,311.0,,11,
BPL,KT1A,BPLKT1A,MITSUBISHI,7312504701,220/69/11,200,1987.0,2023-05-22,2023-05-26,9047,56767,3423.0,178.0,59.0,18.0,0.0,0.0,13.0,0.0,19.0,287.0,51,17,
BPL,KT1A,BPLKT1A,MITSUBISHI,7312504701,220/69/11,200,1987.0,2023-11-26,2023-12-21,7697,47808,2440.0,85.0,89.0,22.0,0.0,29.0,4.0,20.0,0.0,249.0,48,16,
BPL,KT2A,BPLKT2A,TRAFO UNION,S.251386,220/115/11,200,1994.0,2019-04-12,2019-04-12,8452,48128,5094.0,279.0,26.0,106.0,0.0,8.0,186.0,0.0,89.0,694.0,-,-,-
BPL,KT2A,BPLKT2A,TRAFO UNION,S.251386,220/115/11,200,1994.0,2019-07-27,2019-08-30,7349,40805,4443.0,207.0,16.0,83.0,0.0,6.0,156.0,0.0,117.0,585.0,60,18,-
BPL,KT2A,BPLKT2A,TRAFO UNION,S.251386,220/115/11,200,1994.0,2019-11-14,2019-11-28,12909,50351,4910.0,252.0,20.0,94.0,0.0,8.0,188.0,0.0,0.0,562.0,67,14,-
BPL,KT2A,BPLKT2A,TRAFO UNION,S.251386,220/115/11,200,1994.0,2020-05-15,2020-05-29,8206,48285,4991.0,284.0,49.0,124.0,0.0,3.0,224.0,29.0,177.0,890.0,70,12,
BPL,KT2A,BPLKT2A,TRAFO UNION,S.251386,220/115/11,200,1994.0,2020-11-22,2020-12-04,5001,50623,5536.0,319.0,21.0,102.0,0.0,3.0,190.0,0.0,115.0,750.0,60,8,
BPL,KT2A,BPLKT2A,TRAFO UNION,S.251386,220/115/11,200,1994.0,2021-11-14,2021-12-11,13060,55940,4666.0,206.0,3.0,66.0,0.0,0.0,180.0,25.0,168.0,648.0,60,9,
BPL,KT2A,BPLKT2A,TRAFO UNION,S.251386,220/115/11,200,1994.0,2022-05-28,2022-06-02,11501,76354,6595.0,333.0,12.0,90.0,0.0,8.0,207.0,70.0,14.0,734.0,,16,
BPL,KT2A,BPLKT2A,TRAFO UNION,S.251386,220/115/11,200,1994.0,2023-05-22,2023-05-26,9975,65521,6438.0,296.0,15.0,60.0,0.0,8.0,200.0,8.0,127.0,714.0,62,11,
BPL,KT2A,BPLKT2A,TRAFO UNION,S.251386,220/115/11,200,1994.0,2023-11-26,2023-12-21,20310,65263,4659.0,247.0,22.0,100.0,0.0,7.0,199.0,5.0,124.0,704.0,60,16,
BPL,KT3A,BPLKT3A,FUJI,AV69020T2,220/115/11,200,2003.0,2019-05-31,2019-06-29,9368,37738,2863.0,93.0,33.0,44.0,0.0,5.0,144.0,0.0,76.0,395.0,54,19,-
BPL,KT3A,BPLKT3A,FUJI,AV69020T2,220/115/11,200,2003.0,2019-11-14,2019-11-25,6490,53580,2900.0,95.0,18.0,52.0,0.0,0.0,186.0,0.0,128.0,479.0,-,14,-
BPL,KT3A,BPLKT3A,FUJI,AV69020T2,220/115/11,200,2003.0,2020-05-15,2020-05-31,26694,43964,1124.0,140.0,10.0,0.0,0.0,0.0,0.0,0.0,0.0,150.0,60,10,
BPL,KT3A,BPLKT3A,FUJI,AV69020T2,220/115/11,200,2003.0,2020-12-20,2020-12-22,8985,49792,3988.0,134.0,48.0,51.0,0.0,0.0,158.0,0.0,116.0,507.0,38,7,
BPL,KT3A,BPLKT3A,FUJI,AV69020T2,220/115/11,200,2003.0,2021-11-14,2021-12-11,18690,55750,3030.0,128.0,2.0,28.0,0.0,0.0,151.0,37.0,136.0,482.0,50,14,
BPL,KT3A,BPLKT3A,FUJI,AV69020T2,220/115/11,200,2003.0,2022-05-28,2022-06-02,6873,44252,4766.0,137.0,14.0,75.0,0.0,5.0,205.0,60.0,121.0,617.0,,9,
BPL,KT3A,BPLKT3A,FUJI,AV69020T2,220/115/11,200,2003.0,2023-05-22,2023-05-26,5060,35974,5124.0,203.0,35.0,59.0,0.0,7.0,130.0,3.0,71.0,508.0,53,8,
BPL,KT3A,BPLKT3A,FUJI,AV69020T2,220/115/11,200,2003.0,2023-11-26,2023-12-21,9913,49271,4031.0,95.0,36.0,67.0,0.0,3.0,239.0,0.0,106.0,546.0,32,10,
BPL,KT4A,BPLKT4A,TOSHIBA,91900005,220/69/11,200,2004.0,2019-07-27,2019-08-30,6953,47355,6106.0,184.0,49.0,173.0,0.0,91.0,299.0,92.0,203.0,1091.0,69,23,-
BPL,KT4A,BPLKT4A,TOSHIBA,91900005,220/69/11,200,2004.0,2019-11-14,2019-11-28,6180,42511,6980.0,187.0,110.0,200.0,0.0,95.0,311.0,55.0,186.0,1144.0,62,83,-
BPL,KT4A,BPLKT4A,TOSHIBA,91900005,220/69/11,200,2004.0,2020-05-15,2020-05-29,5064,49852,6036.0,179.0,305.0,331.0,0.0,263.0,513.0,207.0,393.0,2191.0,60,38,
BPL,KT4A,BPLKT4A,TOSHIBA,91900005,220/69/11,200,2004.0,2020-11-22,2020-12-04,4764,48620,7148.0,206.0,469.0,238.0,0.0,101.0,374.0,99.0,214.0,1701.0,60,42,
BPL,KT4A,BPLKT4A,TOSHIBA,91900005,220/69/11,200,2004.0,2021-05-24,2021-07-12,8817,48609,7401.0,204.0,49.0,161.0,0.0,104.0,374.0,137.0,216.0,1245.0,60,16,
BPL,KT4A,BPLKT4A,TOSHIBA,91900005,220/69/11,200,2004.0,2021-11-14,2021-12-11,12800,55570,7275.0,181.0,63.0,100.0,0.0,37.0,273.0,134.0,269.0,1057.0,62,21,
BPL,KT4A,BPLKT4A,TOSHIBA,91900005,220/69/11,200,2004.0,2022-05-28,2022-06-02,3280,45509,7314.0,224.0,55.0,255.0,0.0,113.0,386.0,174.0,269.0,1476.0,,26,
BPL,KT4A,BPLKT4A,TOSHIBA,91900005,220/69/11,200,2004.0,2023-06-07,2023-06-09,5540,40447,6647.0,210.0,34.0,182.0,0.0,89.0,366.0,49.0,134.0,1064.0,55,25,
BPL,KT4A,BPLKT4A,TOSHIBA,91900005,220/69/11,200,2004.0,2023-11-26,2023-12-21,10926,52115,8350.0,232.0,50.0,209.0,0.0,98.0,353.0,61.0,238.0,1241.0,58,40,
BPL,KT5A,BPLKT5A,JEUMONT,95401,220/115/22,200,2009.0,2019-05-31,2019-06-29,10832,39579,4684.0,285.0,22.0,65.0,0.0,6.0,86.0,0.0,47.0,511.0,58,27,-
BPL,KT5A,BPLKT5A,JEUMONT,95401,220/115/22,200,2009.0,2019-11-14,2019-11-28,19760,65170,4981.0,290.0,17.0,66.0,0.0,3.0,106.0,16.0,83.0,581.0,58,12,-
BPL,KT5A,BPLKT5A,JEUMONT,95401,220/115/22,200,2009.0,2020-05-15,2020-05-29,6071,43716,4679.0,294.0,72.0,129.0,0.0,4.0,137.0,44.0,105.0,785.0,54,13,
BPL,KT5A,BPLKT5A,JEUMONT,95401,220/115/22,200,2009.0,2020-12-20,2020-12-22,6392,50216,4607.0,399.0,52.0,96.0,0.0,0.0,105.0,0.0,75.0,727.0,52,10,
BPL,KT5A,BPLKT5A,JEUMONT,95401,220/115/22,200,2009.0,2021-05-24,2021-07-11,7260,41010,4671.0,167.0,33.0,52.0,0.0,0.0,46.0,26.0,36.0,360.0,62,12,
BPL,KT5A,BPLKT5A,JEUMONT,95401,220/115/22,200,2009.0,2021-11-14,2021-12-11,7490,38180,4699.0,245.0,7.0,57.0,0.0,0.0,89.0,16.0,86.0,500.0,58,9,
BPL,KT5A,BPLKT5A,JEUMONT,95401,220/115/22,200,2009.0,2022-05-28,2022-06-02,5770,40714,7509.0,512.0,23.0,70.0,0.0,10.0,129.0,12.0,79.0,835.0,,9,
BPL,KT5A,BPLKT5A,JEUMONT,95401,220/115/22,200,2009.0,2023-05-22,2023-05-26,4477,36863,7157.0,436.0,36.0,61.0,0.0,18.0,123.0,12.0,70.0,756.0,55,8,
BPL,KT5A,BPLKT5A,JEUMONT,95401,220/115/22,200,2009.0,2023-11-26,2023-12-21,9605,38115,7255.0,369.0,46.0,107.0,0.0,17.0,150.0,0.0,84.0,773.0,58,12,
BPL,KT6A,BPLKT6A,TAKAOKA,8946849,230/72/11,200,2009.0,2019-05-31,2019-06-29,7322,43686,1705.0,231.0,13.0,7.0,0.0,11.0,6.0,0.0,0.0,268.0,36,21,-
BPL,KT6A,BPLKT6A,TAKAOKA,8946849,230/72/11,200,2009.0,2019-11-14,2019-11-28,19500,72870,1710.0,240.0,12.0,7.0,0.0,10.0,5.0,0.0,0.0,274.0,52,15,-
BPL,KT6A,BPLKT6A,TAKAOKA,8946849,230/72/11,200,2009.0,2020-05-15,2020-05-29,12701,70352,1425.0,435.0,46.0,7.0,0.0,10.0,6.0,11.0,8.0,523.0,34,15,
BPL,KT6A,BPLKT6A,TAKAOKA,8946849,230/72/11,200,2009.0,2020-12-20,2020-12-22,12674,50597,1934.0,533.0,40.0,6.0,0.0,9.0,5.0,9.0,7.0,609.0,27,7,De-energize .
BPL,KT6A,BPLKT6A,TAKAOKA,8946849,230/72/11,200,2009.0,2021-05-24,2021-07-12,28756,55871,3262.0,285.0,15.0,4.0,0.0,6.0,3.0,11.0,62.0,386.0,,26,
BPL,KT6A,BPLKT6A,TAKAOKA,8946849,230/72/11,200,2009.0,2021-11-14,2021-12-11,15750,51150,2021.0,244.0,2.0,3.0,0.0,5.0,3.0,10.0,6.0,273.0,62,11,
BPL,KT6A,BPLKT6A,TAKAOKA,8946849,230/72/11,200,2009.0,2022-05-28,2022-06-02,9807,72184,3980.0,586.0,13.0,18.0,0.0,14.0,5.0,5.0,6.0,647.0,,12,
BPL,KT6A,BPLKT6A,TAKAOKA,8946849,230/72/11,200,2009.0,2023-05-22,2023-05-26,7225,75094,3329.0,550.0,16.0,9.0,0.0,24.0,5.0,5.0,6.0,615.0,0,10,
BPL,KT6A,BPLKT6A,TAKAOKA,8946849,230/72/11,200,2009.0,2023-11-26,2023-12-24,23679,78585,2896.0,616.0,23.0,8.0,0.0,23.0,6.0,5.0,7.0,688.0,30,21,
BPL,KT7A,BPLKT7A,TAKAOKA,8946786,220/72/11,200,2009.0,2019-02-11,2019-02-14,4780,38973,3058.0,655.0,13.0,10.0,0.0,1.0,2.0,2.0,2.0,685.0,44,18,Tx.tripด้วย relay 87k
BPL,KT7A,BPLKT7A,TAKAOKA,8946786,220/72/11,200,2009.0,2019-05-31,2019-06-29,8170,42280,3218.0,556.0,15.0,9.0,0.0,0.0,0.0,0.0,0.0,580.0,57,17,-
BPL,KT7A,BPLKT7A,TAKAOKA,8946786,220/72/11,200,2009.0,2019-11-14,2019-11-25,16610,60610,3250.0,570.0,13.0,15.0,0.0,0.0,0.0,0.0,0.0,598.0,54,12,-
BPL,KT7A,BPLKT7A,TAKAOKA,8946786,220/72/11,200,2009.0,2020-05-15,2020-05-29,7186,35110,3284.0,504.0,32.0,5.0,0.0,0.0,2.0,0.0,2.0,545.0,34,11,De-Energize
BPL,KT7A,BPLKT7A,TAKAOKA,8946786,220/72/11,200,2009.0,2020-11-22,2020-12-04,5166,36519,3001.0,710.0,15.0,0.0,0.0,0.0,3.0,3.0,6.0,737.0,34,8,
BPL,KT7A,BPLKT7A,TAKAOKA,8946786,220/72/11,200,2009.0,2021-05-24,2021-07-11,24340,83390,3980.0,410.0,29.0,5.0,0.0,0.0,1.0,0.0,3.0,448.0,34,26,
BPL,KT7A,BPLKT7A,TAKAOKA,8946786,220/72/11,200,2009.0,2021-11-14,2021-12-11,17060,46750,2862.0,249.0,2.0,3.0,0.0,0.0,2.0,28.0,5.0,289.0,30,18,
BPL,KT7A,BPLKT7A,TAKAOKA,8946786,220/72/11,200,2009.0,2022-05-28,2022-06-02,8127,40476,4867.0,677.0,19.0,12.0,0.0,2.0,5.0,6.0,9.0,730.0,,9,
BPL,KT7A,BPLKT7A,TAKAOKA,8946786,220/72/11,200,2009.0,2023-05-22,2023-05-26,8425,51986,4256.0,606.0,26.0,13.0,0.0,2.0,3.0,2.0,5.0,657.0,53,11,
BPL,KT7A,BPLKT7A,TAKAOKA,8946786,220/72/11,200,2009.0,2023-11-26,2023-12-21,14427,51361,4389.0,822.0,37.0,16.0,0.0,6.0,6.0,3.0,8.0,898.0,48,10,
BR,KT1A,BRKT1A,RADEKONCAR,338029,115/22,50,2004.0,2019-03-23,2019-04-18,8295,41639,6189.0,810.0,14.0,49.0,0.0,54.0,56.0,0.0,49.0,1032.0,57,17,-
BR,KT1A,BRKT1A,RADEKONCAR,338029,115/22,50,2004.0,2020-03-22,2020-05-25,8290,51580,6703.0,851.0,35.0,123.0,0.0,21.0,50.0,0.0,17.0,1097.0,57,15,
BR,KT1A,BRKT1A,RADEKONCAR,338029,115/22,50,2004.0,2021-01-11,2021-02-05,5741,62477,7798.0,814.0,25.0,108.0,0.0,15.0,37.0,12.0,13.0,1024.0,50,8,
BR,KT1A,BRKT1A,RADEKONCAR,338029,115/22,50,2004.0,2022-02-28,2022-03-27,14790,77260,5281.0,508.0,12.0,51.0,0.0,14.0,31.0,37.0,12.0,665.0,45,12,
BR,KT1A,BRKT1A,RADEKONCAR,338029,115/22,50,2004.0,2023-02-21,2023-03-04,7863,56673,7034.0,1245.0,10.0,68.0,0.0,40.0,45.0,62.0,11.0,1481.0,40,8,After Buchholz alarm & TX. Pres Relief Dev.alarm
BR,KT1A,BRKT1A,RADEKONCAR,338029,115/22,50,2004.0,2023-02-25,2023-03-12,12886,45291,6996.0,1113.0,11.0,56.0,0.0,38.0,36.0,34.0,8.0,1296.0,56,11,
BR,KT1A,BRKT1A,RADEKONCAR,338029,115/22,50,2004.0,2024-02-24,2024-04-08,12481,52099,7526.0,1021.0,4.0,3.0,0.0,55.0,43.0,58.0,13.0,1197.0,55,11,
BR,KT2A,BRKT2A,ABB,52009,115/22/11,50,2007.0,2019-03-23,2019-04-21,8149,38953,1408.0,164.0,12.0,53.0,0.0,0.0,22.0,0.0,0.0,251.0,53,15,-
BR,KT2A,BRKT2A,ABB,52009,115/22/11,50,2007.0,2020-03-22,2020-05-25,7520,46660,1095.0,165.0,28.0,87.0,0.0,0.0,29.0,0.0,14.0,323.0,43,18,
BR,KT2A,BRKT2A,ABB,52009,115/22/11,50,2007.0,2021-01-11,2021-02-01,6532,51974,1765.0,98.0,18.0,60.0,0.0,0.0,21.0,0.0,11.0,208.0,45,8,
BR,KT2A,BRKT2A,ABB,52009,115/22/11,50,2007.0,2022-02-28,2022-03-27,5775,37174,1502.0,168.0,15.0,0.0,0.0,0.0,32.0,0.0,0.0,215.0,36,14,
BR,KT2A,BRKT2A,ABB,52009,115/22/11,50,2007.0,2023-02-25,2023-03-11,8205,46345,4598.0,229.0,5.0,61.0,0.0,1.0,25.0,0.0,12.0,333.0,56,17,
BR,KT2A,BRKT2A,ABB,52009,115/22/11,50,2007.0,2024-02-24,2024-04-08,8547,41725,2080.0,250.0,4.0,102.0,0.0,4.0,37.0,7.0,19.0,423.0,48,13,
BSP,KT1A,BSPKT1A,ABB,103724,230/115,200,2007.0,2019-10-19,2019-11-25,9210,32696,1484.0,516.0,13.0,0.0,0.0,0.0,0.0,0.0,0.0,529.0,54,11,-
BSP,KT1A,BSPKT1A,ABB,103724,230/115,200,2007.0,2020-04-26,2020-05-03,4758,27173,1628.0,680.0,47.0,9.0,0.0,0.0,13.0,0.0,7.0,756.0,44,8,
BSP,KT1A,BSPKT1A,ABB,103724,230/115,200,2007.0,2021-04-18,2021-06-07,23900,48120,735.0,190.0,57.0,4.0,0.0,0.0,2.0,0.0,1.0,254.0,50,30,
BSP,KT1A,BSPKT1A,ABB,103724,230/115,200,2007.0,2022-05-21,2022-05-26,6050,34273,1697.0,572.0,7.0,8.0,0.0,1.0,6.0,0.0,0.0,594.0,48,9,
BSP,KT1A,BSPKT1A,ABB,103724,230/115,200,2007.0,2022-10-16,2023-01-27,38713,67474,1699.0,566.0,5.0,2.0,0.0,0.0,0.0,0.0,0.0,573.0,53,13,
BSP,KT1A,BSPKT1A,ABB,103724,230/115,200,2007.0,2023-01-20,2023-02-02,5150,39140,1692.0,564.0,4.0,9.0,0.0,0.0,7.0,0.0,0.0,584.0,50,10,
BSP,KT1A,BSPKT1A,ABB,103724,230/115,200,2007.0,2023-04-23,2023-05-08,12071,48427,1502.0,495.0,3.0,7.0,0.0,0.0,0.0,0.0,0.0,505.0,48,10,
BSP,KT1A,BSPKT1A,ABB,103724,230/115,200,2007.0,2023-10-13,2023-12-11,19790,29180,1529.0,416.0,3.0,7.0,0.0,2.0,1.0,48.0,0.0,477.0,54,16,
BSP,KT1A,BSPKT1A,ABB,103724,230/115,200,2007.0,2024-04-20,2024-04-27,8581,27654,1988.0,745.0,12.0,5.0,0.0,0.0,0.0,0.0,0.0,762.0,54,5,
BSP,KT2A,BSPKT2A,ABB,103725,230/115,200,2007.0,2019-10-19,2019-11-24,10533,38361,1250.0,463.0,20.0,7.0,0.0,0.0,0.0,23.0,0.0,513.0,56,10,-
BSP,KT2A,BSPKT2A,ABB,103725,230/115,200,2007.0,2020-04-26,2020-05-03,2357,29768,1839.0,737.0,28.0,9.0,0.0,0.0,6.0,0.0,3.0,783.0,46,7,
BSP,KT2A,BSPKT2A,ABB,103725,230/115,200,2007.0,2021-04-18,2021-06-07,16040,50130,880.0,208.0,46.0,3.0,0.0,0.0,1.0,1.0,1.0,260.0,52,20,
BSP,KT2A,BSPKT2A,ABB,103725,230/115,200,2007.0,2022-05-21,2022-05-26,5690,33937,1678.0,516.0,10.0,2.0,0.0,0.0,0.0,0.0,0.0,528.0,54,5,
BSP,KT2A,BSPKT2A,ABB,103725,230/115,200,2007.0,2022-10-16,2023-01-27,37645,66899,1680.0,516.0,5.0,2.0,0.0,0.0,0.0,0.0,0.0,523.0,0,14,
BSP,KT2A,BSPKT2A,ABB,103725,230/115,200,2007.0,2023-01-20,2023-02-02,4440,39160,1655.0,524.0,4.0,4.0,0.0,0.0,1.0,28.0,0.0,561.0,51,10,
BSP,KT2A,BSPKT2A,ABB,103725,230/115,200,2007.0,2023-04-23,2023-05-07,6337,43937,1785.0,596.0,5.0,6.0,0.0,1.0,1.0,1.0,1.0,611.0,50,14,
BSP,KT2A,BSPKT2A,ABB,103725,230/115,200,2007.0,2023-10-13,2023-12-05,12737,43178,1870.0,556.0,17.0,5.0,0.0,1.0,2.0,9.0,0.0,590.0,57,12,
BSP,KT2A,BSPKT2A,ABB,103725,230/115,200,2007.0,2024-04-20,2024-04-27,6084,28326,1896.0,626.0,11.0,5.0,0.0,0.0,10.0,0.0,0.0,652.0,52,4,
BSP,KT3A,BSPKT3A,MITSUBISHI,573082,115/22,25,2007.0,2021-04-18,2021-06-08,7648,49000,2400.0,120.0,43.0,19.0,0.0,1.0,131.0,6.0,116.0,436.0,50,24,
BSP,KT3A,BSPKT3A,MITSUBISHI,573082,115/22,25,2007.0,2022-05-21,2022-05-26,9169,49702,2425.0,116.0,7.0,54.0,0.0,8.0,324.0,0.0,89.0,598.0,45,12,
BSP,KT3A,BSPKT3A,MITSUBISHI,573082,115/22,25,2007.0,2023-01-20,2023-02-02,2680,57280,2477.0,184.0,4.0,90.0,0.0,5.0,321.0,20.0,191.0,815.0,45,10,
BSP,KT3A,BSPKT3A,MITSUBISHI,573082,115/22,25,2007.0,2023-04-23,2023-05-07,2374,61675,2634.0,179.0,5.0,97.0,0.0,18.0,325.0,21.0,170.0,815.0,44,15,
BSP,KT3A,BSPKT3A,MITSUBISHI,573082,115/22,25,2007.0,2024-04-20,2024-04-27,5747,46111,2520.0,164.0,9.0,111.0,0.0,9.0,457.0,0.0,171.0,921.0,52,3,
BSP,KT4AA,BSPKT4AA,ABB NORWAY,103798,139.43/16,100,2008.0,2019-10-19,2019-11-25,13235,44348,1814.0,687.0,6.0,0.0,0.0,6.0,0.0,0.0,0.0,699.0,48,12,-
BSP,KT4AA,BSPKT4AA,ABB NORWAY,103798,139.43/16,100,2008.0,2020-04-26,2020-05-03,7715,43582,2095.0,951.0,21.0,9.0,0.0,0.0,4.0,0.0,8.0,993.0,54,20,
BSP,KT4AA,BSPKT4AA,ABB NORWAY,103798,139.43/16,100,2008.0,2020-05-24,2020-06-02,8273,33481,1748.0,687.0,11.0,0.0,0.0,5.0,0.0,0.0,0.0,703.0,,7,
BSP,KT4AA,BSPKT4AA,ABB NORWAY,103798,139.43/16,100,2008.0,2021-04-18,2021-06-11,19510,73560,1589.0,414.0,59.0,3.0,0.0,1.0,1.0,0.0,3.0,481.0,56,15,
BSP,KT4AA,BSPKT4AA,ABB NORWAY,103798,139.43/16,100,2008.0,2022-05-21,2022-05-26,13980,42131,2019.0,769.0,8.0,3.0,0.0,5.0,6.0,0.0,0.0,791.0,50,8,
BSP,KT4AA,BSPKT4AA,ABB NORWAY,103798,139.43/16,100,2008.0,2022-10-16,2023-01-27,37134,66550,2073.0,766.0,5.0,4.0,0.0,5.0,1.0,0.0,0.0,781.0,52,14,
BSP,KT4AA,BSPKT4AA,ABB NORWAY,103798,139.43/16,100,2008.0,2023-01-20,2023-02-02,7850,45440,2179.0,738.0,2.0,6.0,0.0,2.0,2.0,194.0,5.0,949.0,45,10,
BSP,KT4AA,BSPKT4AA,ABB NORWAY,103798,139.43/16,100,2008.0,2023-04-23,2023-05-07,8727,49923,2092.0,592.0,4.0,7.0,0.0,4.0,3.0,0.0,0.0,610.0,50,15,
BSP,KT4AA,BSPKT4AA,ABB NORWAY,103798,139.43/16,100,2008.0,2023-10-13,2023-12-11,10570,35880,2166.0,607.0,5.0,13.0,0.0,21.0,5.0,0.0,0.0,651.0,44,18,
BSP,KT4AA,BSPKT4AA,ABB NORWAY,103798,139.43/16,100,2008.0,2024-06-09,2024-06-28,14051,58631,4119.0,1044.0,6.0,12.0,0.0,9.0,4.0,8.0,13.0,1096.0,49,4,
BSP,KT4AB,BSPKT4AB,ABB NORWAY,103799,139.43/16,100,2008.0,2019-10-19,2019-11-25,17855,47401,1941.0,609.0,7.0,0.0,0.0,6.0,0.0,0.0,0.0,622.0,50,20,-
BSP,KT4AB,BSPKT4AB,ABB NORWAY,103799,139.43/16,100,2008.0,2020-04-26,2020-05-03,6148,39685,2478.0,952.0,14.0,7.0,0.0,5.0,3.0,2.0,8.0,991.0,54,11,
BSP,KT4AB,BSPKT4AB,ABB NORWAY,103799,139.43/16,100,2008.0,2020-05-24,2020-06-01,0,0,908.0,497.0,0.0,6.0,0.0,1.0,2.0,0.0,6.0,512.0,,10,"เครื่องไม่สามารถรายงานผลของ O2, N2, H2 ได้"
BSP,KT4AB,BSPKT4AB,ABB NORWAY,103799,139.43/16,100,2008.0,2021-04-18,2021-06-07,17930,62930,1496.0,370.0,40.0,3.0,0.0,1.0,1.0,0.0,3.0,418.0,56,17,
BSP,KT4AB,BSPKT4AB,ABB NORWAY,103799,139.43/16,100,2008.0,2022-05-21,2022-05-27,9660,38926,2599.0,795.0,9.0,4.0,0.0,6.0,4.0,0.0,0.0,818.0,50,13,
BSP,KT4AB,BSPKT4AB,ABB NORWAY,103799,139.43/16,100,2008.0,2022-10-16,2023-01-27,41029,65708,2556.0,761.0,7.0,1.0,0.0,5.0,3.0,3.0,3.0,783.0,53,16,
BSP,KT4AB,BSPKT4AB,ABB NORWAY,103799,139.43/16,100,2008.0,2023-01-20,2023-02-02,7270,45770,2573.0,774.0,3.0,6.0,0.0,3.0,3.0,0.0,0.0,789.0,45,13,
BSP,KT4AB,BSPKT4AB,ABB NORWAY,103799,139.43/16,100,2008.0,2023-04-23,2023-05-07,8141,51418,2911.0,922.0,3.0,11.0,0.0,9.0,3.0,7.0,5.0,960.0,52,13,
BSP,KT4AB,BSPKT4AB,ABB NORWAY,103799,139.43/16,100,2008.0,2023-10-13,2023-12-11,17410,33220,2936.0,939.0,4.0,13.0,0.0,13.0,4.0,10.0,5.0,988.0,44,12,
BSP,KT4AB,BSPKT4AB,ABB NORWAY,103799,139.43/16,100,2008.0,2024-04-19,2024-04-27,8225,34399,2873.0,1007.0,8.0,10.0,0.0,6.0,0.0,0.0,0.0,1031.0,52,5,
BSP,KT4AC,BSPKT4AC,ABB NORWAY,103800,139.43/16,100,2008.0,2019-10-19,2019-11-25,12219,45047,1780.0,512.0,5.0,3.0,0.0,5.0,0.0,7.0,4.0,536.0,50,17,-
BSP,KT4AC,BSPKT4AC,ABB NORWAY,103800,139.43/16,100,2008.0,2020-04-26,2020-05-03,6817,39629,2204.0,975.0,22.0,8.0,0.0,0.0,4.0,0.0,7.0,1016.0,54,11,
BSP,KT4AC,BSPKT4AC,ABB NORWAY,103800,139.43/16,100,2008.0,2020-05-24,2020-06-01,0,0,864.0,539.0,0.0,8.0,0.0,1.0,4.0,0.0,6.0,558.0,,8,"เครื่องไม่สามารถรายงานผลของ O2, N2, H2 ได้"
BSP,KT4AC,BSPKT4AC,ABB NORWAY,103800,139.43/16,100,2008.0,2021-04-18,2021-06-07,1309,5178,1125.0,383.0,23.0,4.0,0.0,0.0,1.0,0.0,0.0,411.0,56,12,
BSP,KT4AC,BSPKT4AC,ABB NORWAY,103800,139.43/16,100,2008.0,2022-05-21,2022-05-26,13407,39720,1926.0,710.0,8.0,4.0,0.0,4.0,7.0,0.0,0.0,733.0,50,14,
BSP,KT4AC,BSPKT4AC,ABB NORWAY,103800,139.43/16,100,2008.0,2022-10-16,2023-01-27,36230,63652,1937.0,697.0,5.0,4.0,0.0,1.0,2.0,4.0,2.0,715.0,52,12,
BSP,KT4AC,BSPKT4AC,ABB NORWAY,103800,139.43/16,100,2008.0,2023-01-20,2023-02-02,10800,49760,1978.0,706.0,2.0,6.0,0.0,3.0,2.0,0.0,0.0,719.0,45,9,
BSP,KT4AC,BSPKT4AC,ABB NORWAY,103800,139.43/16,100,2008.0,2023-04-23,2023-05-07,13882,57915,1806.0,707.0,2.0,7.0,0.0,5.0,2.0,7.0,5.0,735.0,50,13,
BSP,KT4AC,BSPKT4AC,ABB NORWAY,103800,139.43/16,100,2008.0,2023-10-13,2023-12-05,17019,52795,2477.0,817.0,17.0,9.0,0.0,5.0,3.0,10.0,5.0,866.0,44,11,
BSP,KT4AC,BSPKT4AC,ABB NORWAY,103800,139.43/16,100,2008.0,2024-04-19,2024-04-27,9303,35010,2723.0,898.0,7.0,10.0,0.0,5.0,0.0,0.0,0.0,920.0,52,4,
BSP2,KT1AA,BSP2KT1AA,TMT&D,04900004,500,333.33,2018.0,2020-04-27,2020-05-03,6349,26053,721.0,119.0,5.0,2.0,0.0,0.0,1.0,0.0,1.0,128.0,54,14,
BSP2,KT1AA,BSP2KT1AA,TMT&D,04900004,500,333.33,2018.0,2021-04-19,2021-06-11,16370,37240,667.0,79.0,46.0,1.0,0.0,0.0,1.0,0.0,0.0,127.0,62,19,
BSP2,KT1AA,BSP2KT1AA,TMT&D,04900004,500,333.33,2018.0,2021-08-20,2021-11-11,21989,43834,209.0,25.0,9.0,0.0,0.0,0.0,0.0,0.0,0.0,34.0,56,12,
BSP2,KT1AA,BSP2KT1AA,TMT&D,04900004,500,333.33,2018.0,2022-04-23,2022-05-06,12944,51337,913.0,56.0,12.0,2.0,0.0,0.0,8.0,0.0,0.0,78.0,55,13,
BSP2,KT1AA,BSP2KT1AA,TMT&D,04900004,500,333.33,2018.0,2022-10-16,2023-01-27,36005,59136,922.0,53.0,6.0,1.0,0.0,0.0,0.0,0.0,0.0,60.0,55,17,
BSP2,KT1AA,BSP2KT1AA,TMT&D,04900004,500,333.33,2018.0,2023-04-22,2023-05-07,3804,24534,943.0,64.0,6.0,5.0,0.0,0.0,0.0,0.0,0.0,75.0,56,18,
BSP2,KT1AA,BSP2KT1AA,TMT&D,04900004,500,333.33,2018.0,2023-10-16,2023-12-11,12930,23700,977.0,146.0,8.0,6.0,0.0,3.0,1.0,5.0,1.0,170.0,54,20,
BSP2,KT1AA,BSP2KT1AA,TMT&D,04900004,500,333.33,2018.0,2024-02-17,2024-03-04,21640,37850,791.0,0.0,0.0,0.0,0.0,0.0,0.0,0.0,0.0,0.0,0,0,
BSP2,KT1AA,BSP2KT1AA,TMT&D,04900004,500,333.33,2018.0,2024-04-20,2024-04-27,5462,32059,1707.0,180.0,7.0,9.0,0.0,1.0,4.0,18.0,6.0,225.0,60,9,
BSP2,KT1AB,BSP2KT1AB,TMT&D,04900005,500,333.33,2018.0,2020-04-27,2020-05-03,4693,19728,734.0,116.0,7.0,2.0,0.0,0.0,1.0,0.0,1.0,127.0,56,10,
BSP2,KT1AB,BSP2KT1AB,TMT&D,04900005,500,333.33,2018.0,2021-04-19,2021-06-11,23880,38350,728.0,89.0,48.0,1.0,0.0,0.0,1.0,0.0,0.0,139.0,64,26,
BSP2,KT1AB,BSP2KT1AB,TMT&D,04900005,500,333.33,2018.0,2021-08-20,2021-11-11,12480,21138,170.0,13.0,8.0,0.0,0.0,0.0,0.0,0.0,0.0,21.0,,8,
BSP2,KT1AB,BSP2KT1AB,TMT&D,04900005,500,333.33,2018.0,2022-04-23,2022-05-06,6345,23376,900.0,56.0,10.0,3.0,0.0,0.0,10.0,0.0,0.0,79.0,56,7,
BSP2,KT1AB,BSP2KT1AB,TMT&D,04900005,500,333.33,2018.0,2022-10-16,2023-01-27,10378,23170,902.0,53.0,5.0,1.0,0.0,0.0,0.0,1.0,1.0,61.0,0,8,
BSP2,KT1AB,BSP2KT1AB,TMT&D,04900005,500,333.33,2018.0,2023-04-22,2023-05-07,17205,48596,933.0,58.0,2.0,5.0,0.0,0.0,1.0,0.0,0.0,66.0,55,16,
BSP2,KT1AB,BSP2KT1AB,TMT&D,04900005,500,333.33,2018.0,2023-10-16,2023-12-11,7600,22350,1053.0,84.0,5.0,9.0,0.0,23.0,7.0,6.0,1.0,135.0,55,15,
BSP2,KT1AB,BSP2KT1AB,TMT&D,04900005,500,333.33,2018.0,2024-04-20,2024-04-27,4744,29945,1190.0,139.0,9.0,3.0,0.0,0.0,0.0,0.0,0.0,151.0,60,6,
BSP2,KT1AC,BSP2KT1AC,TMT&D,04900006,500,333.33,2018.0,2020-04-27,2020-05-03,4405,15418,637.0,121.0,5.0,6.0,0.0,0.0,6.0,0.0,4.0,142.0,54,15,
BSP2,KT1AC,BSP2KT1AC,TMT&D,04900006,500,333.33,2018.0,2021-04-19,2021-06-07,14500,37240,525.0,72.0,47.0,1.0,0.0,0.0,0.0,0.0,5.0,125.0,64,14,
BSP2,KT1AC,BSP2KT1AC,TMT&D,04900006,500,333.33,2018.0,2021-08-20,2021-11-11,13308,21763,171.0,11.0,9.0,0.0,0.0,0.0,0.0,0.0,0.0,20.0,,9,
BSP2,KT1AC,BSP2KT1AC,TMT&D,04900006,500,333.33,2018.0,2022-04-23,2022-05-06,4548,20463,624.0,34.0,11.0,4.0,0.0,2.0,2.0,0.0,2.0,55.0,55,11,
BSP2,KT1AC,BSP2KT1AC,TMT&D,04900006,500,333.33,2018.0,2022-07-23,2022-07-31,10045,31365,947.0,41.0,7.0,1.0,0.0,3.0,1.0,2.0,7.0,62.0,56,13,
BSP2,KT1AC,BSP2KT1AC,TMT&D,04900006,500,333.33,2018.0,2022-10-16,2023-01-27,36392,60957,914.0,42.0,5.0,1.0,0.0,0.0,0.0,0.0,0.0,48.0,55,15,
BSP2,KT1AC,BSP2KT1AC,TMT&D,04900006,500,333.33,2018.0,2023-04-22,2023-05-07,14385,34327,910.0,51.0,3.0,3.0,0.0,0.0,0.0,0.0,0.0,57.0,56,16,
BSP2,KT1AC,BSP2KT1AC,TMT&D,04900006,500,333.33,2018.0,2023-10-16,2023-12-11,8680,21290,926.0,63.0,5.0,9.0,0.0,19.0,7.0,5.0,1.0,109.0,54,18,
BSP2,KT1AC,BSP2KT1AC,TMT&D,04900006,500,333.33,2018.0,2024-04-20,2024-04-27,8334,25121,1663.0,179.0,7.0,7.0,0.0,1.0,2.0,14.0,3.0,213.0,60,8,
BWN,KT1A,BWNKT1A,DAIHEN,5BK012801,230/121/22,200,2009.0,2019-03-30,2019-04-07,9310,40264,1094.0,80.0,16.0,23.0,0.0,0.0,21.0,0.0,0.0,140.0,51,12,-
BWN,KT1A,BWNKT1A,DAIHEN,5BK012801,230/121/22,200,2009.0,2021-05-23,2021-07-20,7334,38842,3049.0,123.0,38.0,30.0,0.0,0.0,46.0,0.0,0.0,237.0,71,18,
BWN,KT1A,BWNKT1A,DAIHEN,5BK012801,230/121/22,200,2009.0,2022-05-12,2022-05-20,5758,50354,3181.0,85.0,73.0,34.0,0.0,16.0,48.0,0.0,27.0,283.0,70,5,
BWN,KT1A,BWNKT1A,DAIHEN,5BK012801,230/121/22,200,2009.0,2022-12-16,2023-01-06,4611,40493,4366.0,145.0,45.0,41.0,0.0,0.0,54.0,0.0,30.0,315.0,55,6,
BWN,KT1A,BWNKT1A,DAIHEN,5BK012801,230/121/22,200,2009.0,2023-06-24,2023-06-29,5281,32885,3750.0,128.0,20.0,44.0,0.0,1.0,54.0,2.0,38.0,287.0,66,7,
BWN,KT1A,BWNKT1A,DAIHEN,5BK012801,230/121/22,200,2009.0,2024-03-10,2024-04-10,5337,41308,3789.0,134.0,8.0,41.0,0.0,11.0,87.0,89.0,65.0,435.0,60,10,
BWN,KT2A,BWNKT2A,TRAFO UNION,N407930,230/115/22,200,2006.0,2019-03-30,2019-04-05,7013,45538,1027.0,465.0,13.0,4.0,0.0,0.0,4.0,0.0,0.0,486.0,55,14,-
BWN,KT2A,BWNKT2A,TRAFO UNION,N407930,230/115/22,200,2006.0,2021-05-23,2021-07-20,5949,35091,1937.0,387.0,16.0,0.0,0.0,0.0,6.0,0.0,0.0,409.0,68,23,
BWN,KT2A,BWNKT2A,TRAFO UNION,N407930,230/115/22,200,2006.0,2022-05-12,2022-05-20,3265,43441,2332.0,300.0,35.0,7.0,0.0,14.0,5.0,0.0,10.0,371.0,62,9,
BWN,KT2A,BWNKT2A,TRAFO UNION,N407930,230/115/22,200,2006.0,2022-12-16,2023-01-07,7812,30859,2696.0,493.0,26.0,8.0,0.0,0.0,2.0,0.0,5.0,534.0,54,5,
BWN,KT2A,BWNKT2A,TRAFO UNION,N407930,230/115/22,200,2006.0,2023-06-24,2023-06-29,6958,46224,3278.0,541.0,22.0,19.0,0.0,1.0,4.0,0.0,4.0,591.0,60,7,
BWN,KT2A,BWNKT2A,TRAFO UNION,N407930,230/115/22,200,2006.0,2024-03-10,2024-04-09,7986,37584,4132.0,576.0,24.0,26.0,0.0,28.0,9.0,52.0,15.0,730.0,55,7,
BWN,KT3A,BWNKT3A,FUJI,A1E69002T3-1,230/115,200,2011.0,2019-03-30,2019-04-07,9152,43102,1857.0,527.0,17.0,5.0,0.0,0.0,8.0,0.0,0.0,557.0,49,15,-
BWN,KT3A,BWNKT3A,FUJI,A1E69002T3-1,230/115,200,2011.0,2021-05-23,2021-07-20,9063,43450,3462.0,670.0,21.0,0.0,0.0,0.0,5.0,0.0,0.0,696.0,62,15,
BWN,KT3A,BWNKT3A,FUJI,A1E69002T3-1,230/115,200,2011.0,2022-05-12,2022-05-20,5584,49651,3479.0,459.0,39.0,7.0,0.0,18.0,4.0,27.0,12.0,566.0,60,10,
BWN,KT3A,BWNKT3A,FUJI,A1E69002T3-1,230/115,200,2011.0,2022-12-16,2023-01-06,7048,42360,5897.0,801.0,18.0,6.0,0.0,0.0,4.0,0.0,12.0,841.0,50,14,
BWN,KT3A,BWNKT3A,FUJI,A1E69002T3-1,230/115,200,2011.0,2023-06-24,2023-06-29,7479,48229,6023.0,896.0,24.0,24.0,0.0,0.0,5.0,0.0,8.0,957.0,60,6,
BWN,KT3A,BWNKT3A,FUJI,A1E69002T3-1,230/115,200,2011.0,2024-03-10,2024-04-11,7312,42486,4690.0,592.0,7.0,22.0,0.0,3.0,7.0,56.0,28.0,715.0,54,10,
BWN,KT4A,BWNKT4A,DAIHEN,5BK014062,230,200,2010.0,2021-05-23,2021-07-20,7284,35242,1905.0,164.0,19.0,12.0,0.0,0.0,21.0,0.0,0.0,216.0,61,15,
BWN,KT4A,BWNKT4A,DAIHEN,5BK014062,230,200,2010.0,2022-05-12,2022-05-20,5624,44425,2057.0,94.0,29.0,18.0,0.0,24.0,27.0,2.0,0.0,194.0,62,5,
BWN,KT4A,BWNKT4A,DAIHEN,5BK014062,230,200,2010.0,2022-12-16,2023-01-06,7618,38432,3121.0,131.0,13.0,20.0,0.0,0.0,29.0,2.0,17.0,212.0,52,14,
BWN,KT4A,BWNKT4A,DAIHEN,5BK014062,230,200,2010.0,2023-06-24,2023-06-29,5968,40887,2516.0,184.0,22.0,35.0,0.0,1.0,43.0,1.0,0.0,286.0,58,6,
BWN,KT4A,BWNKT4A,DAIHEN,5BK014062,230,200,2010.0,2024-03-10,2024-04-09,8012,43096,3180.0,214.0,20.0,52.0,0.0,75.0,113.0,62.0,45.0,581.0,56,7,
CA,KT1A,CAKT1A,MEIDEN,8R8394T1,115/22,50,2009.0,2019-01-18,2019-03-08,8217,41902,681.0,77.0,13.0,58.0,0.0,7.0,217.0,0.0,151.0,523.0,66,27,-
CA,KT1A,CAKT1A,MEIDEN,8R8394T1,115/22,50,2009.0,2021-01-15,2021-01-31,5840,144690,1483.0,63.0,22.0,106.0,0.0,3.0,457.0,33.0,322.0,1006.0,,12,
CA,KT1A,CAKT1A,MEIDEN,8R8394T1,115/22,50,2009.0,2022-01-21,2022-02-05,8510,75410,1504.0,73.0,15.0,89.0,0.0,4.0,398.0,16.0,341.0,936.0,50,22,
CA,KT1A,CAKT1A,MEIDEN,8R8394T1,115/22,50,2009.0,2023-01-20,2023-01-27,6737,74082,1574.0,119.0,33.0,165.0,0.0,11.0,617.0,19.0,379.0,1343.0,48,8,
CA,KT1A,CAKT1A,MEIDEN,8R8394T1,115/22,50,2009.0,2024-01-18,2024-01-30,8497,84943,1465.0,131.0,14.0,174.0,0.0,14.0,719.0,21.0,379.0,1452.0,48,10,
CA,KT2A,CAKT2A,MEIDEN,8P9095T2,115/22,50,2006.0,2019-01-18,2019-03-08,7512,41843,1517.0,93.0,21.0,53.0,0.0,0.0,128.0,0.0,57.0,352.0,49,20,-
CA,KT2A,CAKT2A,MEIDEN,8P9095T2,115/22,50,2006.0,2021-02-13,2021-03-01,7024,84917,1961.0,162.0,5.0,72.0,0.0,4.0,202.0,0.0,96.0,541.0,52,17,
CA,KT2A,CAKT2A,MEIDEN,8P9095T2,115/22,50,2006.0,2022-01-20,2022-02-05,7800,86740,2134.0,150.0,1.0,59.0,0.0,1.0,156.0,41.0,116.0,524.0,48,12,
CA,KT2A,CAKT2A,MEIDEN,8P9095T2,115/22,50,2006.0,2023-01-20,2023-01-27,7056,89458,2246.0,188.0,18.0,118.0,0.0,7.0,256.0,6.0,121.0,714.0,47,6,
CA,KT2A,CAKT2A,MEIDEN,8P9095T2,115/22,50,2006.0,2024-01-18,2024-01-30,10007,94218,1662.0,176.0,3.0,103.0,0.0,9.0,236.0,12.0,114.0,653.0,44,8,
CB,KT1A,CBKT1A,MEIDEN,8P9089T1,115/22,50,2004.0,2019-11-08,2019-11-24,7520,62670,4800.0,180.0,18.0,122.0,0.0,0.0,493.0,35.0,306.0,1154.0,24,10,-
CB,KT1A,CBKT1A,MEIDEN,8P9089T1,115/22,50,2004.0,2022-05-20,2022-06-06,5479,46278,3532.0,65.0,11.0,24.0,0.0,4.0,145.0,0.0,54.0,303.0,65,10,
CB,KT1A,CBKT1A,MEIDEN,8P9089T1,115/22,50,2004.0,2022-12-15,2023-01-06,5691,31604,4152.0,61.0,3.0,31.0,0.0,19.0,119.0,2.0,113.0,348.0,50,8,
CB,KT1A,CBKT1A,MEIDEN,8P9089T1,115/22,50,2004.0,2023-05-20,2023-05-26,4369,34642,3591.0,81.0,2.0,42.0,0.0,2.0,150.0,5.0,158.0,440.0,54,11,
CB,KT1A,CBKT1A,MEIDEN,8P9089T1,115/22,50,2004.0,2024-04-22,2024-04-24,6130,26260,4307.0,93.0,204.0,118.0,0.0,6.0,324.0,88.0,284.0,1117.0,45,7,
CB,KT2A,CBKT2A,MEIDEN,8R8408T1,115/22,50,2007.0,2019-11-08,2019-11-24,4350,33520,1300.0,192.0,10.0,68.0,0.0,0.0,125.0,36.0,88.0,519.0,62,9,-
CB,KT2A,CBKT2A,MEIDEN,8R8408T1,115/22,50,2007.0,2022-05-20,2022-06-06,6971,21619,3456.0,132.0,7.0,25.0,0.0,0.0,66.0,0.0,19.0,249.0,68,13,
CB,KT2A,CBKT2A,MEIDEN,8R8408T1,115/22,50,2007.0,2022-12-15,2023-01-06,5551,24895,3291.0,84.0,3.0,23.0,0.0,0.0,42.0,0.0,34.0,186.0,57,10,
CB,KT2A,CBKT2A,MEIDEN,8R8408T1,115/22,50,2007.0,2023-05-20,2023-05-26,4245,25726,2852.0,82.0,1.0,35.0,0.0,1.0,62.0,0.0,42.0,223.0,58,7,
CB,KT2A,CBKT2A,MEIDEN,8R8408T1,115/22,50,2007.0,2024-04-22,2024-04-24,5780,23900,3481.0,152.0,4.0,88.0,0.0,4.0,151.0,17.0,121.0,537.0,64,7,
CBD,KT1A,CBDKT1A,ABB,57015,115/22,50,2015.0,2022-04-10,2022-04-17,21958,54390,3811.0,718.0,9.0,2.0,0.0,6.0,7.0,0.0,0.0,742.0,60,10,
CBD,KT1A,CBDKT1A,ABB,57015,115/22,50,2015.0,2022-10-07,2022-11-03,14776,32001,3068.0,797.0,9.0,4.0,0.0,5.0,3.0,0.0,0.0,818.0,49,15,
CBD,KT1A,CBDKT1A,ABB,57015,115/22,50,2015.0,2023-05-28,2023-06-03,15876,69588,3804.0,864.0,5.0,4.0,0.0,6.0,3.0,2.0,1.0,885.0,50,5,
CBD,KT1A,CBDKT1A,ABB,57015,115/22,50,2015.0,2024-05-18,2024-06-03,36880,50610,3808.0,826.0,5.0,11.0,0.0,8.0,1.0,25.0,0.0,876.0,49,12,
CBD,KT2A,CBDKT2A,ABB,57016,115/22,50,2015.0,2019-10-19,2019-11-11,19820,56382,1651.0,331.0,47.0,0.0,0.0,11.0,0.0,0.0,0.0,389.0,44,12,-
CBD,KT2A,CBDKT2A,ABB,57016,115/22,50,2015.0,2022-04-10,2022-04-17,14755,50878,3344.0,781.0,12.0,4.0,0.0,14.0,4.0,0.0,0.0,815.0,48,6,
CBD,KT2A,CBDKT2A,ABB,57016,115/22,50,2015.0,2022-10-07,2022-11-03,20999,54576,2395.0,788.0,7.0,4.0,0.0,11.0,6.0,0.0,0.0,816.0,40,18,
CBD,KT2A,CBDKT2A,ABB,57016,115/22,50,2015.0,2023-03-18,2023-03-25,28227,58722,2519.0,672.0,4.0,10.0,0.0,27.0,9.0,0.0,0.0,722.0,40,6,
CBD,KT2A,CBDKT2A,ABB,57016,115/22,50,2015.0,2023-05-28,2023-06-03,11011,67644,3060.0,850.0,4.0,6.0,0.0,14.0,6.0,6.0,2.0,888.0,40,15,
CBD,KT2A,CBDKT2A,ABB,57016,115/22,50,2015.0,2024-05-18,2024-06-03,36680,51900,3483.0,714.0,3.0,20.0,0.0,18.0,6.0,25.0,5.0,791.0,48,15,
CC,KT1A,CCKT1A,MITSUBISHI,573076,115/22,40,1998.0,2020-01-23,2020-02-03,2108,69204,5998.0,237.0,71.0,236.0,0.0,17.0,543.0,38.0,301.0,1443.0,68,22,
CC,KT1A,CCKT1A,MITSUBISHI,573076,115/22,40,1998.0,2022-01-22,2022-01-28,3264,52248,4838.0,196.0,80.0,99.0,0.0,0.0,291.0,0.0,176.0,842.0,72,18,
CC,KT1A,CCKT1A,MITSUBISHI,573076,115/22,40,1998.0,2022-07-07,2022-07-14,4580,55950,4517.0,167.0,89.0,97.0,0.0,1.0,296.0,8.0,178.0,836.0,57,18,
CC,KT1A,CCKT1A,MITSUBISHI,573076,115/22,40,1998.0,2023-01-15,2023-01-20,4361,41600,4639.0,177.0,88.0,132.0,0.0,10.0,366.0,26.0,182.0,981.0,,10,
CC,KT1A,CCKT1A,MITSUBISHI,573076,115/22,40,1998.0,2023-03-04,2023-03-12,3236,49665,4706.0,180.0,77.0,112.0,0.0,6.0,306.0,8.0,189.0,878.0,57,16,โครงการวิจัยหม้อแปลง
CC,KT2A,CCKT2A,MITSUBISHI,573075,115/22,40,1998.0,2020-01-23,2020-02-03,3297,45621,2720.0,207.0,44.0,28.0,0.0,0.0,39.0,11.0,59.0,388.0,66,22,
CC,KT2A,CCKT2A,MITSUBISHI,573075,115/22,40,1998.0,2021-05-21,2021-06-06,6800,26290,2800.0,220.0,37.0,1.0,0.0,0.0,0.0,0.0,0.0,258.0,,20,หลังทดสอบทางไฟฟ้า
CC,KT2A,CCKT2A,MITSUBISHI,573075,115/22,40,1998.0,2022-01-22,2022-01-28,2373,22795,2291.0,207.0,44.0,15.0,0.0,0.0,18.0,0.0,10.0,294.0,65,25,
CC,KT2A,CCKT2A,MITSUBISHI,573075,115/22,40,1998.0,2022-07-07,2022-07-14,4980,37110,2463.0,244.0,55.0,18.0,0.0,14.0,28.0,6.0,16.0,381.0,72,21,
CC,KT2A,CCKT2A,MITSUBISHI,573075,115/22,40,1998.0,2023-01-15,2023-01-20,4229,21271,3102.0,271.0,81.0,39.0,0.0,3.0,51.0,12.0,25.0,482.0,54,12,
CC,KT3A,CCKT3A,MITSUBISHI,573071,115/22,40,1998.0,2020-01-23,2020-02-03,1859,47165,3592.0,151.0,56.0,76.0,0.0,10.0,276.0,89.0,134.0,792.0,74,9,
CC,KT3A,CCKT3A,MITSUBISHI,573071,115/22,40,1998.0,2022-01-22,2022-01-28,5384,53081,3281.0,89.0,15.0,43.0,0.0,1.0,155.0,0.0,97.0,400.0,30,14,
CC,KT3A,CCKT3A,MITSUBISHI,573071,115/22,40,1998.0,2023-01-15,2023-01-20,5358,35047,3932.0,124.0,15.0,53.0,0.0,7.0,183.0,63.0,49.0,494.0,,5,Tx. COLD STANDBY
CHW,KT1A,CHWKT1A,SIEMENS,N408177,230/121/22,300,2009.0,2019-05-27,2019-05-31,6571,44596,3481.0,517.0,23.0,12.0,0.0,2.0,8.0,2.0,6.0,570.0,65,8,-
CHW,KT1A,CHWKT1A,SIEMENS,N408177,230/121/22,300,2009.0,2019-11-10,2019-12-14,11064,51685,3445.0,445.0,13.0,9.0,0.0,0.0,9.0,2.0,8.0,486.0,60,11,-
CHW,KT1A,CHWKT1A,SIEMENS,N408177,230/121/22,300,2009.0,2020-11-08,2020-11-21,5174,52016,2594.0,450.0,32.0,11.0,0.0,0.0,0.0,0.0,0.0,0.0,,8,
CHW,KT1A,CHWKT1A,SIEMENS,N408177,230/121/22,300,2009.0,2021-06-12,2021-08-16,7212,57935,5182.0,881.0,21.0,12.0,0.0,28.0,12.0,0.0,0.0,954.0,70,12,
CHW,KT1A,CHWKT1A,SIEMENS,N408177,230/121/22,300,2009.0,2021-11-07,2021-11-18,5400,46900,7342.0,741.0,8.0,8.0,0.0,0.0,10.0,5.0,14.0,786.0,60,,
CHW,KT1A,CHWKT1A,SIEMENS,N408177,230/121/22,300,2009.0,2022-05-27,2022-06-03,5025,63842,6088.0,806.0,23.0,10.0,0.0,16.0,11.0,2.0,22.0,890.0,60,7,
CHW,KT1A,CHWKT1A,SIEMENS,N408177,230/121/22,300,2009.0,2022-11-25,2022-11-28,8454,62570,6296.0,1081.0,18.0,20.0,0.0,0.0,11.0,0.0,4.0,1134.0,60,4,
CHW,KT1A,CHWKT1A,SIEMENS,N408177,230/121/22,300,2009.0,2023-05-18,2023-05-22,8650,70870,6389.0,1024.0,11.0,33.0,0.0,0.0,10.0,0.0,15.0,1093.0,65,7,
CHW,KT1A,CHWKT1A,SIEMENS,N408177,230/121/22,300,2009.0,2023-11-06,2023-12-15,9205,75242,3019.0,272.0,2.0,5.0,0.0,5.0,6.0,19.0,7.0,316.0,66,10,
CHW,KT1A,CHWKT1A,SIEMENS,N408177,230/121/22,300,2009.0,2024-06-04,2024-06-07,9993,57714,7435.0,931.0,21.0,15.0,0.0,7.0,6.0,0.0,0.0,980.0,65,5,
CHW,KT2A,CHWKT2A,TRAFO UNION,N408034,230/121/22,300,2009.0,2019-05-27,2019-05-31,6428,32573,2133.0,331.0,30.0,3.0,0.0,1.0,1.0,1.0,2.0,369.0,65,8,-
CHW,KT2A,CHWKT2A,TRAFO UNION,N408034,230/121/22,300,2009.0,2019-11-10,2019-12-14,7552,33300,2323.0,264.0,28.0,0.0,0.0,0.0,1.0,1.0,3.0,297.0,60,10,-
CHW,KT2A,CHWKT2A,TRAFO UNION,N408034,230/121/22,300,2009.0,2020-11-08,2020-11-21,5523,39061,1690.0,157.0,23.0,4.0,0.0,0.0,1.0,0.0,4.0,189.0,66,6,
CHW,KT2A,CHWKT2A,TRAFO UNION,N408034,230/121/22,300,2009.0,2021-06-12,2021-08-16,8967,31193,2888.0,288.0,22.0,0.0,0.0,0.0,8.0,0.0,0.0,318.0,70,16,
CHW,KT2A,CHWKT2A,TRAFO UNION,N408034,230/121/22,300,2009.0,2021-11-07,2021-11-18,4690,23420,5062.0,399.0,18.0,5.0,0.0,0.0,2.0,7.0,10.0,441.0,60,,
CHW,KT2A,CHWKT2A,TRAFO UNION,N408034,230/121/22,300,2009.0,2022-05-27,2022-06-03,5919,31334,4538.0,289.0,36.0,7.0,0.0,5.0,3.0,6.0,9.0,375.0,61,7,
CHW,KT2A,CHWKT2A,TRAFO UNION,N408034,230/121/22,300,2009.0,2022-11-25,2022-11-28,5372,25239,4770.0,359.0,25.0,12.0,0.0,0.0,2.0,0.0,4.0,402.0,60,3,
CHW,KT2A,CHWKT2A,TRAFO UNION,N408034,230/121/22,300,2009.0,2023-05-18,2023-05-22,3090,28270,4919.0,379.0,23.0,18.0,0.0,0.0,2.0,5.0,8.0,435.0,65,9,
CHW,KT2A,CHWKT2A,TRAFO UNION,N408034,230/121/22,300,2009.0,2023-11-06,2023-12-16,6017,57454,1430.0,29.0,10.0,1.0,0.0,0.0,1.0,0.0,3.0,44.0,66,24,
CHW,KT2A,CHWKT2A,TRAFO UNION,N408034,230/121/22,300,2009.0,2024-06-04,2024-06-07,6212,32132,4793.0,324.0,23.0,13.0,0.0,0.0,3.0,0.0,1.0,364.0,65,5,
CHW,KT3A,CHWKT3A,ABB,7128901702,230,300,2023.0,2023-06-26,2023-06-29,7449,11612,112.0,18.0,11.0,0.0,0.0,0.0,0.0,0.0,0.0,29.0,30,6,
CHW,KT3A,CHWKT3A,ABB,7128901702,230,300,2023.0,2024-01-15,2024-02-02,25989,43294,306.0,42.0,14.0,0.0,0.0,0.0,0.0,0.0,0.0,56.0,50,6,
CHW,KT3A,CHWKT3A,ABB,7128901702,230,300,2023.0,2024-06-04,2024-06-07,6299,30777,787.0,120.0,19.0,2.0,0.0,5.0,0.0,0.0,0.0,146.0,60,3,
CLB-P,KT1A,CLB-PKT1A,ASEA,27715,115/22,6,1987.0,2023-05-25,2023-06-15,25354,59251,2134.0,392.0,17.0,1.0,0.0,20.0,3.0,0.0,0.0,433.0,57,28,
CLB-P,KT2A,CLB-PKT2A,SAVIGLIANO,60423,115/22,12,,2019-09-22,2019-10-20,5596,24478,1313.0,75.0,7.0,5.0,0.0,0.0,14.0,0.0,5.0,106.0,-,20,-
CLB-P,KT2A,CLB-PKT2A,SAVIGLIANO,60423,115/22,12,,2020-05-25,2020-06-16,3726,37923,2214.0,146.0,54.0,21.0,0.0,13.0,12.0,13.0,6.0,265.0,,38,
CM1,KT1A,CM1KT1A,MEIDEN,8P8744T1,115/22,50,2004.0,2019-09-23,2019-09-27,5811,60321,2893.0,116.0,8.0,122.0,0.0,0.0,421.0,0.0,247.0,914.0,58,12,-
CM1,KT1A,CM1KT1A,MEIDEN,8P8744T1,115/22,50,2004.0,2020-03-22,2020-05-17,2839,60990,2952.0,119.0,2.0,137.0,0.0,4.0,445.0,0.0,204.0,911.0,57,10,
CM1,KT1A,CM1KT1A,MEIDEN,8P8744T1,115/22,50,2004.0,2021-04-10,2021-10-21,4136,72361,2262.0,22.0,5.0,20.0,0.0,3.0,505.0,0.0,228.0,783.0,,21,
CM1,KT1A,CM1KT1A,MEIDEN,8P8744T1,115/22,50,2004.0,2022-06-10,2022-06-19,2745,73156,2463.0,72.0,5.0,101.0,0.0,25.0,379.0,8.0,226.0,816.0,61,17,
CM1,KT1A,CM1KT1A,MEIDEN,8P8744T1,115/22,50,2004.0,2023-04-03,2023-06-04,3793,69197,3229.0,95.0,2.0,65.0,0.0,7.0,388.0,5.0,185.0,747.0,56,14,
CM1,KT1A,CM1KT1A,MEIDEN,8P8744T1,115/22,50,2004.0,2024-03-08,2024-05-26,10574,63068,4363.0,129.0,2.0,184.0,0.0,9.0,649.0,94.0,439.0,1506.0,,18,
CM1,KT2A,CM1KT2A,MEIDEN,8P8744T2,115/22,50,2004.0,2019-09-23,2019-09-27,7342,53401,3461.0,121.0,15.0,90.0,0.0,0.0,275.0,0.0,157.0,658.0,55,11,-
CM1,KT2A,CM1KT2A,MEIDEN,8P8744T2,115/22,50,2004.0,2020-03-22,2020-05-17,2222,51659,4343.0,127.0,17.0,108.0,0.0,0.0,279.0,0.0,134.0,665.0,61,10,
CM1,KT2A,CM1KT2A,MEIDEN,8P8744T2,115/22,50,2004.0,2021-04-10,2021-10-09,13477,53404,3925.0,131.0,12.0,71.0,0.0,0.0,253.0,0.0,116.0,583.0,,21,
CM1,KT2A,CM1KT2A,MEIDEN,8P8744T2,115/22,50,2004.0,2022-06-10,2022-06-20,15093,61902,2820.0,91.0,5.0,41.0,0.0,11.0,153.0,3.0,115.0,419.0,66,15,
CM1,KT2A,CM1KT2A,MEIDEN,8P8744T2,115/22,50,2004.0,2023-04-03,2023-06-04,10303,64584,4471.0,149.0,10.0,46.0,0.0,1.0,246.0,6.0,126.0,584.0,61,13,
CM1,KT2A,CM1KT2A,MEIDEN,8P8744T2,115/22,50,2004.0,2024-03-08,2024-05-26,14416,68000,5782.0,184.0,13.0,102.0,0.0,4.0,337.0,5.0,153.0,798.0,,33,
CM2,KT1A,CM2KT1A,MEIDEN,8R8398T1,115/22,50,2007.0,2019-10-21,2019-11-29,6843,44317,2922.0,268.0,18.0,92.0,0.0,2.0,299.0,76.0,245.0,1000.0,65,9,-
CM2,KT1A,CM2KT1A,MEIDEN,8R8398T1,115/22,50,2007.0,2020-03-27,2020-05-16,2564,53378,3060.0,282.0,8.0,192.0,0.0,0.0,457.0,0.0,329.0,1268.0,65,9,
CM2,KT1A,CM2KT1A,MEIDEN,8R8398T1,115/22,50,2007.0,2021-04-10,2021-10-21,4354,59854,2309.0,297.0,18.0,270.0,0.0,3.0,416.0,0.0,255.0,1259.0,,31,
CM2,KT1A,CM2KT1A,MEIDEN,8R8398T1,115/22,50,2007.0,2022-06-09,2022-06-19,6279,5935,2573.0,235.0,4.0,109.0,0.0,22.0,305.0,71.0,244.0,990.0,,12,
CM2,KT1A,CM2KT1A,MEIDEN,8R8398T1,115/22,50,2007.0,2023-04-03,2023-06-04,9990,61591,2718.0,219.0,7.0,123.0,0.0,12.0,344.0,10.0,224.0,939.0,53,9,
CM2,KT1A,CM2KT1A,MEIDEN,8R8398T1,115/22,50,2007.0,2024-02-08,2024-05-26,7424,62656,3580.0,374.0,3.0,166.0,0.0,4.0,456.0,12.0,266.0,1281.0,,11,
CM2,KT2A,CM2KT2A,MEIDEN,8R8406T1,115/22,50,2007.0,2020-03-27,2020-03-27,7016,52519,2880.0,284.0,10.0,187.0,0.0,0.0,535.0,0.0,423.0,1439.0,43,7,
CM2,KT2A,CM2KT2A,MEIDEN,8R8406T1,115/22,50,2007.0,2021-04-10,2021-10-09,14211,53974,1828.0,274.0,6.0,113.0,0.0,0.0,403.0,0.0,253.0,1049.0,,19,
CM2,KT2A,CM2KT2A,MEIDEN,8R8406T1,115/22,50,2007.0,2022-06-09,2022-06-20,16115,63617,1758.0,258.0,2.0,76.0,0.0,13.0,298.0,70.0,286.0,1003.0,74,11,
CM2,KT2A,CM2KT2A,MEIDEN,8R8406T1,115/22,50,2007.0,2023-04-03,2023-06-09,17698,71717,2715.0,269.0,4.0,180.0,0.0,7.0,529.0,8.0,346.0,1343.0,57,12,
CM2,KT2A,CM2KT2A,MEIDEN,8R8406T1,115/22,50,2007.0,2024-02-08,2024-05-26,2462,30911,2811.0,211.0,5.0,177.0,0.0,8.0,605.0,0.0,432.0,1438.0,,10,
CM3,KT1A,CM3KT1A,FUJI,AN69003T2,115/22,50,1998.0,2020-03-20,2020-05-16,4508,80257,1704.0,64.0,32.0,78.0,0.0,3.0,332.0,0.0,183.0,692.0,58,11,
CM3,KT1A,CM3KT1A,FUJI,AN69003T2,115/22,50,1998.0,2021-04-11,2021-10-22,14241,69760,1394.0,59.0,34.0,89.0,0.0,8.0,271.0,0.0,121.0,582.0,,13,
CM3,KT1A,CM3KT1A,FUJI,AN69003T2,115/22,50,1998.0,2022-06-11,2022-06-19,5556,73401,1547.0,61.0,9.0,56.0,0.0,12.0,267.0,3.0,148.0,556.0,54,12,
CM3,KT1A,CM3KT1A,FUJI,AN69003T2,115/22,50,1998.0,2023-04-03,2023-06-05,9410,72068,1608.0,63.0,4.0,58.0,0.0,14.0,276.0,4.0,137.0,556.0,53,16,
CM3,KT1A,CM3KT1A,FUJI,AN69003T2,115/22,50,1998.0,2024-01-21,2024-05-26,3551,44502,2130.0,80.0,61.0,73.0,0.0,10.0,391.0,0.0,179.0,794.0,49,12,
CM3,KT2A,CM3KT2A,MEIDEN,8P9092T1,115/22,50,2004.0,2020-03-20,2020-05-16,7863,48725,2756.0,128.0,42.0,130.0,0.0,0.0,311.0,0.0,170.0,781.0,64,16,
CM3,KT2A,CM3KT2A,MEIDEN,8P9092T1,115/22,50,2004.0,2021-04-10,2021-10-21,11171,60485,2092.0,15.0,20.0,15.0,0.0,2.0,253.0,0.0,126.0,431.0,,22,
CM3,KT2A,CM3KT2A,MEIDEN,8P9092T1,115/22,50,2004.0,2022-06-11,2022-06-19,5713,61804,2522.0,86.0,26.0,78.0,0.0,14.0,218.0,20.0,131.0,573.0,64,13,
CM3,KT2A,CM3KT2A,MEIDEN,8P9092T1,115/22,50,2004.0,2023-04-03,2023-06-11,29787,72583,2857.0,109.0,1.0,84.0,0.0,5.0,201.0,4.0,68.0,472.0,60,8,
CM3,KT2A,CM3KT2A,MEIDEN,8P9092T1,115/22,50,2004.0,2024-02-26,2024-05-26,7280,51619,1228.0,52.0,5.0,11.0,0.0,2.0,25.0,0.0,28.0,123.0,53,15,
CM3,KT3A,CM3KT3A,TRAFO UNION,407920,230/115/22,200,2007.0,2020-03-22,2020-05-16,7905,45701,3179.0,538.0,20.0,9.0,0.0,0.0,11.0,0.0,4.0,582.0,60,11,
CM3,KT3A,CM3KT3A,TRAFO UNION,407920,230/115/22,200,2007.0,2020-10-05,2020-11-13,8897,32264,2851.0,372.0,20.0,0.0,0.0,0.0,43.0,0.0,0.0,435.0,,15,
CM3,KT3A,CM3KT3A,TRAFO UNION,407920,230/115/22,200,2007.0,2021-04-21,2021-10-21,19395,70101,1619.0,36.0,21.0,2.0,0.0,16.0,5.0,21.0,5.0,106.0,,27,
CM3,KT3A,CM3KT3A,TRAFO UNION,407920,230/115/22,200,2007.0,2021-10-01,2021-11-12,5227,32828,3723.0,454.0,23.0,0.0,0.0,0.0,9.0,0.0,0.0,486.0,62,10,
CM3,KT3A,CM3KT3A,TRAFO UNION,407920,230/115/22,200,2007.0,2023-02-11,2023-02-22,4130,39080,2063.0,244.0,12.0,6.0,0.0,0.0,3.0,10.0,8.0,283.0,,8,ทดสอบหลัง replace bushing ด้าน 230 kv 3 เฟส
CM3,KT3A,CM3KT3A,TRAFO UNION,407920,230/115/22,200,2007.0,2023-03-24,2023-03-31,3275,31596,4761.0,385.0,15.0,6.0,0.0,0.0,3.0,10.0,15.0,434.0,0,4,
CM3,KT3A,CM3KT3A,TRAFO UNION,407920,230/115/22,200,2007.0,2023-04-03,2023-06-05,8921,46353,4882.0,396.0,10.0,6.0,0.0,0.0,3.0,9.0,13.0,437.0,60,12,
CM3,KT3A,CM3KT3A,TRAFO UNION,407920,230/115/22,200,2007.0,2023-09-24,2023-10-10,12394,36092,3598.0,358.0,10.0,7.0,0.0,1.0,2.0,5.0,4.0,387.0,0,6,
CM3,KT3A,CM3KT3A,TRAFO UNION,407920,230/115/22,200,2007.0,2024-01-21,2024-05-26,6379,42383,4400.0,469.0,14.0,14.0,0.0,2.0,7.0,2.0,9.0,517.0,45,11,
CM3,KT4A,CM3KT4A,TRAFO UNION,407922,230/115/22,200,2007.0,2020-03-20,2020-05-16,6584,54542,2961.0,579.0,10.0,10.0,0.0,0.0,5.0,0.0,11.0,615.0,59,10,
CM3,KT4A,CM3KT4A,TRAFO UNION,407922,230/115/22,200,2007.0,2020-10-05,2020-11-13,9235,32257,2812.0,386.0,14.0,0.0,0.0,0.0,0.0,0.0,0.0,400.0,,9,
CM3,KT4A,CM3KT4A,TRAFO UNION,407922,230/115/22,200,2007.0,2021-04-11,2021-10-21,9944,57653,2646.0,83.0,23.0,2.0,0.0,4.0,4.0,1.0,6.0,123.0,,11,
CM3,KT4A,CM3KT4A,TRAFO UNION,407922,230/115/22,200,2007.0,2021-10-01,2021-11-12,3460,27355,3593.0,481.0,15.0,0.0,0.0,0.0,7.0,0.0,0.0,503.0,58,10,
CM3,KT4A,CM3KT4A,TRAFO UNION,407922,230/115/22,200,2007.0,2023-04-03,2023-06-04,4058,37080,5049.0,571.0,12.0,6.0,0.0,1.0,6.0,1.0,7.0,604.0,60,10,
CM3,KT4A,CM3KT4A,TRAFO UNION,407922,230/115/22,200,2007.0,2023-09-24,2023-10-10,11152,26015,2864.0,399.0,7.0,9.0,0.0,0.0,3.0,1.0,7.0,426.0,0,8,
CM3,KT4A,CM3KT4A,TRAFO UNION,407922,230/115/22,200,2007.0,2024-01-21,2024-05-26,6864,45418,5164.0,587.0,11.0,16.0,0.0,6.0,7.0,2.0,11.0,640.0,,12,
CM3,KT5A,CM3KT5A,MITSUBISHI,9812811102,230/115/22,200,2013.0,2020-03-20,2020-05-16,14662,66875,1529.0,191.0,8.0,5.0,0.0,0.0,10.0,0.0,10.0,224.0,60,12,
CM3,KT5A,CM3KT5A,MITSUBISHI,9812811102,230/115/22,200,2013.0,2020-10-05,2020-11-13,13368,37828,1738.0,158.0,8.0,0.0,0.0,0.0,51.0,0.0,0.0,217.0,,9,
CM3,KT5A,CM3KT5A,MITSUBISHI,9812811102,230/115/22,200,2013.0,2021-04-12,2021-10-21,24358,81627,1182.0,5.0,14.0,5.0,0.0,0.0,7.0,2.0,6.0,39.0,,27,
CM3,KT5A,CM3KT5A,MITSUBISHI,9812811102,230/115/22,200,2013.0,2021-10-01,2021-11-12,5723,32587,2573.0,292.0,6.0,0.0,0.0,0.0,12.0,0.0,0.0,310.0,58,10,
CM3,KT5A,CM3KT5A,MITSUBISHI,9812811102,230/115/22,200,2013.0,2023-04-03,2023-06-11,28140,67405,2491.0,275.0,3.0,21.0,0.0,1.0,12.0,1.0,8.0,321.0,67,13,
CM3,KT5A,CM3KT5A,MITSUBISHI,9812811102,230/115/22,200,2013.0,2023-09-24,2023-10-10,14125,31048,2622.0,233.0,2.0,7.0,0.0,0.0,8.0,1.0,8.0,259.0,0,5,
CM3,KT5A,CM3KT5A,MITSUBISHI,9812811102,230/115/22,200,2013.0,2024-01-21,2024-05-26,9667,54172,3867.0,413.0,2.0,18.0,0.0,1.0,19.0,3.0,21.0,477.0,,14,
CP,KT1A,CPKT1A,MEIDEN,8R8410T1,115/22,50,2008.0,2019-11-22,2019-12-23,16670,72760,1355.0,107.0,20.0,83.0,0.0,1.0,327.0,80.0,264.0,882.0,54,11,-
CP,KT1A,CPKT1A,MEIDEN,8R8410T1,115/22,50,2008.0,2020-11-09,2020-11-28,7762,73495,1621.0,126.0,42.0,81.0,0.0,3.0,223.0,69.0,180.0,724.0,53,12,
CP,KT1A,CPKT1A,MEIDEN,8R8410T1,115/22,50,2008.0,2021-11-02,2021-11-22,4465,40315,1633.0,161.0,22.0,108.0,0.0,6.0,361.0,0.0,107.0,765.0,64,11,
CP,KT1A,CPKT1A,MEIDEN,8R8410T1,115/22,50,2008.0,2022-11-28,2023-01-08,4991,41428,1631.0,168.0,21.0,115.0,0.0,5.0,354.0,211.0,196.0,1070.0,59,13,
CP,KT1A,CPKT1A,MEIDEN,8R8410T1,115/22,50,2008.0,2023-11-24,2024-01-27,7577,63962,1631.0,207.0,31.0,142.0,0.0,2.0,400.0,13.0,251.0,1046.0,58,17,
CP,KT2A,CPKT2A,MEIDEN,8R8410T2,115/22,50,2008.0,2019-02-10,2019-02-11,2826,48024,2145.0,275.0,26.0,115.0,0.0,5.0,279.0,0.0,164.0,864.0,34,7,เนื่องจาก Trip ด้วย Diff. Relay เมื่อ 28 ต.ค 47
CP,KT2A,CPKT2A,MEIDEN,8R8410T2,115/22,50,2008.0,2019-11-22,2019-12-26,5610,59630,3019.0,366.0,34.0,161.0,0.0,0.0,434.0,96.0,317.0,1408.0,59,10,-
CP,KT2A,CPKT2A,MEIDEN,8R8410T2,115/22,50,2008.0,2020-11-09,2020-11-27,6408,56553,3166.0,387.0,40.0,105.0,0.0,2.0,313.0,85.0,237.0,1169.0,58,13,
CP,KT2A,CPKT2A,MEIDEN,8R8410T2,115/22,50,2008.0,2021-11-02,2021-11-22,4820,42400,2924.0,193.0,13.0,109.0,0.0,0.0,324.0,104.0,273.0,1016.0,64,11,
CP,KT2A,CPKT2A,MEIDEN,8R8410T2,115/22,50,2008.0,2022-11-28,2023-01-13,3330,50390,2422.0,192.0,13.0,109.0,0.0,2.0,323.0,83.0,269.0,991.0,60,8,
CP,KT2A,CPKT2A,MEIDEN,8R8410T2,115/22,50,2008.0,2023-11-24,2024-01-27,9399,47023,1875.0,194.0,28.0,103.0,0.0,5.0,340.0,12.0,197.0,879.0,62,15,
CP,KT3A,CPKT3A,NATIONAL,110-73311,115-5.6,60,2001.0,2019-03-30,2019-07-06,13052,53950,399.0,6.0,4.0,0.0,0.0,0.0,0.0,0.0,0.0,10.0,40,31,หม้อแปลงไม่ได้ใช้งาน เนื่องจาก SVS เสีย
CP,KT3A,CPKT3A,NATIONAL,110-73311,115-5.6,60,2001.0,2022-04-17,2022-04-25,4260,47610,2432.0,530.0,9.0,2.0,0.0,1.0,1.0,3.0,3.0,549.0,30,11,ก่อนนำระบบ SVS เข้าใช้งานหลังจากหยุดใช้งานมาหลายปี
CP,KT3A,CPKT3A,NATIONAL,110-73311,115-5.6,60,2001.0,2022-11-28,2023-01-13,21169,71375,2484.0,898.0,18.0,5.0,0.0,1.0,3.0,6.0,5.0,936.0,,17,
CP,KT3A,CPKT3A,NATIONAL,110-73311,115-5.6,60,2001.0,2023-11-24,2024-01-27,16936,62804,2782.0,733.0,6.0,7.0,0.0,1.0,2.0,2.0,4.0,755.0,45,20,
CP,KT4A,CPKT4A,FUJI,A1Z69040T4-2,230/115,200,2007.0,2019-03-26,2019-04-19,4992,34939,1901.0,103.0,31.0,29.0,0.0,0.0,112.0,0.0,39.0,314.0,57,18,-
CP,KT4A,CPKT4A,FUJI,A1Z69040T4-2,230/115,200,2007.0,2019-08-30,2019-09-28,8491,42765,1822.0,98.0,17.0,12.0,0.0,4.0,110.0,0.0,68.0,309.0,55,22,-
CP,KT4A,CPKT4A,FUJI,A1Z69040T4-2,230/115,200,2007.0,2020-04-06,2020-05-18,8615,57294,1265.0,82.0,11.0,39.0,0.0,0.0,136.0,0.0,95.0,363.0,34,18,ก่อนย้าย
CP,KT4A,CPKT4A,FUJI,A1Z69040T4-2,230/115,200,2007.0,2021-05-03,2021-07-24,14050,24937,559.0,38.0,10.0,0.0,0.0,0.0,16.0,0.0,0.0,64.0,49,21,
CP,KT4A,CPKT4A,FUJI,A1Z69040T4-2,230/115,200,2007.0,2021-11-01,2021-11-23,4390,14530,1135.0,49.0,4.0,9.0,0.0,0.0,16.0,35.0,10.0,123.0,47,18,
CP,KT4A,CPKT4A,FUJI,A1Z69040T4-2,230/115,200,2007.0,2022-05-08,2022-05-15,4473,17333,931.0,69.0,44.0,6.0,0.0,1.0,24.0,0.0,2.0,146.0,49,15,
CP,KT4A,CPKT4A,FUJI,A1Z69040T4-2,230/115,200,2007.0,2022-11-28,2023-01-08,12425,23896,1070.0,74.0,8.0,2.0,0.0,2.0,2.0,0.0,0.0,88.0,60,18,
CP,KT4A,CPKT4A,FUJI,A1Z69040T4-2,230/115,200,2007.0,2022-11-28,2023-01-13,5460,22420,894.0,46.0,11.0,9.0,0.0,0.0,21.0,27.0,12.0,126.0,60,9,
CP,KT4A,CPKT4A,FUJI,A1Z69040T4-2,230/115,200,2007.0,2023-04-29,2023-05-18,20910,47660,800.0,47.0,5.0,13.0,0.0,2.0,2.0,34.0,25.0,128.0,50,8,
CP,KT4A,CPKT4A,FUJI,A1Z69040T4-2,230/115,200,2007.0,2023-11-24,2024-01-27,13139,30454,913.0,67.0,22.0,10.0,0.0,2.0,40.0,2.0,35.0,178.0,43,20,
CP,KT5A,CPKT5A,TOSHIBA,91900019,230/121/22,200,2005.0,2019-03-26,2019-04-19,5260,32834,4035.0,157.0,23.0,13.0,0.0,0.0,26.0,0.0,0.0,219.0,60,19,-
CP,KT5A,CPKT5A,TOSHIBA,91900019,230/121/22,200,2005.0,2019-08-30,2019-09-28,10917,43891,3769.0,163.0,11.0,11.0,0.0,1.0,9.0,2.0,5.0,202.0,52,26,-
CP,KT5A,CPKT5A,TOSHIBA,91900019,230/121/22,200,2005.0,2020-03-19,2020-03-24,21513,61264,897.0,19.0,14.0,7.0,0.0,0.0,6.0,0.0,3.0,49.0,33,21,ทดสอบก่อนรื้อและย้ายไปที่ สฟ.กาญจนบุรี
CP,KT5A,CPKT5A,TOSHIBA,91900019,230/121/22,200,2005.0,2021-05-03,2021-07-24,9174,17176,629.0,36.0,8.0,0.0,0.0,0.0,0.0,0.0,0.0,44.0,49,18,
CP,KT5A,CPKT5A,TOSHIBA,91900019,230/121/22,200,2005.0,2021-11-01,2021-11-22,6080,15960,1204.0,47.0,1.0,0.0,0.0,0.0,0.0,0.0,0.0,48.0,49,16,
CP,KT5A,CPKT5A,TOSHIBA,91900019,230/121/22,200,2005.0,2022-05-08,2022-05-15,6176,15181,1274.0,75.0,8.0,1.0,0.0,0.0,0.0,0.0,0.0,84.0,51,14,
CP,KT5A,CPKT5A,TOSHIBA,91900019,230/121/22,200,2005.0,2023-04-29,2023-05-18,17003,64416,1162.0,94.0,1.0,1.0,0.0,5.0,1.0,1.0,4.0,107.0,53,17,
CP,KT5A,CPKT5A,TOSHIBA,91900019,230/121/22,200,2005.0,2023-11-24,2024-01-26,13042,30277,1273.0,98.0,15.0,1.0,0.0,2.0,1.0,0.0,1.0,118.0,46,15,
CPA,KT1A,CPAKT1A,ABB,56043,115/22,50,2011.0,2019-02-02,2019-05-12,7183,48161,1218.0,301.0,10.0,0.0,0.0,0.0,0.0,0.0,0.0,311.0,43,23,-
CPA,KT1A,CPAKT1A,ABB,56043,115/22,50,2011.0,2020-04-02,2020-05-09,16630,51241,1630.0,691.0,46.0,15.0,0.0,10.0,14.0,19.0,17.0,812.0,45,12,
CPA,KT1A,CPAKT1A,ABB,56043,115/22,50,2011.0,2020-08-02,2020-08-25,12321,48905,1829.0,437.0,25.0,2.0,0.0,0.0,1.0,0.0,0.0,465.0,43,,ตามผล Single phase Impedance เกิน 2%
CPA,KT1A,CPAKT1A,ABB,56043,115/22,50,2011.0,2021-02-06,2021-05-20,22404,58999,648.0,296.0,13.0,2.0,0.0,3.0,0.0,0.0,0.0,314.0,41,27,
CPA,KT1A,CPAKT1A,ABB,56043,115/22,50,2011.0,2022-01-15,2022-02-12,12442,60017,2381.0,799.0,3.0,7.0,0.0,5.0,1.0,1.0,3.0,819.0,39,14,
CPA,KT1A,CPAKT1A,ABB,56043,115/22,50,2011.0,2023-01-13,2023-02-04,24306,64387,2325.0,788.0,24.0,5.0,0.0,5.0,1.0,1.0,1.0,825.0,32,10,
CPA,KT1A,CPAKT1A,ABB,56043,115/22,50,2011.0,2024-01-12,2024-02-11,32920,44650,2343.0,798.0,3.0,6.0,0.0,8.0,1.0,28.0,1.0,845.0,41,20,
CPA,KT2A,CPAKT2A,ABB,56044,115/22,50,2010.0,2019-02-02,2019-05-12,10374,48462,1340.0,316.0,8.0,0.0,0.0,0.0,0.0,0.0,0.0,324.0,44,22,-
CPA,KT2A,CPAKT2A,ABB,56044,115/22,50,2010.0,2020-04-02,2020-05-08,7726,48851,3022.0,193.0,119.0,112.0,0.0,6.0,270.0,35.0,148.0,883.0,45,24,
CPA,KT2A,CPAKT2A,ABB,56044,115/22,50,2010.0,2021-02-06,2021-05-24,20581,60876,3257.0,494.0,54.0,3.0,0.0,1.0,1.0,1.0,1.0,555.0,40,25,
CPA,KT2A,CPAKT2A,ABB,56044,115/22,50,2010.0,2022-01-15,2022-02-08,18543,61584,2436.0,456.0,5.0,2.0,0.0,0.0,1.0,0.0,1.0,465.0,39,11,
CPA,KT2A,CPAKT2A,ABB,56044,115/22,50,2010.0,2023-01-13,2023-02-04,16967,57905,1274.0,455.0,3.0,2.0,0.0,3.0,1.0,1.0,1.0,466.0,32,5,
CPA,KT2A,CPAKT2A,ABB,56044,115/22,50,2010.0,2024-01-12,2024-02-11,35020,43530,1588.0,441.0,5.0,5.0,0.0,6.0,1.0,12.0,1.0,471.0,41,12,
CR,KT1A,CRKT1A,MEIDEN,8P9089T1,115/22,50,,2020-04-04,2020-04-18,9917,69237,845.0,110.0,32.0,34.0,0.0,0.0,16.0,0.0,0.0,192.0,,13,
CR,KT1A,CRKT1A,MEIDEN,8P9089T1,115/22,50,,2022-06-18,2022-06-20,14083,68204,1464.0,115.0,12.0,42.0,0.0,17.0,30.0,6.0,17.0,239.0,,13,
CR,KT1A,CRKT1A,MEIDEN,8P9089T1,115/22,50,,2023-06-01,2023-06-10,5603,43271,3059.0,271.0,8.0,66.0,0.0,3.0,52.0,2.0,14.0,416.0,,12,
CR,KT1A,CRKT1A,MEIDEN,8P9089T1,115/22,50,,2024-04-28,2024-05-26,3195,21680,2965.0,260.0,9.0,52.0,0.0,5.0,59.0,0.0,36.0,421.0,58,10,
CR,KT2A,CRKT2A,MEIDEN,8R8396T2,115/22,50,2007.0,2020-04-04,2020-04-18,3204,44035,934.0,116.0,47.0,60.0,0.0,0.0,0.0,0.0,0.0,223.0,,8,
CR,KT2A,CRKT2A,MEIDEN,8R8396T2,115/22,50,2007.0,2021-06-21,2021-08-30,7077,45997,2088.0,142.0,9.0,47.0,0.0,0.0,95.0,0.0,11.0,304.0,,13,
CR,KT2A,CRKT2A,MEIDEN,8R8396T2,115/22,50,2007.0,2022-06-18,2022-06-20,3981,47772,1733.0,107.0,18.0,63.0,0.0,22.0,106.0,36.0,72.0,424.0,,8,
CR,KT2A,CRKT2A,MEIDEN,8R8396T2,115/22,50,2007.0,2023-06-01,2023-06-10,5395,44786,5366.0,311.0,13.0,114.0,0.0,5.0,170.0,4.0,55.0,672.0,,15,
CR,KT2A,CRKT2A,MEIDEN,8R8396T2,115/22,50,2007.0,2024-04-28,2024-05-26,5428,43244,2429.0,128.0,6.0,35.0,0.0,4.0,103.0,0.0,74.0,350.0,60,11,
CR,KT4A,CRKT4A,FUJI,A1E69002T4-1,230/115/22,200,2012.0,2020-04-04,2020-04-12,8457,64115,1285.0,374.0,48.0,7.0,0.0,0.0,3.0,0.0,0.0,432.0,,13,
CR,KT4A,CRKT4A,FUJI,A1E69002T4-1,230/115/22,200,2012.0,2021-06-21,2021-08-29,18828,56817,1264.0,295.0,14.0,0.0,0.0,0.0,27.0,0.0,0.0,336.0,,14,
CR,KT4A,CRKT4A,FUJI,A1E69002T4-1,230/115/22,200,2012.0,2021-12-14,2021-12-18,3497,32268,2521.0,630.0,20.0,6.0,0.0,0.0,3.0,0.0,6.0,665.0,,8,
CR,KT4A,CRKT4A,FUJI,A1E69002T4-1,230/115/22,200,2012.0,2022-06-18,2022-06-20,4786,47752,1061.0,352.0,31.0,4.0,0.0,10.0,3.0,32.0,6.0,438.0,,6,
CR,KT4A,CRKT4A,FUJI,A1E69002T4-1,230/115/22,200,2012.0,2023-07-23,2023-07-24,5789,37341,2446.0,849.0,63.0,6.0,0.0,2.0,4.0,0.0,11.0,935.0,0,7,
CR,KT4A,CRKT4A,FUJI,A1E69002T4-1,230/115/22,200,2012.0,2023-09-25,2023-10-01,12416,51184,2643.0,1038.0,31.0,10.0,0.0,2.0,5.0,6.0,7.0,1099.0,30,6,
CR,KT4A,CRKT4A,FUJI,A1E69002T4-1,230/115/22,200,2012.0,2024-04-28,2024-05-27,12082,33267,2337.0,910.0,21.0,11.0,0.0,4.0,0.0,0.0,0.0,946.0,50,11,
CR,KT5A,CRKT5A,FUJI,A1E69002T4-2,230/115/22,200,2012.0,2020-04-04,2020-04-12,3698,44845,1309.0,435.0,58.0,7.0,0.0,0.0,4.0,0.0,0.0,504.0,,10,
CR,KT5A,CRKT5A,FUJI,A1E69002T4-2,230/115/22,200,2012.0,2021-06-21,2021-08-29,13345,60395,1283.0,286.0,11.0,0.0,0.0,0.0,8.0,0.0,0.0,305.0,,15,
CR,KT5A,CRKT5A,FUJI,A1E69002T4-2,230/115/22,200,2012.0,2021-12-14,2021-12-18,3028,32249,2472.0,607.0,20.0,6.0,0.0,0.0,5.0,0.0,7.0,645.0,,8,
CR,KT5A,CRKT5A,FUJI,A1E69002T4-2,230/115/22,200,2012.0,2022-06-18,2022-06-20,5276,47991,1013.0,320.0,29.0,4.0,0.0,11.0,3.0,53.0,5.0,425.0,,6,
CR,KT5A,CRKT5A,FUJI,A1E69002T4-2,230/115/22,200,2012.0,2023-07-23,2023-07-24,5208,38853,2509.0,834.0,30.0,6.0,0.0,2.0,4.0,0.0,10.0,886.0,0,6,
CR,KT5A,CRKT5A,FUJI,A1E69002T4-2,230/115/22,200,2012.0,2023-09-25,2023-09-29,9314,44891,2717.0,1025.0,28.0,16.0,0.0,2.0,4.0,7.0,23.0,1105.0,30,6,
CR,KT5A,CRKT5A,FUJI,A1E69002T4-2,230/115/22,200,2012.0,2024-04-28,2024-05-27,6332,40571,2334.0,816.0,23.0,8.0,0.0,6.0,0.0,0.0,0.0,853.0,51,6,
CT,KT1A,CTKT1A,MEIDEN,8P9088T1,115/22,50,2004.0,2020-03-15,2020-03-22,5936,65684,4158.0,131.0,41.0,155.0,0.0,0.0,612.0,0.0,385.0,1324.0,51,12,
CT,KT1A,CTKT1A,MEIDEN,8P9088T1,115/22,50,2004.0,2022-03-13,2022-03-19,4983,65524,4967.0,142.0,8.0,105.0,0.0,0.0,473.0,0.0,312.0,1040.0,65,12,
CT,KT1A,CTKT1A,MEIDEN,8P9088T1,115/22,50,2004.0,2022-09-09,2022-09-16,5082,75984,4701.0,119.0,9.0,112.0,0.0,4.0,508.0,0.0,339.0,1091.0,47,8,
CT,KT1A,CTKT1A,MEIDEN,8P9088T1,115/22,50,2004.0,2023-06-16,2023-06-22,6504,55232,3045.0,78.0,31.0,147.0,0.0,5.0,563.0,796.0,96.0,1716.0,52,8,
CT,KT1A,CTKT1A,MEIDEN,8P9088T1,115/22,50,2004.0,2024-03-09,2024-04-20,7432,77442,3811.0,88.0,10.0,181.0,0.0,8.0,749.0,13.0,355.0,1404.0,48,12,
CT,KT2A,CTKT2A,MEIDEN,8P9088T2,115/22,50,2004.0,2020-03-15,2020-03-22,10397,47483,4084.0,134.0,50.0,172.0,0.0,0.0,558.0,0.0,347.0,1261.0,61,17,
CT,KT2A,CTKT2A,MEIDEN,8P9088T2,115/22,50,2004.0,2022-03-13,2022-03-19,7115,60994,4364.0,145.0,7.0,171.0,0.0,2.0,485.0,0.0,196.0,1006.0,71,13,
CT,KT2A,CTKT2A,MEIDEN,8P9088T2,115/22,50,2004.0,2022-09-09,2022-09-16,4308,64513,4554.0,139.0,9.0,94.0,0.0,5.0,355.0,9.0,234.0,845.0,62,11,
CT,KT2A,CTKT2A,MEIDEN,8P9088T2,115/22,50,2004.0,2023-06-16,2023-06-22,6807,19776,3588.0,98.0,9.0,119.0,0.0,9.0,389.0,61.0,104.0,789.0,67,4,
CT,KT2A,CTKT2A,MEIDEN,8P9088T2,115/22,50,2004.0,2024-03-09,2024-04-20,9597,56583,3912.0,107.0,7.0,143.0,0.0,9.0,467.0,15.0,272.0,1020.0,69,10,
CT,KT3A,CTKT3A,ABB,504004,230/121/22,200,2018.0,2019-11-11,2019-11-14,21101,56266,305.0,7.0,0.0,5.4,0.0,0.0,0.0,2.1,2.2,16.7,60,12,
CT,KT3A,CTKT3A,ABB,504004,230/121/22,200,2018.0,2019-11-16,2019-11-22,9790,26370,353.0,35.0,13.0,3.0,0.0,0.0,0.0,0.0,0.0,51.0,-,9,หลังใช้งานประมาณ 2 เดือน
CT,KT3A,CTKT3A,ABB,504004,230/121/22,200,2018.0,2019-12-21,2020-01-31,7044,22049,381.0,58.0,16.0,28.0,0.0,28.0,8.0,20.0,4.0,162.0,48,,
CT,KT3A,CTKT3A,ABB,504004,230/121/22,200,2018.0,2020-03-15,2020-03-22,10224,31302,326.0,73.0,28.0,39.0,0.0,48.0,10.0,24.0,2.0,224.0,59,16,
CT,KT3A,CTKT3A,ABB,504004,230/121/22,200,2018.0,2020-08-29,2020-09-11,6551,21409,649.0,92.0,19.0,26.0,0.3,28.0,8.0,20.0,0.0,193.3,58,5,
CT,KT3A,CTKT3A,ABB,504004,230/121/22,200,2018.0,2021-03-13,2021-05-03,5540,24280,419.0,63.0,47.0,0.0,0.0,0.0,11.0,38.0,4.0,163.0,60,15,
CT,KT3A,CTKT3A,ABB,504004,230/121/22,200,2018.0,2022-03-13,2022-03-19,6495,28184,506.0,85.0,24.0,32.0,0.0,42.0,12.0,33.0,5.0,233.0,63,6,
CT,KT3A,CTKT3A,ABB,504004,230/121/22,200,2018.0,2022-09-09,2022-09-16,5317,24948,497.0,64.0,42.0,47.0,0.0,49.0,18.0,46.0,6.0,272.0,60,8,หลังเติม Passivator .
CT,KT3A,CTKT3A,ABB,504004,230/121/22,200,2018.0,2023-06-16,2023-06-22,4898,20373,2497.0,467.0,37.0,61.0,0.0,57.0,25.0,4.0,7.0,658.0,61,7,
CT,KT3A,CTKT3A,ABB,504004,230/121/22,200,2018.0,2023-10-13,2023-10-20,24973,44519,3058.0,274.0,18.0,53.0,0.0,43.0,19.0,49.0,21.0,477.0,56,10,
CT,KT3A,CTKT3A,ABB,504004,230/121/22,200,2018.0,2024-03-09,2024-04-20,9129,34036,3884.0,328.0,42.0,83.0,0.0,83.0,46.0,57.0,19.0,658.0,65,16,
CT,KT4A,CTKT4A,ABB,504005,230/121/21,200,2018.0,2019-11-11,2019-11-14,5392,23480,497.0,54.0,7.0,1.0,0.0,1.0,0.0,1.0,0.0,64.0,60,16,
CT,KT4A,CTKT4A,ABB,504005,230/121/21,200,2018.0,2019-11-16,2019-11-22,9160,25730,467.0,26.0,16.0,25.0,0.0,31.0,7.0,0.0,0.0,105.0,-,55,หลังใช้งานประมาณ 2 เดือน
CT,KT4A,CTKT4A,ABB,504005,230/121/21,200,2018.0,2019-12-21,2020-01-31,6430,20202,376.0,71.0,8.0,3.0,0.0,2.0,1.0,1.0,0.0,86.0,48,,
CT,KT4A,CTKT4A,ABB,504005,230/121/21,200,2018.0,2020-02-14,2020-02-28,13559,34240,625.0,82.0,15.0,22.0,0.0,8.0,0.0,0.0,0.0,127.0,54,14,
CT,KT4A,CTKT4A,ABB,504005,230/121/21,200,2018.0,2020-03-15,2020-03-22,4475,41847,432.0,86.0,12.0,35.0,0.0,48.0,9.0,27.0,2.0,219.0,59,25,
CT,KT4A,CTKT4A,ABB,504005,230/121/21,200,2018.0,2021-03-13,2021-05-02,3400,23190,652.0,92.0,41.0,0.0,0.0,0.0,18.0,80.0,6.0,237.0,64,20,
CT,KT4A,CTKT4A,ABB,504005,230/121/21,200,2018.0,2022-03-13,2022-03-19,9821,35628,775.0,107.0,23.0,32.0,0.0,45.0,11.0,37.0,4.0,259.0,64,18,
CT,KT4A,CTKT4A,ABB,504005,230/121/21,200,2018.0,2022-09-09,2022-09-16,4569,20762,761.0,97.0,39.0,41.0,0.0,46.0,14.0,44.0,4.0,285.0,60,8,หลังเติม Passivator .
CT,KT4A,CTKT4A,ABB,504005,230/121/21,200,2018.0,2023-06-16,2023-06-22,6208,46790,414.0,27.0,44.0,0.0,43.0,16.0,4.0,9.0,557.0,700.0,58,7,
CT,KT4A,CTKT4A,ABB,504005,230/121/21,200,2018.0,2023-10-13,2023-10-22,32409,63325,1862.0,208.0,13.0,34.0,0.0,60.0,15.0,38.0,0.0,368.0,56,12,
CT,KT4A,CTKT4A,ABB,504005,230/121/21,200,2018.0,2024-03-09,2024-04-20,6809,28816,1774.0,327.0,40.0,53.0,0.0,58.0,17.0,36.0,7.0,538.0,65,13,
CTG,KT1A,CTGKT1A,FUJI,AN69003T3-1,115/22,25,2000.0,2020-03-23,2020-05-16,8497,43926,2592.0,102.0,9.0,54.0,0.0,0.0,179.0,0.0,115.0,459.0,68,12,
CTG,KT1A,CTGKT1A,FUJI,AN69003T3-1,115/22,25,2000.0,2021-04-10,2021-10-21,8360,60858,2050.0,214.0,16.0,254.0,0.0,0.0,181.0,0.0,81.0,746.0,,30,
CTG,KT1A,CTGKT1A,FUJI,AN69003T3-1,115/22,25,2000.0,2022-06-11,2022-06-19,6486,57392,1979.0,68.0,6.0,44.0,0.0,19.0,144.0,6.0,88.0,375.0,63,19,
CTG,KT1A,CTGKT1A,FUJI,AN69003T3-1,115/22,25,2000.0,2023-04-03,2023-06-11,36000,66087,2150.0,76.0,1.0,0.0,0.0,2.0,155.0,2.0,55.0,291.0,54,15,
CTG,KT2A,CTGKT2A,VOLTA WERKE,60546-001,115/22,25,1994.0,2020-03-23,2020-05-16,2498,54193,3391.0,145.0,12.0,99.0,0.0,14.0,177.0,26.0,109.0,582.0,70,7,
CTG,KT2A,CTGKT2A,VOLTA WERKE,60546-001,115/22,25,1994.0,2021-04-10,2021-10-21,6218,54196,1747.0,228.0,53.0,234.0,0.0,23.0,177.0,0.0,91.0,806.0,,19,
CTG,KT2A,CTGKT2A,VOLTA WERKE,60546-001,115/22,25,1994.0,2022-06-11,2022-06-19,4018,71374,1653.0,194.0,34.0,54.0,0.0,29.0,99.0,21.0,76.0,507.0,68,11,
CTG,KT2A,CTGKT2A,VOLTA WERKE,60546-001,115/22,25,1994.0,2023-04-03,2023-06-04,7487,70359,2015.0,264.0,40.0,24.0,0.0,20.0,118.0,19.0,90.0,575.0,56,15,
CTG,KT2A,CTGKT2A,VOLTA WERKE,60546-001,115/22,25,1994.0,2024-03-23,2024-05-26,4560,73857,3288.0,418.0,66.0,62.0,0.0,30.0,110.0,33.0,94.0,813.0,56,30,
CTN,KT1A,CTNKT1A,MEIDEN,8R9911T6,115/22,50,2008.0,2020-02-14,2020-03-09,4770,53080,528.0,76.0,47.0,58.0,0.0,2.0,222.0,29.0,172.0,606.0,50,11,
CTN,KT1A,CTNKT1A,MEIDEN,8R9911T6,115/22,50,2008.0,2022-02-27,2022-03-07,8768,40222,693.0,61.0,11.0,42.0,0.0,6.0,191.0,0.0,79.0,390.0,59,9,
CTN,KT1A,CTNKT1A,MEIDEN,8R9911T6,115/22,50,2008.0,2022-08-25,2022-09-03,2243,56270,785.0,82.0,6.0,53.0,0.0,6.0,237.0,0.0,156.0,540.0,58,12,
CTN,KT1A,CTNKT1A,MEIDEN,8R9911T6,115/22,50,2008.0,2023-03-11,2023-03-16,4312,52234,804.0,103.0,53.0,66.0,0.0,7.0,251.0,0.0,152.0,632.0,54,5,
CTN,KT1A,CTNKT1A,MEIDEN,8R9911T6,115/22,50,2008.0,2023-04-24,2023-04-28,4266,50274,735.0,82.0,21.0,52.0,0.0,8.0,201.0,10.0,170.0,544.0,55,15,
CTN,KT1A,CTNKT1A,MEIDEN,8R9911T6,115/22,50,2008.0,2024-02-17,2024-02-19,14486,31341,593.0,46.0,16.0,7.0,0.0,1.0,16.0,1.0,9.0,96.0,54,10,
CTN,KT2A,CTNKT2A,MEIDEN,8R9911T7,115/22,50,2008.0,2020-02-14,2020-03-09,6500,59990,722.0,76.0,43.0,57.0,0.0,2.0,226.0,0.0,174.0,578.0,58,11,
CTN,KT2A,CTNKT2A,MEIDEN,8R9911T7,115/22,50,2008.0,2022-02-27,2022-03-07,9704,46177,1201.0,102.0,19.0,53.0,0.0,4.0,225.0,0.0,0.0,403.0,65,12,
CTN,KT2A,CTNKT2A,MEIDEN,8R9911T7,115/22,50,2008.0,2022-08-25,2022-09-03,8269,61389,1282.0,125.0,9.0,69.0,0.0,5.0,274.0,0.0,171.0,653.0,60,8,
CTN,KT2A,CTNKT2A,MEIDEN,8R9911T7,115/22,50,2008.0,2023-03-11,2023-03-16,5058,57952,1329.0,153.0,22.0,82.0,0.0,6.0,294.0,0.0,187.0,744.0,55,6,
CTN,KT2A,CTNKT2A,MEIDEN,8R9911T7,115/22,50,2008.0,2023-04-21,2023-04-26,5786,55441,1208.0,139.0,17.0,62.0,0.0,9.0,223.0,1.0,187.0,638.0,55,13,
CTN,KT2A,CTNKT2A,MEIDEN,8R9911T7,115/22,50,2008.0,2024-01-25,2024-02-16,5295,49805,749.0,86.0,4.0,19.0,0.0,2.0,39.0,13.0,31.0,194.0,58,13,
CYP,KT1A,CYPKT1A,MEIDEN,8P9097T2,115/22/11,50,2012.0,2019-05-08,2019-05-09,6891,23055,378.0,33.0,8.0,1.0,0.0,0.0,0.0,0.0,0.0,42.0,-,13,หลังซ่อม กม-สส
CYP,KT1A,CYPKT1A,MEIDEN,8P9097T2,115/22/11,50,2012.0,2019-08-29,2019-09-28,9616,33112,478.0,74.0,9.0,0.0,0.0,1.0,2.0,0.0,6.0,92.0,58,21,ย้ายมาจาก KK1-KT2A
CYP,KT1A,CYPKT1A,MEIDEN,8P9097T2,115/22/11,50,2012.0,2020-03-30,2020-05-26,10701,23600,1589.0,107.0,26.0,0.0,0.0,0.0,0.0,0.0,0.0,133.0,54,19,
CYP,KT1A,CYPKT1A,MEIDEN,8P9097T2,115/22/11,50,2012.0,2021-01-18,2021-02-12,6215,33374,2788.0,107.0,53.0,22.0,0.0,0.0,5.0,0.0,3.0,190.0,56,14,
CYP,KT1A,CYPKT1A,MEIDEN,8P9097T2,115/22/11,50,2012.0,2022-03-06,2022-03-27,9287,24739,3280.0,159.0,37.0,0.0,0.0,0.0,14.0,0.0,0.0,210.0,49,11,
CYP,KT1A,CYPKT1A,MEIDEN,8P9097T2,115/22/11,50,2012.0,2023-03-03,2023-03-18,5561,27529,4045.0,242.0,76.0,28.0,0.0,0.0,20.0,0.0,11.0,377.0,55,10,
CYP,KT1A,CYPKT1A,MEIDEN,8P9097T2,115/22/11,50,2012.0,2024-03-04,2024-04-08,3711,19584,4425.0,243.0,52.0,28.0,0.0,0.0,0.0,0.0,0.0,323.0,64,22,
CYP,KT2A,CYPKT2A,FUJI,A1Z69040T1-2,230/115/22,200,2007.0,2019-03-30,2019-04-18,5652,29687,794.0,85.0,36.0,17.0,0.0,14.0,81.0,0.0,19.0,252.0,60,19,-
CYP,KT2A,CYPKT2A,FUJI,A1Z69040T1-2,230/115/22,200,2007.0,2019-08-29,2019-09-28,8054,38914,668.0,74.0,22.0,15.0,0.0,2.0,53.0,0.0,34.0,200.0,53,16,-
CYP,KT2A,CYPKT2A,FUJI,A1Z69040T1-2,230/115/22,200,2007.0,2020-03-30,2020-05-26,10653,46788,221.0,1.0,0.0,0.0,0.0,0.0,0.0,0.0,0.0,1.0,50,21,
CYP,KT2A,CYPKT2A,FUJI,A1Z69040T1-2,230/115/22,200,2007.0,2020-07-31,2020-08-25,5042,36617,312.0,67.0,26.0,2.0,0.0,0.0,2.0,0.0,1.0,98.0,52,,
CYP,KT2A,CYPKT2A,FUJI,A1Z69040T1-2,230/115/22,200,2007.0,2021-01-18,2021-02-08,6876,39988,297.0,46.0,31.0,7.0,0.0,0.0,5.0,0.0,3.0,92.0,51,6,
CYP,KT2A,CYPKT2A,FUJI,A1Z69040T1-2,230/115/22,200,2007.0,2021-09-09,2021-11-11,6466,37804,724.0,22.0,39.0,2.0,0.0,1.0,11.0,0.0,8.0,83.0,51,12,
CYP,KT2A,CYPKT2A,FUJI,A1Z69040T1-2,230/115/22,200,2007.0,2022-03-06,2022-03-27,8681,28625,588.0,82.0,19.0,0.0,0.0,0.0,15.0,0.0,0.0,116.0,42,7,
CYP,KT2A,CYPKT2A,FUJI,A1Z69040T1-2,230/115/22,200,2007.0,2022-07-31,2022-08-14,5670,34110,617.0,91.0,24.0,9.0,0.0,0.0,13.0,26.0,8.0,171.0,54,20,
CYP,KT2A,CYPKT2A,FUJI,A1Z69040T1-2,230/115/22,200,2007.0,2023-03-03,2023-03-18,5767,34832,793.0,122.0,23.0,15.0,0.0,0.0,20.0,0.0,0.0,180.0,50,12,
CYP,KT2A,CYPKT2A,FUJI,A1Z69040T1-2,230/115/22,200,2007.0,2023-08-25,2023-10-10,14650,36540,877.0,135.0,12.0,23.0,0.0,2.0,17.0,1.0,10.0,200.0,52,18,
CYP,KT2A,CYPKT2A,FUJI,A1Z69040T1-2,230/115/22,200,2007.0,2024-03-04,2024-04-08,8320,40055,803.0,162.0,20.0,15.0,0.0,0.0,0.0,0.0,0.0,197.0,53,13,
CYP,KT3A,CYPKT3A,ABB,52010,115/22/11,50,2007.0,2019-03-30,2019-04-18,3578,34962,3313.0,246.0,18.0,15.0,0.0,0.0,52.0,0.0,0.0,331.0,53,15,-
CYP,KT3A,CYPKT3A,ABB,52010,115/22/11,50,2007.0,2020-03-30,2020-05-26,7943,35506,3197.0,209.0,29.0,13.0,0.0,0.0,5.0,0.0,0.0,256.0,45,13,
CYP,KT3A,CYPKT3A,ABB,52010,115/22/11,50,2007.0,2021-01-18,2021-02-01,3586,50412,4120.0,160.0,34.0,30.0,0.0,0.0,5.0,0.0,2.0,231.0,52,8,
CYP,KT3A,CYPKT3A,ABB,52010,115/22/11,50,2007.0,2022-03-06,2022-03-27,9050,47590,2762.0,119.0,13.0,16.0,0.0,0.0,4.0,2.0,3.0,157.0,38,6,
CYP,KT3A,CYPKT3A,ABB,52010,115/22/11,50,2007.0,2023-03-03,2023-03-18,6265,40387,3702.0,265.0,26.0,22.0,0.0,0.0,7.0,0.0,0.0,320.0,45,16,
CYP,KT3A,CYPKT3A,ABB,52010,115/22/11,50,2007.0,2024-03-04,2024-04-08,5299,33977,3507.0,284.0,18.0,13.0,0.0,0.0,0.0,0.0,0.0,315.0,50,12,
CYP,KT4A,CYPKT4A,TOSHIBA,98900017,230/121/22,200,2012.0,2019-03-30,2019-04-18,4339,33001,2346.0,479.0,26.0,7.0,0.0,2.0,24.0,0.0,0.0,538.0,57,20,-
CYP,KT4A,CYPKT4A,TOSHIBA,98900017,230/121/22,200,2012.0,2019-08-29,2019-09-28,4662,34938,2428.0,557.0,20.0,10.0,0.0,0.0,6.0,0.0,5.0,598.0,52,14,-
CYP,KT4A,CYPKT4A,TOSHIBA,98900017,230/121/22,200,2012.0,2020-03-30,2020-05-26,5033,51749,2317.0,480.0,21.0,4.0,0.0,3.0,0.0,1.0,2.0,511.0,50,22,
CYP,KT4A,CYPKT4A,TOSHIBA,98900017,230/121/22,200,2012.0,2020-07-31,2020-08-25,4419,50527,2757.0,484.0,37.0,5.0,0.0,0.0,2.0,0.0,3.0,531.0,51,,
CYP,KT4A,CYPKT4A,TOSHIBA,98900017,230/121/22,200,2012.0,2021-01-18,2021-02-05,2801,43344,3444.0,509.0,29.0,6.0,0.0,0.0,3.0,10.0,3.0,560.0,48,11,
CYP,KT4A,CYPKT4A,TOSHIBA,98900017,230/121/22,200,2012.0,2022-03-06,2022-03-27,3941,33315,3099.0,635.0,23.0,0.0,0.0,0.0,7.0,0.0,0.0,665.0,42,15,
CYP,KT4A,CYPKT4A,TOSHIBA,98900017,230/121/22,200,2012.0,2022-07-31,2022-08-14,5930,43680,3245.0,668.0,24.0,6.0,0.0,21.0,3.0,12.0,5.0,739.0,52,18,
CYP,KT4A,CYPKT4A,TOSHIBA,98900017,230/121/22,200,2012.0,2023-03-03,2023-03-18,6376,32976,3478.0,748.0,16.0,8.0,0.0,4.0,0.0,0.0,0.0,776.0,40,14,
CYP,KT4A,CYPKT4A,TOSHIBA,98900017,230/121/22,200,2012.0,2023-08-25,2023-10-09,15830,31750,3658.0,759.0,10.0,47.0,0.0,12.0,6.0,5.0,5.0,844.0,52,15,
CYP,KT4A,CYPKT4A,TOSHIBA,98900017,230/121/22,200,2012.0,2023-12-23,2024-01-08,8765,41668,3859.0,761.0,37.0,9.0,0.0,2.0,2.0,2.0,3.0,816.0,72,15,
CYP,KT4A,CYPKT4A,TOSHIBA,98900017,230/121/22,200,2012.0,2024-03-04,2024-04-08,7169,32558,3052.0,722.0,14.0,11.0,0.0,5.0,0.0,0.0,0.0,752.0,53,15,
DBN,KT1A,DBNKT1A,TOSHIBA,890900043,115/22,25,2003.0,2019-02-14,2019-03-02,7397,41798,5732.0,118.0,64.0,196.0,0.0,8.0,596.0,0.0,302.0,1284.0,53,24,-
DBN,KT1A,DBNKT1A,TOSHIBA,890900043,115/22,25,2003.0,2021-02-14,2021-04-26,28470,42300,2415.0,35.0,44.0,124.0,0.0,4.0,489.0,53.0,493.0,1242.0,53,28,
DBN,KT1A,DBNKT1A,TOSHIBA,890900043,115/22,25,2003.0,2022-02-07,2022-03-07,6066,60048,6287.0,170.0,77.0,107.0,0.0,13.0,788.0,0.0,494.0,1649.0,57,22,
DBN,KT1A,DBNKT1A,TOSHIBA,890900043,115/22,25,2003.0,2023-03-23,2023-04-06,7396,45012,5292.0,144.0,33.0,67.0,0.0,1.0,243.0,13.0,318.0,819.0,54,19,
DBN,KT2A,DBNKT2A,MEIDEN,8P8747T2,115/22,25,2004.0,2019-02-14,2019-03-02,8321,44210,1944.0,140.0,41.0,121.0,0.0,8.0,263.0,0.0,133.0,706.0,51,10,-
DBN,KT2A,DBNKT2A,MEIDEN,8P8747T2,115/22,25,2004.0,2021-02-14,2021-04-27,15850,60172,1706.0,150.0,34.0,158.0,0.0,8.0,349.0,6.0,176.0,881.0,48,24,
DBN,KT2A,DBNKT2A,MEIDEN,8P8747T2,115/22,25,2004.0,2022-02-07,2022-03-07,5910,54550,2046.0,171.0,44.0,131.0,0.0,8.0,378.0,0.0,168.0,900.0,60,10,
DBN,KT2A,DBNKT2A,MEIDEN,8P8747T2,115/22,25,2004.0,2023-03-23,2023-04-06,6537,39389,1606.0,135.0,15.0,22.0,0.0,0.0,57.0,2.0,60.0,291.0,59,10,
DBN,KT2A,DBNKT2A,MEIDEN,8P8747T2,115/22,25,2004.0,2024-02-17,2024-03-17,7816,24880,1730.0,138.0,21.0,33.0,0.0,0.0,96.0,0.0,66.0,354.0,56,12,
DBN,KT3A,DBNKT3A,OSAKA,5A1587001,115/69/22,25,1990.0,2019-02-14,2019-03-02,11722,41985,2250.0,174.0,41.0,68.0,0.0,17.0,187.0,56.0,128.0,671.0,53,21,-
DBN,KT3A,DBNKT3A,OSAKA,5A1587001,115/69/22,25,1990.0,2020-02-10,2020-02-22,13741,44911,2214.0,315.0,54.0,135.0,0.0,7.0,279.0,0.0,178.0,968.0,,15,
DBN,KT3A,DBNKT3A,OSAKA,5A1587001,115/69/22,25,1990.0,2021-02-14,2021-04-26,27930,50000,1642.0,101.0,0.0,72.0,0.0,8.0,174.0,36.0,152.0,543.0,52,21,
DBN,KT3A,DBNKT3A,OSAKA,5A1587001,115/69/22,25,1990.0,2022-02-07,2022-03-07,7068,83763,3771.0,210.0,21.0,55.0,0.0,18.0,280.0,0.0,160.0,744.0,58,16,
DBN,KT3A,DBNKT3A,OSAKA,5A1587001,115/69/22,25,1990.0,2023-03-23,2023-04-06,7468,34339,2464.0,191.0,9.0,20.0,0.0,1.0,31.0,2.0,30.0,284.0,57,17,
DBN,KT3A,DBNKT3A,OSAKA,5A1587001,115/69/22,25,1990.0,2024-02-17,2024-03-17,7059,27453,2482.0,194.0,13.0,17.0,0.0,7.0,42.0,0.0,23.0,296.0,55,25,
HH,KT1A,HHKT1A,ABB,103727,230/115/22,200,2007.0,2019-01-19,2019-03-09,8299,41410,634.0,150.0,13.0,4.0,0.0,0.0,0.0,0.0,0.0,167.0,50,25,-
HH,KT1A,HHKT1A,ABB,103727,230/115/22,200,2007.0,2020-01-17,2020-02-07,9390,33249,700.0,164.0,13.0,4.0,0.0,1.0,1.0,0.0,0.0,183.0,56,13,
HH,KT1A,HHKT1A,ABB,103727,230/115/22,200,2007.0,2020-07-26,2020-08-02,6196,33213,1263.0,319.0,20.0,5.0,0.0,1.0,1.0,1.0,0.0,347.0,54,10,
HH,KT1A,HHKT1A,ABB,103727,230/115/22,200,2007.0,2021-01-17,2021-01-31,8630,47790,1177.0,163.0,29.0,4.0,0.0,0.0,1.0,21.0,1.0,219.0,54,10,
HH,KT1A,HHKT1A,ABB,103727,230/115/22,200,2007.0,2022-02-28,2022-03-10,9461,30032,1370.0,304.0,10.0,5.0,0.0,1.0,1.0,0.0,0.0,321.0,56,6,
HH,KT1A,HHKT1A,ABB,103727,230/115/22,200,2007.0,2022-07-28,2022-08-07,8820,35920,1302.0,308.0,15.0,3.0,0.0,0.0,1.0,20.0,0.0,347.0,57,10,
HH,KT1A,HHKT1A,ABB,103727,230/115/22,200,2007.0,2023-01-21,2023-02-02,7900,31170,1389.0,324.0,10.0,3.0,0.0,0.0,0.0,0.0,0.0,337.0,48,7,
HH,KT1A,HHKT1A,ABB,103727,230/115/22,200,2007.0,2023-07-29,2023-08-05,8790,20150,1893.0,340.0,12.0,16.0,0.0,0.0,0.0,25.0,0.0,393.0,56,5,
HH,KT1A,HHKT1A,ABB,103727,230/115/22,200,2007.0,2024-02-10,2024-02-24,8735,31324,1439.0,359.0,17.0,5.0,0.0,0.0,1.0,1.0,1.0,384.0,55,9,
HH,KT3A,HHKT3A,FUJI,A1E69002T1,230/115/22,200,,2019-01-19,2019-03-09,8225,41495,994.0,368.0,14.0,8.0,0.0,0.0,0.0,0.0,0.0,390.0,44,17,-
HH,KT3A,HHKT3A,FUJI,A1E69002T1,230/115/22,200,,2020-01-17,2020-02-07,8500,45000,1735.0,676.0,41.0,4.0,0.0,0.0,3.0,0.0,0.0,724.0,47,10,
HH,KT3A,HHKT3A,FUJI,A1E69002T1,230/115/22,200,,2020-07-26,2020-08-02,18399,59719,1478.0,388.0,9.0,4.0,0.0,0.0,2.0,0.0,4.0,407.0,46,15,
HH,KT3A,HHKT3A,FUJI,A1E69002T1,230/115/22,200,,2021-01-17,2021-01-31,7020,95060,2177.0,510.0,34.0,6.0,0.0,0.0,4.0,40.0,6.0,600.0,48,13,
HH,KT3A,HHKT3A,FUJI,A1E69002T1,230/115/22,200,,2022-02-28,2022-03-10,6125,43163,2437.0,680.0,25.0,13.0,0.0,1.0,2.0,0.0,0.0,721.0,50,8,
HH,KT3A,HHKT3A,FUJI,A1E69002T1,230/115/22,200,,2022-07-28,2022-08-07,7330,46420,2539.0,691.0,15.0,3.0,0.0,8.0,2.0,33.0,4.0,756.0,47,11,
HH,KT3A,HHKT3A,FUJI,A1E69002T1,230/115/22,200,,2023-01-21,2023-02-02,7810,45240,2623.0,683.0,9.0,5.0,0.0,0.0,2.0,18.0,3.0,720.0,42,5,
HH,KT3A,HHKT3A,FUJI,A1E69002T1,230/115/22,200,,2023-07-29,2023-08-05,10170,33870,2665.0,688.0,10.0,5.0,0.0,0.0,2.0,27.0,7.0,739.0,49,6,
HH,KT3A,HHKT3A,FUJI,A1E69002T1,230/115/22,200,,2024-02-10,2024-02-24,7727,48361,2146.0,831.0,17.0,7.0,0.0,0.0,2.0,1.0,6.0,864.0,50,7,
HY1,KT1A,HY1KT1A,MEIDEN,8P9102T1,115/33/11,50,2004.0,2019-07-07,2019-09-05,13023,50018,2368.0,133.0,15.0,68.0,0.0,0.0,222.0,0.0,110.0,548.0,59,25,-
HY1,KT1A,HY1KT1A,MEIDEN,8P9102T1,115/33/11,50,2004.0,2020-07-12,2020-08-24,13879,47126,2252.0,103.0,10.0,65.0,0.0,0.0,235.0,0.0,73.0,486.0,53,20,
HY1,KT1A,HY1KT1A,MEIDEN,8P9102T1,115/33/11,50,2004.0,2021-06-21,2021-06-27,7334,65081,2931.0,141.0,16.0,94.0,0.0,2.0,282.0,0.0,139.0,674.0,,11,หลังเกิด Bouchholz Relay Trip
HY1,KT1A,HY1KT1A,MEIDEN,8P9102T1,115/33/11,50,2004.0,2021-08-02,2021-11-15,12545,58541,2317.0,131.0,11.0,71.0,0.0,0.0,281.0,0.0,56.0,550.0,56,16,
HY1,KT1A,HY1KT1A,MEIDEN,8P9102T1,115/33/11,50,2004.0,2022-07-08,2022-07-24,7680,59770,2454.0,164.0,23.0,45.0,0.0,13.0,295.0,10.0,142.0,692.0,54,11,
HY1,KT1A,HY1KT1A,MEIDEN,8P9102T1,115/33/11,50,2004.0,2023-07-09,2023-11-18,6145,41623,2239.0,97.0,18.0,57.0,0.0,3.0,217.0,4.0,164.0,560.0,59,18,
HY1,KT2A,HY1KT2A,MEIDEN,8P9102T2,115/33/11,50,2004.0,2019-07-07,2019-09-05,10088,60369,1544.0,100.0,4.0,64.0,0.0,2.0,209.0,0.0,114.0,493.0,59,24,-
HY1,KT2A,HY1KT2A,MEIDEN,8P9102T2,115/33/11,50,2004.0,2020-07-12,2020-08-24,10486,58035,2157.0,107.0,8.0,68.0,0.0,2.0,217.0,0.0,112.0,514.0,51,19,
HY1,KT2A,HY1KT2A,MEIDEN,8P9102T2,115/33/11,50,2004.0,2021-08-02,2021-11-15,15689,61137,2107.0,103.0,10.0,62.0,0.0,0.0,249.0,0.0,51.0,475.0,62,20,
HY1,KT2A,HY1KT2A,MEIDEN,8P9102T2,115/33/11,50,2004.0,2022-07-08,2022-07-25,6600,66206,2852.0,124.0,14.0,58.0,0.0,4.0,285.0,0.0,92.0,577.0,59,13,
HY1,KT2A,HY1KT2A,MEIDEN,8P9102T2,115/33/11,50,2004.0,2023-07-09,2023-11-18,7296,48886,2823.0,106.0,11.0,65.0,0.0,3.0,228.0,4.0,165.0,582.0,63,19,
HY2,KT1A,HY2KT1A,HYUNDAI,T943017,115/33,50,2008.0,2019-07-11,2019-09-05,4567,49511,851.0,116.0,15.0,48.0,0.0,8.0,91.0,0.0,56.0,334.0,52,25,-
HY2,KT1A,HY2KT1A,HYUNDAI,T943017,115/33,50,2008.0,2020-07-12,2020-08-24,4444,42773,468.0,66.0,25.0,45.0,0.0,2.0,60.0,0.0,55.0,253.0,,22,
HY2,KT1A,HY2KT1A,HYUNDAI,T943017,115/33,50,2008.0,2021-08-07,2021-11-15,2830,57450,1323.0,92.0,4.0,50.0,0.0,3.0,97.0,28.0,109.0,383.0,49,26,
HY2,KT1A,HY2KT1A,HYUNDAI,T943017,115/33,50,2008.0,2023-08-14,2023-11-02,5046,72593,1091.0,124.0,11.0,75.0,0.0,10.0,172.0,0.0,92.0,484.0,49,18,
HY2,KT2A,HY2KT2A,HYUNDAI,T943016,115/33,50,2008.0,2019-07-11,2019-09-05,11162,45196,637.0,16.0,9.0,34.0,0.0,2.0,73.0,0.0,53.0,187.0,54,32,-
HY2,KT2A,HY2KT2A,HYUNDAI,T943016,115/33,50,2008.0,2020-07-12,2020-08-24,6144,46254,891.0,13.0,11.0,33.0,0.0,0.0,110.0,0.0,28.0,195.0,,20,
HY2,KT2A,HY2KT2A,HYUNDAI,T943016,115/33,50,2008.0,2021-08-07,2021-11-15,5860,45320,1392.0,17.0,7.0,34.0,0.0,0.0,85.0,12.0,83.0,238.0,52,17,
HY2,KT2A,HY2KT2A,HYUNDAI,T943016,115/33,50,2008.0,2023-08-14,2023-11-02,6052,55237,1261.0,24.0,12.0,54.0,0.0,3.0,128.0,0.0,72.0,293.0,54,19,
HY2,KT3A,HY2KT3A,JEUMONT SCHNEI,94169,230/121/33,200,2002.0,2019-01-26,2019-04-07,10988,43129,2223.0,314.0,23.0,8.0,0.0,2.0,10.0,5.0,13.0,375.0,51,35,-
HY2,KT3A,HY2KT3A,JEUMONT SCHNEI,94169,230/121/33,200,2002.0,2019-03-25,2019-08-25,6473,41898,2797.0,366.0,12.0,14.0,0.0,0.0,30.0,0.0,20.0,442.0,56,24,-
HY2,KT3A,HY2KT3A,JEUMONT SCHNEI,94169,230/121/33,200,2002.0,2019-07-13,2019-09-05,6943,35884,4190.0,433.0,38.0,26.0,0.0,0.0,17.0,0.0,0.0,514.0,50,29,-
HY2,KT3A,HY2KT3A,JEUMONT SCHNEI,94169,230/121/33,200,2002.0,2019-11-11,2019-11-12,4433,36487,5308.0,433.0,36.0,31.0,0.0,0.0,35.0,0.0,22.0,557.0,60,20,-
HY2,KT3A,HY2KT3A,JEUMONT SCHNEI,94169,230/121/33,200,2002.0,2020-04-05,2020-05-15,12481,46834,4250.0,405.0,23.0,24.0,0.0,0.0,15.0,0.0,0.0,467.0,55,22,
HY2,KT3A,HY2KT3A,JEUMONT SCHNEI,94169,230/121/33,200,2002.0,2020-07-12,2020-08-24,13247,48305,3663.0,360.0,18.0,20.0,0.0,0.0,20.0,0.0,0.0,418.0,,26,
HY2,KT3A,HY2KT3A,JEUMONT SCHNEI,94169,230/121/33,200,2002.0,2021-08-07,2021-11-15,10521,41145,4777.0,444.0,16.0,25.0,0.0,0.0,36.0,0.0,3.0,524.0,55,21,
HY2,KT3A,HY2KT3A,JEUMONT SCHNEI,94169,230/121/33,200,2002.0,2022-01-30,2022-02-14,5439,33239,2017.0,190.0,10.0,0.0,0.0,0.0,4.0,0.0,0.0,204.0,56,11,
HY2,KT3A,HY2KT3A,JEUMONT SCHNEI,94169,230/121/33,200,2002.0,2022-07-10,2022-07-24,11370,55790,2851.0,197.0,4.0,4.0,0.0,0.0,3.0,1.0,2.0,211.0,56,13,
HY2,KT3A,HY2KT3A,JEUMONT SCHNEI,94169,230/121/33,200,2002.0,2023-01-20,2023-03-11,5581,31228,2856.0,268.0,10.0,12.0,0.0,0.0,9.0,0.0,0.0,299.0,50,20,
HY2,KT3A,HY2KT3A,JEUMONT SCHNEI,94169,230/121/33,200,2002.0,2023-08-14,2023-11-02,7772,39504,3018.0,291.0,13.0,17.0,0.0,1.0,13.0,0.0,8.0,343.0,58,13,
HY2,KT3A,HY2KT3A,JEUMONT SCHNEI,94169,230/121/33,200,2002.0,2024-02-19,2024-04-09,11328,36697,3207.0,295.0,10.0,10.0,0.0,0.0,5.0,0.0,6.0,326.0,57,20,
HY2,KT4A,HY2KT4A,JEUMONT SCHENI,94170,230/121/33,200,2002.0,2019-01-26,2019-04-07,2707,44555,4109.0,434.0,32.0,58.0,0.0,23.0,32.0,0.0,0.0,579.0,56,39,-
HY2,KT4A,HY2KT4A,JEUMONT SCHENI,94170,230/121/33,200,2002.0,2019-03-25,2019-08-26,12825,48850,3503.0,388.0,15.0,53.0,0.0,19.0,46.0,25.0,26.0,572.0,57,27,-
HY2,KT4A,HY2KT4A,JEUMONT SCHENI,94170,230/121/33,200,2002.0,2019-07-13,2019-09-05,8748,43627,3245.0,343.0,25.0,51.0,0.0,22.0,22.0,27.0,14.0,504.0,58,32,-
HY2,KT4A,HY2KT4A,JEUMONT SCHENI,94170,230/121/33,200,2002.0,2019-11-11,2019-11-12,4973,43787,5845.0,520.0,141.0,147.0,42.0,81.0,44.0,54.0,17.0,1046.0,58,25,Fault Trip มี Bushing เสียหาย
HY2,KT4A,HY2KT4A,JEUMONT SCHENI,94170,230/121/33,200,2002.0,2019-12-03,2019-12-07,5614,48876,411.0,40.0,10.0,6.0,1.0,2.0,2.0,0.0,0.0,55.0,30,15,หลังเปิดหม้อแปลงและทำน้ำมัน
HY2,KT4A,HY2KT4A,JEUMONT SCHENI,94170,230/121/33,200,2002.0,2020-01-05,2020-02-09,14541,45548,985.0,73.0,7.0,0.0,0.0,0.0,0.0,0.0,0.0,80.0,57,24,ตามผลหลังจากซ่อมแล้วใช้งาน
HY2,KT4A,HY2KT4A,JEUMONT SCHENI,94170,230/121/33,200,2002.0,2020-04-05,2020-05-15,14183,45085,2485.0,293.0,12.0,12.0,0.0,7.0,0.0,0.0,0.0,324.0,60,19,
HY2,KT4A,HY2KT4A,JEUMONT SCHENI,94170,230/121/33,200,2002.0,2020-07-12,2020-08-24,18472,50939,2418.0,219.0,6.0,10.0,0.0,3.0,0.0,3.0,2.0,243.0,,24,
HY2,KT4A,HY2KT4A,JEUMONT SCHENI,94170,230/121/33,200,2002.0,2020-08-03,2020-09-13,26523,59658,1899.0,111.0,2.0,8.0,0.0,4.0,0.0,3.0,1.0,129.0,53,22,Research
HY2,KT4A,HY2KT4A,JEUMONT SCHENI,94170,230/121/33,200,2002.0,2021-08-07,2021-11-15,6450,40210,5893.0,372.0,7.0,15.0,0.0,0.0,8.0,6.0,5.0,413.0,62,7,
HY2,KT4A,HY2KT4A,JEUMONT SCHENI,94170,230/121/33,200,2002.0,2022-01-30,2022-02-14,5020,42539,4794.0,443.0,15.0,19.0,0.0,5.0,23.0,0.0,0.0,505.0,61,12,
HY2,KT4A,HY2KT4A,JEUMONT SCHENI,94170,230/121/33,200,2002.0,2022-07-10,2022-07-24,11092,45390,5064.0,465.0,16.0,8.0,0.0,4.0,14.0,0.0,0.0,507.0,60,14,
HY2,KT4A,HY2KT4A,JEUMONT SCHENI,94170,230/121/33,200,2002.0,2023-01-20,2023-03-11,10042,34725,4812.0,483.0,9.0,7.0,0.0,0.0,4.0,0.0,0.0,503.0,54,12,
HY2,KT4A,HY2KT4A,JEUMONT SCHENI,94170,230/121/33,200,2002.0,2023-08-14,2023-11-02,10959,46231,3548.0,424.0,14.0,9.0,0.0,7.0,4.0,3.0,5.0,466.0,63,13,
HY2,KT4A,HY2KT4A,JEUMONT SCHENI,94170,230/121/33,200,2002.0,2024-02-19,2024-04-09,4638,33317,3449.0,326.0,14.0,13.0,0.0,0.0,0.0,0.0,0.0,353.0,60,15,
HY2,KT5A,HY2KT5A,DAIHEN,5BK013801,230/115/33,200,2011.0,2019-01-26,2019-04-07,13633,48792,2124.0,103.0,11.0,31.0,0.0,0.0,70.0,0.0,20.0,235.0,62,21,-
HY2,KT5A,HY2KT5A,DAIHEN,5BK013801,230/115/33,200,2011.0,2019-07-13,2019-09-05,4549,30931,2257.0,112.0,15.0,36.0,0.0,0.0,74.0,0.0,21.0,258.0,61,26,-
HY2,KT5A,HY2KT5A,DAIHEN,5BK013801,230/115/33,200,2011.0,2019-11-11,2019-11-12,4891,39595,2801.0,118.0,15.0,46.0,0.0,0.0,86.0,0.0,35.0,300.0,-,8,-
HY2,KT5A,HY2KT5A,DAIHEN,5BK013801,230/115/33,200,2011.0,2020-04-05,2020-05-15,13909,41179,2318.0,103.0,9.0,36.0,0.0,0.0,82.0,0.0,22.0,252.0,62,22,
HY2,KT5A,HY2KT5A,DAIHEN,5BK013801,230/115/33,200,2011.0,2020-07-12,2020-08-24,6932,52121,1873.0,52.0,28.0,26.0,0.0,0.0,72.0,0.0,46.0,224.0,52,14,
HY2,KT5A,HY2KT5A,DAIHEN,5BK013801,230/115/33,200,2011.0,2021-08-07,2021-11-15,14405,41653,2710.0,110.0,8.0,37.0,0.0,0.0,115.0,0.0,15.0,285.0,66,20,
HY2,KT5A,HY2KT5A,DAIHEN,5BK013801,230/115/33,200,2011.0,2022-01-30,2022-02-14,4867,34059,3776.0,132.0,15.0,50.0,0.0,0.0,122.0,0.0,37.0,356.0,69,6,
HY2,KT5A,HY2KT5A,DAIHEN,5BK013801,230/115/33,200,2011.0,2022-07-10,2022-07-24,4900,49120,4484.0,197.0,10.0,40.0,0.0,0.0,93.0,3.0,48.0,391.0,66,10,
HY2,KT5A,HY2KT5A,DAIHEN,5BK013801,230/115/33,200,2011.0,2023-01-20,2023-03-11,7784,36613,4658.0,212.0,9.0,54.0,0.0,0.0,101.0,0.0,40.0,416.0,60,16,
HY2,KT5A,HY2KT5A,DAIHEN,5BK013801,230/115/33,200,2011.0,2023-08-14,2023-11-02,9704,60892,3848.0,133.0,7.0,43.0,0.0,1.0,133.0,0.0,49.0,366.0,69,25,
HY2,KT5A,HY2KT5A,DAIHEN,5BK013801,230/115/33,200,2011.0,2024-02-19,2024-04-09,8567,36704,4367.0,145.0,8.0,55.0,0.0,0.0,106.0,0.0,58.0,372.0,70,14,
KA,KT1A,KAKT1A,VOLTA WERKE,60538-002,115/33,25,1993.0,2019-03-18,2019-07-06,11435,42104,929.0,155.0,18.0,31.0,0.0,3.0,60.0,0.0,32.0,299.0,50,25,-
KA,KT1A,KAKT1A,VOLTA WERKE,60538-002,115/33,25,1993.0,2019-09-15,2019-11-23,5620,82960,0.0,0.0,39.0,42.0,0.0,0.0,89.0,0.0,61.0,231.0,34,21,-
KA,KT1A,KAKT1A,VOLTA WERKE,60538-002,115/33,25,1993.0,2020-09-11,2020-11-16,8042,69739,1472.0,170.0,23.0,39.0,0.0,0.0,99.0,28.0,0.0,359.0,52,12,
KA,KT1A,KAKT1A,VOLTA WERKE,60538-002,115/33,25,1993.0,2021-09-20,2021-11-16,3650,69000,1907.0,154.0,14.0,47.0,0.0,1.0,101.0,14.0,80.0,411.0,58,17,
KA,KT1A,KAKT1A,VOLTA WERKE,60538-002,115/33,25,1993.0,2022-09-16,2022-10-08,2843,74301,1936.0,171.0,4.0,54.0,0.0,4.0,130.0,8.0,77.0,448.0,29,12,
KA,KT1A,KAKT1A,VOLTA WERKE,60538-002,115/33,25,1993.0,2023-10-07,2023-01-20,11600,58550,2473.0,149.0,4.0,41.0,0.0,9.0,135.0,8.0,91.0,437.0,30,20,
KA,KT2A,KAKT2A,VOLTA WERKE,60476-001,115/13/3.3,25,1993.0,2019-03-18,2019-06-30,9780,41359,1978.0,189.0,11.0,20.0,0.0,0.0,34.0,0.0,11.0,265.0,44,28,-
KA,KT2A,KAKT2A,VOLTA WERKE,60476-001,115/13/3.3,25,1993.0,2019-09-15,2019-11-22,7710,39800,0.0,0.0,18.0,33.0,0.0,0.0,44.0,0.0,26.0,121.0,46,22,-
KA,KT2A,KAKT2A,VOLTA WERKE,60476-001,115/13/3.3,25,1993.0,2020-09-11,2020-11-15,9090,54090,713.0,52.0,25.0,10.0,0.0,0.0,17.0,2.0,10.0,116.0,40,16,
KA,KT2A,KAKT2A,VOLTA WERKE,60476-001,115/13/3.3,25,1993.0,2021-09-20,2021-11-17,11582,41795,2846.0,215.0,14.0,18.0,0.0,0.0,37.0,0.0,0.0,284.0,62,24,
KA,KT2A,KAKT2A,VOLTA WERKE,60476-001,115/13/3.3,25,1993.0,2022-09-16,2022-10-08,18704,47566,2955.0,194.0,10.0,1.0,0.0,1.0,42.0,0.0,20.0,268.0,60,18,
KA,KT2A,KAKT2A,VOLTA WERKE,60476-001,115/13/3.3,25,1993.0,2023-10-07,2023-10-26,10084,46494,3367.0,215.0,11.0,39.0,0.0,0.0,45.0,0.0,26.0,336.0,46,9,
KA,KT3A,KAKT3A,MITSUBISHI,9816102102,230/121/33,200,,2019-03-18,2019-06-30,13080,45274,1281.0,299.0,7.0,0.0,0.0,0.0,7.0,0.0,0.0,313.0,50,31,-
KA,KT3A,KAKT3A,MITSUBISHI,9816102102,230/121/33,200,,2019-09-15,2019-11-22,12370,48460,0.0,0.0,17.0,8.0,0.0,4.0,0.0,0.0,5.0,34.0,54,21,-
KA,KT3A,KAKT3A,MITSUBISHI,9816102102,230/121/33,200,,2020-06-14,2020-08-11,10594,50262,2442.0,310.0,28.0,4.0,0.0,0.0,4.0,0.0,5.0,351.0,49,20,
KA,KT3A,KAKT3A,MITSUBISHI,9816102102,230/121/33,200,,2020-09-11,2020-11-15,21780,40380,704.0,67.0,20.0,3.0,0.0,0.0,3.0,8.0,3.0,104.0,49,13,
KA,KT3A,KAKT3A,MITSUBISHI,9816102102,230/121/33,200,,2021-03-13,2021-05-23,8512,57360,2331.0,284.0,3.0,10.0,0.0,1.0,3.0,3.0,7.0,311.0,54,12,
KA,KT3A,KAKT3A,MITSUBISHI,9816102102,230/121/33,200,,2021-09-20,2021-11-18,7869,40674,1866.0,423.0,13.0,0.0,0.0,0.0,14.0,0.0,0.0,450.0,50,14,
KA,KT3A,KAKT3A,MITSUBISHI,9816102102,230/121/33,200,,2022-03-12,2022-04-25,4316,36499,2801.0,442.0,2.0,7.0,0.0,0.0,6.0,2.0,4.0,463.0,50,7,
KA,KT3A,KAKT3A,MITSUBISHI,9816102102,230/121/33,200,,2022-09-16,2022-10-08,9484,40919,2208.0,507.0,8.0,3.0,0.0,1.0,11.0,0.0,7.0,537.0,55,14,
KA,KT3A,KAKT3A,MITSUBISHI,9816102102,230/121/33,200,,2023-03-04,2023-04-09,9054,43139,2361.0,571.0,7.0,8.0,0.0,0.0,9.0,0.0,0.0,595.0,50,6,
KA,KT3A,KAKT3A,MITSUBISHI,9816102102,230/121/33,200,,2023-10-07,2023-10-26,14661,54673,2142.0,530.0,9.0,10.0,0.0,1.0,12.0,2.0,4.0,568.0,0,8,
KA,KT3A,KAKT3A,MITSUBISHI,9816102102,230/121/33,200,,2024-03-03,2024-04-09,12280,39800,2968.0,547.0,4.0,21.0,0.0,56.0,16.0,90.0,10.0,744.0,52,14,
KA,KT4A,KAKT4A,MITSUBISHI,9816102101,230/121/33,200,,2019-03-18,2019-07-06,11715,41561,998.0,298.0,3.0,5.0,0.0,1.0,4.0,1.0,3.0,315.0,55,21,-
KA,KT4A,KAKT4A,MITSUBISHI,9816102101,230/121/33,200,,2019-09-15,2019-11-23,9830,47310,0.0,0.0,12.0,9.0,0.0,4.0,0.0,0.0,0.0,25.0,55,16,-
KA,KT4A,KAKT4A,MITSUBISHI,9816102101,230/121/33,200,,2020-04-24,2020-05-26,17091,65481,821.0,203.0,32.0,5.0,0.0,0.0,5.0,0.0,6.0,251.0,60,21,
KA,KT4A,KAKT4A,MITSUBISHI,9816102101,230/121/33,200,,2020-09-11,2020-11-15,12240,104890,940.0,120.0,17.0,4.0,0.0,0.0,4.0,138.0,3.0,286.0,57,11,
KA,KT4A,KAKT4A,MITSUBISHI,9816102101,230/121/33,200,,2021-03-13,2021-05-11,3185,44721,1205.0,195.0,16.0,8.0,0.0,0.0,6.0,0.0,2.0,227.0,54,9,
KA,KT4A,KAKT4A,MITSUBISHI,9816102101,230/121/33,200,,2021-09-20,2021-11-17,9276,41770,1761.0,422.0,5.0,0.0,0.0,0.0,9.0,0.0,0.0,436.0,49,18,
KA,KT4A,KAKT4A,MITSUBISHI,9816102101,230/121/33,200,,2022-03-12,2022-04-25,5755,41257,2259.0,426.0,2.0,8.0,0.0,1.0,6.0,2.0,6.0,451.0,40,6,
KA,KT4A,KAKT4A,MITSUBISHI,9816102101,230/121/33,200,,2022-09-16,2022-10-08,7826,40448,2122.0,509.0,7.0,2.0,0.0,1.0,13.0,0.0,7.0,539.0,58,7,
KA,KT4A,KAKT4A,MITSUBISHI,9816102101,230/121/33,200,,2023-03-04,2023-04-09,7536,41565,2137.0,553.0,7.0,8.0,0.0,0.0,6.0,0.0,0.0,574.0,56,12,
KA,KT4A,KAKT4A,MITSUBISHI,9816102101,230/121/33,200,,2023-10-07,2023-10-26,17066,56879,2233.0,476.0,7.0,10.0,0.0,1.0,7.0,2.0,6.0,509.0,40,11,
KA,KT4A,KAKT4A,MITSUBISHI,9816102101,230/121/33,200,,2024-03-03,2024-04-09,8704,40810,1744.0,458.0,6.0,11.0,0.0,2.0,5.0,2.0,4.0,488.0,52,11,
KB1,KT1A,KB1KT1A,MEIDENSHA,5F9902T2,115/22,25,1993.0,2019-04-08,2019-06-21,8003,37916,4410.0,161.0,8.0,49.0,0.0,7.0,128.0,0.0,77.0,430.0,55,24,-
KB1,KT1A,KB1KT1A,MEIDENSHA,5F9902T2,115/22,25,1993.0,2021-04-23,2021-06-11,3440,77400,5868.0,135.0,49.0,43.0,0.0,0.0,96.0,32.0,78.0,433.0,58,19,
KB1,KT1A,KB1KT1A,MEIDENSHA,5F9902T2,115/22,25,1993.0,2022-04-24,2022-05-13,2925,46392,3627.0,127.0,17.0,48.0,0.0,30.0,113.0,8.0,85.0,428.0,62,5,
KB1,KT1A,KB1KT1A,MEIDENSHA,5F9902T2,115/22,25,1993.0,2023-04-21,2023-05-06,4720,42540,3600.0,120.0,7.0,57.0,0.0,5.0,115.0,27.0,94.0,425.0,55,9,
KB1,KT1A,KB1KT1A,MEIDENSHA,5F9902T2,115/22,25,1993.0,2024-04-29,2024-05-06,2346,30799,5634.0,241.0,14.0,67.0,0.0,10.0,148.0,0.0,89.0,569.0,53,6,
KB1,KT2A,KB1KT2A,MEIDEN,8R8405T1,115/22,50,2008.0,2021-04-23,2021-06-11,2710,26430,2697.0,155.0,44.0,128.0,0.0,2.0,317.0,19.0,261.0,926.0,63,10,
KB1,KT2A,KB1KT2A,MEIDEN,8R8405T1,115/22,50,2008.0,2022-04-24,2022-05-13,5941,48848,1736.0,127.0,10.0,159.0,0.0,12.0,479.0,19.0,377.0,1183.0,62,9,
KB1,KT2A,KB1KT2A,MEIDEN,8R8405T1,115/22,50,2008.0,2023-04-21,2023-05-07,3911,80200,2142.0,235.0,5.0,244.0,0.0,12.0,623.0,33.0,394.0,1546.0,60,10,
KB1,KT2A,KB1KT2A,MEIDEN,8R8405T1,115/22,50,2008.0,2024-04-29,2024-05-06,3157,61696,2436.0,259.0,11.0,258.0,0.0,8.0,794.0,0.0,503.0,1833.0,63,5,
KB1,KT3A,KB1KT3A,MITSUBISHI,556261,115/22,25,1985.0,2019-04-08,2019-06-21,10097,32587,1863.0,109.0,7.0,16.0,0.0,0.0,36.0,0.0,39.0,207.0,52,26,-
KB1,KT3A,KB1KT3A,MITSUBISHI,556261,115/22,25,1985.0,2020-06-20,2020-07-05,9052,32264,1924.0,135.0,11.0,15.0,0.0,0.0,30.0,0.0,0.0,191.0,,13,research
KB1,KT3A,KB1KT3A,MITSUBISHI,556261,115/22,25,1985.0,2021-04-23,2021-06-11,18420,45590,1263.0,51.0,43.0,10.0,0.0,0.0,14.0,2.0,11.0,131.0,54,26,
KB1,KT3A,KB1KT3A,MITSUBISHI,556261,115/22,25,1985.0,2021-06-04,2021-06-04,3285,28142,214.0,37.0,6.0,13.0,0.0,3.0,26.0,4.0,23.0,112.0,30,13,เกิด Buchholz  trip
KB1,KT3A,KB1KT3A,MITSUBISHI,556261,115/22,25,1985.0,2022-04-24,2022-05-13,10281,28336,1881.0,100.0,10.0,8.0,0.0,2.0,30.0,3.0,3.0,156.0,63,16,
KB1,KT3A,KB1KT3A,MITSUBISHI,556261,115/22,25,1985.0,2023-04-21,2023-05-07,5996,37579,2008.0,134.0,3.0,17.0,0.0,5.0,32.0,3.0,30.0,224.0,48,22,
KB1,KT3A,KB1KT3A,MITSUBISHI,556261,115/22,25,1985.0,2024-04-29,2024-05-06,4996,26799,2744.0,163.0,13.0,22.0,0.0,3.0,23.0,0.0,16.0,240.0,53,16,
KB2,KT1A,KB2KT1A,JEUMONT,92198,230/115/22,200,1995.0,2019-03-11,2019-03-18,9304,31757,1873.0,118.0,484.0,1541.0,57.0,2079.0,387.0,1050.0,97.0,5813.0,68,13,-
KB2,KT1A,KB2KT1A,JEUMONT,92198,230/115/22,200,1995.0,2019-09-22,2019-09-27,8658,38241,2187.0,141.0,571.0,2469.0,60.0,3394.0,557.0,1800.0,143.0,9135.0,74,14,-
KB2,KT1A,KB2KT1A,JEUMONT,92198,230/115/22,200,1995.0,2019-10-05,2019-10-06,10321,45227,2047.0,138.0,250.0,1820.0,47.0,2734.0,459.0,1441.0,131.0,7020.0,70,11,oil temperature alarm
KB2,KT1A,KB2KT1A,JEUMONT,92198,230/115/22,200,1995.0,2020-09-06,2020-09-11,14513,31161,278.0,0.0,2.0,0.0,0.0,0.0,0.0,0.0,0.0,2.0,,14,ก่อนทดสอบ High Voltage
KB2,KT1A,KB2KT1A,JEUMONT,92198,230/115/22,200,1995.0,2020-10-11,2020-10-11,12315,29489,211.0,38.0,2.0,0.0,0.3,2.3,0.3,2.1,0.0,45.0,,4,หลังทดสอบ High Voltage Test
KB2,KT1A,KB2KT1A,JEUMONT,92198,230/115/22,200,1995.0,2020-10-16,2020-10-16,16162,39791,236.0,17.0,1.0,0.0,0.2,2.0,0.3,3.0,0.0,23.5,,14,หลังซ่อม ทำ No Load 24 ช.ม เนื่องจากกระแสมีค่าสูงผิดปกติ
KB2,KT1A,KB2KT1A,JEUMONT,92198,230/115/22,200,1995.0,2021-07-27,2021-10-08,11476,19943,163.0,4.0,6.0,0.0,0.0,0.0,0.0,0.0,0.0,6.0,,12,ก่อนนำเข้าใช้งาน
KB2,KT1A,KB2KT1A,JEUMONT,92198,230/115/22,200,1995.0,2022-04-08,2022-05-08,20805,61458,622.0,52.0,12.0,1.0,0.0,1.0,0.0,2.0,0.0,68.0,70,14,
KB2,KT1A,KB2KT1A,JEUMONT,92198,230/115/22,200,1995.0,2022-10-01,2022-11-07,26262,67190,1221.0,178.0,8.0,3.0,0.0,6.0,2.0,4.0,2.0,203.0,70,20,
KB2,KT1A,KB2KT1A,JEUMONT,92198,230/115/22,200,1995.0,2023-04-22,2023-05-07,15819,70996,1892.0,321.0,16.0,5.0,0.0,10.0,3.0,7.0,2.0,364.0,65,18,
KB2,KT1A,KB2KT1A,JEUMONT,92198,230/115/22,200,1995.0,2023-09-08,2023-01-15,28140,43570,1694.0,200.0,5.0,8.0,0.0,10.0,3.0,28.0,1.0,255.0,70,27,
KB2,KT1A,KB2KT1A,JEUMONT,92198,230/115/22,200,1995.0,2024-04-28,2024-05-06,19660,55294,3121.0,584.0,19.0,9.0,0.0,13.0,0.0,0.0,0.0,625.0,63,8,
KK1,KT1A,KK1KT1A,MEIDEN,8P9097T1,115/22/11,50,2004.0,2019-02-12,2019-05-10,11967,53665,2246.0,107.0,34.0,67.0,0.0,0.0,193.0,0.0,89.0,490.0,73,28,-
KK1,KT1A,KK1KT1A,MEIDEN,8P9097T1,115/22/11,50,2004.0,2020-02-06,2020-02-28,7215,56694,1733.0,120.0,76.0,89.0,0.0,0.0,253.0,0.0,149.0,687.0,58,7,
KK1,KT1A,KK1KT1A,MEIDEN,8P9097T1,115/22/11,50,2004.0,2021-02-05,2021-03-09,22485,72806,1686.0,112.0,13.0,64.0,0.3,2.0,170.0,0.0,103.0,464.3,55,7,
KK1,KT1A,KK1KT1A,MEIDEN,8P9097T1,115/22/11,50,2004.0,2021-04-18,2021-04-23,17982,74816,2821.0,124.0,48.0,62.0,0.6,2.0,256.0,0.0,135.0,627.6,64,6,ตามผล C2H2
KK1,KT1A,KK1KT1A,MEIDEN,8P9097T1,115/22/11,50,2004.0,2022-02-11,2022-03-31,6977,50609,2662.0,116.0,53.0,69.0,0.0,2.0,218.0,17.0,62.0,319.0,54,6,
KK1,KT1A,KK1KT1A,MEIDEN,8P9097T1,115/22/11,50,2004.0,2023-02-10,2023-03-10,8937,60489,2215.0,138.0,57.0,80.0,3.0,5.0,231.0,8.0,115.0,637.0,57,10,
KK1,KT1A,KK1KT1A,MEIDEN,8P9097T1,115/22/11,50,2004.0,2023-08-03,2023-09-07,11880,43620,2708.0,135.0,26.0,63.0,0.0,2.0,193.0,6.0,130.0,555.0,58,12,
KK1,KT1A,KK1KT1A,MEIDEN,8P9097T1,115/22/11,50,2004.0,2024-02-08,2024-03-18,6041,45933,2191.0,133.0,37.0,76.0,0.0,5.0,230.0,8.0,110.0,599.0,59,10,
KK1,KT2A,KK1KT2A,DAIHEN,EDP011902,115/22,50,2012.0,2019-02-12,2019-05-10,14658,49659,1353.0,401.0,17.0,2.0,0.0,3.0,0.0,2.0,0.0,425.0,49,13,-
KK1,KT2A,KK1KT2A,DAIHEN,EDP011902,115/22,50,2012.0,2020-02-06,2020-02-28,9703,39157,1255.0,463.0,53.0,3.0,0.0,0.0,0.0,0.0,0.0,519.0,48,7,
KK1,KT2A,KK1KT2A,DAIHEN,EDP011902,115/22,50,2012.0,2021-02-05,2021-03-08,10367,54273,1418.0,229.0,5.0,0.0,0.0,3.0,1.0,2.0,2.0,242.0,43,6,
KK1,KT2A,KK1KT2A,DAIHEN,EDP011902,115/22,50,2012.0,2022-02-11,2022-03-28,11390,60890,1891.0,408.0,39.0,2.0,0.0,2.0,1.0,83.0,3.0,538.0,44,16,
KK1,KT2A,KK1KT2A,DAIHEN,EDP011902,115/22,50,2012.0,2023-02-10,2023-03-10,13985,44255,1967.0,695.0,15.0,1.0,0.0,8.0,4.0,1.0,1.0,725.0,47,10,
KK1,KT2A,KK1KT2A,DAIHEN,EDP011902,115/22,50,2012.0,2024-02-08,2024-03-17,15166,46667,1936.0,681.0,17.0,7.0,0.0,10.0,2.0,5.0,3.0,725.0,49,9,
KK1,KT3A,KK1KT3A,MITSUBISHI,8134150101,230/115/22,200,1995.0,2019-02-12,2019-05-12,8929,58151,1473.0,56.0,10.0,168.0,0.0,5.0,453.0,0.0,448.0,1140.0,58,14,-
KK1,KT3A,KK1KT3A,MITSUBISHI,8134150101,230/115/22,200,1995.0,2019-06-02,2019-06-22,4763,42859,1978.0,80.0,10.0,233.0,0.0,5.0,505.0,0.0,456.0,1289.0,40,19,Tx.trip sudden pressure relay.
KK1,KT3A,KK1KT3A,MITSUBISHI,8134150101,230/115/22,200,1995.0,2019-09-02,2019-09-28,9021,48377,1837.0,82.0,34.0,251.0,0.0,4.0,648.0,0.0,717.0,1736.0,55,21,-
KK1,KT3A,KK1KT3A,MITSUBISHI,8134150101,230/115/22,200,1995.0,2020-02-07,2020-02-28,12352,66293,1099.0,43.0,44.0,174.0,0.0,0.0,548.0,0.0,804.0,1613.0,51,14,
KK1,KT3A,KK1KT3A,MITSUBISHI,8134150101,230/115/22,200,1995.0,2020-08-22,2020-09-12,7266,69405,1503.0,59.0,11.0,198.0,0.0,4.0,519.0,0.0,526.0,1317.0,50,18,
KK1,KT3A,KK1KT3A,MITSUBISHI,8134150101,230/115/22,200,1995.0,2021-02-05,2021-03-08,6518,65187,2044.0,81.0,10.0,247.0,0.3,4.0,629.0,0.0,619.0,1590.3,52,26,
KK1,KT3A,KK1KT3A,MITSUBISHI,8134150101,230/115/22,200,1995.0,2021-03-28,2021-04-09,4940,71174,1563.0,86.0,24.0,314.0,0.2,7.0,639.0,0.0,639.0,1709.2,61,13,ตามผล
KK1,KT3A,KK1KT3A,MITSUBISHI,8134150101,230/115/22,200,1995.0,2021-04-18,2021-04-23,18179,77783,2422.0,795.0,22.0,355.0,0.6,6.0,692.0,0.0,694.0,3064.6,63,7,ตามผล C2H2
KK1,KT3A,KK1KT3A,MITSUBISHI,8134150101,230/115/22,200,1995.0,2021-09-12,2021-11-08,34050,64650,1063.0,19.0,7.0,57.0,0.0,0.0,298.0,0.0,92.0,473.0,55,17,
KK1,KT3A,KK1KT3A,MITSUBISHI,8134150101,230/115/22,200,1995.0,2022-02-11,2022-03-31,10713,63724,2133.0,65.0,8.0,172.0,0.0,9.0,534.0,0.0,103.0,891.0,55,8,
KK1,KT3A,KK1KT3A,MITSUBISHI,8134150101,230/115/22,200,1995.0,2022-08-03,2022-08-14,9240,85960,2628.0,81.0,8.0,176.0,0.0,2.0,484.0,40.0,614.0,1405.0,55,17,
KK1,KT3A,KK1KT3A,MITSUBISHI,8134150101,230/115/22,200,1995.0,2023-02-10,2023-03-09,13534,80557,1897.0,68.0,2.0,236.0,0.0,5.0,658.0,0.0,698.0,1667.0,0,10,
KK1,KT3A,KK1KT3A,MITSUBISHI,8134150101,230/115/22,200,1995.0,2023-08-03,2023-09-08,8750,56850,2738.0,91.0,5.0,178.0,0.0,2.0,483.0,22.0,621.0,1402.0,56,13,
KK1,KT3A,KK1KT3A,MITSUBISHI,8134150101,230/115/22,200,1995.0,2024-02-08,2024-03-18,7977,58589,2136.0,80.0,22.0,229.0,0.0,6.0,634.0,25.0,606.0,1602.0,0,15,
KK1,KT4A,KK1KT4A,MITSUBISHI,8134150102,230/115/22,200,1995.0,2019-02-12,2019-05-10,6406,62718,1397.0,48.0,12.0,154.0,0.0,4.0,382.0,0.0,373.0,973.0,56,23,-
KK1,KT4A,KK1KT4A,MITSUBISHI,8134150102,230/115/22,200,1995.0,2019-09-02,2019-09-28,14324,61373,1608.0,45.0,5.0,158.0,0.0,4.0,459.0,0.0,507.0,1178.0,54,29,-
KK1,KT4A,KK1KT4A,MITSUBISHI,8134150102,230/115/22,200,1995.0,2020-02-07,2020-02-28,9234,71606,1352.0,55.0,40.0,212.0,0.0,0.0,548.0,0.0,667.0,1522.0,56,10,
KK1,KT4A,KK1KT4A,MITSUBISHI,8134150102,230/115/22,200,1995.0,2020-03-13,2020-05-10,7715,57665,1468.0,58.0,10.0,176.0,0.0,4.0,466.0,0.0,477.0,1191.0,,14,research
KK1,KT4A,KK1KT4A,MITSUBISHI,8134150102,230/115/22,200,1995.0,2020-08-22,2020-09-12,6964,50003,1186.0,43.0,8.0,99.0,0.0,3.0,301.0,0.0,371.0,825.0,51,15,
KK1,KT4A,KK1KT4A,MITSUBISHI,8134150102,230/115/22,200,1995.0,2021-02-05,2021-03-09,12047,61321,763.0,0.0,7.0,0.0,0.0,0.0,212.0,0.0,209.0,428.0,53,24,
KK1,KT4A,KK1KT4A,MITSUBISHI,8134150102,230/115/22,200,1995.0,2021-09-12,2021-11-08,28145,55758,1000.0,18.0,5.0,44.0,0.0,0.0,202.0,0.0,75.0,344.0,55,15,
KK1,KT4A,KK1KT4A,MITSUBISHI,8134150102,230/115/22,200,1995.0,2022-02-11,2022-03-31,7274,43085,1776.0,40.0,8.0,88.0,0.0,7.0,320.0,0.0,69.0,532.0,56,14,
KK1,KT4A,KK1KT4A,MITSUBISHI,8134150102,230/115/22,200,1995.0,2022-08-03,2022-08-14,7700,55960,1868.0,57.0,6.0,77.0,0.0,1.0,354.0,26.0,395.0,916.0,58,13,
KK1,KT4A,KK1KT4A,MITSUBISHI,8134150102,230/115/22,200,1995.0,2023-02-10,2023-03-10,4368,43862,1603.0,52.0,8.0,125.0,0.0,0.0,330.0,0.0,351.0,866.0,57,14,
KK1,KT4A,KK1KT4A,MITSUBISHI,8134150102,230/115/22,200,1995.0,2023-08-03,2023-09-09,4242,48361,1685.0,58.0,11.0,142.0,0.0,13.0,395.0,33.0,369.0,1021.0,58,16,
KK1,KT4A,KK1KT4A,MITSUBISHI,8134150102,230/115/22,200,1995.0,2024-02-08,2024-03-19,5509,42374,1686.0,54.0,7.0,124.0,0.0,2.0,348.0,22.0,420.0,977.0,58,10,
KK1,KT5A,KK1KT5A,FUJI,AV69020T1,230/115/22,200,1998.0,2019-02-12,2019-05-12,10185,46936,1001.0,74.0,40.0,46.0,0.0,6.0,164.0,0.0,75.0,405.0,55,23,-
KK1,KT5A,KK1KT5A,FUJI,AV69020T1,230/115/22,200,1998.0,2019-09-02,2019-09-28,9504,37612,968.0,98.0,17.0,32.0,0.0,0.0,165.0,0.0,74.0,386.0,52,11,-
KK1,KT5A,KK1KT5A,FUJI,AV69020T1,230/115/22,200,1998.0,2020-02-07,2020-02-27,4873,56165,1126.0,107.0,88.0,80.0,0.0,3.0,269.0,23.0,174.0,744.0,53,9,
KK1,KT5A,KK1KT5A,FUJI,AV69020T1,230/115/22,200,1998.0,2020-08-22,2020-09-12,4974,51987,1057.0,86.0,50.0,56.0,0.0,8.0,203.0,0.0,111.0,514.0,51,8,
KK1,KT5A,KK1KT5A,FUJI,AV69020T1,230/115/22,200,1998.0,2021-02-05,2021-03-09,5855,60407,906.0,74.0,48.0,40.0,0.0,2.0,290.0,24.0,134.0,612.0,51,10,
KK1,KT5A,KK1KT5A,FUJI,AV69020T1,230/115/22,200,1998.0,2021-09-12,2021-11-08,18718,51470,1058.0,69.0,20.0,38.0,0.0,5.0,186.0,0.0,39.0,357.0,55,10,
KK1,KT5A,KK1KT5A,FUJI,AV69020T1,230/115/22,200,1998.0,2022-02-11,2022-03-28,6989,46471,1317.0,81.0,34.0,155.0,0.0,8.0,252.0,0.0,121.0,651.0,54,15,
KK1,KT5A,KK1KT5A,FUJI,AV69020T1,230/115/22,200,1998.0,2022-08-03,2022-08-14,4440,60760,1593.0,85.0,64.0,151.0,0.0,3.0,295.0,11.0,145.0,754.0,56,10,
KK1,KT5A,KK1KT5A,FUJI,AV69020T1,230/115/22,200,1998.0,2023-02-10,2023-03-10,7602,48626,1319.0,96.0,33.0,67.0,0.0,4.0,233.0,0.0,116.0,549.0,56,12,
KK1,KT5A,KK1KT5A,FUJI,AV69020T1,230/115/22,200,1998.0,2023-08-03,2023-09-07,9200,43630,1955.0,127.0,20.0,56.0,0.0,4.0,213.0,7.0,166.0,593.0,57,11,
KK1,KT5A,KK1KT5A,FUJI,AV69020T1,230/115/22,200,1998.0,2024-02-08,2024-03-18,6622,47168,1399.0,102.0,27.0,67.0,0.0,7.0,257.0,8.0,139.0,607.0,61,8,
KK1,KT6A,KK1KT6A,ABB,56040,115/22,50,2011.0,2019-02-12,2019-05-10,15566,47307,2440.0,640.0,9.0,0.0,0.0,0.0,0.0,0.0,0.0,649.0,42,23,-
KK1,KT6A,KK1KT6A,ABB,56040,115/22,50,2011.0,2020-02-06,2020-02-27,13406,57064,2176.0,899.0,30.0,3.0,0.0,0.0,1.0,0.0,0.0,933.0,39,13,
KK1,KT6A,KK1KT6A,ABB,56040,115/22,50,2011.0,2021-02-05,2021-03-08,12525,57886,1610.0,299.0,5.0,0.0,0.0,0.0,1.0,1.0,0.0,306.0,36,18,
KK1,KT6A,KK1KT6A,ABB,56040,115/22,50,2011.0,2022-02-11,2022-03-28,10417,58073,3935.0,1178.0,6.0,10.0,0.0,4.0,1.0,1.0,1.0,1201.0,42,15,
KK1,KT6A,KK1KT6A,ABB,56040,115/22,50,2011.0,2023-02-10,2023-03-09,20557,70820,3400.0,1141.0,20.0,8.0,0.0,6.0,1.0,2.0,3.0,1181.0,47,26,
KK1,KT6A,KK1KT6A,ABB,56040,115/22,50,2011.0,2024-02-08,2024-03-19,12696,46842,4150.0,1198.0,7.0,9.0,0.0,10.0,1.0,18.0,1.0,1244.0,53,14,
KK2,KT1A,KK2KT1A,MEIDEN,8T9796T1,115/22,50,2012.0,2019-03-07,2019-04-27,13673,54636,2148.0,638.0,7.0,17.0,0.0,0.0,4.0,0.0,0.0,666.0,53,24,-
KK2,KT1A,KK2KT1A,MEIDEN,8T9796T1,115/22,50,2012.0,2020-03-06,2020-03-28,9936,51495,2434.0,724.0,6.0,16.0,0.0,0.0,5.0,0.0,6.0,757.0,67,10,
KK2,KT1A,KK2KT1A,MEIDEN,8T9796T1,115/22,50,2012.0,2021-02-19,2021-05-20,16589,65207,1434.0,531.0,15.0,16.0,0.0,6.0,4.0,3.0,4.0,579.0,66,29,
KK2,KT1A,KK2KT1A,MEIDEN,8T9796T1,115/22,50,2012.0,2022-01-14,2022-02-08,10118,63521,3623.0,870.0,12.0,0.0,0.0,6.0,5.0,0.0,0.0,893.0,54,14,
KK2,KT1A,KK2KT1A,MEIDEN,8T9796T1,115/22,50,2012.0,2023-01-12,2023-02-04,9507,63123,3676.0,945.0,6.0,19.0,0.0,5.0,7.0,0.0,0.0,982.0,48,8,
KK2,KT1A,KK2KT1A,MEIDEN,8T9796T1,115/22,50,2012.0,2024-01-11,2024-02-11,17516,45201,3587.0,969.0,12.0,10.0,0.0,2.0,2.0,3.0,2.0,1000.0,59,8,
KK2,KT2A,KK2KT2A,MEIDEN,8T9796T2,115/22,50,2012.0,2019-03-07,2019-04-27,11531,60237,2640.0,889.0,10.0,12.0,0.0,4.0,0.0,0.0,0.0,915.0,50,20,-
KK2,KT2A,KK2KT2A,MEIDEN,8T9796T2,115/22,50,2012.0,2020-03-06,2020-03-26,11003,67164,2666.0,896.0,6.0,13.0,0.0,0.0,4.0,0.0,3.0,922.0,63,9,
KK2,KT2A,KK2KT2A,MEIDEN,8T9796T2,115/22,50,2012.0,2021-02-19,2021-05-21,21669,78804,2912.0,1029.0,7.0,13.0,0.0,5.0,3.0,2.0,3.0,462.0,61,18,
KK2,KT2A,KK2KT2A,MEIDEN,8T9796T2,115/22,50,2012.0,2021-06-06,2021-06-28,11818,72224,3795.0,1217.0,11.0,17.0,0.0,5.0,0.0,3.0,4.0,1257.0,55,11,
KK2,KT2A,KK2KT2A,MEIDEN,8T9796T2,115/22,50,2012.0,2022-01-14,2022-02-11,8577,80548,4023.0,1234.0,2.0,26.0,0.0,6.0,3.0,2.0,2.0,1275.0,54,10,
KK2,KT2A,KK2KT2A,MEIDEN,8T9796T2,115/22,50,2012.0,2023-01-12,2023-02-04,12993,62572,3820.0,1004.0,9.0,13.0,0.0,7.0,5.0,0.0,0.0,1038.0,44,8,
KK2,KT2A,KK2KT2A,MEIDEN,8T9796T2,115/22,50,2012.0,2024-01-11,2024-02-11,16470,27170,3933.0,1070.0,3.0,7.0,0.0,4.0,1.0,3.0,2.0,1090.0,58,9,
KKC-P,KT3A,KKC-PKT3A,FUJI,AN69051T22,115/22,25,1998.0,2020-02-08,2020-02-16,19634,55348,285.0,15.0,1.0,2.0,0.0,0.0,0.0,0.0,0.0,18.0,35,15,หม้อแปลงย้ายมาจาก สฟ.กำแพงแสน
KKC-P,KT3A,KKC-PKT3A,FUJI,AN69051T22,115/22,25,1998.0,2021-01-16,2021-02-01,3950,24330,685.0,49.0,37.0,10.0,0.0,0.0,5.0,2.0,2.0,105.0,46,11,
KKC-P,KT3A,KKC-PKT3A,FUJI,AN69051T22,115/22,25,1998.0,2022-01-24,2022-02-05,2315,14873,934.0,104.0,2.0,15.0,0.0,2.0,14.0,2.0,5.0,144.0,46,18,
KKC-P,KT3A,KKC-PKT3A,FUJI,AN69051T22,115/22,25,1998.0,2023-01-21,2023-01-27,3859,24988,988.0,122.0,2.0,21.0,0.0,2.0,29.0,2.0,17.0,195.0,48,8,
KKC-P,KT3A,KKC-PKT3A,FUJI,AN69051T22,115/22,25,1998.0,2024-01-19,2024-02-19,9221,34373,990.0,111.0,2.0,31.0,0.0,3.0,34.0,3.0,17.0,201.0,43,14,
KKC-P,KT3A,KKC-PKT3A,FUJI,AN69051T22,115/22,25,1998.0,2024-05-21,2024-05-26,11376,42791,1029.0,99.0,3.0,28.0,0.0,3.0,51.0,0.0,30.0,214.0,42,26,
KL,KT1A,KLKT1A,DAIHEN,EDP011908,115/22/11,50,2013.0,2020-04-19,2020-05-17,11558,63227,1572.0,802.0,12.0,4.0,0.0,2.0,2.0,1.0,5.0,828.0,52,12,
KL,KT1A,KLKT1A,DAIHEN,EDP011908,115/22/11,50,2013.0,2021-02-20,2021-05-21,10588,48287,1739.0,694.0,18.0,0.0,0.0,7.0,58.0,0.0,0.0,777.0,51,17,
KL,KT1A,KLKT1A,DAIHEN,EDP011908,115/22/11,50,2013.0,2022-01-29,2022-02-20,10432,64407,1995.0,550.0,14.0,3.0,0.0,3.0,2.0,3.0,3.0,578.0,50,11,
KL,KT1A,KLKT1A,DAIHEN,EDP011908,115/22/11,50,2013.0,2023-01-27,2023-02-13,7830,60470,2114.0,778.0,8.0,5.0,0.0,6.0,2.0,31.0,6.0,836.0,45,8,
KL,KT1A,KLKT1A,DAIHEN,EDP011908,115/22/11,50,2013.0,2024-01-26,2024-03-10,8374,38378,2000.0,520.0,7.0,3.0,0.0,7.0,1.0,3.0,4.0,545.0,48,13,
KL,KT2A,KLKT2A,DAIHEN,EDP011907,115/22/11,50,2013.0,2020-04-19,2020-05-17,13439,64905,1750.0,882.0,65.0,9.0,0.0,2.0,10.0,3.0,12.0,983.0,53,10,
KL,KT2A,KLKT2A,DAIHEN,EDP011907,115/22/11,50,2013.0,2020-10-13,2020-10-16,4797,54671,2158.0,976.0,26.0,5.0,0.0,5.0,6.0,7.0,6.0,1031.0,50,7,หลังจาก Trip ด้วย Bouchholz relay
KL,KT2A,KLKT2A,DAIHEN,EDP011907,115/22/11,50,2013.0,2021-02-20,2021-06-14,6097,54671,2052.0,358.0,40.0,5.0,0.0,3.0,4.0,5.0,6.0,421.0,54,9,
KL,KT2A,KLKT2A,DAIHEN,EDP011907,115/22/11,50,2013.0,2022-01-29,2022-02-20,8947,63684,2145.0,599.0,7.0,6.0,0.0,3.0,6.0,2.0,7.0,630.0,50,7,
KL,KT2A,KLKT2A,DAIHEN,EDP011907,115/22/11,50,2013.0,2023-01-27,2023-02-13,10846,63849,2703.0,1195.0,27.0,14.0,0.0,12.0,11.0,7.0,14.0,1280.0,48,8,
KL,KT2A,KLKT2A,DAIHEN,EDP011907,115/22/11,50,2013.0,2024-01-26,2024-03-09,7193,47072,2529.0,1161.0,26.0,12.0,0.0,12.0,9.0,15.0,3.0,1238.0,50,9,
KLA,KT1A,KLAKT1A,MEIDEN,8T9669T1,115/22,50,,2020-03-16,2020-03-22,10888,48166,4481.0,920.0,17.0,12.0,0.0,0.0,4.0,0.0,0.0,953.0,52,19,
KLA,KT1A,KLAKT1A,MEIDEN,8T9669T1,115/22,50,,2022-03-12,2022-03-20,7036,54713,4340.0,1022.0,3.0,19.0,0.0,13.0,4.0,6.0,2.0,1069.0,58,15,
KLA,KT1A,KLAKT1A,MEIDEN,8T9669T1,115/22,50,,2022-09-09,2022-09-16,12874,66972,4582.0,965.0,4.0,7.0,0.0,8.0,3.0,3.0,0.0,990.0,58,10,
KLA,KT1A,KLAKT1A,MEIDEN,8T9669T1,115/22,50,,2023-05-15,2023-05-20,8770,55150,4957.0,981.0,2.0,27.0,0.0,29.0,5.0,6.0,4.0,1054.0,54,15,
KLA,KT1A,KLAKT1A,MEIDEN,8T9669T1,115/22,50,,2024-02-08,2024-02-25,11161,50554,5234.0,1045.0,18.0,10.0,0.0,17.0,7.0,6.0,4.0,1107.0,63,13,
KLA,KT2A,KLAKT2A,MEIDEN,8T9669T2,115/22,50,,2020-03-16,2020-03-22,7384,48229,4038.0,961.0,17.0,15.0,0.0,0.0,5.0,0.0,2.0,1000.0,54,10,
KLA,KT2A,KLAKT2A,MEIDEN,8T9669T2,115/22,50,,2022-03-12,2022-03-19,11570,67470,3602.0,423.0,3.0,6.0,0.0,1.0,3.0,0.0,2.0,438.0,58,11,
KLA,KT2A,KLAKT2A,MEIDEN,8T9669T2,115/22,50,,2022-09-09,2022-09-16,10253,77914,4129.0,849.0,4.0,8.0,0.0,3.0,5.0,0.0,3.0,872.0,53,9,
KLA,KT2A,KLAKT2A,MEIDEN,8T9669T2,115/22,50,,2023-04-22,2023-04-28,10490,65160,4370.0,956.0,3.0,31.0,0.0,4.0,4.0,3.0,4.0,1005.0,48,13,
KLA,KT2A,KLAKT2A,MEIDEN,8T9669T2,115/22,50,,2024-02-08,2024-02-25,12638,86874,4987.0,1024.0,7.0,16.0,0.0,12.0,6.0,4.0,5.0,1074.0,62,11,
KLM,KT1A,KLMKT1A,TRAFO UNION,N407924,230/115/22,200,1999.0,2019-01-12,2019-03-07,8201,48090,2280.0,429.0,23.0,4.0,0.0,0.0,2.0,1.0,3.0,462.0,52,17,-
KLM,KT1A,KLMKT1A,TRAFO UNION,N407924,230/115/22,200,1999.0,2020-01-23,2020-02-07,23420,66584,1803.0,220.0,23.0,5.0,0.0,0.0,10.0,92.0,10.0,360.0,59,8,
KLM,KT1A,KLMKT1A,TRAFO UNION,N407924,230/115/22,200,1999.0,2021-01-25,2021-03-16,7459,33596,3562.0,476.0,29.0,0.0,0.0,0.0,20.0,0.0,0.0,525.0,66,11,
KLM,KT1A,KLMKT1A,TRAFO UNION,N407924,230/115/22,200,1999.0,2021-12-19,2022-01-29,4429,35724,4767.0,423.0,46.0,4.0,0.0,0.0,7.0,0.0,7.0,487.0,60,14,
KLM,KT1A,KLMKT1A,TRAFO UNION,N407924,230/115/22,200,1999.0,2022-07-15,2022-07-22,3075,38762,5841.0,452.0,38.0,7.0,0.0,0.0,4.0,0.0,10.0,511.0,70,9,
KLM,KT1A,KLMKT1A,TRAFO UNION,N407924,230/115/22,200,1999.0,2023-03-04,2023-03-12,2910,33490,5908.0,602.0,25.0,8.0,0.0,0.0,5.0,8.0,10.0,658.0,40,6,
KLM,KT1A,KLMKT1A,TRAFO UNION,N407924,230/115/22,200,1999.0,2023-08-05,2023-08-12,10478,27386,6048.0,607.0,14.0,21.0,0.0,2.0,6.0,3.0,9.0,662.0,54,6,
KLM,KT1A,KLMKT1A,TRAFO UNION,N407924,230/115/22,200,1999.0,2024-04-29,2024-05-04,5700,26720,5110.0,589.0,22.0,29.0,0.0,1.0,9.0,18.0,18.0,686.0,64,13,
KLM,KT2A,KLMKT2A,TRAFO UNION,N407926,230/115/22,200,1999.0,2019-01-12,2019-03-07,7888,45709,3178.0,432.0,19.0,9.0,0.0,0.0,4.0,2.0,4.0,470.0,55,17,-
KLM,KT2A,KLMKT2A,TRAFO UNION,N407926,230/115/22,200,1999.0,2020-01-23,2020-02-03,6587,55352,4629.0,689.0,49.0,12.0,0.0,0.0,8.0,15.0,13.0,786.0,60,8,
KLM,KT2A,KLMKT2A,TRAFO UNION,N407926,230/115/22,200,1999.0,2021-01-25,2021-03-16,5291,31537,5661.0,511.0,30.0,0.0,0.0,0.0,40.0,0.0,0.0,581.0,65,10,
KLM,KT2A,KLMKT2A,TRAFO UNION,N407926,230/115/22,200,1999.0,2021-12-19,2022-01-29,3717,35803,7296.0,530.0,44.0,5.0,0.0,0.0,6.0,0.0,7.0,592.0,60,10,
KLM,KT2A,KLMKT2A,TRAFO UNION,N407926,230/115/22,200,1999.0,2022-07-15,2022-07-22,4328,41964,7825.0,414.0,33.0,9.0,0.0,0.0,5.0,0.0,10.0,471.0,68,16,
KLM,KT2A,KLMKT2A,TRAFO UNION,N407926,230/115/22,200,1999.0,2023-08-03,2023-08-12,14365,32395,7966.0,547.0,21.0,23.0,0.0,3.0,7.0,3.0,11.0,615.0,60,9,
KLM,KT2A,KLMKT2A,TRAFO UNION,N407926,230/115/22,200,1999.0,2024-04-29,2024-05-04,7260,29740,7018.0,563.0,23.0,36.0,0.0,2.0,10.0,31.0,19.0,684.0,68,9,
KLM,KT3A,KLMKT3A,TRAFO UNION,N407928,230/115/22,200,1999.0,2019-01-12,2019-03-07,11261,42570,1586.0,390.0,14.0,5.0,0.0,1.0,4.0,1.0,3.0,418.0,53,17,-
KLM,KT3A,KLMKT3A,TRAFO UNION,N407928,230/115/22,200,1999.0,2020-01-23,2020-02-03,9574,63042,2317.0,574.0,52.0,8.0,0.0,1.0,8.0,19.0,9.0,671.0,59,6,
KLM,KT3A,KLMKT3A,TRAFO UNION,N407928,230/115/22,200,1999.0,2021-01-25,2021-03-16,6070,34824,2627.0,489.0,31.0,0.0,0.0,0.0,36.0,0.0,0.0,556.0,62,8,
KLM,KT3A,KLMKT3A,TRAFO UNION,N407928,230/115/22,200,1999.0,2021-12-19,2022-01-29,3566,35145,3391.0,491.0,52.0,4.0,0.0,1.0,4.0,1.0,5.0,558.0,60,8,
KLM,KT3A,KLMKT3A,TRAFO UNION,N407928,230/115/22,200,1999.0,2022-06-10,2022-07-07,5594,42431,3242.0,418.0,33.0,5.0,0.0,0.0,3.0,0.0,8.0,467.0,41,,Lightning HV phase A ระเบิด .
KLM,KT3A,KLMKT3A,TRAFO UNION,N407928,230/115/22,200,1999.0,2022-06-10,2022-07-07,5590,42430,3241.0,417.0,33.0,5.0,0.0,19.0,3.0,6.0,8.0,491.0,,11,
KLM,KT3A,KLMKT3A,TRAFO UNION,N407928,230/115/22,200,1999.0,2022-07-15,2022-07-22,4551,39635,3725.0,450.0,32.0,6.0,0.0,0.0,3.0,0.0,9.0,500.0,62,10,
KLM,KT3A,KLMKT3A,TRAFO UNION,N407928,230/115/22,200,1999.0,2023-08-03,2023-08-12,13406,28387,4260.0,538.0,20.0,19.0,0.0,1.0,5.0,2.0,8.0,593.0,60,5,
KLM,KT3A,KLMKT3A,TRAFO UNION,N407928,230/115/22,200,1999.0,2024-04-29,2024-05-04,6300,26400,4758.0,564.0,16.0,22.0,0.0,1.0,5.0,11.0,9.0,628.0,60,9,
KLM,KT4A,KLMKT4A,FUJI,AE62590T4,230/115/22,120,1997.0,2022-07-15,2022-07-22,6948,42495,1625.0,74.0,13.0,14.0,0.0,5.0,18.0,4.0,12.0,140.0,69,16,
KLM,KT4A,KLMKT4A,FUJI,AE62590T4,230/115/22,120,1997.0,2023-08-05,2023-08-12,13447,27149,2176.0,79.0,10.0,18.0,0.0,2.0,24.0,3.0,18.0,154.0,61,10,
KLM,KT4A,KLMKT4A,FUJI,AE62590T4,230/115/22,120,1997.0,2024-04-29,2024-05-04,8340,24940,2382.0,123.0,27.0,39.0,0.0,4.0,44.0,15.0,32.0,284.0,64,12,
KN,KT1A,KNKT1A,HYUNDAI,T943038,115/33/11,50,2008.0,2019-11-10,2019-12-22,8400,45580,953.0,20.0,13.0,32.0,0.0,0.0,85.0,0.0,66.0,216.0,55,9,-
KN,KT1A,KNKT1A,HYUNDAI,T943038,115/33/11,50,2008.0,2020-04-05,2020-04-11,2846,33547,896.0,20.0,7.0,36.0,0.0,0.0,77.0,0.0,20.0,160.0,40,9,หลังจาก Tx. Diff Relay ทำงาน เนื่องจากเกิด Flash ด้าน 33 KV
KN,KT1A,KNKT1A,HYUNDAI,T943038,115/33/11,50,2008.0,2020-11-03,2020-11-28,6397,52309,934.0,28.0,21.0,36.0,0.0,21.0,76.0,15.0,56.0,253.0,47,11,
KN,KT1A,KNKT1A,HYUNDAI,T943038,115/33/11,50,2008.0,2021-12-18,2022-01-10,3697,43662,953.0,28.0,2.0,32.0,0.0,5.0,86.0,14.0,68.0,235.0,48,15,Cold standby
KN,KT1A,KNKT1A,HYUNDAI,T943038,115/33/11,50,2008.0,2022-12-03,2023-01-13,4060,41870,795.0,14.0,2.0,32.0,0.0,5.0,83.0,13.0,60.0,209.0,32,4,
KN,KT1A,KNKT1A,HYUNDAI,T943038,115/33/11,50,2008.0,2023-11-09,2024-01-23,5840,45376,790.0,21.0,7.0,50.0,0.0,9.0,112.0,13.0,69.0,281.0,30,11,
KN,KT2A,KNKT2A,OSAKA,5BK010701,230/121/33,100,1999.0,2019-04-01,2019-07-05,10443,46051,1986.0,152.0,10.0,65.0,0.0,1.0,102.0,0.0,54.0,384.0,46,21,-
KN,KT2A,KNKT2A,OSAKA,5BK010701,230/121/33,100,1999.0,2019-05-26,2019-07-25,10840,42950,2569.0,137.0,7.0,64.0,0.0,0.0,108.0,0.0,29.0,345.0,44,24,-
KN,KT2A,KNKT2A,OSAKA,5BK010701,230/121/33,100,1999.0,2019-11-10,2019-12-23,12720,50470,2720.0,155.0,12.0,74.0,0.0,0.0,141.0,0.0,96.0,478.0,41,14,-
KN,KT2A,KNKT2A,OSAKA,5BK010701,230/121/33,100,1999.0,2020-05-09,2020-05-31,13247,52148,1662.0,122.0,15.0,102.0,0.0,0.0,174.0,26.0,114.0,553.0,57,24,
KN,KT2A,KNKT2A,OSAKA,5BK010701,230/121/33,100,1999.0,2020-11-03,2020-11-28,16213,51682,1734.0,135.0,31.0,55.0,0.0,0.0,199.0,0.0,81.0,501.0,38,14,
KN,KT2A,KNKT2A,OSAKA,5BK010701,230/121/33,100,1999.0,2021-05-18,2021-07-24,6255,38533,2518.0,144.0,8.0,66.0,0.0,0.0,126.0,0.0,34.0,378.0,43,15,
KN,KT2A,KNKT2A,OSAKA,5BK010701,230/121/33,100,1999.0,2021-12-18,2022-01-10,4372,43258,3217.0,138.0,5.0,66.0,0.0,0.0,120.0,0.0,87.0,416.0,48,9,
KN,KT2A,KNKT2A,OSAKA,5BK010701,230/121/33,100,1999.0,2022-05-06,2022-05-15,2494,32105,3909.0,152.0,7.0,41.0,0.0,2.0,132.0,0.0,34.0,368.0,47,9,
KN,KT2A,KNKT2A,OSAKA,5BK010701,230/121/33,100,1999.0,2022-12-02,2023-01-13,10473,49749,3166.0,164.0,18.0,85.0,0.0,2.0,143.0,4.0,76.0,492.0,50,12,
KN,KT2A,KNKT2A,OSAKA,5BK010701,230/121/33,100,1999.0,2023-04-30,2023-05-15,3180,42450,3224.0,165.0,5.0,93.0,0.0,0.0,135.0,4.0,91.0,493.0,54,8,
KN,KT2A,KNKT2A,OSAKA,5BK010701,230/121/33,100,1999.0,2023-12-09,2024-01-25,11169,47990,3832.0,162.0,16.0,78.0,0.0,3.0,171.0,5.0,71.0,506.0,48,13,
KN,KT3A,KNKT3A,MEIDEN,8T9791T1,115/22/11,50,2012.0,2019-04-01,2019-08-26,9172,44542,1460.0,110.0,10.0,0.0,0.0,0.0,0.0,0.0,0.0,120.0,57,23,-
KN,KT3A,KNKT3A,MEIDEN,8T9791T1,115/22/11,50,2012.0,2019-11-10,2019-12-26,20750,67380,1503.0,736.0,24.0,6.0,0.0,0.0,0.0,0.0,0.0,766.0,30,24,-
KN,KT3A,KNKT3A,MEIDEN,8T9791T1,115/22/11,50,2012.0,2020-11-03,2020-11-28,10426,43109,1778.0,764.0,29.0,7.0,0.0,1.0,2.0,1.0,1.0,805.0,48,14,
KN,KT3A,KNKT3A,MEIDEN,8T9791T1,115/22/11,50,2012.0,2021-12-18,2022-01-10,9516,72728,3425.0,997.0,7.0,7.0,0.0,0.0,2.0,0.0,2.0,1015.0,44,13,
KN,KT3A,KNKT3A,MEIDEN,8T9791T1,115/22/11,50,2012.0,2022-12-02,2023-01-12,9210,67450,3699.0,1199.0,5.0,8.0,0.0,0.0,2.0,4.0,1.0,1219.0,60,10,
KN,KT3A,KNKT3A,MEIDEN,8T9791T1,115/22/11,50,2012.0,2023-04-27,2023-05-19,12225,63426,2890.0,930.0,2.0,8.0,0.0,2.0,1.0,5.0,1.0,949.0,38,13,
KN,KT3A,KNKT3A,MEIDEN,8T9791T1,115/22/11,50,2012.0,2023-11-09,2024-01-25,15163,77975,3741.0,1353.0,7.0,16.0,0.0,4.0,3.0,1.0,2.0,1386.0,58,11,
KN,KT4A,KNKT4A,TOSHIBA,88900013,230/121/33,100,2002.0,2019-04-01,2019-07-05,10804,46400,1718.0,320.0,9.0,3.0,0.0,4.0,1.0,1.0,2.0,340.0,51,25,-
KN,KT4A,KNKT4A,TOSHIBA,88900013,230/121/33,100,2002.0,2019-05-26,2019-07-25,11946,35185,2253.0,315.0,6.0,0.0,0.0,0.0,0.0,0.0,0.0,321.0,51,21,-
KN,KT4A,KNKT4A,TOSHIBA,88900013,230/121/33,100,2002.0,2019-11-10,2019-12-22,9580,38350,2987.0,475.0,20.0,3.0,0.0,0.0,0.0,0.0,0.0,498.0,46,24,-
KN,KT4A,KNKT4A,TOSHIBA,88900013,230/121/33,100,2002.0,2020-05-09,2020-05-31,9021,37549,1611.0,395.0,14.0,4.0,0.0,0.0,2.0,2.0,3.0,420.0,62,17,
KN,KT4A,KNKT4A,TOSHIBA,88900013,230/121/33,100,2002.0,2020-11-03,2020-11-28,8024,50367,1798.0,407.0,23.0,24.0,0.0,0.0,3.0,0.0,4.0,461.0,38,17,
KN,KT4A,KNKT4A,TOSHIBA,88900013,230/121/33,100,2002.0,2021-05-18,2021-07-24,12011,61200,2679.0,526.0,43.0,21.0,0.0,4.0,3.0,8.0,4.0,609.0,47,17,
KN,KT4A,KNKT4A,TOSHIBA,88900013,230/121/33,100,2002.0,2021-11-18,2022-01-10,6664,41087,3593.0,551.0,6.0,3.0,0.0,0.0,1.0,0.0,3.0,564.0,57,13,
KN,KT4A,KNKT4A,TOSHIBA,88900013,230/121/33,100,2002.0,2022-05-06,2022-05-15,7304,33747,3594.0,591.0,12.0,2.0,0.0,5.0,3.0,0.0,0.0,613.0,49,10,
KN,KT4A,KNKT4A,TOSHIBA,88900013,230/121/33,100,2002.0,2022-12-03,2023-01-08,10296,32601,3575.0,592.0,10.0,3.0,0.0,4.0,1.0,0.0,0.0,610.0,52,12,
KN,KT4A,KNKT4A,TOSHIBA,88900013,230/121/33,100,2002.0,2023-04-30,2023-05-15,9140,27770,1745.0,44.0,1.0,1.0,0.0,1.0,1.0,1.0,2.0,51.0,54,19,
KN,KT4A,KNKT4A,TOSHIBA,88900013,230/121/33,100,2002.0,2023-12-09,2024-01-23,10066,30438,2558.0,210.0,4.0,2.0,0.0,5.0,2.0,1.0,3.0,227.0,50,14,
KNE,KT1AA,KNEKT1AA,SIEMENS,408525,230/122/122,116,2014.0,2019-02-25,2019-04-07,9492,44159,1210.0,323.0,8.0,0.0,0.0,1.0,3.0,2.0,4.0,341.0,51,25,-
KNE,KT1AA,KNEKT1AA,SIEMENS,408525,230/122/122,116,2014.0,2019-07-20,2019-08-30,8322,41597,1771.0,451.0,7.0,9.0,0.0,1.0,9.0,1.0,4.0,482.0,60,24,-
KNE,KT1AA,KNEKT1AA,SIEMENS,408525,230/122/122,116,2014.0,2019-09-22,2019-10-07,17040,58450,1686.0,394.0,13.0,12.0,0.0,0.0,0.0,0.0,0.0,419.0,48,7,-
KNE,KT1AA,KNEKT1AA,SIEMENS,408525,230/122/122,116,2014.0,2020-04-04,2020-05-15,20004,59549,2492.0,419.0,9.0,0.0,0.0,0.0,0.0,0.0,0.0,428.0,60,23,
KNE,KT1AA,KNEKT1AA,SIEMENS,408525,230/122/122,116,2014.0,2020-08-02,2020-08-24,6964,42783,3207.0,553.0,14.0,10.0,0.0,0.0,0.0,0.0,0.0,577.0,59,10,
KNE,KT1AA,KNEKT1AA,SIEMENS,408525,230/122/122,116,2014.0,2021-02-27,2021-05-29,12358,51513,3203.0,375.0,21.0,4.0,0.0,0.0,1.0,0.0,5.0,406.0,30,5,
KNE,KT1AA,KNEKT1AA,SIEMENS,408525,230/122/122,116,2014.0,2021-08-09,2021-11-15,12790,57470,4780.0,491.0,4.0,7.0,0.0,0.0,11.0,23.0,6.0,542.0,60,20,
KNE,KT1AA,KNEKT1AA,SIEMENS,408525,230/122/122,116,2014.0,2022-01-16,2022-02-08,14958,54568,4009.0,815.0,5.0,12.0,0.0,0.0,8.0,1.0,3.0,844.0,,22,
KNE,KT1AA,KNEKT1AA,SIEMENS,408525,230/122/122,116,2014.0,2022-02-08,2022-02-14,3027,35207,5030.0,869.0,7.0,20.0,0.0,1.0,5.0,1.0,2.0,905.0,40,10,Hydran detect 121 ppm
KNE,KT1AA,KNEKT1AA,SIEMENS,408525,230/122/122,116,2014.0,2022-07-11,2022-07-25,3742,35767,5871.0,996.0,12.0,13.0,0.0,0.0,9.0,0.0,0.0,1030.0,46,9,
KNE,KT1AA,KNEKT1AA,SIEMENS,408525,230/122/122,116,2014.0,2023-02-25,2023-03-11,13463,39399,5833.0,955.0,7.0,11.0,0.0,0.0,9.0,0.0,0.0,982.0,44,16,
KNE,KT1AA,KNEKT1AA,SIEMENS,408525,230/122/122,116,2014.0,2023-08-31,2023-10-30,5760,42964,5929.0,966.0,7.0,12.0,0.0,30.0,43.0,2.0,3.0,1063.0,45,16,
KNE,KT1AA,KNEKT1AA,SIEMENS,408525,230/122/122,116,2014.0,2024-02-15,2024-04-10,14318,39954,5297.0,864.0,8.0,11.0,0.0,9.0,17.0,5.0,9.0,923.0,41,13,
KNE,KT1AB,KNEKT1AB,SIEMENS,408526,230/122/122,116,2014.0,2019-02-25,2019-04-07,10011,40478,1251.0,351.0,4.0,0.0,0.0,1.0,1.0,0.0,1.0,358.0,53,26,-
KNE,KT1AB,KNEKT1AB,SIEMENS,408526,230/122/122,116,2014.0,2019-07-20,2019-08-30,7949,41128,1761.0,410.0,9.0,11.0,0.0,1.0,8.0,1.0,4.0,444.0,60,26,-
KNE,KT1AB,KNEKT1AB,SIEMENS,408526,230/122/122,116,2014.0,2019-09-22,2019-10-07,17160,50670,1446.0,297.0,23.0,9.0,0.0,0.0,0.0,0.0,0.0,329.0,50,7,-
KNE,KT1AB,KNEKT1AB,SIEMENS,408526,230/122/122,116,2014.0,2020-04-04,2020-05-15,9223,31221,2666.0,452.0,11.0,0.0,0.0,0.0,0.0,0.0,0.0,463.0,60,13,
KNE,KT1AB,KNEKT1AB,SIEMENS,408526,230/122/122,116,2014.0,2020-08-02,2020-08-24,6950,39209,3258.0,540.0,12.0,8.0,0.0,1.0,9.0,14.0,9.0,593.0,59,9,
KNE,KT1AB,KNEKT1AB,SIEMENS,408526,230/122/122,116,2014.0,2021-02-27,2021-05-29,13586,46496,3334.0,356.0,24.0,4.0,0.0,0.0,2.0,0.0,5.0,391.0,30,7,
KNE,KT1AB,KNEKT1AB,SIEMENS,408526,230/122/122,116,2014.0,2021-08-09,2021-11-15,14413,38497,2947.0,445.0,7.0,0.0,0.0,0.0,36.0,0.0,0.0,488.0,63,22,
KNE,KT1AB,KNEKT1AB,SIEMENS,408526,230/122/122,116,2014.0,2022-01-16,2022-02-08,3141,30617,5131.0,855.0,10.0,20.0,0.0,1.0,9.0,1.0,4.0,900.0,,14,
KNE,KT1AB,KNEKT1AB,SIEMENS,408526,230/122/122,116,2014.0,2022-02-08,2022-02-14,3626,29050,5195.0,861.0,9.0,13.0,0.0,0.0,3.0,1.0,1.0,888.0,40,8,Hydran detect 132 ppm
KNE,KT1AB,KNEKT1AB,SIEMENS,408526,230/122/122,116,2014.0,2022-07-11,2022-07-25,6157,36168,3963.0,647.0,12.0,2.0,0.0,1.0,11.0,0.0,0.0,673.0,48,10,
KNE,KT1AB,KNEKT1AB,SIEMENS,408526,230/122/122,116,2014.0,2023-02-25,2023-03-11,10319,34498,3255.0,596.0,7.0,9.0,0.0,0.0,5.0,0.0,0.0,617.0,48,9,
KNE,KT1AB,KNEKT1AB,SIEMENS,408526,230/122/122,116,2014.0,2023-08-31,2023-10-30,13351,44335,3296.0,605.0,15.0,10.0,0.0,0.0,5.0,2.0,3.0,640.0,50,29,
KNE,KT1AB,KNEKT1AB,SIEMENS,408526,230/122/122,116,2014.0,2024-02-15,2024-04-09,4487,32577,3017.0,619.0,13.0,12.0,0.0,0.0,0.0,0.0,0.0,644.0,45,17,
KNE,KT1AC,KNEKT1AC,SIEMENS,408527,230/122/122,116,2014.0,2019-02-25,2019-04-07,7613,39161,1076.0,334.0,7.0,0.0,0.0,1.0,0.0,0.0,0.0,342.0,51,26,-
KNE,KT1AC,KNEKT1AC,SIEMENS,408527,230/122/122,116,2014.0,2019-07-20,2019-08-30,7591,45182,1704.0,448.0,6.0,11.0,0.0,1.0,5.0,1.0,2.0,474.0,65,31,-
KNE,KT1AC,KNEKT1AC,SIEMENS,408527,230/122/122,116,2014.0,2019-09-22,2019-10-07,8590,53080,1467.0,370.0,22.0,10.0,0.0,0.0,0.0,0.0,0.0,402.0,53,5,-
KNE,KT1AC,KNEKT1AC,SIEMENS,408527,230/122/122,116,2014.0,2020-04-04,2020-05-15,12037,35961,2196.0,440.0,11.0,0.0,0.0,0.0,0.0,0.0,0.0,451.0,62,19,
KNE,KT1AC,KNEKT1AC,SIEMENS,408527,230/122/122,116,2014.0,2020-08-02,2020-08-24,5920,39819,2849.0,585.0,15.0,9.0,0.0,1.0,0.0,1.0,1.0,612.0,60,12,
KNE,KT1AC,KNEKT1AC,SIEMENS,408527,230/122/122,116,2014.0,2021-02-27,2021-05-29,11817,40002,3123.0,408.0,29.0,3.0,0.0,0.0,2.0,0.0,4.0,446.0,35,5,
KNE,KT1AC,KNEKT1AC,SIEMENS,408527,230/122/122,116,2014.0,2021-08-09,2021-11-15,14589,41324,2781.0,506.0,8.0,0.0,0.0,0.0,17.0,0.0,0.0,531.0,63,26,
KNE,KT1AC,KNEKT1AC,SIEMENS,408527,230/122/122,116,2014.0,2022-01-16,2022-02-08,3240,35531,4624.0,906.0,9.0,20.0,0.0,1.0,8.0,1.0,3.0,948.0,,12,
KNE,KT1AC,KNEKT1AC,SIEMENS,408527,230/122/122,116,2014.0,2022-02-08,2022-02-14,3170,36152,4687.0,908.0,9.0,14.0,0.0,1.0,3.0,1.0,1.0,937.0,46,9,Hydran detect 150 ppm
KNE,KT1AC,KNEKT1AC,SIEMENS,408527,230/122/122,116,2014.0,2022-07-11,2022-07-24,7730,49680,4834.0,847.0,9.0,6.0,0.0,0.0,5.0,14.0,6.0,887.0,54,11,
KNE,KT1AC,KNEKT1AC,SIEMENS,408527,230/122/122,116,2014.0,2023-02-25,2023-03-11,7298,38023,4895.0,894.0,10.0,18.0,0.0,2.0,16.0,0.0,8.0,948.0,50,14,
KNE,KT1AC,KNEKT1AC,SIEMENS,408527,230/122/122,116,2014.0,2023-08-31,2023-10-30,5916,48754,4987.0,916.0,12.0,12.0,0.0,29.0,41.0,2.0,2.0,1014.0,52,24,
KNE,KT1AC,KNEKT1AC,SIEMENS,408527,230/122/122,116,2014.0,2024-02-15,2024-04-09,9755,36593,4482.0,806.0,10.0,8.0,0.0,0.0,0.0,0.0,0.0,824.0,50,14,
KNE,KT2A,KNEKT2A,MITSUBISHI,555272,230/115/33,66.66,,2019-02-25,2019-04-07,2235,30179,1704.0,62.0,27.0,28.0,0.0,2.0,66.0,0.0,35.0,220.0,42,23,-
KNE,KT2A,KNEKT2A,MITSUBISHI,555272,230/115/33,66.66,,2019-07-20,2019-08-30,3393,51914,630.0,65.0,13.0,8.0,0.0,2.0,28.0,4.0,24.0,144.0,40,47,-
KNE,KT2A,KNEKT2A,MITSUBISHI,555272,230/115/33,66.66,,2020-08-02,2020-08-24,2118,23646,1612.0,52.0,31.0,17.0,0.0,5.0,66.0,0.0,22.0,193.0,41,18,
KNE,KT2A,KNEKT2A,MITSUBISHI,555272,230/115/33,66.66,,2021-08-09,2021-11-15,1250,31130,1656.0,64.0,24.0,29.0,0.0,1.0,85.0,17.0,73.0,293.0,42,30,
KNE,KT2A,KNEKT2A,MITSUBISHI,555272,230/115/33,66.66,,2022-07-11,2022-07-24,3990,42780,1896.0,75.0,36.0,22.0,0.0,11.0,61.0,14.0,50.0,269.0,46,18,
KNE,KT2A,KNEKT2A,MITSUBISHI,555272,230/115/33,66.66,,2023-02-25,2023-03-11,4902,33742,1977.0,79.0,32.0,30.0,0.0,1.0,66.0,0.0,33.0,241.0,40,18,
KNE,KT2A,KNEKT2A,MITSUBISHI,555272,230/115/33,66.66,,2023-08-31,2023-10-30,2871,42353,2267.0,91.0,31.0,40.0,0.0,4.0,93.0,0.0,59.0,318.0,44,31,
KNG,KT1A,KNGKT1A,MITSUBISHI,558034,115/22/11,25,,2019-03-24,2019-04-19,7608,27668,1176.0,98.0,47.0,23.0,0.0,0.0,87.0,0.0,14.0,269.0,48,19,-
KNG,KT1A,KNGKT1A,MITSUBISHI,558034,115/22/11,25,,2020-06-19,2020-07-06,2491,27271,1204.0,127.0,60.0,40.0,0.0,6.0,48.0,11.0,24.0,316.0,51,13,
KNG,KT1A,KNGKT1A,MITSUBISHI,558034,115/22/11,25,,2021-01-13,2021-02-08,4589,37288,1150.0,73.0,55.0,35.0,0.0,8.0,51.0,2.0,32.0,256.0,43,9,
KNG,KT1A,KNGKT1A,MITSUBISHI,558034,115/22/11,25,,2022-03-01,2022-03-27,7944,28462,1166.0,113.0,44.0,0.0,0.0,0.0,75.0,0.0,18.0,250.0,44,14,
KNG,KT1A,KNGKT1A,MITSUBISHI,558034,115/22/11,25,,2023-02-27,2023-03-11,3889,32241,5621.0,243.0,46.0,38.0,0.0,1.0,64.0,8.0,39.0,439.0,62,21,
KNG,KT1A,KNGKT1A,MITSUBISHI,558034,115/22/11,25,,2024-02-26,2024-04-08,9497,32592,1592.0,250.0,22.0,53.0,0.0,6.0,87.0,11.0,50.0,479.0,55,16,
KNG,KT2A,KNGKT2A,FUJI,AG69095T412,115/22/11,15,1993.0,2019-03-24,2019-04-21,8011,37299,1371.0,105.0,33.0,48.0,0.0,10.0,122.0,0.0,65.0,383.0,47,18,-
KNG,KT2A,KNGKT2A,FUJI,AG69095T412,115/22/11,15,1993.0,2020-03-23,2020-05-25,15330,50000,958.0,94.0,67.0,67.0,0.0,4.0,176.0,0.0,99.0,507.0,63,17,
KNG,KT2A,KNGKT2A,FUJI,AG69095T412,115/22/11,15,1993.0,2021-01-03,2021-02-05,5510,50476,1866.0,85.0,36.0,57.0,0.0,3.0,134.0,0.0,76.0,391.0,50,9,
KNG,KT2A,KNGKT2A,FUJI,AG69095T412,115/22/11,15,1993.0,2022-03-01,2022-03-27,6851,33815,1518.0,121.0,30.0,0.0,0.0,9.0,154.0,0.0,40.0,354.0,49,18,
KNG,KT2A,KNGKT2A,FUJI,AG69095T412,115/22/11,15,1993.0,2023-02-27,2023-03-11,5304,33095,3761.0,131.0,10.0,36.0,0.0,3.0,117.0,2.0,62.0,361.0,55,6,
KNG,KT2A,KNGKT2A,FUJI,AG69095T412,115/22/11,15,1993.0,2024-02-26,2024-04-08,11498,32702,1370.0,156.0,15.0,57.0,0.0,9.0,184.0,7.0,83.0,511.0,61,17,
KP,KT1A,KPKT1A,MEIDENSHA,8N5451T3,115/22,50,2012.0,2019-04-21,2019-05-16,10461,41192,2800.0,875.0,7.0,0.0,0.0,4.0,15.0,0.0,0.0,901.0,60,12,-
KP,KT1A,KPKT1A,MEIDENSHA,8N5451T3,115/22,50,2012.0,2020-03-21,2020-04-05,12241,76965,1426.0,731.0,63.0,7.0,0.0,5.0,2.0,1.0,1.0,810.0,,12,
KP,KT1A,KPKT1A,MEIDENSHA,8N5451T3,115/22,50,2012.0,2021-03-13,2021-06-08,11517,55087,1265.0,652.0,32.0,2.0,0.0,1.0,1.0,0.0,1.0,689.0,,14,
KP,KT1A,KPKT1A,MEIDENSHA,8N5451T3,115/22,50,2012.0,2022-04-28,2022-05-13,18452,68867,1514.0,686.0,1.0,3.0,0.0,2.0,1.0,0.0,2.0,695.0,60,9,
KP,KT1A,KPKT1A,MEIDENSHA,8N5451T3,115/22,50,2012.0,2023-04-27,2023-05-07,18816,84032,2084.0,715.0,0.0,9.0,0.0,0.0,2.0,0.0,2.0,728.0,57,7,
KP,KT1A,KPKT1A,MEIDENSHA,8N5451T3,115/22,50,2012.0,2024-05-12,2024-05-18,13561,82156,3385.0,1334.0,4.0,13.0,0.0,43.0,14.0,3.0,5.0,1416.0,53,9,
KP,KT2A,KPKT2A,MEIDENSHA,8N5449T2,115/22,50,2012.0,2019-04-21,2019-05-16,10848,51862,2958.0,1068.0,8.0,2.0,0.0,4.0,0.0,0.0,0.0,1082.0,55,15,-
KP,KT2A,KPKT2A,MEIDENSHA,8N5449T2,115/22,50,2012.0,2020-03-21,2020-04-07,13054,71682,1277.0,715.0,36.0,5.0,0.0,5.0,2.0,2.0,4.0,769.0,54,12,
KP,KT2A,KPKT2A,MEIDENSHA,8N5449T2,115/22,50,2012.0,2021-03-13,2021-06-08,10285,56741,1275.0,649.0,42.0,1.0,0.0,1.0,1.0,0.0,3.0,697.0,,18,
KP,KT2A,KPKT2A,MEIDENSHA,8N5449T2,115/22,50,2012.0,2022-04-28,2022-05-13,19258,76153,1871.0,752.0,1.0,14.0,0.0,15.0,2.0,0.0,5.0,789.0,61,11,
KP,KT2A,KPKT2A,MEIDENSHA,8N5449T2,115/22,50,2012.0,2023-04-27,2023-05-06,10601,77523,2230.0,771.0,3.0,7.0,0.0,7.0,2.0,0.0,5.0,795.0,59,7,
KP,KT2A,KPKT2A,MEIDENSHA,8N5449T2,115/22,50,2012.0,2024-05-12,2024-05-18,14828,80302,3746.0,1575.0,3.0,13.0,0.0,49.0,19.0,3.0,10.0,1672.0,52,9,
KS,KT1A,KSKT1A,EKARAT,EDP011305,115/22,50,,2019-02-07,2019-03-02,6441,47051,2645.0,804.0,53.0,19.0,0.0,9.0,0.0,0.0,0.0,885.0,46,25,-
KS,KT1A,KSKT1A,EKARAT,EDP011305,115/22,50,,2021-02-21,2021-04-02,6500,50000,2700.0,800.0,29.0,0.0,0.0,0.0,3.0,0.0,0.0,832.0,50,16,
KS,KT1A,KSKT1A,EKARAT,EDP011305,115/22,50,,2022-02-06,2022-03-07,7586,56355,3529.0,940.0,31.0,0.0,0.0,9.0,8.0,0.0,0.0,988.0,49,9,
KS,KT1A,KSKT1A,EKARAT,EDP011305,115/22,50,,2023-02-24,2023-03-10,6173,68652,3568.0,975.0,17.0,10.0,0.0,7.0,5.0,2.0,8.0,1024.0,49,6,
KS,KT1A,KSKT1A,EKARAT,EDP011305,115/22,50,,2024-02-09,2024-02-16,9579,66799,4392.0,1289.0,24.0,11.0,0.0,14.0,6.0,9.0,12.0,1365.0,52,11,
KS,KT2A,KSKT2A,EKARAT,EDP011306,115/22,50,,2019-02-07,2019-03-02,8010,50681,1272.0,396.0,64.0,7.0,0.0,0.0,0.0,0.0,0.0,467.0,46,15,-
KS,KT2A,KSKT2A,EKARAT,EDP011306,115/22,50,,2021-02-21,2021-04-02,8660,53000,1300.0,300.0,28.0,0.0,0.0,0.0,0.0,0.0,0.0,328.0,48,21,
KS,KT2A,KSKT2A,EKARAT,EDP011306,115/22,50,,2022-02-06,2022-03-07,9199,53713,2603.0,638.0,26.0,0.0,0.0,12.0,11.0,0.0,0.0,687.0,47,11,
KS,KT2A,KSKT2A,EKARAT,EDP011306,115/22,50,,2022-03-19,2022-03-19,6923,60212,3755.0,1387.0,29.0,12.0,0.0,11.0,2.0,4.0,3.0,1448.0,47,7,เนื่องจากมี Oil Flow relay ของห้อง OLTC ทำงาน
KS,KT2A,KSKT2A,EKARAT,EDP011306,115/22,50,,2023-02-24,2023-03-10,4541,66715,3120.0,794.0,18.0,6.0,0.0,8.0,2.0,2.0,1.0,831.0,50,9,
KS,KT2A,KSKT2A,EKARAT,EDP011306,115/22,50,,2024-02-09,2024-02-24,11529,69504,4228.0,1431.0,22.0,8.0,0.0,17.0,7.0,7.0,13.0,1505.0,48,9,
KTL,KT1A,KTLKT1A,VOLTA WERKE,60539-003,115/22,25,1993.0,2019-03-13,2019-04-08,8118,46086,811.0,131.0,28.0,7.0,1.0,7.0,14.0,4.0,7.0,199.0,50,12,-
KTL,KT1A,KTLKT1A,VOLTA WERKE,60539-003,115/22,25,1993.0,2020-03-14,2020-03-29,4523,37377,1136.0,244.0,36.0,36.0,0.0,9.0,33.0,0.0,0.0,358.0,48,9,
KTL,KT1A,KTLKT1A,VOLTA WERKE,60539-003,115/22,25,1993.0,2021-01-29,2021-04-23,16881,42114,812.0,150.0,36.0,28.0,0.0,8.0,40.0,12.0,34.0,308.0,38,32,
KTL,KT1A,KTLKT1A,VOLTA WERKE,60539-003,115/22,25,1993.0,2022-02-17,2022-03-26,14095,57341,1444.0,170.0,48.0,46.0,0.0,4.0,61.0,10.0,43.0,382.0,48,23,
KTL,KT1A,KTLKT1A,VOLTA WERKE,60539-003,115/22,25,1993.0,2022-04-28,2022-05-20,7949,40744,1588.0,291.0,148.0,92.0,27.0,50.0,72.0,5.0,14.0,699.0,34,10,หลัง Bushing Phase A ระเบิด
KTL,KT1A,KTLKT1A,VOLTA WERKE,60539-003,115/22,25,1993.0,2022-07-30,2022-08-19,5784,24443,281.0,34.0,13.0,9.0,0.0,2.0,6.0,5.0,9.0,78.0,51,9,หลังเปลี่ยน BUSHING 1 เดือน
KTL,KT1A,KTLKT1A,VOLTA WERKE,60539-003,115/22,25,1993.0,2023-02-16,2023-03-05,4880,18279,857.0,108.0,24.0,18.0,0.0,5.0,12.0,3.0,11.0,181.0,53,8,
KTL,KT1A,KTLKT1A,VOLTA WERKE,60539-003,115/22,25,1993.0,2023-12-11,2023-12-14,9731,34141,1038.0,186.0,133.0,76.0,98.0,47.0,23.0,22.0,12.0,597.0,34,10,หลัง TRIP เมื่อวันที่ 10/12/52 (15.30)
KTL,KT1A,KTLKT1A,VOLTA WERKE,60539-003,115/22,25,1993.0,2023-12-15,2023-12-17,6796,23818,1222.0,205.0,173.0,132.0,153.0,78.0,38.0,24.0,19.0,822.0,34,8,หลัง TRIP เมื่อวันที่ 10/12/52 (15.30 น.)
KTL,KT1A,KTLKT1A,VOLTA WERKE,60539-003,115/22,25,1993.0,2023-12-19,2023-12-25,8843,27425,429.0,26.0,21.0,11.0,24.0,14.0,9.0,9.0,8.0,122.0,34,8,ทดสอบหลังทำการ Hot Oil Purify
KTL,KT1A,KTLKT1A,VOLTA WERKE,60539-003,115/22,25,1993.0,2023-12-23,2023-12-29,20054,49554,669.0,37.0,16.0,16.0,21.0,15.0,10.0,11.0,7.0,133.0,50,12,ทดสอบหลังนำเข้าใช้งาน 24 ชั่วโมง(เปลี่ยน BUSHING ใหม่)
KTL,KT1A,KTLKT1A,VOLTA WERKE,60539-003,115/22,25,1993.0,2024-01-04,2024-01-06,2768,10776,96.0,8.0,12.0,0.0,0.0,0.0,1.0,0.0,0.0,21.0,30,6,ก่อนนำเข้าใช้งาน หลังเปลี่ยน Bushing phase B และ C (ทำน้ำมันใหม่)
KTL,KT1A,KTLKT1A,VOLTA WERKE,60539-003,115/22,25,1993.0,2024-01-19,2024-01-27,5214,15216,157.0,15.0,35.0,1.0,2.0,1.0,3.0,0.0,5.0,62.0,46,8,หลังสับจ่าย Load เมิ่อวันที่ 15/01/53
KTL,KT1A,KTLKT1A,VOLTA WERKE,60539-003,115/22,25,1993.0,2024-01-28,2024-02-09,18235,50854,315.0,23.0,16.0,1.0,2.0,1.0,0.0,1.0,1.0,45.0,25,9,ทดสอบหลังจากการแก้ไข BUSHING H2 ร้อนผิดปกติ
KTL,KT1A,KTLKT1A,VOLTA WERKE,60539-003,115/22,25,1993.0,2024-02-16,2024-03-18,7476,23967,521.0,53.0,5.0,2.0,0.0,1.0,4.0,1.0,6.0,72.0,51,19,
KTL,KT2A,KTLKT2A,FUJI,AG69095T431,115/22/11,25,1998.0,2019-03-13,2019-04-08,7531,30963,762.0,112.0,18.0,0.0,0.0,3.0,11.0,0.0,6.0,150.0,52,10,-
KTL,KT2A,KTLKT2A,FUJI,AG69095T431,115/22/11,25,1998.0,2020-03-14,2020-03-29,3178,23009,812.0,120.0,37.0,11.0,0.0,0.0,29.0,0.0,0.0,197.0,47,11,
KTL,KT2A,KTLKT2A,FUJI,AG69095T431,115/22/11,25,1998.0,2021-01-29,2021-04-20,7385,37012,818.0,119.0,33.0,5.0,0.0,0.0,16.0,0.0,13.0,186.0,40,49,
KTL,KT2A,KTLKT2A,FUJI,AG69095T431,115/22/11,25,1998.0,2022-02-17,2022-03-26,5856,41763,1198.0,78.0,40.0,19.0,0.0,1.0,47.0,10.0,30.0,225.0,49,7,
KTL,KT2A,KTLKT2A,FUJI,AG69095T431,115/22/11,25,1998.0,2023-02-16,2023-03-05,9299,31295,1147.0,113.0,31.0,26.0,0.0,6.0,53.0,4.0,15.0,248.0,56,10,
KTL,KT2A,KTLKT2A,FUJI,AG69095T431,115/22/11,25,1998.0,2024-02-16,2024-03-18,6885,40347,1579.0,133.0,35.0,32.0,0.0,8.0,91.0,4.0,35.0,338.0,60,5,
LB1,KT1A,LB1KT1A,MEIDEN,8N5446T4,115/69/22,50,2013.0,2019-10-13,2019-11-14,12771,47736,2422.0,723.0,12.0,5.0,0.0,13.0,10.0,0.0,0.0,763.0,58,-14,-
LB1,KT1A,LB1KT1A,MEIDEN,8N5446T4,115/69/22,50,2013.0,2022-04-08,2022-04-22,4981,79444,4266.0,533.0,3.0,10.0,0.0,6.0,2.0,4.0,4.0,562.0,57,17,
LB1,KT1A,LB1KT1A,MEIDEN,8N5446T4,115/69/22,50,2013.0,2022-10-15,2022-11-03,20040,64879,3518.0,671.0,8.0,5.0,0.0,9.0,3.0,0.0,0.0,696.0,61,10,
LB1,KT1A,LB1KT1A,MEIDEN,8N5446T4,115/69/22,50,2013.0,2023-06-24,2023-07-09,21301,71179,3521.0,795.0,12.0,16.0,0.0,8.0,3.0,6.0,9.0,849.0,56,4,
LB1,KT1A,LB1KT1A,MEIDEN,8N5446T4,115/69/22,50,2013.0,2024-04-08,2024-04-22,16307,83545,2590.0,1351.0,5.0,17.0,0.0,15.0,5.0,4.0,12.0,1409.0,58,11,
LB1,KT2A,LB1KT2A,MEIDEN,8N5449T1,115/69/22,50,2013.0,2019-10-13,2019-11-14,9658,46637,4284.0,574.0,15.0,7.0,0.0,0.0,0.0,0.0,0.0,596.0,30,24,-
LB1,KT2A,LB1KT2A,MEIDEN,8N5449T1,115/69/22,50,2013.0,2022-04-08,2022-04-17,14132,61569,4697.0,611.0,8.0,5.0,0.0,14.0,2.0,0.0,0.0,640.0,58,14,
LB1,KT2A,LB1KT2A,MEIDEN,8N5449T1,115/69/22,50,2013.0,2022-10-15,2022-11-03,20590,64595,3655.0,592.0,8.0,5.0,0.0,11.0,5.0,2.0,3.0,626.0,57,11,
LB1,KT2A,LB1KT2A,MEIDEN,8N5449T1,115/69/22,50,2013.0,2023-06-24,2023-07-09,23134,71577,3041.0,740.0,11.0,23.0,0.0,9.0,3.0,10.0,4.0,800.0,53,6,
LB1,KT2A,LB1KT2A,MEIDEN,8N5449T1,115/69/22,50,2013.0,2024-04-08,2024-04-22,18535,88589,3162.0,1121.0,5.0,14.0,0.0,21.0,3.0,4.0,12.0,1180.0,56,11,
LB2,KT1A,LB2KT1A,FUJI,AN69003T5,115/22,25,1998.0,2019-10-13,2019-11-14,5486,31968,2781.0,74.0,7.0,51.0,0.0,0.0,131.0,0.0,50.0,313.0,55,24,-
LB2,KT1A,LB2KT1A,FUJI,AN69003T5,115/22,25,1998.0,2022-04-09,2022-05-06,8075,45706,2116.0,25.0,5.0,26.0,0.0,15.0,123.0,5.0,80.0,279.0,63,19,
LB2,KT1A,LB2KT1A,FUJI,AN69003T5,115/22,25,1998.0,2022-10-13,2022-11-03,17401,42983,2617.0,36.0,8.0,19.0,0.0,2.0,155.0,2.0,64.0,286.0,64,22,
LB2,KT1A,LB2KT1A,FUJI,AN69003T5,115/22,25,1998.0,2023-05-07,2023-05-21,4470,39130,2369.0,29.0,2.0,39.0,0.0,1.0,150.0,2.0,9.0,232.0,53,15,
LB2,KT1A,LB2KT1A,FUJI,AN69003T5,115/22,25,1998.0,2024-05-10,2024-05-18,3773,37435,3211.0,65.0,13.0,70.0,0.0,25.0,227.0,5.0,84.0,489.0,64,13,
LB2,KT2A,LB2KT2A,TAKAOKA,8144902,115/22,25,1995.0,2019-01-25,2019-02-07,9426,37568,171.0,15.0,0.0,0.0,0.0,0.0,3.0,0.0,10.0,28.0,-,12,เปลี่ยน OLTC ใหม่เป็น SHANGHAI HUAMING POWER
LB2,KT2A,LB2KT2A,TAKAOKA,8144902,115/22,25,1995.0,2019-02-25,2019-03-08,13150,41025,260.0,30.0,44.0,0.0,0.0,0.0,0.0,0.0,0.0,74.0,44,14,-
LB2,KT2A,LB2KT2A,TAKAOKA,8144902,115/22,25,1995.0,2019-05-24,2019-06-22,4997,24874,537.0,14.0,14.0,0.0,0.0,0.0,6.0,0.0,0.0,34.0,48,19,-
LB2,KT2A,LB2KT2A,TAKAOKA,8144902,115/22,25,1995.0,2019-10-13,2019-11-14,12274,41658,586.0,19.0,9.0,0.0,0.0,0.0,11.0,0.0,0.0,39.0,45,13,-
LB2,KT2A,LB2KT2A,TAKAOKA,8144902,115/22,25,1995.0,2022-04-09,2022-05-06,6375,35320,670.0,58.0,16.0,9.0,0.0,0.0,7.0,2.0,4.0,96.0,56,15,
LB2,KT2A,LB2KT2A,TAKAOKA,8144902,115/22,25,1995.0,2022-10-13,2022-11-03,6263,23370,864.0,74.0,126.0,29.0,0.0,3.0,14.0,0.0,6.0,252.0,56,14,
LB2,KT2A,LB2KT2A,TAKAOKA,8144902,115/22,25,1995.0,2023-05-07,2023-05-21,4910,32830,776.0,62.0,101.0,15.0,0.0,1.0,12.0,2.0,7.0,200.0,62,17,
LB2,KT2A,LB2KT2A,TAKAOKA,8144902,115/22,25,1995.0,2024-05-10,2024-05-18,3275,21666,1027.0,175.0,105.0,17.0,0.0,13.0,18.0,5.0,6.0,339.0,57,10,
LE,KT1A,LEKT1A,RADE KONCAR,338028,115/22,50,2004.0,2019-03-30,2019-04-18,6951,52326,6354.0,935.0,17.0,8.0,0.0,0.0,0.0,0.0,0.0,960.0,55,17,-
LE,KT1A,LEKT1A,RADE KONCAR,338028,115/22,50,2004.0,2019-04-04,2019-04-07,7348,44065,0.0,0.0,704.0,174.0,586.0,219.0,12.0,54.0,0.0,1749.0,40,8,"Tx.trip Buchholz relay,transformer diff.relayมีน้ำมันไหลออกที่pressure relief device."
LE,KT1A,LEKT1A,RADE KONCAR,338028,115/22,50,2004.0,2019-04-05,2019-04-07,10372,46921,0.0,0.0,302.0,76.0,340.0,135.0,9.0,37.0,0.0,899.0,40,8,"Tx.tripBuchholz relay,transformer diff.relayมีน้ำมันไหลออกที่pressure relief device.,เก็บน้ำมันที่buchholz relay."
LE,KT1A,LEKT1A,RADE KONCAR,338028,115/22,50,2004.0,2021-02-09,2021-04-11,30764,61585,247.0,26.0,0.0,0.0,0.0,0.0,0.0,0.0,0.0,26.0,,15,หลังมีการทำ Hot Oil Purify ไว้
LE,KT1A,LEKT1A,RADE KONCAR,338028,115/22,50,2004.0,2021-05-07,2021-05-08,12989,30227,25.0,0.0,2.0,0.0,0.0,0.0,0.0,0.0,0.0,2.0,42,14,Before test.
LE,KT1A,LEKT1A,RADE KONCAR,338028,115/22,50,2004.0,2021-05-07,2021-05-08,19918,42698,32.0,0.0,20.0,0.0,0.0,0.0,0.0,0.0,0.0,20.0,42,16,After Dielectric test .
LE,KT1A,LEKT1A,RADE KONCAR,338028,115/22,50,2004.0,2021-06-11,2021-08-10,11570,25384,218.0,11.0,10.0,0.0,0.0,0.0,0.0,0.0,0.0,21.0,34,18,หม้อแปลงย้ายมาจาก สฟ.ชัยภมิ KT1A
LE,KT1A,LEKT1A,RADE KONCAR,338028,115/22,50,2004.0,2022-01-16,2022-02-08,21307,57698,1408.0,95.0,10.0,1.0,0.0,0.0,0.0,0.0,0.0,106.0,47,14,
LE,KT1A,LEKT1A,RADE KONCAR,338028,115/22,50,2004.0,2023-01-14,2023-02-06,31905,79451,1729.0,129.0,23.0,2.0,0.0,1.0,1.0,2.0,1.0,159.0,40,16,
LE,KT1A,LEKT1A,RADE KONCAR,338028,115/22,50,2004.0,2024-01-13,2024-02-11,29203,75427,5188.0,537.0,23.0,5.0,0.0,2.0,2.0,2.0,2.0,573.0,49,15,
LE,KT2A,LEKT2A,VOLTA WERKE,60542-002,115/22/11,25,1993.0,2019-02-01,2019-05-12,10720,43042,1225.0,105.0,12.0,75.0,0.0,11.0,199.0,0.0,103.0,505.0,49,16,-
LE,KT2A,LEKT2A,VOLTA WERKE,60542-002,115/22/11,25,1993.0,2020-04-03,2020-05-09,8785,37054,1928.0,127.0,33.0,71.0,0.0,15.0,165.0,0.0,43.0,454.0,54,13,
LE,KT2A,LEKT2A,VOLTA WERKE,60542-002,115/22/11,25,1993.0,2021-02-07,2021-05-24,5712,46800,1523.0,102.0,21.0,5.0,0.0,0.0,16.0,0.0,15.0,159.0,47,30,
LE,KT2A,LEKT2A,VOLTA WERKE,60542-002,115/22/11,25,1993.0,2022-01-16,2022-02-07,7583,39784,1276.0,82.0,12.0,19.0,0.0,2.0,111.0,8.0,119.0,353.0,48,8,
LE,KT2A,LEKT2A,VOLTA WERKE,60542-002,115/22/11,25,1993.0,2023-01-14,2023-02-04,8220,28918,1149.0,82.0,21.0,31.0,0.0,8.0,147.0,7.0,89.0,385.0,35,11,
LE,KT2A,LEKT2A,VOLTA WERKE,60542-002,115/22/11,25,1993.0,2024-01-13,2024-02-10,7350,27070,1126.0,88.0,29.0,51.0,0.0,15.0,210.0,46.0,200.0,639.0,47,25,
LKB,KT1A,LKBKT1A,MITSUBISHI,573085,115/22,25,1997.0,2019-06-28,2019-07-18,3098,28782,1971.0,169.0,10.0,20.0,0.0,0.0,43.0,0.0,10.0,252.0,54,18,-
LKB,KT1A,LKBKT1A,MITSUBISHI,573085,115/22,25,1997.0,2020-02-14,2020-05-10,6317,45758,1443.0,146.0,5.0,23.0,0.0,2.0,20.0,0.0,9.0,205.0,52,32,research
LKB,KT1A,LKBKT1A,MITSUBISHI,573085,115/22,25,1997.0,2020-07-03,2020-08-22,4195,49255,1776.0,89.0,18.0,18.0,0.0,0.0,16.0,0.0,16.0,157.0,57,24,
LKB,KT1A,LKBKT1A,MITSUBISHI,573085,115/22,25,1997.0,2021-06-26,2021-10-05,6099,25130,1941.0,102.0,13.0,13.0,0.0,0.0,33.0,0.0,0.0,161.0,53,17,
LKB,KT1A,LKBKT1A,MITSUBISHI,573085,115/22,25,1997.0,2022-06-03,2022-06-18,13492,55850,2554.0,172.0,20.0,6.0,0.0,3.0,33.0,2.0,6.0,242.0,56,18,
LKB,KT1A,LKBKT1A,MITSUBISHI,573085,115/22,25,1997.0,2023-07-28,2023-08-07,18169,44864,2571.0,230.0,15.0,15.0,0.0,2.0,37.0,3.0,18.0,320.0,64,18,
LKB,KT2A,LKBKT2A,MITSUBISHI,573090,115/22,25,1998.0,2019-06-28,2019-08-18,5102,30005,1627.0,132.0,9.0,21.0,0.0,0.0,31.0,0.0,7.0,200.0,55,24,-
LKB,KT2A,LKBKT2A,MITSUBISHI,573090,115/22,25,1998.0,2020-07-03,2020-08-22,7895,46766,1170.0,94.0,12.0,27.0,0.0,0.0,17.0,0.0,3.0,153.0,34,26,
LKB,KT2A,LKBKT2A,MITSUBISHI,573090,115/22,25,1998.0,2021-06-26,2021-10-05,10463,41044,1093.0,65.0,6.0,16.0,0.0,0.0,25.0,0.0,0.0,112.0,,18,
LKB,KT2A,LKBKT2A,MITSUBISHI,573090,115/22,25,1998.0,2022-06-03,2022-06-18,4363,53394,1366.0,276.0,10.0,69.0,0.0,22.0,43.0,148.0,31.0,599.0,37,18,
LKB,KT2A,LKBKT2A,MITSUBISHI,573090,115/22,25,1998.0,2023-07-28,2023-08-06,4980,43270,1388.0,261.0,8.0,62.0,0.0,22.0,41.0,6.0,28.0,428.0,36,14,
LN1,KT1A,LN1KT1A,MEIDEN,8T9668T4,115/22,50,2011.0,2020-03-17,2020-05-16,29516,76368,2832.0,828.0,13.0,3.0,0.0,0.0,3.0,0.0,2.0,849.0,54,35,
LN1,KT1A,LN1KT1A,MEIDEN,8T9668T4,115/22,50,2011.0,2021-04-10,2021-10-09,19489,57791,2646.0,836.0,6.0,0.0,0.0,0.0,31.0,0.0,0.0,873.0,,32,
LN1,KT1A,LN1KT1A,MEIDEN,8T9668T4,115/22,50,2011.0,2022-06-12,2022-06-20,22548,61539,1779.0,315.0,3.0,15.0,0.0,20.0,2.0,0.0,2.0,357.0,,14,
LN1,KT1A,LN1KT1A,MEIDEN,8T9668T4,115/22,50,2011.0,2023-04-03,2023-06-04,7352,63223,1959.0,676.0,2.0,7.0,0.0,9.0,4.0,3.0,2.0,703.0,65,11,
LN1,KT1A,LN1KT1A,MEIDEN,8T9668T4,115/22,50,2011.0,2024-02-02,2024-05-26,6423,38458,2493.0,854.0,4.0,11.0,0.0,11.0,9.0,0.0,0.0,889.0,,19,ก่อน OVERHUAL
LN2,KT1A,LN2KT1A,MEIDEN,8R8397T1,115/22,50,,2020-03-17,2020-05-17,5665,60459,4412.0,353.0,3.0,147.0,0.0,3.0,465.0,0.0,280.0,1251.0,67,12,
LN2,KT1A,LN2KT1A,MEIDEN,8R8397T1,115/22,50,,2021-04-10,2021-10-21,7651,64569,3461.0,331.0,7.0,272.0,0.0,2.0,519.0,0.0,313.0,1444.0,,20,
LN2,KT1A,LN2KT1A,MEIDEN,8R8397T1,115/22,50,,2022-06-12,2022-06-20,15526,48207,1652.0,154.0,2.0,20.0,0.0,8.0,68.0,0.0,66.0,318.0,90,14,
LN2,KT1A,LN2KT1A,MEIDEN,8R8397T1,115/22,50,,2023-04-03,2023-06-04,7635,37408,1009.0,95.0,2.0,10.0,0.0,4.0,44.0,3.0,39.0,197.0,63,11,
LN2,KT1A,LN2KT1A,MEIDEN,8R8397T1,115/22,50,,2024-02-08,2024-05-26,6344,37503,1360.0,125.0,3.0,29.0,0.0,5.0,72.0,0.0,61.0,295.0,,16,
LN2,KT2A,LN2KT2A,MEIDEN,8R8397T2,115/22,50,2006.0,2020-03-17,2020-05-16,6015,74038,2521.0,182.0,9.0,110.0,0.0,17.0,418.0,77.0,489.0,1302.0,58,15,
LN2,KT2A,LN2KT2A,MEIDEN,8R8397T2,115/22,50,2006.0,2021-04-10,2021-10-09,7181,62836,2260.0,186.0,6.0,81.0,0.0,11.0,357.0,0.0,278.0,919.0,,22,
LN2,KT2A,LN2KT2A,MEIDEN,8R8397T2,115/22,50,2006.0,2022-06-12,2022-06-20,12084,70613,1714.0,138.0,2.0,40.0,0.0,7.0,209.0,6.0,269.0,671.0,,14,
LN2,KT2A,LN2KT2A,MEIDEN,8R8397T2,115/22,50,2006.0,2023-04-03,2023-06-04,8282,61147,1819.0,147.0,2.0,69.0,0.0,8.0,222.0,6.0,227.0,681.0,62,12,
LN2,KT2A,LN2KT2A,MEIDEN,8R8397T2,115/22,50,2006.0,2024-02-08,2024-05-26,6134,68431,2119.0,168.0,6.0,83.0,0.0,6.0,332.0,0.0,320.0,915.0,,17,
LP1,KT1A,LP1KT1A,MIDENSHA,8T9669T3,115/22,50,2011.0,2019-05-24,2019-06-07,11758,47052,3375.0,1125.0,2.0,10.0,0.0,0.0,3.0,0.0,0.0,1140.0,60,12,-
LP1,KT1A,LP1KT1A,MIDENSHA,8T9669T3,115/22,50,2011.0,2020-05-08,2020-05-18,14773,71875,2056.0,835.0,14.0,7.0,0.0,0.0,3.0,0.0,3.0,862.0,58,7,
LP1,KT1A,LP1KT1A,MIDENSHA,8T9669T3,115/22,50,2011.0,2021-04-02,2021-05-29,16210,152660,2438.0,601.0,57.0,4.0,0.0,0.0,2.0,0.0,0.0,664.0,57,15,
LP1,KT1A,LP1KT1A,MIDENSHA,8T9669T3,115/22,50,2011.0,2022-03-07,2022-03-18,13615,61535,3114.0,909.0,6.0,0.0,0.0,0.0,13.0,0.0,10.0,938.0,52,5,
LP1,KT1A,LP1KT1A,MIDENSHA,8T9669T3,115/22,50,2011.0,2023-05-21,2023-06-07,9090,66751,3254.0,1081.0,1.0,9.0,0.0,0.0,3.0,4.0,3.0,1101.0,55,11,
LP1,KT2A,LP1KT2A,MEIDENSHA,8N5449T4,115/22,50,2012.0,2019-05-24,2019-06-08,11282,40095,4061.0,1269.0,3.0,10.0,0.0,3.0,3.0,0.0,0.0,1288.0,62,13,-
LP1,KT2A,LP1KT2A,MEIDENSHA,8N5449T4,115/22,50,2012.0,2020-05-08,2020-05-19,14708,71602,2606.0,1065.0,11.0,8.0,0.0,0.0,4.0,0.0,9.0,1097.0,60,7,
LP1,KT2A,LP1KT2A,MEIDENSHA,8N5449T4,115/22,50,2012.0,2021-04-02,2021-05-29,570,3840,107.0,33.0,2.0,0.0,0.0,0.0,0.0,0.0,0.0,35.0,58,15,
LP1,KT2A,LP1KT2A,MEIDENSHA,8N5449T4,115/22,50,2012.0,2022-03-07,2022-03-18,12076,60028,3620.0,1151.0,5.0,0.0,0.0,6.0,0.0,0.0,0.0,1162.0,52,8,
LP1,KT2A,LP1KT2A,MEIDENSHA,8N5449T4,115/22,50,2012.0,2023-05-21,2023-06-07,11600,70630,3366.0,1064.0,3.0,8.0,0.0,4.0,3.0,0.0,0.0,1082.0,54,9,
LP2,KT1A,LP2KT1A,FUJI,AN69003T4-2,115/22,25,1998.0,2019-05-20,2019-06-07,4111,38190,4800.0,91.0,4.0,66.0,0.0,3.0,164.0,0.0,104.0,432.0,60,20,-
LP2,KT1A,LP2KT1A,FUJI,AN69003T4-2,115/22,25,1998.0,2020-05-08,2020-05-22,23492,62861,1821.0,32.0,5.0,39.0,0.0,0.0,156.0,0.0,120.0,352.0,58,13,
LP2,KT1A,LP2KT1A,FUJI,AN69003T4-2,115/22,25,1998.0,2021-04-02,2021-05-29,4910,47550,3611.0,52.0,42.0,40.0,0.0,0.0,111.0,44.0,77.0,366.0,67,19,
LP2,KT1A,LP2KT1A,FUJI,AN69003T4-2,115/22,25,1998.0,2022-03-07,2022-03-18,3724,32529,4787.0,97.0,7.0,0.0,0.0,5.0,220.0,0.0,55.0,384.0,52,11,
LP2,KT1A,LP2KT1A,FUJI,AN69003T4-2,115/22,25,1998.0,2023-05-21,2023-06-07,4280,43320,4120.0,77.0,2.0,71.0,0.0,0.0,199.0,6.0,108.0,463.0,60,16,
LP2,KT2A,LP2KT2A,OSAKA,5BA159011,115/22,25,1990.0,2019-04-24,2019-06-07,3291,45202,2986.0,389.0,9.0,89.0,0.0,12.0,239.0,0.0,238.0,976.0,60,21,-
LP2,KT2A,LP2KT2A,OSAKA,5BA159011,115/22,25,1990.0,2020-02-11,2020-05-10,10523,53214,1560.0,216.0,7.0,42.0,0.0,9.0,167.0,0.0,196.0,637.0,46,41,research
LP2,KT2A,LP2KT2A,OSAKA,5BA159011,115/22,25,1990.0,2020-05-08,2020-05-18,4159,39724,750.0,174.0,8.0,9.0,0.0,1.0,53.0,0.0,106.0,351.0,50,18,
LP2,KT2A,LP2KT2A,OSAKA,5BA159011,115/22,25,1990.0,2021-04-02,2021-05-29,3370,162150,1129.0,169.0,76.0,35.0,0.0,1.0,29.0,10.0,58.0,378.0,54,17,
LP2,KT2A,LP2KT2A,OSAKA,5BA159011,115/22,25,1990.0,2021-12-07,2021-12-13,3434,68612,1912.0,451.0,33.0,68.0,0.0,6.0,48.0,0.0,79.0,685.0,,18,repeat
LP2,KT2A,LP2KT2A,OSAKA,5BA159011,115/22,25,1990.0,2022-03-07,2022-03-18,7043,56656,1581.0,345.0,13.0,0.0,0.0,5.0,52.0,0.0,36.0,451.0,42,12,
LP2,KT2A,LP2KT2A,OSAKA,5BA159011,115/22,25,1990.0,2023-05-21,2023-06-07,3940,68500,1803.0,363.0,15.0,61.0,0.0,3.0,49.0,16.0,87.0,594.0,50,20,
LP2,KT2A,LP2KT2A,OSAKA,5BA159011,115/22,25,1990.0,2023-11-27,2023-12-24,4441,48222,1592.0,311.0,28.0,14.0,0.0,5.0,42.0,12.0,52.0,464.0,45,17,
LP2,KT3A,LP2KT3A,MEIDENSHA,1G9579T1,115/22,15/20/25,1995.0,2023-04-28,2023-05-07,11547,41014,875.0,65.0,2.0,4.0,0.0,3.0,5.0,2.0,2.0,83.0,40,12,ทดสอบหลังการย้ายหม้อแปลง (ก่อนทำการ Overhaul โดย กม-ส.)
LPR,KT1A,LPRKT1A,MITSUBISHI,7412507701,230/69/11,200,1988.0,2019-05-06,2019-05-25,6718,27652,3334.0,185.0,61.0,12.0,0.0,3.0,8.0,3.0,3.0,275.0,53,17,-
LPR,KT1A,LPRKT1A,MITSUBISHI,7412507701,230/69/11,200,1988.0,2019-11-13,2019-12-13,6729,23006,1347.0,55.0,23.0,8.0,0.0,0.0,0.0,0.0,0.0,86.0,50,13,-
LPR,KT1A,LPRKT1A,MITSUBISHI,7412507701,230/69/11,200,1988.0,2020-11-09,2020-11-22,6079,25846,1466.0,89.0,23.0,0.0,0.0,1.0,2.0,4.0,2.0,121.0,47,21,
LPR,KT1A,LPRKT1A,MITSUBISHI,7412507701,230/69/11,200,1988.0,2021-06-12,2021-08-16,11541,28904,1162.0,59.0,27.0,0.0,0.0,40.0,20.0,0.0,0.0,146.0,57,15,
LPR,KT1A,LPRKT1A,MITSUBISHI,7412507701,230/69/11,200,1988.0,2021-11-07,2021-11-18,5410,20540,2011.0,86.0,31.0,7.0,0.0,0.0,2.0,5.0,2.0,133.0,50,,
LPR,KT1A,LPRKT1A,MITSUBISHI,7412507701,230/69/11,200,1988.0,2022-05-27,2022-06-03,5001,29166,1858.0,49.0,46.0,7.0,0.0,0.0,2.0,4.0,3.0,111.0,61,17,
LPR,KT1A,LPRKT1A,MITSUBISHI,7412507701,230/69/11,200,1988.0,2022-11-17,2022-12-02,6745,24012,1886.0,94.0,41.0,8.0,0.0,4.0,4.0,4.0,4.0,159.0,50,16,
LPR,KT1A,LPRKT1A,MITSUBISHI,7412507701,230/69/11,200,1988.0,2023-01-04,2023-01-05,2040,18198,1782.0,84.0,45.0,7.0,0.0,4.0,3.0,0.0,0.0,143.0,,7,Tx. Trip differential relay.
LPR,KT1A,LPRKT1A,MITSUBISHI,7412507701,230/69/11,200,1988.0,2023-05-18,2023-05-22,2860,24360,1921.0,96.0,53.0,8.0,0.0,2.0,3.0,15.0,3.0,180.0,49,24,
LPR,KT1A,LPRKT1A,MITSUBISHI,7412507701,230/69/11,200,1988.0,2023-08-11,2023-08-11,5569,29345,2216.0,146.0,85.0,5.0,0.0,5.0,3.0,6.0,3.0,253.0,54,14,มี Fault ที่ MEA ระยะทางไม่เกิน 1 กม.
LPR,KT1A,LPRKT1A,MITSUBISHI,7412507701,230/69/11,200,1988.0,2023-11-19,2023-12-23,6797,28094,2932.0,161.0,48.0,12.0,0.0,8.0,6.0,0.0,0.0,235.0,46,17,
LPR,KT2A,LPRKT2A,TRAFO UNION,S251401,220/69,200,1994.0,2019-05-06,2019-05-25,7007,32989,3597.0,642.0,48.0,17.0,0.0,4.0,9.0,10.0,19.0,749.0,75,14,-
LPR,KT2A,LPRKT2A,TRAFO UNION,S251401,220/69,200,1994.0,2019-09-23,2019-09-27,10785,42210,1720.0,208.0,18.0,7.0,0.0,0.0,6.0,0.0,20.0,259.0,63,-,Tx.tripมีน้ำมันรั่วซึมที่Bushing 11kVV
LPR,KT2A,LPRKT2A,TRAFO UNION,S251401,220/69,200,1994.0,2019-11-13,2019-12-14,17962,72472,2572.0,279.0,21.0,5.0,0.0,2.0,7.0,10.0,18.0,342.0,65,14,-
LPR,KT2A,LPRKT2A,TRAFO UNION,S251401,220/69,200,1994.0,2020-11-09,2020-11-22,12220,180870,1576.0,176.0,31.0,5.0,0.0,0.0,7.0,50.0,18.0,287.0,62,14,
LPR,KT2A,LPRKT2A,TRAFO UNION,S251401,220/69,200,1994.0,2021-06-12,2021-08-16,17989,63365,2583.0,375.0,28.0,0.0,0.0,9.0,15.0,0.0,0.0,427.0,60,15,
LPR,KT2A,LPRKT2A,TRAFO UNION,S251401,220/69,200,1994.0,2021-11-07,2021-11-18,4270,63090,5593.0,499.0,31.0,5.0,0.0,0.0,9.0,19.0,21.0,584.0,60,,
LPR,KT2A,LPRKT2A,TRAFO UNION,S251401,220/69,200,1994.0,2022-05-27,2022-06-03,16084,66354,3795.0,319.0,32.0,4.0,0.0,1.0,7.0,14.0,15.0,392.0,68,19,
LPR,KT2A,LPRKT2A,TRAFO UNION,S251401,220/69,200,1994.0,2022-11-17,2022-11-28,15790,62870,3485.0,335.0,34.0,5.0,0.0,0.0,8.0,3.0,16.0,401.0,62,16,
LPR,KT2A,LPRKT2A,TRAFO UNION,S251401,220/69,200,1994.0,2023-05-18,2023-05-22,9820,52890,3670.0,386.0,24.0,10.0,0.0,1.0,5.0,0.0,14.0,440.0,60,7,
LPR,KT2A,LPRKT2A,TRAFO UNION,S251401,220/69,200,1994.0,2023-08-11,2023-08-11,13307,78853,4118.0,462.0,43.0,4.0,0.0,3.0,9.0,0.0,16.0,537.0,60,10,มี Fault ที่ MEA ระยะทางไม่เกิน 1 กม.
LPR,KT2A,LPRKT2A,TRAFO UNION,S251401,220/69,200,1994.0,2023-11-19,2023-12-23,8283,77184,5919.0,654.0,60.0,17.0,0.0,11.0,14.0,14.0,30.0,800.0,60,14,
LPR,KT3A,LPRKT3A,TOSHIBA,91900007,220/69/22,200,2005.0,2019-05-06,2019-05-25,7638,33720,2729.0,67.0,49.0,46.0,0.0,11.0,77.0,0.0,54.0,304.0,75,20,-
LPR,KT3A,LPRKT3A,TOSHIBA,91900007,220/69/22,200,2005.0,2019-11-13,2019-12-13,6249,24078,2948.0,67.0,59.0,50.0,0.0,3.0,97.0,0.0,78.0,354.0,40,7,-
LPR,KT3A,LPRKT3A,TOSHIBA,91900007,220/69/22,200,2005.0,2020-07-20,2020-07-20,3244,17896,2717.0,69.0,65.0,52.0,0.0,13.0,101.0,0.0,80.0,380.0,44,10,Tx.Diff Operation
LPR,KT3A,LPRKT3A,TOSHIBA,91900007,220/69/22,200,2005.0,2020-11-09,2020-11-22,5480,35280,1480.0,34.0,51.0,48.0,0.0,5.0,94.0,17.0,83.0,332.0,56,10,
LPR,KT3A,LPRKT3A,TOSHIBA,91900007,220/69/22,200,2005.0,2021-06-12,2021-08-16,6433,23275,2084.0,68.0,53.0,48.0,0.0,58.0,121.0,0.0,15.0,363.0,54,14,
LPR,KT3A,LPRKT3A,TOSHIBA,91900007,220/69/22,200,2005.0,2021-11-07,2021-11-18,3520,21680,3578.0,85.0,49.0,55.0,0.0,4.0,112.0,19.0,98.0,422.0,50,,
LPR,KT3A,LPRKT3A,TOSHIBA,91900007,220/69/22,200,2005.0,2022-05-27,2022-06-03,3465,29888,3085.0,63.0,73.0,52.0,0.0,4.0,106.0,17.0,88.0,403.0,59,10,
LPR,KT3A,LPRKT3A,TOSHIBA,91900007,220/69/22,200,2005.0,2022-11-17,2022-12-02,9114,26319,2980.0,75.0,40.0,61.0,0.0,11.0,116.0,51.0,69.0,423.0,65,11,
LPR,KT3A,LPRKT3A,TOSHIBA,91900007,220/69/22,200,2005.0,2023-05-18,2023-05-22,2070,26520,3281.0,86.0,65.0,67.0,0.0,41.0,118.0,18.0,94.0,489.0,57,13,
LPR,KT3A,LPRKT3A,TOSHIBA,91900007,220/69/22,200,2005.0,2023-11-19,2023-12-23,7282,32004,3619.0,99.0,63.0,72.0,0.0,16.0,158.0,18.0,93.0,519.0,55,13,
LPR,KT3A,LPRKT3A,TOSHIBA,91900007,220/69/22,200,2005.0,2024-03-06,2024-03-08,31030,35720,3763.0,137.0,21.0,73.0,0.0,10.0,174.0,36.0,149.0,600.0,50,10,"Differential ทำงาน phase B,C Ground"
LPR,KT4A,LPRKT4A,TAKAOKA,8946787,230/69/11,200,2003.0,2019-05-06,2019-05-25,5613,41524,4389.0,174.0,60.0,113.0,0.0,112.0,64.0,59.0,22.0,604.0,80,22,-
LPR,KT4A,LPRKT4A,TAKAOKA,8946787,230/69/11,200,2003.0,2019-10-10,2019-10-10,3446,20865,4089.0,144.0,66.0,95.0,0.0,96.0,67.0,36.0,23.0,527.0,54,8,หม้อแปลง Trip เนื่องจาก Tx. Diff ทำงาน Lock Out Operate
LPR,KT4A,LPRKT4A,TAKAOKA,8946787,230/69/11,200,2003.0,2019-11-13,2019-12-14,12510,41685,2633.0,93.0,42.0,67.0,0.0,103.0,56.0,64.0,33.0,458.0,53,14,-
LPR,KT4A,LPRKT4A,TAKAOKA,8946787,230/69/11,200,2003.0,2020-11-09,2020-11-22,8210,41430,1169.0,40.0,32.0,44.0,0.0,84.0,36.0,47.0,28.0,311.0,53,13,
LPR,KT4A,LPRKT4A,TAKAOKA,8946787,230/69/11,200,2003.0,2021-06-12,2021-08-16,9770,29711,2052.0,94.0,30.0,49.0,0.0,67.0,50.0,0.0,0.0,290.0,52,15,
LPR,KT4A,LPRKT4A,TAKAOKA,8946787,230/69/11,200,2003.0,2021-11-07,2021-11-18,4460,23440,3264.0,105.0,31.0,51.0,0.0,106.0,43.0,52.0,38.0,426.0,49,,
LPR,KT4A,LPRKT4A,TAKAOKA,8946787,230/69/11,200,2003.0,2022-05-27,2022-06-03,4411,35285,3093.0,86.0,47.0,50.0,0.0,87.0,43.0,47.0,29.0,389.0,59,13,
LPR,KT4A,LPRKT4A,TAKAOKA,8946787,230/69/11,200,2003.0,2022-11-17,2022-11-28,5940,30980,2879.0,79.0,24.0,45.0,0.0,64.0,43.0,51.0,25.0,331.0,61,13,
LPR,KT4A,LPRKT4A,TAKAOKA,8946787,230/69/11,200,2003.0,2023-05-18,2023-05-22,2550,35510,3019.0,84.0,52.0,75.0,0.0,99.0,55.0,85.0,33.0,483.0,55,9,
LPR,KT4A,LPRKT4A,TAKAOKA,8946787,230/69/11,200,2003.0,2023-11-19,2023-12-23,6950,36052,3976.0,114.0,64.0,155.0,0.0,124.0,93.0,63.0,32.0,645.0,51,12,
LR,KT1A,LRKT1A,VOLTA WERKE,60548002,115/33/11,32,1994.0,2019-04-04,2019-08-26,9587,41391,1557.0,104.0,16.0,80.0,0.0,0.0,167.0,0.0,82.0,449.0,54,26,-
LR,KT1A,LRKT1A,VOLTA WERKE,60548002,115/33/11,32,1994.0,2019-09-28,2019-11-22,9330,48060,0.0,0.0,23.0,89.0,0.0,0.0,223.0,0.0,147.0,482.0,52,24,-
LR,KT1A,LRKT1A,VOLTA WERKE,60548002,115/33/11,32,1994.0,2020-09-18,2020-11-15,8865,41590,1639.0,90.0,22.0,99.0,0.0,6.0,226.0,143.0,0.0,586.0,49,10,
LR,KT1A,LRKT1A,VOLTA WERKE,60548002,115/33/11,32,1994.0,2021-09-13,2021-11-16,6830,42720,2351.0,81.0,12.0,84.0,0.0,1.0,202.0,17.0,154.0,551.0,50,17,
LR,KT1A,LRKT1A,VOLTA WERKE,60548002,115/33/11,32,1994.0,2022-09-15,2022-10-08,4052,60101,2586.0,148.0,4.0,105.0,0.0,5.0,274.0,8.0,140.0,684.0,54,13,
LR,KT1A,LRKT1A,VOLTA WERKE,60548002,115/33/11,32,1994.0,2023-10-02,2023-11-18,13190,32370,2712.0,144.0,5.0,65.0,0.0,4.0,179.0,9.0,149.0,555.0,60,14,
LR,KT2A,LRKT2A,OSAKA,5A1594001,115/33,25,1992.0,2019-04-01,2019-06-30,8308,35086,3287.0,342.0,141.0,83.0,0.0,19.0,270.0,12.0,171.0,1038.0,60,34,-
LR,KT2A,LRKT2A,OSAKA,5A1594001,115/33,25,1992.0,2019-09-28,2019-11-22,9540,70060,0.0,0.0,79.0,67.0,0.0,25.0,280.0,106.0,288.0,845.0,53,6,-
LR,KT2A,LRKT2A,OSAKA,5A1594001,115/33,25,1992.0,2020-09-18,2020-11-15,8590,231570,1142.0,86.0,22.0,32.0,0.0,4.0,120.0,56.0,126.0,446.0,54,24,
LR,KT2A,LRKT2A,OSAKA,5A1594001,115/33,25,1992.0,2021-09-13,2021-11-16,5390,70035,4182.0,462.0,44.0,80.0,0.0,21.0,269.0,44.0,147.0,1067.0,54,20,
LR,KT2A,LRKT2A,OSAKA,5A1594001,115/33,25,1992.0,2022-09-15,2022-10-08,4310,76822,4642.0,499.0,40.0,63.0,0.0,17.0,245.0,68.0,231.0,1163.0,54,29,
LR,KT2A,LRKT2A,OSAKA,5A1594001,115/33,25,1992.0,2023-10-02,2023-11-18,9390,47300,6445.0,322.0,41.0,55.0,0.0,19.0,164.0,67.0,266.0,934.0,52,27,
LR,KT2A,LRKT2A,OSAKA,5A1594001,115/33,25,1992.0,2024-03-12,2024-04-09,10070,52620,5664.0,545.0,32.0,122.0,0.0,114.0,330.0,323.0,445.0,1911.0,65,31,
LR,KT3A,LRKT3A,MITSUBISHI,566415,115/33,25,1991.0,2019-04-04,2019-06-23,13318,40923,2324.0,148.0,18.0,39.0,0.0,12.0,51.0,54.0,17.0,339.0,54,27,-
LR,KT3A,LRKT3A,MITSUBISHI,566415,115/33,25,1991.0,2019-09-29,2019-11-23,11444,84370,2695.0,275.0,23.0,42.0,0.0,5.0,0.0,12.0,35.0,392.0,52,29,-
LR,KT3A,LRKT3A,MITSUBISHI,566415,115/33,25,1991.0,2020-09-18,2020-11-15,10550,202740,850.0,66.0,40.0,14.0,0.0,1.0,25.0,6.0,18.0,170.0,49,25,
LR,KT3A,LRKT3A,MITSUBISHI,566415,115/33,25,1991.0,2021-09-13,2021-11-16,11803,40155,1354.0,363.0,9.0,0.0,0.0,0.0,10.0,0.0,0.0,382.0,53,30,
LR,KT3A,LRKT3A,MITSUBISHI,566415,115/33,25,1991.0,2022-09-15,2022-10-08,12920,73909,1987.0,354.0,4.0,30.0,0.0,5.0,52.0,9.0,33.0,487.0,55,26,
LR,KT3A,LRKT3A,MITSUBISHI,566415,115/33,25,1991.0,2023-10-02,2023-11-18,12560,43470,5024.0,229.0,7.0,26.0,0.0,6.0,41.0,17.0,39.0,365.0,52,25,
LS,KT1A,LSKT1A,TAKAOKA,8144950,230/115/22,100,1996.0,2019-09-14,2019-09-21,10394,40095,2340.0,201.0,20.0,0.0,0.0,0.0,0.0,0.0,0.0,0.0,-,-,-
LS,KT1A,LSKT1A,TAKAOKA,8144950,230/115/22,100,1996.0,2020-01-17,2020-01-27,12384,39431,2193.0,159.0,2.0,24.0,0.0,0.0,9.0,0.0,4.0,198.0,46,13,
LS,KT1A,LSKT1A,TAKAOKA,8144950,230/115/22,100,1996.0,2020-08-08,2020-08-30,7875,37362,2324.0,114.0,29.0,23.0,0.0,0.0,7.0,6.0,4.0,183.0,55,19,
LS,KT1A,LSKT1A,TAKAOKA,8144950,230/115/22,100,1996.0,2021-05-28,2021-08-06,17747,44613,2083.0,165.0,20.0,16.0,0.0,15.0,11.0,0.0,0.0,227.0,52,31,
LS,KT1A,LSKT1A,TAKAOKA,8144950,230/115/22,100,1996.0,2021-10-16,2021-11-17,7181,34782,2812.0,270.0,53.0,28.0,0.0,12.0,10.0,9.0,4.0,386.0,54,18,
LS,KT1A,LSKT1A,TAKAOKA,8144950,230/115/22,100,1996.0,2022-03-06,2022-03-19,8331,26658,3402.0,256.0,22.0,16.0,0.0,15.0,15.0,9.0,9.0,342.0,44,17,
LS,KT1A,LSKT1A,TAKAOKA,8144950,230/115/22,100,1996.0,2022-11-19,2022-12-11,8451,38367,3186.0,216.0,31.0,29.0,0.0,15.0,10.0,10.0,5.0,316.0,50,10,สี1.5
LS,KT1A,LSKT1A,TAKAOKA,8144950,230/115/22,100,1996.0,2023-08-18,2023-08-28,9035,38122,2081.0,214.0,20.0,32.0,0.0,26.0,18.0,10.0,8.0,328.0,51,15,
LS,KT1A,LSKT1A,TAKAOKA,8144950,230/115/22,100,1996.0,2023-12-15,2024-01-28,6869,29986,2476.0,179.0,39.0,15.0,0.0,11.0,12.0,7.0,6.0,269.0,47,16,
LS,KT2A,LSKT2A,MITSUBISHI,574418,115/22,25,2000.0,2019-09-14,2019-09-21,11912,44532,2602.0,119.0,9.0,34.0,0.0,0.0,115.0,0.0,71.0,348.0,49,11,-
LS,KT2A,LSKT2A,MITSUBISHI,574418,115/22,25,2000.0,2020-02-24,2020-05-09,6552,44809,2247.0,103.0,9.0,53.0,0.0,3.0,148.0,0.0,69.0,385.0,60,15,research
LS,KT2A,LSKT2A,MITSUBISHI,574418,115/22,25,2000.0,2020-12-26,2021-01-11,9955,46868,2495.0,94.0,16.0,28.0,0.0,0.0,98.0,9.0,67.0,279.0,,16,
LS,KT2A,LSKT2A,MITSUBISHI,574418,115/22,25,2000.0,2021-10-16,2021-11-17,6203,40401,2551.0,98.0,26.0,12.0,0.0,2.0,161.0,0.0,74.0,373.0,56,15,
LS,KT2A,LSKT2A,MITSUBISHI,574418,115/22,25,2000.0,2022-11-19,2022-12-11,9429,52896,2615.0,105.0,4.0,48.0,0.0,3.0,153.0,0.0,80.0,393.0,51,21,สี 2
LS,KT2A,LSKT2A,MITSUBISHI,574418,115/22,25,2000.0,2023-12-15,2024-01-28,9452,44425,2346.0,89.0,32.0,54.0,0.0,4.0,227.0,6.0,91.0,503.0,57,13,
LS,KT3A,LSKT3A,MITSUBISHI,573089,115/22,25,1998.0,2019-09-14,2019-09-21,6502,41957,2967.0,124.0,10.0,27.0,0.0,0.0,51.0,0.0,40.0,252.0,47,15,-
LS,KT3A,LSKT3A,MITSUBISHI,573089,115/22,25,1998.0,2020-02-25,2020-05-10,4263,44779,2292.0,113.0,17.0,52.0,0.0,3.0,94.0,0.0,40.0,319.0,68,24,research
LS,KT3A,LSKT3A,MITSUBISHI,573089,115/22,25,1998.0,2020-12-26,2021-01-11,10041,50936,2759.0,103.0,25.0,27.0,0.0,0.0,79.0,0.0,54.0,288.0,45,15,
LS,KT3A,LSKT3A,MITSUBISHI,573089,115/22,25,1998.0,2021-10-16,2021-11-18,6174,24826,2389.0,47.0,9.0,30.0,0.0,0.0,95.0,10.0,71.0,262.0,54,15,
LS,KT3A,LSKT3A,MITSUBISHI,573089,115/22,25,1998.0,2021-12-04,2021-12-11,4427,35643,1906.0,775.0,38.0,64.0,0.0,3.0,109.0,0.0,54.0,1043.0,48,17,
LS,KT3A,LSKT3A,MITSUBISHI,573089,115/22,25,1998.0,2021-12-16,2021-12-20,2915,26778,2805.0,61.0,19.0,36.0,0.0,0.0,109.0,10.0,76.0,311.0,50,13,repeat
LS,KT3A,LSKT3A,MITSUBISHI,573089,115/22,25,1998.0,2022-11-19,2022-12-11,4095,31679,1680.0,78.0,19.0,48.0,0.0,6.0,126.0,9.0,57.0,343.0,52,19,สี 2.5
LS,KT3A,LSKT3A,MITSUBISHI,573089,115/22,25,1998.0,2023-12-15,2024-01-28,4804,18547,1166.0,42.0,49.0,23.0,0.0,2.0,75.0,3.0,45.0,239.0,55,19,
LS,KT4A,LSKT4A,TAKAOKA,8345590,230/115/22,100,1998.0,2020-01-17,2020-01-27,10513,49931,948.0,90.0,37.0,22.0,0.0,0.0,43.0,0.0,31.0,223.0,47,5,
LS,KT4A,LSKT4A,TAKAOKA,8345590,230/115/22,100,1998.0,2020-08-08,2020-08-30,7276,50721,907.0,71.0,34.0,21.0,0.0,0.0,39.0,4.0,24.0,193.0,54,19,
LS,KT4A,LSKT4A,TAKAOKA,8345590,230/115/22,100,1998.0,2021-05-28,2021-08-07,18339,49092,1202.0,80.0,10.0,12.0,0.0,0.0,3.0,5.0,1.0,211.0,52,9,
LS,KT4A,LSKT4A,TAKAOKA,8345590,230/115/22,100,1998.0,2021-10-16,2021-11-17,6271,30218,1325.0,83.0,3.0,18.0,0.0,0.0,38.0,4.0,27.0,173.0,55,9,
LS,KT4A,LSKT4A,TAKAOKA,8345590,230/115/22,100,1998.0,2022-03-06,2022-03-19,7078,32834,1266.0,132.0,5.0,15.0,0.0,2.0,52.0,0.0,25.0,231.0,47,11,
LS,KT4A,LSKT4A,TAKAOKA,8345590,230/115/22,100,1998.0,2022-11-19,2022-12-11,9593,49538,1256.0,101.0,4.0,21.0,0.0,1.0,48.0,0.0,26.0,201.0,50,14,สี1.5
LS,KT4A,LSKT4A,TAKAOKA,8345590,230/115/22,100,1998.0,2023-02-14,2024-01-28,11335,45487,1256.0,128.0,26.0,19.0,0.0,1.0,57.0,4.0,33.0,268.0,49,13,
LS,KT4A,LSKT4A,TAKAOKA,8345590,230/115/22,100,1998.0,2023-08-18,2023-08-28,6965,42492,1684.0,115.0,8.0,27.0,0.0,4.0,55.0,5.0,34.0,248.0,52,11,
LSN,KT1A,LSNKT1A,ABB,57024,115/22,50,2011.0,2019-11-21,2019-12-26,27330,95190,1865.0,561.0,19.0,3.0,0.0,0.0,0.0,0.0,0.0,583.0,40,18,-
LSN,KT1A,LSNKT1A,ABB,57024,115/22,50,2011.0,2020-11-08,2020-11-27,17546,72003,1460.0,367.0,29.0,2.0,0.0,1.0,1.0,1.0,1.0,402.0,40,13,
LSN,KT1A,LSNKT1A,ABB,57024,115/22,50,2011.0,2021-11-02,2021-11-22,14960,55120,2843.0,590.0,3.0,2.0,0.0,0.0,0.0,1.0,1.0,597.0,44,7,
LSN,KT1A,LSNKT1A,ABB,57024,115/22,50,2011.0,2022-11-27,2023-01-12,19470,63430,2292.0,583.0,4.0,2.0,0.0,0.0,0.0,5.0,1.0,595.0,56,11,
LSN,KT1A,LSNKT1A,ABB,57024,115/22,50,2011.0,2023-04-29,2023-05-19,20871,64042,1831.0,563.0,3.0,3.0,0.0,2.0,1.0,4.0,0.0,576.0,45,8,
LSN,KT1A,LSNKT1A,ABB,57024,115/22,50,2011.0,2023-11-23,2024-01-27,22169,71759,2125.0,616.0,6.0,3.0,0.0,6.0,1.0,1.0,2.0,635.0,40,22,
LSN,KT2A,LSNKT2A,ABB,57029,115/22,50,2011.0,2019-11-21,2019-12-22,24340,37000,1496.0,396.0,17.0,2.0,0.0,0.0,0.0,0.0,0.0,415.0,40,18,-
LSN,KT2A,LSNKT2A,ABB,57029,115/22,50,2011.0,2020-11-08,2020-11-27,18889,34205,1844.0,408.0,22.0,4.0,0.0,0.0,8.0,0.0,1.0,443.0,42,16,
LSN,KT2A,LSNKT2A,ABB,57029,115/22,50,2011.0,2021-11-02,2021-11-22,25852,55180,1706.0,490.0,7.0,0.0,0.0,0.0,11.0,0.0,0.0,508.0,46,14,
LSN,KT2A,LSNKT2A,ABB,57029,115/22,50,2011.0,2022-11-27,2023-01-12,27476,56008,2086.0,473.0,10.0,4.0,0.0,4.0,0.0,0.0,0.0,491.0,56,8,
LSN,KT2A,LSNKT2A,ABB,57029,115/22,50,2011.0,2023-11-23,2024-01-27,27710,68992,2874.0,687.0,7.0,7.0,0.0,7.0,1.0,1.0,1.0,711.0,43,14,
LSN,KT3A,LSNKT3A,DAIHEN,5BK013001,230/115/22,200,2006.0,2019-03-11,2019-03-18,8053,47001,3032.0,135.0,52.0,69.0,0.0,0.0,124.0,0.0,43.0,423.0,59,14,-
LSN,KT3A,LSNKT3A,DAIHEN,5BK013001,230/115/22,200,2006.0,2019-09-22,2019-09-27,9105,41008,3271.0,161.0,32.0,75.0,0.0,6.0,152.0,0.0,38.0,464.0,71,10,-
LSN,KT3A,LSNKT3A,DAIHEN,5BK013001,230/115/22,200,2006.0,2019-10-27,2019-11-11,30796,60144,2384.0,59.0,9.0,35.0,0.0,6.0,95.0,0.0,64.0,268.0,,19,ทดสอบหลังปลดออกจากระบบ ก่อนนำไปใช้งานที่ สฟ.หลังสวน
LSN,KT3A,LSNKT3A,DAIHEN,5BK013001,230/115/22,200,2006.0,2019-12-06,2019-12-15,7164,18509,172.0,19.0,0.0,0.0,0.0,0.0,0.0,0.0,0.0,19.0,-,17,ย้ายมาจาก SR2-KT4A หลัง Purify
LSN,KT3A,LSNKT3A,DAIHEN,5BK013001,230/115/22,200,2006.0,2020-05-02,2020-05-31,8541,20058,885.0,67.0,4.0,13.0,0.0,0.0,7.0,3.0,3.0,97.0,66,17,
LSN,KT3A,LSNKT3A,DAIHEN,5BK013001,230/115/22,200,2006.0,2020-11-08,2020-11-27,4546,28067,968.0,74.0,16.0,14.0,0.0,1.0,10.0,3.0,4.0,122.0,62,17,
LSN,KT3A,LSNKT3A,DAIHEN,5BK013001,230/115/22,200,2006.0,2021-05-04,2021-07-24,20957,44955,1217.0,83.0,9.0,0.0,0.0,0.0,20.0,0.0,0.0,112.0,60,30,
LSN,KT3A,LSNKT3A,DAIHEN,5BK013001,230/115/22,200,2006.0,2021-11-02,2021-11-23,4250,20550,2005.0,75.0,3.0,16.0,0.0,0.0,15.0,4.0,8.0,121.0,61,12,
LSN,KT3A,LSNKT3A,DAIHEN,5BK013001,230/115/22,200,2006.0,2022-04-29,2022-05-15,3338,18528,1921.0,97.0,10.0,16.0,0.0,0.0,24.0,0.0,0.0,147.0,64,12,
LSN,KT3A,LSNKT3A,DAIHEN,5BK013001,230/115/22,200,2006.0,2022-11-27,2023-01-13,17556,44067,1515.0,93.0,2.0,19.0,0.0,2.0,22.0,1.0,11.0,150.0,56,12,
LSN,KT3A,LSNKT3A,DAIHEN,5BK013001,230/115/22,200,2006.0,2023-04-29,2023-05-18,20330,51550,1475.0,86.0,2.0,13.0,0.0,0.0,17.0,3.0,10.0,131.0,60,12,
LSN,KT3A,LSNKT3A,DAIHEN,5BK013001,230/115/22,200,2006.0,2023-11-23,2024-01-27,10682,30287,1355.0,105.0,17.0,21.0,0.0,1.0,29.0,2.0,20.0,195.0,57,21,
LSN,KT4A,LSNKT4A,TOSHIBA,91900006,230/115/22,200,2005.0,2020-05-02,2020-05-31,5125,32879,784.0,60.0,21.0,11.0,0.0,0.0,4.0,2.0,2.0,100.0,59,29,
LSN,KT4A,LSNKT4A,TOSHIBA,91900006,230/115/22,200,2005.0,2020-11-08,2020-11-27,5197,29068,826.0,64.0,20.0,10.0,0.0,1.0,6.0,4.0,4.0,109.0,56,19,
LSN,KT4A,LSNKT4A,TOSHIBA,91900006,230/115/22,200,2005.0,2021-05-04,2021-07-24,10387,23975,1041.0,70.0,13.0,0.0,0.0,0.0,11.0,0.0,0.0,94.0,52,27,
LSN,KT4A,LSNKT4A,TOSHIBA,91900006,230/115/22,200,2005.0,2021-11-02,2021-11-22,5430,18710,1601.0,56.0,4.0,12.0,0.0,0.0,9.0,5.0,7.0,93.0,54,17,
LSN,KT4A,LSNKT4A,TOSHIBA,91900006,230/115/22,200,2005.0,2022-04-29,2022-05-15,7246,20536,1440.0,81.0,12.0,10.0,0.0,1.0,13.0,0.0,0.0,117.0,55,19,
LSN,KT4A,LSNKT4A,TOSHIBA,91900006,230/115/22,200,2005.0,2022-11-27,2023-01-08,8608,23063,1326.0,97.0,10.0,14.0,0.0,1.0,14.0,6.0,4.0,146.0,50,12,
LSN,KT4A,LSNKT4A,TOSHIBA,91900006,230/115/22,200,2005.0,2023-04-29,2023-05-18,19510,47640,1275.0,84.0,2.0,10.0,0.0,0.0,9.0,5.0,8.0,118.0,56,14,
LSN,KT4A,LSNKT4A,TOSHIBA,91900006,230/115/22,200,2005.0,2023-11-23,2024-01-26,13391,35088,1444.0,103.0,15.0,16.0,0.0,1.0,17.0,3.0,11.0,166.0,52,21,
MCN,KT1A,MCNKT1A,ABB,57017,115/22,50,2011.0,2021-06-21,2021-08-30,36492,59936,644.0,30.0,4.0,0.0,0.0,0.0,0.0,0.0,0.0,34.0,,36,
MCN,KT1A,MCNKT1A,ABB,57017,115/22,50,2011.0,2022-06-18,2022-06-20,15472,62534,1045.0,305.0,9.0,2.0,0.0,17.0,3.0,7.0,2.0,345.0,,8,
MCN,KT1A,MCNKT1A,ABB,57017,115/22,50,2011.0,2022-09-16,2022-10-01,14235,75664,1270.0,450.0,2.0,6.0,0.0,14.0,13.0,6.0,5.0,496.0,,9,
MCN,KT1A,MCNKT1A,ABB,57017,115/22,50,2011.0,2023-06-01,2023-06-10,5378,67956,2295.0,685.0,18.0,16.0,0.0,15.0,4.0,4.0,2.0,744.0,,25,
MCN,KT1A,MCNKT1A,ABB,57017,115/22,50,2011.0,2024-04-29,2024-05-26,4766,36204,2557.0,781.0,16.0,5.0,0.0,15.0,11.0,0.0,0.0,828.0,40,25,
MD1,KT1A,MD1KT1A,ABB,5003,115/22,50,2006.0,2020-05-25,2020-05-30,2533,40702,1510.0,131.0,50.0,114.0,0.0,6.0,242.0,0.0,128.0,671.0,48,13,ระดับน้ำมันต่ำอยู่กว่า Curve
MD1,KT1A,MD1KT1A,ABB,5003,115/22,50,2006.0,2021-02-25,2021-05-21,16036,43907,1016.0,83.0,18.0,68.0,0.0,5.0,437.0,0.0,125.0,736.0,50,37,
MD1,KT1A,MD1KT1A,ABB,5003,115/22,50,2006.0,2022-02-03,2022-02-20,18462,49174,1531.0,136.0,39.0,71.0,0.0,2.0,292.0,4.0,143.0,687.0,33,10,
MD1,KT1A,MD1KT1A,ABB,5003,115/22,50,2006.0,2023-02-02,2023-02-13,5285,45291,1735.0,155.0,19.0,126.0,0.0,7.0,288.0,0.0,157.0,752.0,39,9,
MD1,KT1A,MD1KT1A,ABB,5003,115/22,50,2006.0,2024-01-31,2024-03-10,9048,37164,1388.0,159.0,13.0,53.0,0.0,3.0,206.0,33.0,208.0,675.0,48,19,
MD1,KT2A,MD1KT2A,DAIHEN,EDP011905,115/22/11,50,2013.0,2020-02-26,2020-03-29,15254,61704,714.0,452.0,26.0,4.0,0.0,2.0,4.0,0.0,7.0,495.0,48,18,
MD1,KT2A,MD1KT2A,DAIHEN,EDP011905,115/22/11,50,2013.0,2021-02-25,2021-05-21,18137,63192,475.0,376.0,40.0,6.0,0.0,7.0,3.0,5.0,4.0,441.0,51,13,
MD1,KT2A,MD1KT2A,DAIHEN,EDP011905,115/22/11,50,2013.0,2022-02-03,2022-02-19,12638,62651,1046.0,475.0,34.0,2.0,0.0,2.0,3.0,0.0,4.0,520.0,35,10,
MD1,KT2A,MD1KT2A,DAIHEN,EDP011905,115/22/11,50,2013.0,2023-02-02,2023-02-12,7030,52210,1213.0,561.0,15.0,4.0,0.0,9.0,3.0,26.0,4.0,622.0,41,9,
MD1,KT2A,MD1KT2A,DAIHEN,EDP011905,115/22/11,50,2013.0,2024-01-31,2024-03-08,20033,39245,1588.0,531.0,13.0,6.0,0.0,8.0,4.0,3.0,7.0,572.0,50,10,
MD2,KT1A,MD2KT1A,VOLTA WERKE,60541-001,115/22,25,1993.0,2020-02-26,2020-03-29,8540,20347,451.0,38.0,14.0,18.0,0.0,0.0,23.0,0.0,14.0,107.0,43,8,
MD2,KT1A,MD2KT1A,VOLTA WERKE,60541-001,115/22,25,1993.0,2021-02-26,2021-05-20,21266,53777,747.0,48.0,29.0,0.0,0.0,0.0,72.0,0.0,15.0,164.0,41,18,
MD2,KT1A,MD2KT1A,VOLTA WERKE,60541-001,115/22,25,1993.0,2022-02-04,2022-02-18,7361,27693,778.0,54.0,37.0,12.0,0.0,0.0,22.0,0.0,14.0,139.0,34,16,
MD2,KT1A,MD2KT1A,VOLTA WERKE,60541-001,115/22,25,1993.0,2023-02-01,2023-02-13,3460,19430,849.0,52.0,45.0,21.0,0.0,1.0,34.0,14.0,18.0,185.0,44,6,
MD2,KT1A,MD2KT1A,VOLTA WERKE,60541-001,115/22,25,1993.0,2024-03-30,2024-04-22,9901,42377,834.0,110.0,45.0,27.0,0.0,9.0,39.0,2.0,27.0,259.0,48,15,
MK,KT1A,MKKT1A,ABB,52011,115/22,50,2007.0,2019-03-08,2019-04-26,9515,41133,1469.0,127.0,12.0,17.0,0.0,0.0,10.0,0.0,0.0,166.0,50,20,-
MK,KT1A,MKKT1A,ABB,52011,115/22,50,2007.0,2020-03-07,2020-03-28,8642,42569,1529.0,132.0,12.0,30.0,0.0,0.0,8.0,0.0,7.0,189.0,59,12,
MK,KT1A,MKKT1A,ABB,52011,115/22,50,2007.0,2021-01-09,2021-02-05,5396,51962,2439.0,107.0,15.0,33.0,0.0,0.0,7.0,0.0,4.0,166.0,45,12,
MK,KT1A,MKKT1A,ABB,52011,115/22,50,2007.0,2022-02-12,2022-03-28,8008,37407,1819.0,134.0,14.0,30.0,0.0,0.0,12.0,0.0,0.0,190.0,43,13,
MK,KT1A,MKKT1A,ABB,52011,115/22,50,2007.0,2023-02-11,2023-03-10,5094,36681,1939.0,171.0,12.0,32.0,0.0,2.0,10.0,0.0,0.0,227.0,47,20,
MK,KT1A,MKKT1A,ABB,52011,115/22,50,2007.0,2024-02-09,2024-03-19,7623,37565,1974.0,181.0,13.0,25.0,0.0,3.0,9.0,0.0,0.0,231.0,51,16,
MK,KT2A,MKKT2A,ABB,56039,115/22,50,2011.0,2019-03-08,2019-04-27,12676,43580,1695.0,562.0,7.0,0.0,0.0,4.0,0.0,0.0,0.0,573.0,43,24,-
MK,KT2A,MKKT2A,ABB,56039,115/22,50,2011.0,2020-03-07,2020-03-24,17648,66305,1762.0,584.0,46.0,3.0,0.0,6.0,0.0,0.0,0.0,639.0,50,12,
MK,KT2A,MKKT2A,ABB,56039,115/22,50,2011.0,2021-01-09,2021-02-08,12596,52147,2529.0,571.0,26.0,3.0,0.0,7.0,1.0,3.0,1.0,612.0,37,4,
MK,KT2A,MKKT2A,ABB,56039,115/22,50,2011.0,2022-02-12,2022-03-28,20663,60233,2556.0,753.0,28.0,3.0,0.0,19.0,0.0,0.0,0.0,803.0,35,14,
MK,KT2A,MKKT2A,ABB,56039,115/22,50,2011.0,2023-02-11,2023-03-09,23715,62368,2644.0,892.0,6.0,6.0,0.0,21.0,9.0,0.0,12.0,946.0,42,12,
MK,KT2A,MKKT2A,ABB,56039,115/22,50,2011.0,2024-02-09,2024-03-19,28000,51214,2005.0,766.0,4.0,7.0,0.0,20.0,1.0,11.0,1.0,810.0,47,13,
MK,KT2A,MKKT2A,ABB,56039,115/22,50,2011.0,2024-03-25,2024-03-31,17271,60250,2107.0,512.0,4.0,5.0,0.0,16.0,1.0,1.0,1.0,540.0,42,8,
MM2,KT1A,MM2KT1A,OSAKA,528569,115/11,4,2002.0,2019-05-25,2019-06-07,4160,43382,2637.0,108.0,9.0,5.0,0.0,1.0,7.0,0.0,0.0,130.0,47,18,-
MM2,KT1A,MM2KT1A,OSAKA,528569,115/11,4,2002.0,2020-05-09,2020-05-18,21102,68703,943.0,19.0,4.0,4.0,0.0,0.0,2.0,0.0,1.0,30.0,48,16,
MM2,KT1A,MM2KT1A,OSAKA,528569,115/11,4,2002.0,2021-03-07,2021-04-19,17746,65248,1610.0,22.0,25.0,5.0,0.0,0.0,2.0,0.0,2.0,56.0,45,15,
MM2,KT1A,MM2KT1A,OSAKA,528569,115/11,4,2002.0,2022-03-11,2022-03-19,4032,76590,2970.0,15.0,15.0,5.0,0.0,0.0,6.0,0.0,0.0,41.0,44,19,
MM2,KT1A,MM2KT1A,OSAKA,528569,115/11,4,2002.0,2023-03-12,2023-03-16,6955,95347,3180.0,33.0,28.0,6.0,0.0,1.0,5.0,6.0,3.0,82.0,0,15,
MM2,KT3A,MM2KT3A,EBG,136703,115/22,50,2000.0,2019-05-25,2019-05-08,4445,36060,3025.0,647.0,22.0,39.0,0.0,12.0,85.0,0.0,75.0,880.0,52,24,-
MM2,KT3A,MM2KT3A,EBG,136703,115/22,50,2000.0,2020-05-09,2020-05-22,20674,61907,884.0,96.0,8.0,21.0,0.0,2.0,72.0,0.0,96.0,295.0,53,28,
MM2,KT3A,MM2KT3A,EBG,136703,115/22,50,2000.0,2020-07-28,2020-08-23,2764,67926,2622.0,515.0,23.0,37.0,0.0,11.0,124.0,55.0,99.0,864.0,50,24,
MM2,KT3A,MM2KT3A,EBG,136703,115/22,50,2000.0,2021-03-07,2021-04-20,13803,69142,485.0,40.0,48.0,23.0,0.0,10.0,24.0,18.0,19.0,182.0,52,10,
MM2,KT3A,MM2KT3A,EBG,136703,115/22,50,2000.0,2022-03-11,2022-03-19,1508,60936,2552.0,495.0,21.0,0.0,0.0,10.0,159.0,0.0,65.0,750.0,49,15,
MM2,KT3A,MM2KT3A,EBG,136703,115/22,50,2000.0,2023-03-12,2023-03-16,6581,88536,2788.0,620.0,18.0,81.0,0.0,10.0,217.0,13.0,148.0,1107.0,49,21,
MM2,KT4A,MM2KT4A,EBG,136704,115/22,50,2000.0,2019-05-25,2019-06-07,4972,43683,2415.0,255.0,16.0,134.0,0.0,7.0,217.0,0.0,146.0,775.0,52,19,-
MM2,KT4A,MM2KT4A,EBG,136704,115/22,50,2000.0,2020-05-09,2020-05-18,5142,69643,1944.0,198.0,24.0,77.0,0.0,0.0,174.0,0.0,108.0,581.0,50,16,
MM2,KT4A,MM2KT4A,EBG,136704,115/22,50,2000.0,2021-03-07,2021-04-17,6364,64192,1039.0,78.0,30.0,73.0,0.0,1.0,162.0,10.0,156.0,510.0,50,10,
MM2,KT4A,MM2KT4A,EBG,136704,115/22,50,2000.0,2022-03-11,2022-03-20,6241,81685,2540.0,177.0,15.0,84.0,0.0,4.0,257.0,0.0,140.0,677.0,48,8,
MM2,KT4A,MM2KT4A,EBG,136704,115/22,50,2000.0,2023-03-12,2023-03-16,5776,93047,2438.0,248.0,50.0,115.0,0.0,4.0,274.0,0.0,162.0,853.0,47,8,
MM2,KT5A,MM2KT5A,SHENYANG,5P085-1,115/22,50,2006.0,2019-05-25,2019-06-07,10803,40916,2676.0,688.0,117.0,6.0,0.0,13.0,4.0,0.0,4.0,832.0,50,27,-
MM2,KT5A,MM2KT5A,SHENYANG,5P085-1,115/22,50,2006.0,2020-05-09,2020-05-19,16872,76184,2006.0,627.0,8.0,4.0,0.0,5.0,2.0,0.0,3.0,649.0,49,56,
MM2,KT5A,MM2KT5A,SHENYANG,5P085-1,115/22,50,2006.0,2020-07-28,2020-08-23,6156,55084,2687.0,183.0,12.0,0.0,0.0,16.0,0.0,0.0,0.0,211.0,44,12,
MM2,KT5A,MM2KT5A,SHENYANG,5P085-1,115/22,50,2006.0,2021-03-07,2021-04-17,5314,57627,1849.0,562.0,77.0,5.0,0.0,9.0,2.0,3.0,2.0,660.0,51,53,
MM2,KT5A,MM2KT5A,SHENYANG,5P085-1,115/22,50,2006.0,2022-03-11,2022-03-19,5880,78740,3284.0,696.0,1.0,4.0,0.0,7.0,2.0,0.0,1.0,711.0,46,28,
MM2,KT5A,MM2KT5A,SHENYANG,5P085-1,115/22,50,2006.0,2023-03-12,2023-03-16,4825,58282,3373.0,970.0,21.0,10.0,0.0,21.0,4.0,0.0,0.0,1026.0,46,47,
MM3,KT3AA,MM3KT3AA,TMT&D,05900001,500/230,333,2019.0,2020-06-20,2020-08-03,25838,64211,415.0,14.0,0.0,0.0,0.0,0.0,2.0,0.0,0.0,16.0,56,35,
MM3,KT3AA,MM3KT3AA,TMT&D,05900001,500/230,333,2019.0,2020-11-09,2020-12-07,13130,89430,26.0,10.0,32.0,2.0,0.0,3.0,1.0,2.0,1.0,51.0,54,15,
MM3,KT3AA,MM3KT3AA,TMT&D,05900001,500/230,333,2019.0,2021-03-07,2021-04-18,7678,55824,274.0,41.0,20.0,1.0,0.0,0.0,1.0,1.0,1.0,65.0,56,7,
MM3,KT3AA,MM3KT3AA,TMT&D,05900001,500/230,333,2019.0,2021-08-23,2021-08-27,7973,19373,631.0,109.0,15.0,0.0,0.0,0.0,0.0,0.0,0.0,124.0,58,8,
MM3,KT3AA,MM3KT3AA,TMT&D,05900001,500/230,333,2019.0,2021-08-31,2021-09-11,2459,10065,103.0,9.0,8.0,0.0,0.0,0.0,0.0,0.0,0.0,17.0,,9,หลังเปิดตรวจสอบภายใน
MM3,KT3AA,MM3KT3AA,TMT&D,05900001,500/230,333,2019.0,2022-03-11,2022-03-20,10944,23663,492.0,38.0,2.0,4.0,0.0,0.0,3.0,1.0,5.0,53.0,59,11,
MM3,KT3AA,MM3KT3AA,TMT&D,05900001,500/230,333,2019.0,2023-03-12,2023-03-16,10592,31422,859.0,101.0,6.0,1.0,0.0,0.0,0.0,0.0,0.0,108.0,61,12,
MM3,KT3AA,MM3KT3AA,TMT&D,05900001,500/230,333,2019.0,2023-09-10,2023-10-08,9282,23768,869.0,122.0,14.0,2.0,0.0,8.0,6.0,10.0,5.0,167.0,58,11,
MM3,KT3AA,MM3KT3AA,TMT&D,05900001,500/230,333,2019.0,2024-04-21,2024-04-28,14410,19950,1522.0,175.0,4.0,5.0,0.0,3.0,1.0,75.0,1.0,264.0,58,8,
MM3,KT3AB,MM3KT3AB,TMT&D,05900002,500/230,333,2019.0,2020-06-20,2020-08-03,18341,63171,370.0,26.0,2.0,1.0,0.0,2.0,1.0,11.0,0.0,43.0,58,27,
MM3,KT3AB,MM3KT3AB,TMT&D,05900002,500/230,333,2019.0,2020-11-09,2020-12-07,14620,106660,25.0,10.0,30.0,2.0,0.0,0.0,1.0,3.0,1.0,47.0,56,10,
MM3,KT3AB,MM3KT3AB,TMT&D,05900002,500/230,333,2019.0,2021-03-07,2021-04-18,13032,52198,280.0,33.0,18.0,1.0,0.0,0.0,1.0,0.0,0.0,53.0,56,8,
MM3,KT3AB,MM3KT3AB,TMT&D,05900002,500/230,333,2019.0,2021-08-23,2021-08-27,6545,15450,591.0,107.0,15.0,0.0,0.0,0.0,0.0,0.0,0.0,122.0,60,11,
MM3,KT3AB,MM3KT3AB,TMT&D,05900002,500/230,333,2019.0,2021-08-31,2021-09-11,4683,15998,93.0,16.0,12.0,0.0,0.0,0.0,0.0,0.0,0.0,28.0,,14,หลังเปิดตรวจสอบภายใน
MM3,KT3AB,MM3KT3AB,TMT&D,05900002,500/230,333,2019.0,2022-03-11,2022-03-19,3670,11150,412.0,31.0,4.0,0.0,0.0,0.0,0.0,0.0,0.0,35.0,60,31,
MM3,KT3AB,MM3KT3AB,TMT&D,05900002,500/230,333,2019.0,2023-03-12,2023-03-16,8890,27443,807.0,122.0,24.0,1.0,0.0,0.0,0.0,2.0,2.0,151.0,60,7,
MM3,KT3AB,MM3KT3AB,TMT&D,05900002,500/230,333,2019.0,2023-09-10,2023-10-08,9314,22569,762.0,135.0,16.0,2.0,0.0,11.0,15.0,2.0,1.0,182.0,55,10,
MM3,KT3AB,MM3KT3AB,TMT&D,05900002,500/230,333,2019.0,2024-04-21,2024-04-28,8105,18465,997.0,172.0,10.0,0.0,0.0,0.0,0.0,0.0,0.0,182.0,59*,7,
MM3,KT3AC,MM3KT3AC,TMT&D,05900003,500/230,333,2019.0,2020-06-20,2020-08-03,18752,64874,381.0,34.0,2.0,0.0,0.0,0.0,2.0,0.0,0.0,38.0,58,18,
MM3,KT3AC,MM3KT3AC,TMT&D,05900003,500/230,333,2019.0,2020-11-09,2020-12-07,14040,105010,27.0,11.0,19.0,2.0,0.0,2.0,0.0,2.0,1.0,37.0,56,9,
MM3,KT3AC,MM3KT3AC,TMT&D,05900003,500/230,333,2019.0,2021-03-07,2021-04-18,17224,63248,294.0,42.0,20.0,1.0,0.0,0.0,1.0,0.0,0.0,64.0,56,6,
MM3,KT3AC,MM3KT3AC,TMT&D,05900003,500/230,333,2019.0,2021-08-18,2021-08-22,13402,27468,598.0,18.0,9.0,0.0,0.0,0.0,0.0,0.0,0.0,27.0,54,8,
MM3,KT3AC,MM3KT3AC,TMT&D,05900003,500/230,333,2019.0,2021-08-31,2021-09-11,4137,17654,63.0,1.0,15.0,3.0,0.0,0.0,2.0,0.0,1.0,22.0,,9,หลังเปิดตรวจสอบภายใน
MM3,KT3AC,MM3KT3AC,TMT&D,05900003,500/230,333,2019.0,2022-03-11,2022-03-19,5839,14096,481.0,39.0,9.0,0.0,0.0,0.0,0.0,0.0,0.0,48.0,60,11,
MM3,KT3AC,MM3KT3AC,TMT&D,05900003,500/230,333,2019.0,2023-03-12,2023-03-16,10913,31426,958.0,112.0,9.0,1.0,0.0,0.0,0.0,0.0,0.0,122.0,62,16,
MM3,KT3AC,MM3KT3AC,TMT&D,05900003,500/230,333,2019.0,2023-09-10,2023-10-08,10647,26478,872.0,135.0,18.0,2.0,0.0,0.0,18.0,2.0,4.0,179.0,58,12,
MM3,KT3AC,MM3KT3AC,TMT&D,05900003,500/230,333,2019.0,2024-04-21,2024-04-28,14940,25260,1505.0,177.0,5.0,5.0,0.0,1.0,1.0,55.0,5.0,249.0,58,11,
MM3,KT4A,MM3KT4A,FUJI,A1Z69040T1-1,230/121/22,200,2007.0,2019-05-09,2019-09-13,9236,39894,1474.0,70.0,23.0,22.0,0.0,2.0,111.0,0.0,61.0,289.0,60,23,-
MM3,KT4A,MM3KT4A,FUJI,A1Z69040T1-1,230/121/22,200,2007.0,2019-11-11,2019-12-16,12579,37781,1607.0,72.0,17.0,13.0,0.0,0.0,83.0,0.0,80.0,265.0,52,12,-
MM3,KT4A,MM3KT4A,FUJI,A1Z69040T1-1,230/121/22,200,2007.0,2020-06-22,2020-08-02,8715,70416,1634.0,70.0,36.0,23.0,0.0,6.0,118.0,115.0,0.0,368.0,60,11,
MM3,KT4A,MM3KT4A,FUJI,A1Z69040T1-1,230/121/22,200,2007.0,2020-11-09,2020-12-07,4800,244210,92.0,19.0,58.0,30.0,0.0,41.0,126.0,584.0,88.0,946.0,60,4,
MM3,KT4A,MM3KT4A,FUJI,A1Z69040T1-1,230/121/22,200,2007.0,2021-03-07,2021-04-18,6706,65421,533.0,16.0,38.0,16.0,0.0,1.0,78.0,0.0,72.0,221.0,54,9,
MM3,KT4A,MM3KT4A,FUJI,A1Z69040T1-1,230/121/22,200,2007.0,2021-09-13,2021-11-05,5342,67958,1731.0,84.0,37.0,27.0,0.0,6.0,143.0,0.0,21.0,318.0,56,16,
MM3,KT4A,MM3KT4A,FUJI,A1Z69040T1-1,230/121/22,200,2007.0,2022-03-12,2022-03-19,1755,64460,1836.0,92.0,47.0,0.0,0.0,5.0,146.0,0.0,45.0,335.0,60,12,
MM3,KT4A,MM3KT4A,FUJI,A1Z69040T1-1,230/121/22,200,2007.0,2022-09-11,2022-09-22,2212,63031,1426.0,71.0,18.0,36.0,0.0,6.0,167.0,4.0,136.0,438.0,58,9,
MM3,KT4A,MM3KT4A,FUJI,A1Z69040T1-1,230/121/22,200,2007.0,2023-03-13,2023-03-16,6073,87423,2254.0,110.0,70.0,45.0,0.0,6.0,186.0,0.0,149.0,566.0,55,7,
MM3,KT4A,MM3KT4A,FUJI,A1Z69040T1-1,230/121/22,200,2007.0,2023-09-10,2023-10-07,5368,83957,1513.0,85.0,56.0,49.0,0.0,6.0,176.0,9.0,110.0,491.0,60,8,
MM3,KT4A,MM3KT4A,FUJI,A1Z69040T1-1,230/121/22,200,2007.0,2024-04-21,2024-04-28,10524,60242,2247.0,83.0,27.0,33.0,0.0,5.0,200.0,0.0,58.0,406.0,66,13,
MM3,KT5A,MM3KT5A,MITSUBISHI,9711290103,230/121/22,200,2013.0,2019-05-09,2019-09-13,6739,35817,3965.0,180.0,1.0,19.0,0.0,0.0,13.0,0.0,0.0,213.0,74,23,-
MM3,KT5A,MM3KT5A,MITSUBISHI,9711290103,230/121/22,200,2013.0,2019-11-11,2019-12-20,9581,41680,3752.0,211.0,4.0,21.0,0.0,0.0,17.0,0.0,0.0,253.0,65,10,-
MM3,KT5A,MM3KT5A,MITSUBISHI,9711290103,230/121/22,200,2013.0,2020-06-22,2020-08-02,12244,56071,4324.0,160.0,7.0,20.0,0.0,0.0,17.0,0.0,2.0,5.0,72,19,
MM3,KT5A,MM3KT5A,MITSUBISHI,9711290103,230/121/22,200,2013.0,2020-11-09,2020-12-07,5760,76740,341.0,42.0,17.0,29.0,0.0,0.0,11.0,192.0,6.0,297.0,72,5,
MM3,KT5A,MM3KT5A,MITSUBISHI,9711290103,230/121/22,200,2013.0,2021-03-07,2021-04-17,6172,47469,2734.0,90.0,41.0,35.0,0.0,0.0,15.0,0.0,9.0,190.0,64,12,
MM3,KT5A,MM3KT5A,MITSUBISHI,9711290103,230/121/22,200,2013.0,2021-09-13,2021-11-05,7792,39931,4850.0,184.0,13.0,22.0,0.0,0.0,22.0,0.0,0.0,241.0,68,10,
MM3,KT5A,MM3KT5A,MITSUBISHI,9711290103,230/121/22,200,2013.0,2022-03-12,2022-03-19,9383,39344,4679.0,167.0,7.0,0.0,0.0,0.0,19.0,0.0,0.0,193.0,71,12,
MM3,KT5A,MM3KT5A,MITSUBISHI,9711290103,230/121/22,200,2013.0,2022-09-11,2022-09-22,2073,48632,4530.0,164.0,1.0,29.0,0.0,0.0,15.0,2.0,10.0,221.0,60,10,
MM3,KT5A,MM3KT5A,MITSUBISHI,9711290103,230/121/22,200,2013.0,2023-03-13,2023-03-16,11066,41793,5591.0,187.0,7.0,29.0,0.0,0.0,19.0,0.0,0.0,242.0,64,7,
MM3,KT5A,MM3KT5A,MITSUBISHI,9711290103,230/121/22,200,2013.0,2024-04-21,2024-04-28,8240,41370,7199.0,215.0,3.0,62.0,0.0,1.0,35.0,8.0,21.0,345.0,68,9,
MM3,KT7A,MM3KT7A,FUJI,A1Z69040T3,230/121/22,200,2007.0,2019-05-10,2019-09-14,4280,39797,1453.0,92.0,41.0,59.0,0.0,8.0,138.0,0.0,82.0,420.0,60,19,-
MM3,KT7A,MM3KT7A,FUJI,A1Z69040T3,230/121/22,200,2007.0,2019-11-11,2019-12-20,8354,54647,1338.0,83.0,23.0,57.0,0.0,1.0,150.0,0.0,103.0,417.0,56,16,-
MM3,KT7A,MM3KT7A,FUJI,A1Z69040T3,230/121/22,200,2007.0,2020-06-22,2020-08-02,4071,59148,1964.0,101.0,45.0,57.0,0.0,8.0,193.0,228.0,0.0,632.0,55,12,
MM3,KT7A,MM3KT7A,FUJI,A1Z69040T3,230/121/22,200,2007.0,2020-11-09,2020-12-07,3280,17644,88.0,22.0,62.0,58.0,0.0,15.0,173.0,236.0,128.0,694.0,60,3,
MM3,KT7A,MM3KT7A,FUJI,A1Z69040T3,230/121/22,200,2007.0,2021-03-07,2021-04-17,4018,69416,1124.0,60.0,49.0,60.0,0.0,3.0,174.0,203.0,161.0,710.0,52,20,
MM3,KT7A,MM3KT7A,FUJI,A1Z69040T3,230/121/22,200,2007.0,2021-09-13,2021-11-05,4918,79538,1734.0,129.0,60.0,62.0,0.0,7.0,247.0,0.0,158.0,663.0,55,18,
MM3,KT7A,MM3KT7A,FUJI,A1Z69040T3,230/121/22,200,2007.0,2022-03-12,2022-03-19,5120,76240,1253.0,73.0,52.0,64.0,0.0,0.0,181.0,265.0,148.0,783.0,56,13,
MM3,KT7A,MM3KT7A,FUJI,A1Z69040T3,230/121/22,200,2007.0,2022-09-11,2022-09-22,1945,72237,1648.0,95.0,15.0,69.0,0.0,8.0,265.0,0.0,197.0,649.0,55,14,
MM3,KT7A,MM3KT7A,FUJI,A1Z69040T3,230/121/22,200,2007.0,2023-03-13,2023-03-16,2144,69952,2072.0,114.0,88.0,93.0,0.0,9.0,280.0,0.0,200.0,784.0,51,5,
MM3,KT7A,MM3KT7A,FUJI,A1Z69040T3,230/121/22,200,2007.0,2023-03-23,2023-03-31,2894,68762,3429.0,111.0,51.0,74.0,0.0,4.0,216.0,1.0,163.0,620.0,54,7,
MM3,KT7A,MM3KT7A,FUJI,A1Z69040T3,230/121/22,200,2007.0,2024-04-21,2024-04-28,9420,49810,3364.0,125.0,41.0,123.0,0.0,10.0,366.0,435.0,279.0,1379.0,66,9,
MM3,KT8A,MM3KT8A,OSAKA,5A1588001,115/22,25,1990.0,2019-05-10,2019-09-14,10701,37467,1905.0,136.0,7.0,12.0,0.0,2.0,15.0,0.0,10.0,182.0,55,26,-
MM3,KT8A,MM3KT8A,OSAKA,5A1588001,115/22,25,1990.0,2020-06-22,2020-08-02,6950,20013,1920.0,205.0,9.0,10.0,0.0,0.0,14.0,0.0,0.0,238.0,52,11,
MM3,KT8A,MM3KT8A,OSAKA,5A1588001,115/22,25,1990.0,2021-03-07,2021-04-17,6334,38571,1130.0,94.0,39.0,21.0,0.0,0.0,13.0,0.0,9.0,176.0,50,10,
MM3,KT8A,MM3KT8A,OSAKA,5A1588001,115/22,25,1990.0,2022-03-12,2022-03-19,8795,29053,1945.0,195.0,8.0,0.0,0.0,18.0,27.0,0.0,0.0,248.0,53,13,
MM3,KT8A,MM3KT8A,OSAKA,5A1588001,115/22,25,1990.0,2023-03-13,2023-03-16,4356,30511,2170.0,211.0,22.0,18.0,0.0,3.0,21.0,0.0,19.0,294.0,48,7,
MM3,KT8A,MM3KT8A,OSAKA,5A1588001,115/22,25,1990.0,2024-04-21,2024-04-28,9740,25250,2714.0,246.0,4.0,27.0,0.0,3.0,25.0,9.0,13.0,327.0,54,7,
MM3,KT9A_SP,MM3KT9A_SP,TMT&D,3900064,500/230/22,333,2018.0,2021-09-07,2021-09-11,4310,12710,106.0,9.0,8.0,0.0,0.0,0.0,0.0,0.0,0.0,17.0,36,8,หลังเปิดตรวจสอบภายใน
MM3,KT9AA,MM3KT9AA,TMT&D,3900061,500/230/22,333,2018.0,2019-05-10,2019-09-13,6540,25433,507.0,47.0,8.0,0.0,0.0,5.0,8.0,0.0,0.0,68.0,60,19,-
MM3,KT9AA,MM3KT9AA,TMT&D,3900061,500/230/22,333,2018.0,2019-08-25,2019-09-13,8766,34575,640.0,82.0,21.0,21.0,0.0,10.0,10.0,6.0,0.0,150.0,78,20,-
MM3,KT9AA,MM3KT9AA,TMT&D,3900061,500/230/22,333,2018.0,2019-11-11,2019-12-20,7503,24449,1206.0,107.0,34.0,46.0,0.0,21.0,12.0,14.0,6.0,240.0,56,16,-
MM3,KT9AA,MM3KT9AA,TMT&D,3900061,500/230/22,333,2018.0,2020-06-22,2020-08-03,17684,63456,1627.0,119.0,26.0,109.0,0.0,145.0,42.0,94.0,0.0,535.0,54,29,
MM3,KT9AA,MM3KT9AA,TMT&D,3900061,500/230/22,333,2018.0,2020-08-11,2020-08-16,6850,45850,2065.0,109.0,62.0,123.0,0.0,132.0,49.0,127.0,10.0,612.0,56,13,
MM3,KT9AA,MM3KT9AA,TMT&D,3900061,500/230/22,333,2018.0,2020-11-09,2020-12-07,13130,67440,56.0,21.0,49.0,114.0,0.0,154.0,53.0,134.0,14.0,539.0,54,14,
MM3,KT9AA,MM3KT9AA,TMT&D,3900061,500/230/22,333,2018.0,2021-03-07,2021-04-18,6389,42272,850.0,43.0,27.0,138.0,0.0,206.0,88.0,185.0,26.0,713.0,55,18,
MM3,KT9AA,MM3KT9AA,TMT&D,3900061,500/230/22,333,2018.0,2021-05-24,2021-07-17,12192,36824,1640.0,159.0,40.0,231.0,0.0,281.0,77.0,201.0,0.0,989.0,,17,ตามผล Over heating
MM3,KT9AA,MM3KT9AA,TMT&D,3900061,500/230/22,333,2018.0,2021-08-24,2021-08-25,4713,22478,1950.0,239.0,70.0,337.0,0.0,375.0,102.0,284.0,0.0,1407.0,26,9,ตามผล
MM3,KT9AA,MM3KT9AA,TMT&D,3900061,500/230/22,333,2018.0,2021-08-31,2021-09-11,9072,33378,51.0,1.0,0.0,1.0,0.0,1.0,1.0,3.0,0.0,7.0,26,8,หลังเปิดตรวจสอบภายใน
MM3,KT9AA,MM3KT9AA,TMT&D,3900061,500/230/22,333,2018.0,2021-09-13,2021-09-24,8520,25999,322.0,9.0,11.0,7.0,0.0,8.0,3.0,7.0,0.0,45.0,57,8,ตามผลหลังเปิดเพื่อตรวจสอบประมาณ 2 สัปดาห์
MM3,KT9AA,MM3KT9AA,TMT&D,3900061,500/230/22,333,2018.0,2021-10-12,2021-10-20,4527,11245,372.0,12.0,18.0,13.0,0.0,15.0,5.0,10.0,3.0,76.0,55,9,ตามผลหลังเปิด ครังที่2ตรวจสอบประมาณ 1 เดือน
MM3,KT9AA,MM3KT9AA,TMT&D,3900061,500/230/22,333,2018.0,2021-10-26,2021-10-31,8047,28082,187.0,8.0,24.0,18.0,0.0,22.0,7.0,15.0,0.0,80.0,,11,ตามผลโดย กม-ส. OH หลังเปิดตรวจสอบภายใน
MM3,KT9AA,MM3KT9AA,TMT&D,3900061,500/230/22,333,2018.0,2021-11-09,2021-11-21,6639,18763,576.0,101.0,36.0,14.0,0.0,35.0,12.0,23.0,0.0,221.0,50,7,หลังเปิดตรวจสอบภายในและทำน้ำมันประมาณ3เดือน
MM3,KT9AA,MM3KT9AA,TMT&D,3900061,500/230/22,333,2018.0,2021-12-07,2021-12-13,3281,7419,559.0,12.0,30.0,22.0,0.0,45.0,15.0,30.0,0.0,154.0,48,10,ตามผลหลังเปิดตรวจสอบ
MM3,KT9AA,MM3KT9AA,TMT&D,3900061,500/230/22,333,2018.0,2021-12-25,2021-12-26,2788,5363,521.0,10.0,40.0,16.0,0.0,54.0,18.0,36.0,0.0,174.0,48,8,ตามผลหลังเพิ่มโหลดประมาณ 800 MVA  วันละ6 ช.มเป็นเวลา 2 วัน
MM3,KT9AA,MM3KT9AA,TMT&D,3900061,500/230/22,333,2018.0,2022-01-25,2022-01-29,2112,5115,594.0,8.0,45.0,18.0,0.0,71.0,24.0,45.0,0.0,211.0,51,10,ตามผลระยะเวลาห่างกับครั้งก่อนหน้า1เดือน
MM3,KT9AA,MM3KT9AA,TMT&D,3900061,500/230/22,333,2018.0,2022-02-22,2022-02-27,8479,27044,679.0,25.0,40.0,32.0,0.0,79.0,29.0,50.0,0.0,255.0,53,7,ติดตามผล Overheat  หลังเปิดตรวจสอบ
MM3,KT9AA,MM3KT9AA,TMT&D,3900061,500/230/22,333,2018.0,2022-03-28,2022-04-01,3616,12136,789.0,33.0,27.0,97.0,0.0,103.0,43.0,57.0,12.0,372.0,58,12,ตามผล OH
MM3,KT9AA,MM3KT9AA,TMT&D,3900061,500/230/22,333,2018.0,2022-04-25,2022-04-29,4410,12366,826.0,42.0,30.0,63.0,0.0,107.0,40.0,70.0,2.0,354.0,55,10,ตามผล OH
MM3,KT9AA,MM3KT9AA,TMT&D,3900061,500/230/22,333,2018.0,2022-06-11,2022-06-16,6517,14105,847.0,40.0,27.0,70.0,0.0,101.0,44.0,31.0,24.0,337.0,57,19,ตามผล
MM3,KT9AA,MM3KT9AA,TMT&D,3900061,500/230/22,333,2018.0,2022-09-11,2022-09-22,2199,17340,1039.0,50.0,8.0,118.0,0.0,116.0,51.0,89.0,10.0,442.0,53,12,
MM3,KT9AA,MM3KT9AA,TMT&D,3900061,500/230/22,333,2018.0,2023-03-12,2023-03-16,8980,21796,1004.0,92.0,44.0,130.0,0.0,133.0,60.0,106.0,14.0,579.0,60,9,
MM3,KT9AA,MM3KT9AA,TMT&D,3900061,500/230/22,333,2018.0,2024-04-21,2024-04-28,6920,14740,1713.0,160.0,16.0,256.0,0.0,244.0,115.0,286.0,29.0,1106.0,60,9,
MM3,KT9AB,MM3KT9AB,TMT&D,3900062,500/230/22,333,2018.0,2019-05-10,2019-09-13,12084,42734,657.0,51.0,5.0,0.0,0.0,0.0,0.0,0.0,0.0,56.0,60,20,-
MM3,KT9AB,MM3KT9AB,TMT&D,3900062,500/230/22,333,2018.0,2019-08-25,2019-09-13,10595,45514,846.0,93.0,13.0,2.0,0.0,3.0,1.0,6.0,0.0,118.0,68,21,-
MM3,KT9AB,MM3KT9AB,TMT&D,3900062,500/230/22,333,2018.0,2019-11-11,2019-12-20,8252,33720,1464.0,372.0,11.0,30.0,0.0,3.0,0.0,5.0,0.0,421.0,54,17,-
MM3,KT9AB,MM3KT9AB,TMT&D,3900062,500/230/22,333,2018.0,2020-06-22,2020-08-02,11211,27460,1191.0,132.0,13.0,0.0,0.0,0.0,7.0,0.0,0.0,152.0,56,21,
MM3,KT9AB,MM3KT9AB,TMT&D,3900062,500/230/22,333,2018.0,2020-08-11,2020-08-16,5830,48600,1932.0,152.0,39.0,3.0,0.0,0.0,1.0,0.0,1.0,196.0,56,16,
MM3,KT9AB,MM3KT9AB,TMT&D,3900062,500/230/22,333,2018.0,2021-03-07,2021-04-18,5231,46639,846.0,58.0,35.0,8.0,0.0,1.0,1.0,5.0,2.0,110.0,55,33,
MM3,KT9AB,MM3KT9AB,TMT&D,3900062,500/230/22,333,2018.0,2021-08-18,2021-08-22,19113,43654,1175.0,167.0,10.0,0.0,0.0,1.0,1.0,0.0,0.0,179.0,53,8,
MM3,KT9AB,MM3KT9AB,TMT&D,3900062,500/230/22,333,2018.0,2021-08-31,2021-09-11,4804,14283,122.0,14.0,14.0,1.0,0.0,0.0,0.0,1.0,0.0,30.0,26,14,หลังเปิดตรวจสอบภายใน
MM3,KT9AB,MM3KT9AB,TMT&D,3900062,500/230/22,333,2018.0,2021-11-09,2021-11-21,6560,18137,633.0,35.0,12.0,0.0,0.0,0.0,0.0,2.0,0.0,49.0,50,9,หลังเปิดตรวจสอบและทำน้ำมันประมาณ3เดือน
MM3,KT9AB,MM3KT9AB,TMT&D,3900062,500/230/22,333,2018.0,2021-12-07,2021-12-13,3818,10533,598.0,44.0,16.0,3.0,0.0,1.0,0.0,2.0,0.0,66.0,48,8,ตามผลหลังเปิดตรวจสอบ
MM3,KT9AB,MM3KT9AB,TMT&D,3900062,500/230/22,333,2018.0,2021-12-25,2021-12-26,3032,10951,567.0,13.0,24.0,2.0,0.0,1.0,0.0,1.0,0.0,41.0,48,9,ตามผลหลังเพิ่มโหลดประมาณ 800 MVA  วันละ6 ช.มเป็นเวลา 2 วัน
MM3,KT9AB,MM3KT9AB,TMT&D,3900062,500/230/22,333,2018.0,2022-01-25,2022-01-29,2797,11386,651.0,12.0,27.0,1.0,0.0,1.0,1.0,3.0,0.0,45.0,52,9,
MM3,KT9AB,MM3KT9AB,TMT&D,3900062,500/230/22,333,2018.0,2022-02-22,2022-02-26,4975,14515,738.0,13.0,32.0,5.0,0.0,2.0,2.0,4.0,0.0,58.0,53,10,
MM3,KT9AB,MM3KT9AB,TMT&D,3900062,500/230/22,333,2018.0,2022-03-11,2022-03-18,11111,34339,760.0,63.0,2.0,4.0,0.0,1.0,1.0,1.0,4.0,76.0,57,11,ตามผล OH
MM3,KT9AB,MM3KT9AB,TMT&D,3900062,500/230/22,333,2018.0,2022-04-25,2022-04-29,4249,14555,871.0,63.0,2.0,1.0,0.0,1.0,1.0,2.0,2.0,72.0,,9,ตามผล OH
MM3,KT9AB,MM3KT9AB,TMT&D,3900062,500/230/22,333,2018.0,2022-06-13,2022-06-17,4520,16900,649.0,43.0,6.0,1.0,0.0,4.0,0.0,6.0,0.0,60.0,57,10,
MM3,KT9AB,MM3KT9AB,TMT&D,3900062,500/230/22,333,2018.0,2023-03-12,2023-03-16,10202,27464,1100.0,109.0,4.0,1.0,0.0,1.0,1.0,2.0,2.0,120.0,60,13,
MM3,KT9AB,MM3KT9AB,TMT&D,3900062,500/230/22,333,2018.0,2023-09-10,2023-10-08,11667,28482,1142.0,133.0,13.0,2.0,0.0,15.0,32.0,3.0,10.0,208.0,58,12,
MM3,KT9AB,MM3KT9AB,TMT&D,3900062,500/230/22,333,2018.0,2024-04-21,2024-04-28,3900,21120,2325.0,221.0,6.0,12.0,0.0,1.0,4.0,29.0,3.0,276.0,60,15,
MM3,KT9AC,MM3KT9AC,TMT&D,3900063,500/230/22,333,2018.0,2019-05-10,2019-09-13,3750,19447,439.0,69.0,10.0,0.0,0.0,0.0,0.0,0.0,0.0,79.0,60,18,-
MM3,KT9AC,MM3KT9AC,TMT&D,3900063,500/230/22,333,2018.0,2019-08-25,2019-09-13,11915,39873,609.0,83.0,16.0,2.0,0.0,0.0,1.0,0.0,1.0,103.0,70,19,-
MM3,KT9AC,MM3KT9AC,TMT&D,3900063,500/230/22,333,2018.0,2019-11-11,2019-12-20,10184,31504,1253.0,122.0,26.0,4.0,0.0,0.0,0.0,0.0,0.0,152.0,57,15,-
MM3,KT9AC,MM3KT9AC,TMT&D,3900063,500/230/22,333,2018.0,2020-06-22,2020-08-02,20036,50533,1238.0,121.0,13.0,0.0,0.0,0.0,8.0,0.0,0.0,142.0,58,19,
MM3,KT9AC,MM3KT9AC,TMT&D,3900063,500/230/22,333,2018.0,2020-08-11,2020-08-16,7040,51400,2072.0,124.0,33.0,2.0,0.0,0.0,1.0,12.0,3.0,175.0,56,10,
MM3,KT9AC,MM3KT9AC,TMT&D,3900063,500/230/22,333,2018.0,2020-11-09,2020-12-07,11140,51020,64.0,25.0,30.0,6.0,0.0,0.0,1.0,10.0,1.0,73.0,54,20,
MM3,KT9AC,MM3KT9AC,TMT&D,3900063,500/230/22,333,2018.0,2021-03-07,2021-04-18,8449,60472,844.0,72.0,44.0,3.0,0.0,0.0,1.0,0.0,3.0,123.0,55,26,
MM3,KT9AC,MM3KT9AC,TMT&D,3900063,500/230/22,333,2018.0,2021-08-18,2021-08-22,11573,27237,1233.0,179.0,11.0,0.0,0.0,4.0,4.0,0.0,0.0,198.0,,10,
MM3,KT9AC,MM3KT9AC,TMT&D,3900063,500/230/22,333,2018.0,2021-08-31,2021-09-11,4294,17093,111.0,12.0,18.0,4.0,0.0,1.0,9.0,0.0,6.0,50.0,26,9,หลังเปิดตรวจสอบภายใน
MM3,KT9AC,MM3KT9AC,TMT&D,3900063,500/230/22,333,2018.0,2021-11-09,2021-11-21,6561,19925,632.0,33.0,13.0,2.0,0.0,0.0,0.0,1.0,0.0,49.0,50,10,หลังเปิดตรวจสอบและทำน้ำมันประมาณ3เดือน
MM3,KT9AC,MM3KT9AC,TMT&D,3900063,500/230/22,333,2018.0,2021-12-07,2021-12-13,3335,11889,605.0,69.0,22.0,26.0,0.0,1.0,0.0,3.0,0.0,121.0,49,12,ตามผลหลังเปิดตรวจสอบ
MM3,KT9AC,MM3KT9AC,TMT&D,3900063,500/230/22,333,2018.0,2021-12-25,2021-12-26,2592,10210,543.0,14.0,10.0,2.0,0.0,0.0,0.0,0.0,0.0,26.0,48,11,ตามผลหลังเพิ่มโหลดประมาณ 800 MVA  วันละ6 ช.มเป็นเวลา 2 วัน
MM3,KT9AC,MM3KT9AC,TMT&D,3900063,500/230/22,333,2018.0,2022-01-25,2022-01-29,2472,10507,633.0,11.0,28.0,2.0,0.0,0.0,1.0,0.0,0.0,42.0,52,9,
MM3,KT9AC,MM3KT9AC,TMT&D,3900063,500/230/22,333,2018.0,2022-02-22,2022-02-27,8051,31156,687.0,14.0,24.0,2.0,0.0,1.0,1.0,3.0,0.0,45.0,54,9,
MM3,KT9AC,MM3KT9AC,TMT&D,3900063,500/230/22,333,2018.0,2022-03-11,2022-03-18,7340,14088,727.0,59.0,3.0,3.0,0.0,0.0,0.0,1.0,0.0,66.0,58,6,ตามผล OH
MM3,KT9AC,MM3KT9AC,TMT&D,3900063,500/230/22,333,2018.0,2022-04-25,2022-04-29,5131,14232,820.0,56.0,2.0,1.0,0.0,1.0,1.0,3.0,0.0,64.0,,9,ตามผล OH
MM3,KT9AC,MM3KT9AC,TMT&D,3900063,500/230/22,333,2018.0,2022-06-13,2022-06-17,6070,22730,633.0,37.0,4.0,1.0,0.0,3.0,0.0,5.0,1.0,51.0,57,10,
MM3,KT9AC,MM3KT9AC,TMT&D,3900063,500/230/22,333,2018.0,2023-03-12,2023-03-16,10527,19679,968.0,92.0,6.0,2.0,0.0,0.0,0.0,0.0,0.0,100.0,60,5,
MM3,KT9AC,MM3KT9AC,TMT&D,3900063,500/230/22,333,2018.0,2023-09-10,2023-10-08,11818,27134,1079.0,128.0,7.0,2.0,0.0,0.0,22.0,3.0,4.0,166.0,58,9,
MM3,KT9AC,MM3KT9AC,TMT&D,3900063,500/230/22,333,2018.0,2024-04-21,2024-04-28,7059,22013,1206.0,171.0,9.0,6.0,0.0,0.0,5.0,0.0,0.0,191.0,60,12,
MMM,KT1A,MMMKT1A,MEIDENSHA,8R9911T1,115/22,50,2008.0,2019-05-25,2019-06-07,6249,49350,1777.0,175.0,2.0,61.0,0.0,4.0,202.0,0.0,129.0,573.0,62,6,-
MMM,KT1A,MMMKT1A,MEIDENSHA,8R9911T1,115/22,50,2008.0,2020-05-09,2020-05-22,16675,61079,976.0,81.0,4.0,53.0,0.0,0.0,201.0,0.0,187.0,526.0,58,7,
MMM,KT1A,MMMKT1A,MEIDENSHA,8R9911T1,115/22,50,2008.0,2021-03-06,2021-04-19,6803,69187,1071.0,103.0,48.0,51.0,0.0,2.0,206.0,13.0,193.0,616.0,54,11,
MMM,KT1A,MMMKT1A,MEIDENSHA,8R9911T1,115/22,50,2008.0,2021-06-11,2021-06-12,10732,70411,1207.0,142.0,8.0,86.0,0.0,6.0,281.0,0.0,175.0,698.0,58,9,
MMM,KT1A,MMMKT1A,MEIDENSHA,8R9911T1,115/22,50,2008.0,2022-03-11,2022-03-19,5394,48557,1908.0,157.0,8.0,0.0,0.0,53.0,275.0,110.0,103.0,706.0,55,8,
MMM,KT1A,MMMKT1A,MEIDENSHA,8R9911T1,115/22,50,2008.0,2023-03-13,2023-03-16,6444,51013,2017.0,177.0,6.0,87.0,0.0,0.0,304.0,0.0,154.0,728.0,53,5,
MMM,KT2A,MMMKT2A,MEIDENSHA,8R9911T2,115/22,50,2008.0,2019-05-25,2019-06-08,6306,47095,1105.0,128.0,53.0,39.0,0.0,4.0,136.0,0.0,99.0,459.0,61,18,-
MMM,KT2A,MMMKT2A,MEIDENSHA,8R9911T2,115/22,50,2008.0,2020-05-09,2020-05-19,10795,61178,820.0,90.0,17.0,49.0,0.0,1.0,185.0,0.0,161.0,503.0,58,17,
MMM,KT2A,MMMKT2A,MEIDENSHA,8R9911T2,115/22,50,2008.0,2021-03-06,2021-04-17,4537,54379,644.0,57.0,85.0,47.0,0.0,1.0,154.0,11.0,15.0,370.0,52,10,
MMM,KT2A,MMMKT2A,MEIDENSHA,8R9911T2,115/22,50,2008.0,2021-06-11,2021-06-12,5397,59316,859.0,142.0,5.0,57.0,0.0,4.0,199.0,0.0,125.0,532.0,35,5,เนื่องจากมีหม้อแปลงตัวใกล้เคียงระเบิดเกิดไฟลุกไหม้MMM-KT3A
MMM,KT2A,MMMKT2A,MEIDENSHA,8R9911T2,115/22,50,2008.0,2022-03-11,2022-03-19,7049,46446,1115.0,112.0,56.0,0.0,0.0,10.0,180.0,0.0,74.0,432.0,54,13,
MMM,KT2A,MMMKT2A,MEIDENSHA,8R9911T2,115/22,50,2008.0,2023-03-13,2023-03-16,8403,48737,1208.0,123.0,39.0,51.0,0.0,0.0,210.0,0.0,109.0,532.0,51,19,
MMM,KT3A,MMMKT3A,MEIDENSHA,8R9911T3,115/22,50,2008.0,2019-05-25,2019-06-08,6651,49888,1079.0,125.0,21.0,64.0,0.0,6.0,211.0,0.0,141.0,568.0,59,23,-
MMM,KT3A,MMMKT3A,MEIDENSHA,8R9911T3,115/22,50,2008.0,2020-05-09,2020-05-18,3704,62819,1203.0,140.0,57.0,104.0,0.0,4.0,346.0,0.0,251.0,902.0,56,7,
MMM,KT3A,MMMKT3A,MEIDENSHA,8R9911T3,115/22,50,2008.0,2021-03-06,2021-04-19,4837,59942,647.0,43.0,37.0,63.0,0.0,3.0,211.0,15.0,193.0,565.0,50,12,
MMM,KT3A,MMMKT3A,MEIDENSHA,8R9911T3,115/22,50,2008.0,2022-03-11,2022-03-19,8353,21142,890.0,62.0,8.0,0.0,0.0,5.0,19.0,0.0,0.0,94.0,65,15,
MMM,KT3A,MMMKT3A,MEIDENSHA,8R9911T3,115/22,50,2008.0,2022-07-11,2022-07-15,10435,30491,1555.0,86.0,11.0,7.0,0.0,4.0,25.0,0.0,0.0,133.0,60,11,
MMM,KT3A,MMMKT3A,MEIDENSHA,8R9911T3,115/22,50,2008.0,2023-03-13,2023-03-16,7175,19655,1818.0,113.0,7.0,28.0,0.0,0.0,44.0,0.0,8.0,200.0,61,8,
MR,KT1A,MRKT1A,EKARAT DAIHEN,EDP001201,115/22,50,2007.0,2019-02-17,2019-03-24,7339,45251,1687.0,225.0,11.0,117.0,0.0,0.0,221.0,0.0,125.0,699.0,47,10,-
MR,KT1A,MRKT1A,EKARAT DAIHEN,EDP001201,115/22,50,2007.0,2020-10-25,2020-11-17,2063,42933,1776.0,269.0,15.0,129.0,0.0,3.0,248.0,0.0,138.0,802.0,46,12,
MR,KT1A,MRKT1A,EKARAT DAIHEN,EDP001201,115/22,50,2007.0,2021-11-15,2021-12-14,8734,44125,1794.0,261.0,10.0,109.0,0.0,0.0,243.0,0.0,118.0,741.0,49,10,
MR,KT1A,MRKT1A,EKARAT DAIHEN,EDP001201,115/22,50,2007.0,2023-02-05,2023-02-12,4540,44070,1780.0,268.0,14.0,120.0,0.0,1.0,244.0,14.0,202.0,863.0,47,6,
MR,KT1A,MRKT1A,EKARAT DAIHEN,EDP001201,115/22,50,2007.0,2024-05-25,2024-06-08,8823,54068,1619.0,264.0,13.0,156.0,0.0,4.0,373.0,12.0,202.0,1024.0,50,7,
MR,KT2A,MRKT2A,MEIDEN,8R8411T1,115/22,50,2008.0,2020-10-25,2020-11-17,3573,58674,1281.0,122.0,19.0,188.0,0.0,20.0,615.0,0.0,327.0,1291.0,53,15,
MR,KT2A,MRKT2A,MEIDEN,8R8411T1,115/22,50,2008.0,2021-11-15,2021-12-14,12756,63974,1589.0,132.0,21.0,165.0,0.0,27.0,631.0,0.0,291.0,1267.0,57,6,
MR,KT2A,MRKT2A,MEIDEN,8R8411T1,115/22,50,2008.0,2023-02-05,2023-02-12,2930,77800,1536.0,136.0,5.0,185.0,0.0,26.0,632.0,37.0,548.0,1569.0,48,8,
MR,KT2A,MRKT2A,MEIDEN,8R8411T1,115/22,50,2008.0,2024-05-25,2024-06-08,8748,70055,1145.0,148.0,5.0,196.0,0.0,21.0,583.0,23.0,449.0,1425.0,56,10,
MS,KT1A,MSKT1A,EKARAT DAIHEN,EDP011303,115/22,50,2012.0,2019-01-26,2019-01-31,6696,34586,631.0,103.0,7.0,0.0,0.0,0.0,17.0,0.0,0.0,127.0,40,12,
MS,KT1A,MSKT1A,EKARAT DAIHEN,EDP011303,115/22,50,2012.0,2020-12-26,2021-01-12,7486,56152,2227.0,650.0,29.0,2.0,0.0,0.0,5.0,0.0,6.0,692.0,34,10,
MS,KT1A,MSKT1A,EKARAT DAIHEN,EDP011303,115/22,50,2012.0,2021-05-15,2021-06-25,8261,20654,52.0,31.0,2.0,0.0,0.0,0.0,0.0,0.0,0.0,33.0,45,25,
MS,KT1A,MSKT1A,EKARAT DAIHEN,EDP011303,115/22,50,2012.0,2022-10-23,2022-11-20,8795,46401,1562.0,595.0,10.0,3.0,0.0,2.0,5.0,0.0,7.0,622.0,50,21,
MS,KT1A,MSKT1A,EKARAT DAIHEN,EDP011303,115/22,50,2012.0,2023-02-03,2023-02-12,5020,48500,1745.0,753.0,12.0,4.0,0.0,2.0,5.0,50.0,9.0,835.0,41,7,
MS,KT2A,MSKT2A,EKARAT-DAIHEN,EDP011304,115/22,50,2012.0,2019-01-26,2019-01-31,8357,43253,911.0,141.0,10.0,2.0,0.0,0.0,24.0,0.0,0.0,177.0,48,8,
MS,KT2A,MSKT2A,EKARAT-DAIHEN,EDP011304,115/22,50,2012.0,2020-12-26,2021-01-12,6274,50897,3668.0,999.0,39.0,4.0,0.0,0.0,11.0,0.0,14.0,1067.0,42,10,
MS,KT2A,MSKT2A,EKARAT-DAIHEN,EDP011304,115/22,50,2012.0,2021-05-15,2021-06-25,5366,41409,5337.0,1291.0,36.0,5.0,0.0,1.0,12.0,5.0,17.0,1367.0,47,17,
MS,KT2A,MSKT2A,EKARAT-DAIHEN,EDP011304,115/22,50,2012.0,2022-10-23,2022-11-20,10102,50271,5413.0,1317.0,17.0,10.0,0.0,7.0,13.0,7.0,15.0,1386.0,52,19,
MS,KT2A,MSKT2A,EKARAT-DAIHEN,EDP011304,115/22,50,2012.0,2023-02-03,2023-02-12,16431,79425,5227.0,1245.0,14.0,10.0,0.0,8.0,13.0,7.0,15.0,1312.0,44,6,
MTG,KT1A,MTGKT1A,FUJI,AN69003T3-2,115/22,25,1998.0,2019-07-29,2019-08-08,9277,47057,434.0,46.0,5.0,7.0,0.0,2.0,9.0,1.0,4.0,74.0,-,19,ย้ายมาจาก KT3A NA-SUBก่อนเข้าใช้งาน
MTG,KT1A,MTGKT1A,FUJI,AN69003T3-2,115/22,25,1998.0,2020-03-23,2020-05-16,3647,63618,1551.0,114.0,47.0,37.0,0.0,5.0,213.0,50.0,76.0,542.0,,23,
MTG,KT1A,MTGKT1A,FUJI,AN69003T3-2,115/22,25,1998.0,2021-04-10,2021-10-21,2985,69546,932.0,206.0,13.0,42.0,0.0,6.0,165.0,0.0,81.0,713.0,,27,
MTG,KT1A,MTGKT1A,FUJI,AN69003T3-2,115/22,25,1998.0,2022-06-09,2022-06-12,3469,55943,2188.0,182.0,8.0,41.0,0.0,7.0,184.0,0.0,49.0,471.0,,29,
MTG,KT1A,MTGKT1A,FUJI,AN69003T3-2,115/22,25,1998.0,2022-06-23,2022-06-26,6814,75331,2384.0,185.0,2.0,38.0,0.0,15.0,119.0,19.0,143.0,521.0,60,15,
MTG,KT1A,MTGKT1A,FUJI,AN69003T3-2,115/22,25,1998.0,2022-07-04,2022-07-10,7200,76570,2414.0,184.0,3.0,42.0,0.0,2.0,135.0,23.0,91.0,480.0,49,13,
MTG,KT1A,MTGKT1A,FUJI,AN69003T3-2,115/22,25,1998.0,2023-04-03,2023-06-04,6664,74567,2548.0,193.0,1.0,39.0,0.0,8.0,197.0,6.0,92.0,536.0,53,19,
MTG,KT1A,MTGKT1A,FUJI,AN69003T3-2,115/22,25,1998.0,2024-03-03,2024-05-26,7221,72521,2619.0,199.0,2.0,81.0,0.0,6.0,244.0,12.0,132.0,676.0,,9,
,KT1A,NAKT1A,ABB,57028,115/22,50,2011.0,2019-05-28,2019-06-07,8951,50029,1752.0,416.0,27.0,3.0,0.0,2.0,1.0,0.0,0.0,449.0,50,15,-
,KT1A,NAKT1A,ABB,57028,115/22,50,2011.0,2020-05-24,2020-06-05,6018,54983,1022.0,484.0,8.0,1.0,0.0,2.0,1.0,0.0,1.0,497.0,44,8,
,KT1A,NAKT1A,ABB,57028,115/22,50,2011.0,2021-04-03,2021-05-29,49900,73160,824.0,160.0,44.0,1.0,0.0,0.0,0.0,2.0,0.0,207.0,45,8,
,KT1A,NAKT1A,ABB,57028,115/22,50,2011.0,2022-03-06,2022-03-18,17436,51987,1621.0,517.0,10.0,0.0,0.0,0.0,8.0,0.0,0.0,535.0,30,11,
,KT1A,NAKT1A,ABB,57028,115/22,50,2011.0,2023-04-02,2023-04-22,16142,58975,2214.0,834.0,9.0,4.0,0.0,3.0,1.0,2.0,1.0,854.0,41,11,
,KT2A,NAKT2A,ABB,57025,115/22,50,2011.0,2019-05-18,2019-06-07,14555,50454,1403.0,356.0,5.0,1.0,0.0,1.0,1.0,0.0,0.0,364.0,50,10,-
,KT2A,NAKT2A,ABB,57025,115/22,50,2011.0,2020-03-07,2020-03-15,7307,46995,1207.0,277.0,3.0,3.0,0.0,0.0,1.0,0.0,2.0,286.0,33,10,
,KT2A,NAKT2A,ABB,57025,115/22,50,2011.0,2020-05-24,2020-06-05,7527,60469,902.0,447.0,4.0,4.0,0.0,2.0,4.0,0.0,28.0,489.0,45,9,
,KT2A,NAKT2A,ABB,57025,115/22,50,2011.0,2021-04-03,2021-05-30,19444,51002,713.0,91.0,41.0,1.0,0.0,0.0,0.0,0.0,0.0,133.0,46,10,
,KT2A,NAKT2A,ABB,57025,115/22,50,2011.0,2022-03-06,2022-03-18,17492,54252,1378.0,451.0,7.0,0.0,0.0,0.0,4.0,0.0,0.0,462.0,32,5,
,KT2A,NAKT2A,ABB,57025,115/22,50,2011.0,2023-04-02,2023-04-22,11458,67643,2189.0,908.0,11.0,5.0,0.0,3.0,1.0,1.0,1.0,930.0,42,13,
NB,KT1A,NBKT1A,FUJI,AX69026T4,230/69/11,200,2000.0,2019-05-04,2019-05-25,4703,21134,2443.0,98.0,11.0,23.0,0.0,0.0,74.0,0.0,29.0,235.0,80,22,-
NB,KT1A,NBKT1A,FUJI,AX69026T4,230/69/11,200,2000.0,2019-11-02,2019-12-06,18757,45101,3152.0,106.0,8.0,72.0,0.0,4.0,56.0,6.0,30.0,282.0,65,11,-
NB,KT1A,NBKT1A,FUJI,AX69026T4,230/69/11,200,2000.0,2020-06-05,2020-08-04,4903,26472,3423.0,109.0,24.0,37.0,0.0,0.0,75.0,0.0,73.0,318.0,40,16,
NB,KT1A,NBKT1A,FUJI,AX69026T4,230/69/11,200,2000.0,2020-11-09,2020-11-22,5650,31370,597.0,23.0,22.0,5.0,0.0,0.0,10.0,3.0,10.0,73.0,33,6,
NB,KT1A,NBKT1A,FUJI,AX69026T4,230/69/11,200,2000.0,2021-05-20,2021-06-14,4983,54018,1500.0,88.0,51.0,3.0,0.0,0.0,13.0,0.0,13.0,168.0,52,10,
NB,KT1A,NBKT1A,FUJI,AX69026T4,230/69/11,200,2000.0,2021-11-08,2021-11-18,4270,47270,3336.0,185.0,6.0,7.0,0.0,0.0,13.0,7.0,12.0,230.0,58,,
NB,KT1A,NBKT1A,FUJI,AX69026T4,230/69/11,200,2000.0,2022-05-29,2022-06-03,4199,65792,3524.0,172.0,15.0,32.0,0.0,5.0,34.0,8.0,22.0,288.0,58,10,
NB,KT1A,NBKT1A,FUJI,AX69026T4,230/69/11,200,2000.0,2022-11-19,2022-11-28,4980,77880,3199.0,141.0,13.0,39.0,0.0,2.0,49.0,19.0,28.0,291.0,56,14,
NB,KT1A,NBKT1A,FUJI,AX69026T4,230/69/11,200,2000.0,2023-05-12,2023-05-14,7370,41160,3132.0,149.0,9.0,14.0,0.0,1.0,18.0,5.0,18.0,214.0,0,12,trip by over current phase B
NB,KT1A,NBKT1A,FUJI,AX69026T4,230/69/11,200,2000.0,2023-11-20,2023-12-24,10247,42136,2413.0,185.0,44.0,16.0,0.0,4.0,28.0,4.0,21.0,302.0,54,13,
NB,KT1A,NBKT1A,FUJI,AX69026T4,230/69/11,200,2000.0,2024-06-21,2024-06-23,6716,41519,3496.0,202.0,29.0,23.0,0.0,3.0,37.0,3.0,22.0,319.0,56,11,
NB,KT2A,NBKT2A,FUJI,AX69026T3,230/72/11,200,2000.0,2019-05-04,2019-05-25,6057,43512,5034.0,81.0,47.0,76.0,0.0,10.0,307.0,0.0,152.0,673.0,73,21,-
NB,KT2A,NBKT2A,FUJI,AX69026T3,230/72/11,200,2000.0,2019-11-02,2019-12-06,7153,41856,5655.0,91.0,98.0,102.0,0.0,12.0,365.0,28.0,228.0,924.0,67,16,-
NB,KT2A,NBKT2A,FUJI,AX69026T3,230/72/11,200,2000.0,2020-06-05,2020-08-04,6950,58803,5468.0,78.0,64.0,93.0,0.0,4.0,306.0,0.0,155.0,700.0,69,15,
NB,KT2A,NBKT2A,FUJI,AX69026T3,230/72/11,200,2000.0,2020-11-09,2020-11-22,5800,140340,2187.0,30.0,68.0,71.0,0.0,0.0,265.0,40.0,177.0,651.0,62,9,
NB,KT2A,NBKT2A,FUJI,AX69026T3,230/72/11,200,2000.0,2021-05-20,2021-06-21,5371,52619,3271.0,80.0,102.0,101.0,0.0,0.0,334.0,0.0,210.0,827.0,52,8,
NB,KT2A,NBKT2A,FUJI,AX69026T3,230/72/11,200,2000.0,2021-11-08,2021-11-18,2990,70440,4519.0,95.0,67.0,105.0,0.0,0.0,373.0,44.0,241.0,910.0,60,,
NB,KT2A,NBKT2A,FUJI,AX69026T3,230/72/11,200,2000.0,2022-05-29,2022-06-03,5401,76340,5424.0,61.0,87.0,86.0,0.0,42.0,321.0,2.0,203.0,802.0,65,8,
NB,KT2A,NBKT2A,FUJI,AX69026T3,230/72/11,200,2000.0,2022-11-19,2022-11-28,8729,66256,5293.0,75.0,65.0,119.0,0.0,6.0,378.0,10.0,214.0,867.0,62,11,
NB,KT2A,NBKT2A,FUJI,AX69026T3,230/72/11,200,2000.0,2023-05-12,2023-05-14,8950,80040,5899.0,89.0,100.0,99.0,0.0,4.0,360.0,27.0,241.0,920.0,0,14,
NB,KT2A,NBKT2A,FUJI,AX69026T3,230/72/11,200,2000.0,2023-11-20,2023-12-24,7108,89445,4992.0,104.0,47.0,147.0,0.0,13.0,421.0,13.0,210.0,955.0,58,12,
NB,KT3A,NBKT3A,ABB,103711,230/72.5,200,1998.0,2019-05-04,2019-05-25,5702,19683,883.0,76.0,16.0,0.0,0.0,0.0,9.0,0.0,0.0,101.0,67,20,-
NB,KT3A,NBKT3A,ABB,103711,230/72.5,200,1998.0,2019-11-02,2019-12-02,5118,22011,2472.0,95.0,21.0,36.0,0.0,0.0,11.0,0.0,5.0,168.0,56,9,-
NB,KT3A,NBKT3A,ABB,103711,230/72.5,200,1998.0,2020-06-05,2020-08-04,5343,17432,2345.0,84.0,24.0,11.0,0.0,0.0,19.0,0.0,0.0,138.0,67,18,
NB,KT3A,NBKT3A,ABB,103711,230/72.5,200,1998.0,2020-11-09,2020-11-22,5690,43720,1338.0,38.0,37.0,15.0,0.0,0.0,17.0,5.0,10.0,122.0,62,14,
NB,KT3A,NBKT3A,ABB,103711,230/72.5,200,1998.0,2021-05-20,2021-06-15,5788,42388,1680.0,136.0,30.0,2.0,0.0,1.0,13.0,1.0,7.0,190.0,60,8,
NB,KT3A,NBKT3A,ABB,103711,230/72.5,200,1998.0,2021-11-08,2021-11-18,3480,16220,3643.0,174.0,21.0,19.0,0.0,0.0,23.0,7.0,14.0,258.0,52,,
NB,KT3A,NBKT3A,ABB,103711,230/72.5,200,1998.0,2022-05-29,2022-06-03,6382,29611,2711.0,64.0,25.0,19.0,0.0,0.0,23.0,7.0,4.0,142.0,58,8,
NB,KT3A,NBKT3A,ABB,103711,230/72.5,200,1998.0,2022-11-19,2022-11-28,3410,23040,2577.0,69.0,23.0,19.0,0.0,0.0,25.0,8.0,14.0,158.0,54,8,
NB,KT3A,NBKT3A,ABB,103711,230/72.5,200,1998.0,2023-03-19,2023-03-20,2433,17990,2987.0,110.0,34.0,25.0,0.0,0.0,50.0,0.0,17.0,236.0,53,8,
NB,KT3A,NBKT3A,ABB,103711,230/72.5,200,1998.0,2023-05-12,2023-05-14,7600,28010,3087.0,126.0,21.0,21.0,0.0,0.0,25.0,6.0,14.0,213.0,0,5,
NB,KT3A,NBKT3A,ABB,103711,230/72.5,200,1998.0,2023-11-20,2023-12-24,9562,31236,2716.0,116.0,50.0,25.0,0.0,2.0,34.0,3.0,22.0,252.0,54,9,
NB,KT3A,NBKT3A,ABB,103711,230/72.5,200,1998.0,2024-06-21,2024-06-23,6282,29462,2703.0,122.0,32.0,29.0,0.0,2.0,42.0,2.0,17.0,246.0,58,7,
NB,KT4A,NBKT4A,MITSUBISHI,554711,69/22/11,12,1990.0,2019-05-04,2019-05-25,6694,36067,2005.0,267.0,7.0,88.0,0.0,12.0,239.0,10.0,108.0,731.0,47,21,-
NB,KT4A,NBKT4A,MITSUBISHI,554711,69/22/11,12,1990.0,2019-11-02,2019-12-06,15917,37142,2435.0,346.0,4.0,42.0,0.0,3.0,153.0,7.0,38.0,656.0,54,18,-
NB,KT4A,NBKT4A,MITSUBISHI,554711,69/22/11,12,1990.0,2020-06-05,2020-08-04,8553,43855,2173.0,313.0,13.0,54.0,0.0,10.0,201.0,0.0,174.0,765.0,55,21,
NB,KT4A,NBKT4A,MITSUBISHI,554711,69/22/11,12,1990.0,2020-11-09,2020-11-22,4850,172750,1222.0,115.0,22.0,82.0,0.0,0.0,231.0,56.0,148.0,654.0,56,20,
NB,KT4A,NBKT4A,MITSUBISHI,554711,69/22/11,12,1990.0,2021-05-20,2021-06-18,5892,67370,1391.0,121.0,11.0,75.0,0.0,0.0,238.0,0.0,162.0,607.0,55,14,
NB,KT4A,NBKT4A,MITSUBISHI,554711,69/22/11,12,1990.0,2021-11-08,2021-11-18,2540,54110,2810.0,187.0,4.0,73.0,0.0,4.0,232.0,60.0,167.0,727.0,52,,
NB,KT4A,NBKT4A,MITSUBISHI,554711,69/22/11,12,1990.0,2022-05-29,2022-06-03,5095,61205,3134.0,319.0,5.0,76.0,0.0,15.0,302.0,86.0,159.0,962.0,50,21,
NB,KT4A,NBKT4A,MITSUBISHI,554711,69/22/11,12,1990.0,2022-11-19,2022-11-28,3290,81000,1890.0,165.0,5.0,84.0,0.0,7.0,262.0,14.0,0.0,537.0,45,18,
NB,KT4A,NBKT4A,MITSUBISHI,554711,69/22/11,12,1990.0,2023-05-12,2023-05-14,6290,74480,1952.0,180.0,4.0,81.0,0.0,21.0,246.0,26.0,167.0,725.0,0,14,
NB,KT4A,NBKT4A,MITSUBISHI,554711,69/22/11,12,1990.0,2023-11-20,2023-12-25,3362,79638,2537.0,314.0,18.0,103.0,0.0,14.0,281.0,0.0,148.0,878.0,45,17,
NB,KT4A,NBKT4A,MITSUBISHI,554711,69/22/11,12,1990.0,2024-06-21,2024-06-23,11877,88700,2154.0,276.0,2.0,104.0,0.0,18.0,338.0,25.0,155.0,918.0,53,10,
NB,KT5A,NBKT5A,MITSUBISHI,554709,69/22,12,1984.0,2019-05-04,2019-05-25,2717,45102,4099.0,343.0,15.0,21.0,0.0,6.0,11.0,0.0,0.0,396.0,50,24,-
NB,KT5A,NBKT5A,MITSUBISHI,554709,69/22,12,1984.0,2019-11-02,2019-12-06,3183,49037,5020.0,464.0,15.0,34.0,0.0,0.0,6.0,0.0,0.0,519.0,45,14,-
NB,KT5A,NBKT5A,MITSUBISHI,554709,69/22,12,1984.0,2020-06-05,2020-08-04,4357,51518,3846.0,325.0,13.0,20.0,0.0,8.0,19.0,0.0,0.0,385.0,50,16,
NB,KT5A,NBKT5A,MITSUBISHI,554709,69/22,12,1984.0,2020-07-02,2020-07-05,4803,53017,3947.0,317.0,16.0,22.0,0.0,8.0,16.0,0.0,0.0,379.0,,11,research
NB,KT5A,NBKT5A,MITSUBISHI,554709,69/22,12,1984.0,2020-11-09,2020-11-22,6300,14848,1663.0,113.0,31.0,23.0,0.0,1.0,6.0,13.0,5.0,192.0,51,13,
NB,KT5A,NBKT5A,MITSUBISHI,554709,69/22,12,1984.0,2021-05-20,2021-06-21,4683,65941,1547.0,187.0,30.0,24.0,0.0,1.0,6.0,9.0,5.0,262.0,60,16,
NB,KT5A,NBKT5A,MITSUBISHI,554709,69/22,12,1984.0,2021-11-08,2021-11-18,3580,62840,4786.0,234.0,8.0,31.0,0.0,0.0,8.0,17.0,7.0,305.0,45,,
NB,KT5A,NBKT5A,MITSUBISHI,554709,69/22,12,1984.0,2021-12-14,2021-12-18,15934,70181,2855.0,44.0,1.0,8.0,0.0,7.0,10.0,9.0,4.0,83.0,,13,repeat
NB,KT5A,NBKT5A,MITSUBISHI,554709,69/22,12,1984.0,2022-05-29,2022-06-03,6532,65001,3236.0,176.0,12.0,24.0,0.0,11.0,9.0,13.0,8.0,253.0,50,13,
NB,KT5A,NBKT5A,MITSUBISHI,554709,69/22,12,1984.0,2022-11-19,2022-11-28,2540,81410,3414.0,191.0,10.0,31.0,0.0,3.0,11.0,14.0,8.0,268.0,45,14,
NB,KT5A,NBKT5A,MITSUBISHI,554709,69/22,12,1984.0,2023-05-12,2023-05-14,6540,76590,3593.0,198.0,8.0,27.0,0.0,3.0,11.0,13.0,8.0,268.0,0,26,
NB,KT5A,NBKT5A,MITSUBISHI,554709,69/22,12,1984.0,2023-11-20,2023-12-24,6239,91860,3692.0,352.0,26.0,29.0,0.0,10.0,17.0,11.0,10.0,455.0,45,14,
NB,KT5A,NBKT5A,MITSUBISHI,554709,69/22,12,1984.0,2024-06-21,2024-06-23,5566,83295,3987.0,365.0,34.0,40.0,0.0,18.0,24.0,12.0,16.0,509.0,52,16,
NB,KT6A,NBKT6A,ABB,103712,230/72.5,200,2007.0,2020-02-01,2020-02-09,8646,17245,299.0,19.0,5.0,0.0,0.0,0.0,0.0,0.0,0.0,24.0,35,8,ย้ายมาจาก SB*-KT4A
NB,KT6A,NBKT6A,ABB,103712,230/72.5,200,2007.0,2020-05-30,2020-05-31,3694,23529,1108.0,56.0,7.0,0.0,0.0,0.0,0.0,0.0,0.0,63.0,66,8,
NB,KT6A,NBKT6A,ABB,103712,230/72.5,200,2007.0,2020-06-05,2020-08-04,6140,14668,1054.0,56.0,8.0,0.0,0.0,0.0,0.0,0.0,0.0,64.0,67,19,
NB,KT6A,NBKT6A,ABB,103712,230/72.5,200,2007.0,2020-11-09,2020-11-22,6580,3104,554.0,38.0,23.0,1.0,0.0,0.0,0.0,1.0,0.0,63.0,56,8,
NB,KT6A,NBKT6A,ABB,103712,230/72.5,200,2007.0,2021-05-20,2021-06-18,7783,25494,853.0,74.0,26.0,13.0,0.0,0.0,7.0,0.0,3.0,123.0,60,12,
NB,KT6A,NBKT6A,ABB,103712,230/72.5,200,2007.0,2021-11-08,2021-11-18,4580,15090,2901.0,154.0,18.0,1.0,0.0,0.0,0.0,2.0,0.0,175.0,58,,
NB,KT6A,NBKT6A,ABB,103712,230/72.5,200,2007.0,2022-02-25,2022-02-25,4206,14245,2680.0,229.0,21.0,4.0,0.0,0.0,0.0,1.0,0.0,255.0,38,6, Buchholz Relay Trip
NB,KT6A,NBKT6A,ABB,103712,230/72.5,200,2007.0,2022-05-29,2022-06-03,9971,29184,2197.0,123.0,17.0,1.0,0.0,0.0,0.0,1.0,0.0,142.0,58,10,
NB,KT6A,NBKT6A,ABB,103712,230/72.5,200,2007.0,2022-11-19,2022-11-28,6250,21770,2352.0,134.0,16.0,2.0,0.0,0.0,0.0,0.0,0.0,152.0,56,10,
NB,KT6A,NBKT6A,ABB,103712,230/72.5,200,2007.0,2023-05-12,2023-05-14,10170,28830,2932.0,158.0,18.0,6.0,0.0,0.0,0.0,0.0,2.0,184.0,0,5,
NB,KT6A,NBKT6A,ABB,103712,230/72.5,200,2007.0,2023-11-20,2023-12-24,10501,30196,3566.0,306.0,54.0,3.0,0.0,0.0,1.0,1.0,3.0,368.0,56,10,
NB,KT6A,NBKT6A,ABB,103712,230/72.5,200,2007.0,2024-06-21,2024-06-23,7886,29675,3722.0,353.0,30.0,5.0,0.0,1.0,2.0,1.0,1.0,393.0,60,6,
NB,KT7A,NBKT7A,MITSUBISHI,552428,115/69/22,25,,2019-05-04,2019-05-24,3661,23546,1013.0,105.0,10.0,0.0,0.0,0.0,6.0,0.0,0.0,121.0,54,22,-
NB,KT7A,NBKT7A,MITSUBISHI,552428,115/69/22,25,,2019-11-02,2019-12-06,3742,23471,1305.0,108.0,12.0,6.0,0.0,0.0,0.0,0.0,0.0,126.0,57,12,-
NB,KT7A,NBKT7A,MITSUBISHI,552428,115/69/22,25,,2020-06-05,2020-08-04,10617,27703,987.0,78.0,12.0,0.0,0.0,0.0,11.0,0.0,0.0,101.0,53,20,
NB,KT7A,NBKT7A,MITSUBISHI,552428,115/69/22,25,,2020-11-09,2020-11-22,6210,34790,655.0,41.0,32.0,7.0,0.0,0.0,1.0,2.0,0.0,83.0,56,10,
NB,KT7A,NBKT7A,MITSUBISHI,552428,115/69/22,25,,2021-05-20,2021-06-18,5182,30175,837.0,86.0,13.0,5.0,0.0,0.0,5.0,0.0,1.0,110.0,55,14,
NB,KT7A,NBKT7A,MITSUBISHI,552428,115/69/22,25,,2021-11-08,2021-11-19,2690,17860,2028.0,134.0,7.0,2.0,0.0,0.0,1.0,2.0,0.0,146.0,56,,
NB,KT7A,NBKT7A,MITSUBISHI,552428,115/69/22,25,,2022-05-29,2022-06-03,8114,35933,2652.0,128.0,10.0,4.0,0.0,1.0,1.0,2.0,2.0,148.0,55,21,
NB,KT7A,NBKT7A,MITSUBISHI,552428,115/69/22,25,,2022-11-19,2022-11-28,3850,23560,2223.0,125.0,9.0,6.0,0.0,0.0,1.0,4.0,0.0,145.0,55,14,
NB,KT7A,NBKT7A,MITSUBISHI,552428,115/69/22,25,,2023-05-12,2023-05-14,8610,29440,2547.0,139.0,5.0,4.0,0.0,0.0,1.0,1.0,0.0,150.0,0,11,
NB,KT7A,NBKT7A,MITSUBISHI,552428,115/69/22,25,,2023-11-20,2023-12-24,10845,33342,2292.0,104.0,33.0,6.0,0.0,0.0,4.0,2.0,5.0,154.0,54,11,
NB,KT7A,NBKT7A,MITSUBISHI,552428,115/69/22,25,,2024-06-21,2024-06-23,12927,39470,1908.0,92.0,6.0,7.0,0.0,6.0,13.0,3.0,20.0,147.0,58,14,
NBL,KT1A,NBLKT1A,MITSUBISHI,574412,115/22,25,2000.0,2019-02-03,2019-05-12,10762,42523,1442.0,135.0,14.0,42.0,0.0,5.0,92.0,0.0,45.0,333.0,59,21,-
NBL,KT1A,NBLKT1A,MITSUBISHI,574412,115/22,25,2000.0,2019-02-03,2019-05-12,10762,42523,1442.0,135.0,14.0,42.0,0.0,5.0,92.0,0.0,45.0,333.0,59,21,-
NBL,KT1A,NBLKT1A,MITSUBISHI,574412,115/22,25,2000.0,2020-04-04,2020-05-09,10921,43281,2221.0,111.0,49.0,84.0,0.0,4.0,239.0,17.0,136.0,640.0,63,19,
NBL,KT1A,NBLKT1A,MITSUBISHI,574412,115/22,25,2000.0,2021-02-16,2021-05-21,16702,60465,1390.0,104.0,8.0,42.0,0.0,4.0,112.0,0.0,59.0,329.0,58,43,
NBL,KT1A,NBLKT1A,MITSUBISHI,574412,115/22,25,2000.0,2022-01-17,2022-02-07,5394,50582,2534.0,108.0,32.0,52.0,0.0,2.0,133.0,5.0,85.0,417.0,50,7,
NBL,KT1A,NBLKT1A,MITSUBISHI,574412,115/22,25,2000.0,2023-01-15,2023-02-04,8803,41143,2418.0,140.0,23.0,70.0,0.0,5.0,169.0,7.0,67.0,481.0,41,7,
NBL,KT1A,NBLKT1A,MITSUBISHI,574412,115/22,25,2000.0,2023-04-29,2023-05-14,5725,51561,2080.0,163.0,92.0,87.0,31.0,9.0,169.0,0.0,94.0,645.0,28,7,เกิด Fault ที่ห้อง OLTC และ ชำรุดเสียหาย หลัง O/H OLTC แล้วประมาณ 1 ปี.
NBL,KT1A,NBLKT1A,MITSUBISHI,574412,115/22,25,2000.0,2023-06-17,2023-06-26,23310,54510,327.0,17.0,3.0,7.0,0.0,3.0,1.0,0.0,0.0,31.0,27,18,หลังเปลี่ยน OLTC ใหม่
NBL,KT1A,NBLKT1A,MITSUBISHI,574412,115/22,25,2000.0,2023-10-20,2023-12-02,25267,63794,1023.0,69.0,8.0,9.0,0.0,2.0,11.0,2.0,6.0,107.0,61,17,
NBL,KT1A,NBLKT1A,MITSUBISHI,574412,115/22,25,2000.0,2024-01-14,2024-02-11,20967,42478,571.0,52.0,21.0,9.0,0.0,1.0,11.0,2.0,7.0,103.0,51,7,
NBL,KT1A,NBLKT1A,MITSUBISHI,574412,115/22,25,2000.0,2024-04-12,2024-04-22,4611,12245,101.0,14.0,1.0,10.0,0.0,3.0,1.0,1.0,1.0,31.0,30,8,หลังจากทำน้ำมันรั่วออกจาก breather หลังมีการเชื่อม OLTC
NBL,KT2A,NBLKT2A,MITSUBISHI,558036,115/22/11,25,1987.0,2019-02-03,2019-05-12,4704,43974,983.0,71.0,28.0,30.0,0.0,5.0,50.0,6.0,28.0,218.0,56,25,-
NBL,KT2A,NBLKT2A,MITSUBISHI,558036,115/22/11,25,1987.0,2020-03-13,2020-05-15,11831,51209,687.0,31.0,2.0,13.0,0.0,3.0,35.0,0.0,30.0,114.0,,20,research
NBL,KT2A,NBLKT2A,MITSUBISHI,558036,115/22/11,25,1987.0,2020-04-04,2020-05-15,3042,40931,999.0,78.0,66.0,39.0,0.0,2.0,68.0,0.0,59.0,312.0,66,25,
NBL,KT2A,NBLKT2A,MITSUBISHI,558036,115/22/11,25,1987.0,2021-02-16,2021-05-24,6074,60757,3945.0,1332.0,32.0,38.0,0.0,6.0,58.0,6.0,42.0,1514.0,64,34,
NBL,KT2A,NBLKT2A,MITSUBISHI,558036,115/22/11,25,1987.0,2022-01-17,2022-02-08,2481,22084,472.0,32.0,19.0,10.0,0.0,0.0,33.0,0.0,0.0,94.0,52,19,
NBL,KT2A,NBLKT2A,MITSUBISHI,558036,115/22/11,25,1987.0,2023-01-15,2023-02-04,1354,16754,571.0,36.0,30.0,17.0,0.0,0.0,31.0,0.0,19.0,133.0,45,11,
NBL,KT2A,NBLKT2A,MITSUBISHI,558036,115/22/11,25,1987.0,2023-04-29,2023-05-14,4514,29660,608.0,89.0,28.0,14.0,0.0,2.0,25.0,0.0,36.0,194.0,60,21,เกิด Fault ที่ห้อง OLTC KT1A หลัง O/H OLTC แล้วประมาณ 1 ปี.
NBL,KT2A,NBLKT2A,MITSUBISHI,558036,115/22/11,25,1987.0,2024-01-14,2024-02-11,5655,69518,849.0,126.0,40.0,14.0,0.0,7.0,39.0,6.0,31.0,263.0,58,18,
NBL,KT3A,NBLKT3A,EKARAT DAIHEN,EDP011201,115/22/11,50,2012.0,2019-02-03,2019-05-12,12158,47361,1698.0,494.0,37.0,0.0,0.0,5.0,13.0,0.0,0.0,549.0,50,18,-
NBL,KT3A,NBLKT3A,EKARAT DAIHEN,EDP011201,115/22/11,50,2012.0,2020-04-04,2020-05-15,7785,60631,2749.0,1024.0,64.0,7.0,0.0,0.0,11.0,0.0,16.0,1243.0,58,12,
NBL,KT3A,NBLKT3A,EKARAT DAIHEN,EDP011201,115/22/11,50,2012.0,2021-02-16,2021-05-24,15890,69497,5082.0,1438.0,36.0,9.0,0.0,4.0,0.0,7.0,7.0,1501.0,53,23,
NBL,KT3A,NBLKT3A,EKARAT DAIHEN,EDP011201,115/22/11,50,2012.0,2022-01-17,2022-02-06,9324,60951,3595.0,773.0,46.0,4.0,0.0,2.0,7.0,4.0,9.0,845.0,45,5,
NBL,KT3A,NBLKT3A,EKARAT DAIHEN,EDP011201,115/22/11,50,2012.0,2023-01-15,2023-02-04,4077,48373,3762.0,1073.0,38.0,13.0,0.0,8.0,7.0,0.0,0.0,1139.0,36,5,
NBL,KT3A,NBLKT3A,EKARAT DAIHEN,EDP011201,115/22/11,50,2012.0,2024-01-14,2024-02-11,15555,64747,2817.0,966.0,43.0,12.0,0.0,8.0,8.0,7.0,8.0,1052.0,44,7,
NCO,KT1AA,NCOKT1AA,JEUMONT,94427,525/230/22,200,2003.0,2019-03-09,2019-03-09,10641,47819,4300.0,397.0,4.0,20.0,0.0,1.0,3.0,4.0,4.0,433.0,64,10,-
NCO,KT1AA,NCOKT1AA,JEUMONT,94427,525/230/22,200,2003.0,2019-03-18,2019-03-22,3462,24229,4877.0,448.0,10.0,27.0,0.0,7.0,10.0,0.0,0.0,502.0,-,8,-
NCO,KT1AA,NCOKT1AA,JEUMONT,94427,525/230/22,200,2003.0,2019-04-21,2019-04-22,5045,26033,4612.0,441.0,7.0,23.0,0.0,5.0,8.0,4.0,8.0,496.0,-,7,-
NCO,KT1AA,NCOKT1AA,JEUMONT,94427,525/230/22,200,2003.0,2019-06-03,2019-06-29,6705,32000,4385.0,427.0,8.0,16.0,0.0,2.0,10.0,2.0,5.0,470.0,60,18,-
NCO,KT1AA,NCOKT1AA,JEUMONT,94427,525/230/22,200,2003.0,2019-06-24,2019-06-24,6679,34045,4294.0,464.0,7.0,23.0,0.0,6.0,6.0,5.0,4.0,515.0,-,5,-
NCO,KT1AA,NCOKT1AA,JEUMONT,94427,525/230/22,200,2003.0,2019-07-07,2019-07-18,8866,32779,2538.0,275.0,3.0,16.0,0.0,3.0,7.0,3.0,4.0,311.0,52,5,after Oil Purify
NCO,KT1AA,NCOKT1AA,JEUMONT,94427,525/230/22,200,2003.0,2019-09-01,2019-09-02,4489,23828,2240.0,209.0,2.0,7.0,0.0,0.0,2.0,1.0,1.0,220.0,-,6,ตามผลเนื่องจาก Bkr. ระเบิด
NCO,KT1AA,NCOKT1AA,JEUMONT,94427,525/230/22,200,2003.0,2019-11-18,2019-11-29,3537,25896,2581.0,238.0,21.0,21.0,0.0,0.0,5.0,0.0,0.0,285.0,53,8,-
NCO,KT1AA,NCOKT1AA,JEUMONT,94427,525/230/22,200,2003.0,2020-05-16,2020-05-30,7661,40832,2915.0,234.0,37.0,38.0,0.0,0.0,9.0,0.0,7.0,325.0,60,15,
NCO,KT1AA,NCOKT1AA,JEUMONT,94427,525/230/22,200,2003.0,2020-11-24,2020-12-20,7862,45219,4067.0,407.0,28.0,19.0,0.0,0.0,9.0,0.0,7.0,470.0,65,11,
NCO,KT1AA,NCOKT1AA,JEUMONT,94427,525/230/22,200,2003.0,2021-05-29,2021-07-29,19392,42981,2795.0,197.0,13.0,13.0,0.0,0.0,10.0,0.0,0.0,233.0,68,22,
NCO,KT1AA,NCOKT1AA,JEUMONT,94427,525/230/22,200,2003.0,2021-08-27,2021-08-29,12423,43163,4472.0,443.0,11.0,31.0,0.0,7.0,15.0,4.0,6.0,517.0,,8,
NCO,KT1AA,NCOKT1AA,JEUMONT,94427,525/230/22,200,2003.0,2021-11-28,2021-12-06,5400,26270,4425.0,188.0,5.0,38.0,0.0,0.0,31.0,10.0,23.0,295.0,,9,
NCO,KT1AA,NCOKT1AA,JEUMONT,94427,525/230/22,200,2003.0,2022-05-29,2022-06-04,6800,41473,6665.0,430.0,12.0,38.0,0.0,3.0,17.0,8.0,13.0,521.0,61,8,
NCO,KT1AA,NCOKT1AA,JEUMONT,94427,525/230/22,200,2003.0,2022-11-17,2022-11-20,8579,30384,7617.0,495.0,14.0,34.0,0.0,2.0,19.0,0.0,4.0,568.0,63,10,
NCO,KT1AA,NCOKT1AA,JEUMONT,94427,525/230/22,200,2003.0,2023-05-14,2023-05-14,12010,43020,5799.0,397.0,7.0,35.0,0.0,0.0,14.0,4.0,11.0,468.0,0,6,"Trip by Tx.diff Ø B,C"
NCO,KT1AA,NCOKT1AA,JEUMONT,94427,525/230/22,200,2003.0,2023-11-24,2023-12-25,8671,24283,5640.0,351.0,10.0,43.0,0.0,1.0,21.0,6.0,14.0,446.0,50,7,
NCO,KT1AB,NCOKT1AB,JEUMONT,94428,525/230/22,200,2003.0,2019-03-09,2019-03-09,5501,30042,4311.0,460.0,3.0,13.0,0.0,0.0,4.0,0.0,3.0,483.0,58,7,-
NCO,KT1AB,NCOKT1AB,JEUMONT,94428,525/230/22,200,2003.0,2019-03-18,2019-03-22,3795,23079,4736.0,472.0,7.0,17.0,0.0,0.0,5.0,0.0,0.0,501.0,-,8,-
NCO,KT1AB,NCOKT1AB,JEUMONT,94428,525/230/22,200,2003.0,2019-04-21,2019-04-22,9775,32888,4569.0,459.0,14.0,0.0,0.0,0.0,4.0,0.0,3.0,480.0,-,7,-
NCO,KT1AB,NCOKT1AB,JEUMONT,94428,525/230/22,200,2003.0,2019-06-03,2019-06-30,9955,37901,3089.0,401.0,4.0,13.0,0.0,0.0,6.0,0.0,7.0,431.0,54,12,-
NCO,KT1AB,NCOKT1AB,JEUMONT,94428,525/230/22,200,2003.0,2019-06-24,2019-06-24,5896,31362,3943.0,466.0,4.0,15.0,0.0,0.0,5.0,1.0,7.0,498.0,-,5,-
NCO,KT1AB,NCOKT1AB,JEUMONT,94428,525/230/22,200,2003.0,2019-07-07,2019-07-18,7311,36760,1529.0,156.0,2.0,4.0,0.0,0.0,1.0,0.0,0.0,163.0,60,6,after Oil Purify
NCO,KT1AB,NCOKT1AB,JEUMONT,94428,525/230/22,200,2003.0,2019-09-01,2019-09-02,4438,17342,1299.0,118.0,3.0,6.0,0.0,1.0,2.0,2.0,2.0,134.0,-,5,ตามผลเนื่องจาก Bkr. ระเบิด
NCO,KT1AB,NCOKT1AB,JEUMONT,94428,525/230/22,200,2003.0,2019-11-18,2019-11-29,6692,33274,1635.0,145.0,14.0,0.0,0.0,0.0,2.0,0.0,0.0,161.0,54,10,-
NCO,KT1AB,NCOKT1AB,JEUMONT,94428,525/230/22,200,2003.0,2020-05-16,2020-05-30,7702,35254,1509.0,194.0,29.0,27.0,0.0,0.0,6.0,0.0,4.0,260.0,55,18,
NCO,KT1AB,NCOKT1AB,JEUMONT,94428,525/230/22,200,2003.0,2020-11-24,2020-12-20,6387,47151,1983.0,255.0,32.0,9.0,0.0,0.0,4.0,0.0,3.0,303.0,65,14,
NCO,KT1AB,NCOKT1AB,JEUMONT,94428,525/230/22,200,2003.0,2021-05-29,2021-07-19,10192,30203,2894.0,243.0,10.0,13.0,0.0,0.0,12.0,0.0,0.0,278.0,65,14,
NCO,KT1AB,NCOKT1AB,JEUMONT,94428,525/230/22,200,2003.0,2021-08-27,2021-08-28,9258,26003,3021.0,253.0,11.0,13.0,0.0,0.0,13.0,0.0,0.0,290.0,,5,
NCO,KT1AB,NCOKT1AB,JEUMONT,94428,525/230/22,200,2003.0,2021-11-28,2021-12-06,5080,34690,5213.0,357.0,6.0,78.0,0.0,0.0,94.0,9.0,81.0,625.0,,5,
NCO,KT1AB,NCOKT1AB,JEUMONT,94428,525/230/22,200,2003.0,2022-05-29,2022-06-04,4873,22735,4381.0,358.0,12.0,16.0,0.0,0.0,15.0,0.0,0.0,401.0,58,9,
NCO,KT1AB,NCOKT1AB,JEUMONT,94428,525/230/22,200,2003.0,2022-11-17,2022-11-20,9459,28681,5546.0,395.0,9.0,29.0,0.0,1.0,18.0,0.0,4.0,456.0,61,8,
NCO,KT1AB,NCOKT1AB,JEUMONT,94428,525/230/22,200,2003.0,2023-05-14,2023-05-14,9050,35610,5459.0,391.0,8.0,32.0,0.0,0.0,13.0,2.0,9.0,455.0,0,5,"Trip by Tx.diff Ø B,C"
NCO,KT1AB,NCOKT1AB,JEUMONT,94428,525/230/22,200,2003.0,2023-11-24,2023-12-29,6046,29681,5135.0,368.0,27.0,32.0,0.0,12.0,26.0,22.0,15.0,502.0,46,13,
NCO,KT1AC,NCOKT1AC,JEUMONT,94429,525/230/22,200,2003.0,2019-03-09,2019-03-09,5763,30281,4775.0,421.0,6.0,21.0,0.0,3.0,3.0,3.0,3.0,460.0,62,9,-
NCO,KT1AC,NCOKT1AC,JEUMONT,94429,525/230/22,200,2003.0,2019-03-18,2019-03-22,3742,24755,5098.0,412.0,11.0,22.0,0.0,6.0,0.0,0.0,0.0,451.0,-,10,-
NCO,KT1AC,NCOKT1AC,JEUMONT,94429,525/230/22,200,2003.0,2019-04-21,2019-04-22,7838,29575,4878.0,387.0,7.0,19.0,0.0,4.0,4.0,3.0,3.0,427.0,-,6,-
NCO,KT1AC,NCOKT1AC,JEUMONT,94429,525/230/22,200,2003.0,2019-06-03,2019-06-30,6713,43233,4302.0,350.0,11.0,19.0,0.0,4.0,4.0,0.0,3.0,391.0,52,9,-
NCO,KT1AC,NCOKT1AC,JEUMONT,94429,525/230/22,200,2003.0,2019-06-24,2019-06-24,4377,29376,4486.0,446.0,11.0,22.0,0.7,4.0,4.0,3.0,3.0,493.7,-,-,-
NCO,KT1AC,NCOKT1AC,JEUMONT,94429,525/230/22,200,2003.0,2019-06-24,2019-06-24,5853,31679,4611.0,435.0,8.0,22.0,0.8,4.0,4.0,3.0,5.0,481.8,-,9,-
NCO,KT1AC,NCOKT1AC,JEUMONT,94429,525/230/22,200,2003.0,2019-06-24,2019-06-25,5222,31949,4710.0,468.0,7.0,23.0,0.8,4.0,4.0,3.0,3.0,512.8,-,4,ครั้ง2
NCO,KT1AC,NCOKT1AC,JEUMONT,94429,525/230/22,200,2003.0,2019-07-07,2019-07-18,8685,31653,1546.0,136.0,3.0,8.0,0.0,1.0,1.0,0.0,0.0,427.0,52,6,after Oil Purify
NCO,KT1AC,NCOKT1AC,JEUMONT,94429,525/230/22,200,2003.0,2019-09-01,2019-09-02,9877,30442,1815.0,233.0,4.0,4.0,0.0,0.0,0.0,0.0,0.0,241.0,-,4,ตามผลเนื่องจาก Bkr. ระเบิด
NCO,KT1AC,NCOKT1AC,JEUMONT,94429,525/230/22,200,2003.0,2019-11-18,2019-11-29,5288,42740,2104.0,265.0,20.0,9.0,0.0,0.0,0.0,0.0,0.0,294.0,55,10,-
NCO,KT1AC,NCOKT1AC,JEUMONT,94429,525/230/22,200,2003.0,2020-05-16,2020-05-30,12010,65124,2894.0,421.0,35.0,9.0,0.0,0.0,2.0,0.0,1.0,468.0,56,12,
NCO,KT1AC,NCOKT1AC,JEUMONT,94429,525/230/22,200,2003.0,2020-11-24,2020-12-20,5356,66674,3327.0,484.0,34.0,7.0,0.0,0.0,2.0,0.0,1.0,528.0,65,8,
NCO,KT1AC,NCOKT1AC,JEUMONT,94429,525/230/22,200,2003.0,2021-05-29,2021-07-19,16109,59612,2369.0,512.0,17.0,0.0,0.0,21.0,5.0,0.0,0.0,555.0,64,19,
NCO,KT1AC,NCOKT1AC,JEUMONT,94429,525/230/22,200,2003.0,2021-08-27,2021-08-27,5381,48141,4828.0,622.0,31.0,15.0,0.0,1.0,3.0,12.0,9.0,693.0,,14,เนื่องจาก Trip
NCO,KT1AC,NCOKT1AC,JEUMONT,94429,525/230/22,200,2003.0,2021-11-28,2021-12-06,5960,32130,4179.0,225.0,5.0,60.0,0.0,0.0,83.0,10.0,72.0,455.0,,8,
NCO,KT1AC,NCOKT1AC,JEUMONT,94429,525/230/22,200,2003.0,2022-05-29,2022-06-04,3331,38815,4618.0,561.0,18.0,8.0,0.0,0.0,5.0,0.0,0.0,592.0,60,8,
NCO,KT1AC,NCOKT1AC,JEUMONT,94429,525/230/22,200,2003.0,2022-11-17,2022-11-25,4502,45233,4362.0,618.0,16.0,19.0,0.0,1.0,4.0,1.0,4.0,663.0,60,7,จุด Sampling ชำรุด
NCO,KT1AC,NCOKT1AC,JEUMONT,94429,525/230/22,200,2003.0,2023-05-14,2023-05-14,10650,49120,5772.0,689.0,9.0,27.0,0.0,0.0,5.0,2.0,5.0,737.0,0,6,"Trip by Tx.diff Ø B,C"
NCO,KT1AC,NCOKT1AC,JEUMONT,94429,525/230/22,200,2003.0,2023-11-24,2023-12-25,11705,32798,5400.0,476.0,9.0,26.0,0.0,0.0,5.0,2.0,3.0,521.0,48,12,
NCO,KT2AA,NCOKT2AA,JEUMONT,94440,525/230/22,200,2003.0,2019-03-08,2019-03-08,6140,50588,4608.0,442.0,112.0,108.0,120.0,42.0,76.0,21.0,48.0,969.0,60,8,Tx.Trip with buchholz relay phase A.
NCO,KT2AA,NCOKT2AA,JEUMONT,94440,525/230/22,200,2003.0,2019-03-18,2019-03-22,2777,15029,1157.0,60.0,11.0,0.0,0.0,0.0,9.0,0.0,0.0,80.0,-,6,"หลังซ่อมสายleadเข้าneutral bushing Ho,Xoหลุด"
NCO,KT2AA,NCOKT2AA,JEUMONT,94440,525/230/22,200,2003.0,2019-04-21,2019-04-22,9475,25907,1805.0,117.0,6.0,0.0,0.0,2.0,8.0,2.0,4.0,139.0,-,8,-
NCO,KT2AA,NCOKT2AA,JEUMONT,94440,525/230/22,200,2003.0,2019-06-03,2019-06-30,10705,34210,2564.0,178.0,6.0,23.0,0.0,5.0,12.0,5.0,7.0,236.0,60,13,-
NCO,KT2AA,NCOKT2AA,JEUMONT,94440,525/230/22,200,2003.0,2019-06-24,2019-06-24,4779,25413,2679.0,136.0,12.0,18.0,2.0,3.0,12.0,3.0,6.0,192.0,-,6,-
NCO,KT2AA,NCOKT2AA,JEUMONT,94440,525/230/22,200,2003.0,2019-06-24,2019-06-24,6054,26457,2457.0,124.0,6.0,17.0,6.0,2.0,12.0,2.0,5.0,174.0,-,6,-
NCO,KT2AA,NCOKT2AA,JEUMONT,94440,525/230/22,200,2003.0,2019-06-25,2019-06-25,2934,27604,2326.0,131.0,8.0,18.0,1.7,2.0,11.0,2.0,5.0,178.7,-,10,-
NCO,KT2AA,NCOKT2AA,JEUMONT,94440,525/230/22,200,2003.0,2019-07-07,2019-07-18,7657,26586,2397.0,126.0,9.0,16.0,2.0,5.0,17.0,8.0,4.0,187.0,57,6,-
NCO,KT2AA,NCOKT2AA,JEUMONT,94440,525/230/22,200,2003.0,2019-09-01,2019-09-02,3261,20538,2503.0,130.0,6.0,21.0,0.0,2.0,15.0,3.0,9.0,186.0,-,7,ตามผลเนื่องจาก Bkr. ระเบิด
NCO,KT2AA,NCOKT2AA,JEUMONT,94440,525/230/22,200,2003.0,2019-11-18,2019-11-29,17823,73418,2769.0,143.0,12.0,23.0,0.0,0.0,16.0,0.0,0.0,194.0,54,11,-
NCO,KT2AA,NCOKT2AA,JEUMONT,94440,525/230/22,200,2003.0,2020-05-16,2020-05-30,11244,55412,2603.0,131.0,10.0,40.0,0.0,0.0,25.0,0.0,15.0,221.0,62,11,
NCO,KT2AA,NCOKT2AA,JEUMONT,94440,525/230/22,200,2003.0,2020-11-24,2020-12-20,5447,45618,3597.0,181.0,27.0,30.0,0.0,0.0,18.0,0.0,11.0,267.0,68,16,
NCO,KT2AA,NCOKT2AA,JEUMONT,94440,525/230/22,200,2003.0,2021-05-29,2021-07-19,17698,49305,2856.0,161.0,8.0,18.0,0.0,0.0,14.0,0.0,0.0,201.0,68,17,
NCO,KT2AA,NCOKT2AA,JEUMONT,94440,525/230/22,200,2003.0,2021-08-27,2021-08-28,9209,26899,3131.0,200.0,9.0,27.0,0.0,0.0,52.0,0.0,0.0,288.0,,6,
NCO,KT2AA,NCOKT2AA,JEUMONT,94440,525/230/22,200,2003.0,2021-11-28,2021-12-06,2130,23820,5832.0,337.0,14.0,46.0,0.0,0.0,14.0,5.0,9.0,425.0,,4,
NCO,KT2AA,NCOKT2AA,JEUMONT,94440,525/230/22,200,2003.0,2022-05-29,2022-06-04,6599,39758,5799.0,358.0,16.0,46.0,0.0,2.0,33.0,6.0,18.0,479.0,62,9,
NCO,KT2AA,NCOKT2AA,JEUMONT,94440,525/230/22,200,2003.0,2022-11-17,2022-11-20,10916,33773,5795.0,384.0,7.0,33.0,0.0,2.0,31.0,0.0,9.0,466.0,62,15,
NCO,KT2AA,NCOKT2AA,JEUMONT,94440,525/230/22,200,2003.0,2023-11-24,2023-12-25,10306,29517,5723.0,328.0,6.0,51.0,0.0,0.0,44.0,8.0,28.0,465.0,30,12,
NCO,KT2AB,NCOKT2AB,JEUMONT,94441,525/230/22,200,2003.0,2019-03-08,2019-03-08,7201,44225,3883.0,451.0,3.0,65.0,0.0,0.0,69.0,0.0,41.0,629.0,58,7,Tx.Trip with buchholz relay phase A.
NCO,KT2AB,NCOKT2AB,JEUMONT,94441,525/230/22,200,2003.0,2019-03-18,2019-03-22,2785,33349,4542.0,511.0,8.0,73.0,0.0,0.0,89.0,0.0,47.0,728.0,-,6,-
NCO,KT2AB,NCOKT2AB,JEUMONT,94441,525/230/22,200,2003.0,2019-04-21,2019-04-22,10208,43904,4604.0,509.0,4.0,71.0,0.0,0.0,74.0,0.0,44.0,702.0,-,7,-
NCO,KT2AB,NCOKT2AB,JEUMONT,94441,525/230/22,200,2003.0,2019-06-03,2019-06-30,8652,36882,4058.0,518.0,4.0,70.0,0.0,0.6,84.0,0.0,47.0,723.6,64,12,-
NCO,KT2AB,NCOKT2AB,JEUMONT,94441,525/230/22,200,2003.0,2019-06-24,2019-06-24,5862,43530,3985.0,512.0,4.0,67.0,0.0,0.6,80.0,0.0,47.0,710.6,-,4,ครั้ง2
NCO,KT2AB,NCOKT2AB,JEUMONT,94441,525/230/22,200,2003.0,2019-06-24,2019-06-25,4651,44811,4138.0,562.0,3.0,69.0,0.0,0.6,78.0,0.0,47.0,759.6,-,4,ครั้ง3
NCO,KT2AB,NCOKT2AB,JEUMONT,94441,525/230/22,200,2003.0,2019-06-24,2019-06-24,4826,42651,4219.0,540.0,8.0,71.0,0.0,0.6,84.0,0.0,51.0,754.6,-,4,-
NCO,KT2AB,NCOKT2AB,JEUMONT,94441,525/230/22,200,2003.0,2019-06-25,2019-06-25,6086,48220,3671.0,473.0,4.0,62.0,0.0,0.6,77.0,0.0,47.0,663.6,-,11,-
NCO,KT2AB,NCOKT2AB,JEUMONT,94441,525/230/22,200,2003.0,2019-07-07,2019-07-18,9336,42028,3742.0,415.0,8.0,56.0,0.0,0.0,79.0,0.0,42.0,600.0,57,6,-
NCO,KT2AB,NCOKT2AB,JEUMONT,94441,525/230/22,200,2003.0,2019-09-01,2019-09-02,3668,36129,3576.0,465.0,4.0,68.0,0.0,0.0,91.0,0.0,56.0,684.0,-,5,ตามผลเนื่องจาก Bkr. ระเบิด
NCO,KT2AB,NCOKT2AB,JEUMONT,94441,525/230/22,200,2003.0,2019-11-18,2019-11-29,8203,46317,3895.0,502.0,10.0,70.0,0.0,0.0,98.0,0.0,75.0,755.0,38,12,-
NCO,KT2AB,NCOKT2AB,JEUMONT,94441,525/230/22,200,2003.0,2020-05-16,2020-05-29,8536,40256,3240.0,301.0,23.0,89.0,0.0,0.0,102.0,0.0,84.0,599.0,40,11,
NCO,KT2AB,NCOKT2AB,JEUMONT,94441,525/230/22,200,2003.0,2020-11-24,2020-12-20,6963,43918,5134.0,477.0,28.0,69.0,0.0,3.0,68.0,8.0,51.0,704.0,62,16,
NCO,KT2AB,NCOKT2AB,JEUMONT,94441,525/230/22,200,2003.0,2021-05-29,2021-07-19,9425,38386,3726.0,406.0,11.0,62.0,0.0,0.0,93.0,0.0,23.0,595.0,58,18,
NCO,KT2AB,NCOKT2AB,JEUMONT,94441,525/230/22,200,2003.0,2021-08-27,2021-08-28,9203,38198,3765.0,383.0,8.0,60.0,0.0,0.0,102.0,0.0,14.0,567.0,,6,
NCO,KT2AB,NCOKT2AB,JEUMONT,94441,525/230/22,200,2003.0,2021-11-28,2021-12-06,3600,23030,4847.0,299.0,8.0,14.0,0.0,0.0,10.0,2.0,6.0,339.0,,3,
NCO,KT2AB,NCOKT2AB,JEUMONT,94441,525/230/22,200,2003.0,2022-05-29,2022-06-04,6934,55244,6720.0,529.0,4.0,97.0,0.0,1.0,116.0,5.0,77.0,829.0,,6,
NCO,KT2AB,NCOKT2AB,JEUMONT,94441,525/230/22,200,2003.0,2022-11-17,2022-11-20,5946,35691,6801.0,551.0,10.0,87.0,0.0,2.0,113.0,0.0,62.0,825.0,,10,
NCO,KT2AB,NCOKT2AB,JEUMONT,94441,525/230/22,200,2003.0,2023-11-24,2023-12-25,4736,29697,7150.0,571.0,5.0,87.0,0.0,1.0,111.0,12.0,83.0,870.0,30,7,
NCO,KT2AC,NCOKT2AC,JEUMONT,94442,525/230/22,200,2003.0,2019-03-08,2019-03-08,9555,36847,3376.0,295.0,10.0,54.0,0.0,0.0,90.0,0.0,81.0,530.0,64,7,Tx.Trip with buchholz relay phase A.
NCO,KT2AC,NCOKT2AC,JEUMONT,94442,525/230/22,200,2003.0,2019-03-18,2019-03-22,4725,31803,3562.0,345.0,9.0,61.0,0.0,0.0,79.0,0.0,40.0,534.0,-,6,-
NCO,KT2AC,NCOKT2AC,JEUMONT,94442,525/230/22,200,2003.0,2019-04-21,2019-04-22,9791,43291,3714.0,352.0,6.0,60.0,0.0,0.0,72.0,0.0,45.0,535.0,-,7,-
NCO,KT2AC,NCOKT2AC,JEUMONT,94442,525/230/22,200,2003.0,2019-06-03,2019-06-30,7529,42863,3886.0,377.0,4.0,63.0,0.0,1.0,78.0,0.0,44.0,567.0,66,14,-
NCO,KT2AC,NCOKT2AC,JEUMONT,94442,525/230/22,200,2003.0,2019-06-24,2019-06-24,5521,40394,3488.0,376.0,5.0,66.0,0.0,1.0,76.0,0.0,42.0,566.0,-,6,-
NCO,KT2AC,NCOKT2AC,JEUMONT,94442,525/230/22,200,2003.0,2019-06-24,2019-06-24,6791,40989,3421.0,367.0,4.0,64.0,0.0,1.0,80.0,0.0,46.0,562.0,-,6,-
NCO,KT2AC,NCOKT2AC,JEUMONT,94442,525/230/22,200,2003.0,2019-06-25,2019-06-25,5671,38716,3183.0,339.0,5.0,60.0,0.0,1.0,75.0,0.0,43.0,523.0,-,8,-
NCO,KT2AC,NCOKT2AC,JEUMONT,94442,525/230/22,200,2003.0,2019-07-07,2019-07-18,8331,44971,3167.0,301.0,8.0,55.0,0.0,0.0,80.0,0.0,30.0,474.0,56,5,-
NCO,KT2AC,NCOKT2AC,JEUMONT,94442,525/230/22,200,2003.0,2019-09-01,2019-09-02,6796,39718,2980.0,318.0,5.0,61.0,0.0,1.0,79.0,0.0,51.0,515.0,-,4,ตามผลเนื่องจาก Bkr. ระเบิด
NCO,KT2AC,NCOKT2AC,JEUMONT,94442,525/230/22,200,2003.0,2019-11-18,2019-11-29,6309,39955,3217.0,338.0,19.0,67.0,0.0,0.0,97.0,0.0,71.0,592.0,54,9,-
NCO,KT2AC,NCOKT2AC,JEUMONT,94442,525/230/22,200,2003.0,2020-05-16,2020-05-30,6480,39385,3319.0,262.0,23.0,94.0,0.0,0.0,113.0,0.0,83.0,575.0,60,10,
NCO,KT2AC,NCOKT2AC,JEUMONT,94442,525/230/22,200,2003.0,2020-11-24,2020-12-20,8227,42156,3858.0,399.0,34.0,77.0,0.0,1.0,94.0,0.0,72.0,677.0,68,12,
NCO,KT2AC,NCOKT2AC,JEUMONT,94442,525/230/22,200,2003.0,2021-05-29,2021-07-19,10059,38634,3196.0,292.0,13.0,56.0,0.0,0.0,88.0,0.0,21.0,470.0,65,18,
NCO,KT2AC,NCOKT2AC,JEUMONT,94442,525/230/22,200,2003.0,2021-08-27,2021-08-30,10378,56267,4559.0,382.0,9.0,75.0,0.0,0.0,101.0,0.0,68.0,635.0,62,7,
NCO,KT2AC,NCOKT2AC,JEUMONT,94442,525/230/22,200,2003.0,2021-11-28,2021-12-06,3990,38640,5147.0,459.0,13.0,10.0,0.0,0.0,4.0,2.0,2.0,490.0,,5,
NCO,KT2AC,NCOKT2AC,JEUMONT,94442,525/230/22,200,2003.0,2022-05-29,2022-06-04,10973,42649,5090.0,423.0,8.0,45.0,0.0,2.0,98.0,0.0,8.0,584.0,59,11,
NCO,KT2AC,NCOKT2AC,JEUMONT,94442,525/230/22,200,2003.0,2022-11-17,2022-11-20,10808,37842,5619.0,459.0,8.0,67.0,0.0,1.0,104.0,0.0,42.0,681.0,62,7,
NCO,KT2AC,NCOKT2AC,JEUMONT,94442,525/230/22,200,2003.0,2023-11-24,2023-12-25,9507,29486,5254.0,439.0,7.0,81.0,0.0,0.0,111.0,12.0,84.0,734.0,50,12,
NCO,KT3AA,NCOKT3AA,TOSHIBA,88900014,525/242/22,200,,2019-02-24,2019-03-22,9852,49503,2485.0,250.0,9.0,29.0,0.0,4.0,32.0,0.0,0.0,324.0,48,13,-
NCO,KT3AA,NCOKT3AA,TOSHIBA,88900014,525/242/22,200,,2019-04-21,2019-05-16,8829,49517,2691.0,257.0,9.0,32.0,0.0,5.0,72.0,0.0,0.0,375.0,51,18,-
NCO,KT3AA,NCOKT3AA,TOSHIBA,88900014,525/242/22,200,,2019-10-10,2019-10-20,5174,45621,1808.0,177.0,13.0,23.0,0.0,3.0,64.0,0.0,5.0,285.0,30,17,-
NCO,KT3AA,NCOKT3AA,TOSHIBA,88900014,525/242/22,200,,2020-02-27,2020-03-21,29125,61643,1973.0,190.0,14.0,20.0,0.0,0.0,35.0,0.0,22.0,281.0,32,13,ทดสอบก่อนรื้อและ OVERHAUL
NCO,KT3AA,NCOKT3AA,TOSHIBA,88900014,525/242/22,200,,2021-09-19,2021-10-23,6745,28276,115.0,2.0,10.0,0.0,0.0,1.0,1.0,1.0,1.0,16.0,,20,ย้ายมาจากMM3-KT3AA ก่อนนำเข้าใช้งาน
NCO,KT3AA,NCOKT3AA,TOSHIBA,88900014,525/242/22,200,,2021-11-28,2021-12-06,7600,21560,1271.0,30.0,2.0,1.0,0.0,0.0,1.0,1.0,0.0,35.0,,14,
NCO,KT3AA,NCOKT3AA,TOSHIBA,88900014,525/242/22,200,,2022-05-29,2022-06-04,7960,29724,1956.0,60.0,2.0,4.0,0.0,3.0,3.0,1.0,1.0,74.0,62,14,
NCO,KT3AA,NCOKT3AA,TOSHIBA,88900014,525/242/22,200,,2022-11-17,2022-11-20,11504,24362,2439.0,121.0,9.0,15.0,0.0,2.0,6.0,0.0,0.0,153.0,60,11,
NCO,KT3AA,NCOKT3AA,TOSHIBA,88900014,525/242/22,200,,2023-11-24,2023-12-25,15039,28009,2046.0,104.0,5.0,12.0,0.0,2.0,7.0,10.0,3.0,143.0,50,13,
NCO,KT3AB,NCOKT3AB,TOSHIBA,88900015,525/242/22,200,,2019-02-24,2019-03-22,9327,43172,2603.0,227.0,10.0,26.0,0.0,0.0,26.0,0.0,0.0,289.0,48,16,-
NCO,KT3AB,NCOKT3AB,TOSHIBA,88900015,525/242/22,200,,2019-04-21,2019-05-16,4521,39851,2831.0,253.0,13.0,28.0,0.0,0.0,44.0,0.0,0.0,338.0,50,14,-
NCO,KT3AB,NCOKT3AB,TOSHIBA,88900015,525/242/22,200,,2019-10-10,2019-10-20,5842,31161,1414.0,36.0,14.0,23.0,0.0,0.0,33.0,0.0,0.0,106.0,30,9,-
NCO,KT3AB,NCOKT3AB,TOSHIBA,88900015,525/242/22,200,,2020-02-27,2020-03-21,7605,42763,1635.0,42.0,13.0,20.0,0.0,0.0,28.0,0.0,17.0,120.0,32,10,ทดสอบก่อนรื้อและ OVERHAUL
NCO,KT3AB,NCOKT3AB,TOSHIBA,88900015,525/242/22,200,,2021-02-02,2021-02-13,15724,59949,1283.0,72.0,22.0,14.0,0.0,0.0,13.0,0.0,11.0,132.0,,11,research
NCO,KT3AB,NCOKT3AB,TOSHIBA,88900015,525/242/22,200,,2021-09-19,2021-10-23,4110,13239,93.0,1.0,14.0,0.0,0.0,0.0,0.0,1.0,0.0,16.0,,13,ย้ายมาจาก MM3-KT3AB ก่อนนำเข้าใช้งาน
NCO,KT3AB,NCOKT3AB,TOSHIBA,88900015,525/242/22,200,,2021-11-28,2021-12-06,7440,21310,1307.0,27.0,2.0,1.0,0.0,0.0,1.0,0.0,0.0,31.0,,11,
NCO,KT3AB,NCOKT3AB,TOSHIBA,88900015,525/242/22,200,,2022-05-29,2022-06-04,11292,48199,1902.0,50.0,4.0,4.0,0.0,3.0,3.0,1.0,1.0,66.0,63,18,
NCO,KT3AB,NCOKT3AB,TOSHIBA,88900015,525/242/22,200,,2022-11-17,2022-11-20,14465,29244,2479.0,91.0,8.0,6.0,0.0,3.0,7.0,0.0,0.0,115.0,62,20,
NCO,KT3AB,NCOKT3AB,TOSHIBA,88900015,525/242/22,200,,2023-11-24,2023-12-25,16609,29471,2064.0,72.0,5.0,10.0,0.0,3.0,9.0,7.0,5.0,111.0,50,25,
NCO,KT3AC,NCOKT3AC,TOSHIBA,88900016,525/242/22,200,,2019-02-24,2019-03-22,10200,44839,3145.0,356.0,7.0,31.0,0.0,8.0,28.0,0.0,0.0,430.0,48,15,-
NCO,KT3AC,NCOKT3AC,TOSHIBA,88900016,525/242/22,200,,2019-04-21,2019-05-16,7798,46825,3554.0,399.0,8.0,36.0,0.0,9.0,29.0,0.0,0.0,481.0,51,16,-
NCO,KT3AC,NCOKT3AC,TOSHIBA,88900016,525/242/22,200,,2019-10-10,2019-10-20,5784,46912,1668.0,46.0,10.0,29.0,0.0,2.0,22.0,0.0,0.0,109.0,30,15,-
NCO,KT3AC,NCOKT3AC,TOSHIBA,88900016,525/242/22,200,,2020-02-27,2020-03-21,27563,65336,2457.0,68.0,9.0,26.0,0.0,0.0,29.0,0.0,18.0,150.0,32,12,ทดสอบก่อนรื้อและ OVERHAUL
NCO,KT3AC,NCOKT3AC,TOSHIBA,88900016,525/242/22,200,,2021-02-02,2021-02-13,15541,55757,1646.0,119.0,21.0,19.0,0.0,0.0,15.0,0.0,9.0,183.0,,12,research
NCO,KT3AC,NCOKT3AC,TOSHIBA,88900016,525/242/22,200,,2021-09-19,2021-10-23,10382,20244,116.0,1.0,0.0,0.0,0.0,0.0,0.0,0.0,0.0,1.0,,16,"ย้ายมาจาก MM3-KT3AC
ย้ายมาจาก MM3-KT3AC ก่อนนำเข้าใช้งาน"
NCO,KT3AC,NCOKT3AC,TOSHIBA,88900016,525/242/22,200,,2021-11-28,2021-12-06,12000,30440,1396.0,17.0,0.0,2.0,0.0,0.0,0.0,0.0,0.0,19.0,,17,
NCO,KT3AC,NCOKT3AC,TOSHIBA,88900016,525/242/22,200,,2022-05-29,2022-06-04,6471,24070,2245.0,61.0,6.0,6.0,0.0,4.0,4.0,1.0,2.0,84.0,62,17,
NCO,KT3AC,NCOKT3AC,TOSHIBA,88900016,525/242/22,200,,2022-11-17,2022-11-25,9800,30744,2634.0,68.0,6.0,8.0,0.0,7.0,6.0,7.0,4.0,106.0,62,22,
NCO,KT3AC,NCOKT3AC,TOSHIBA,88900016,525/242/22,200,,2023-11-24,2023-12-25,12268,38594,2343.0,70.0,6.0,13.0,0.0,3.0,10.0,5.0,5.0,112.0,50,11,
NCO,KT4A,NCOKT4A,MITSUBISHI,9711290104,230/115/22,200,2013.0,2019-06-03,2019-06-30,9311,44944,3286.0,216.0,3.0,19.0,0.0,1.0,8.0,0.0,4.0,251.0,67,13,-
NCO,KT4A,NCOKT4A,MITSUBISHI,9711290104,230/115/22,200,2013.0,2019-11-18,2019-11-29,3621,53534,3737.0,239.0,11.0,32.0,0.0,0.0,13.0,0.0,5.0,300.0,72,61,-
NCO,KT4A,NCOKT4A,MITSUBISHI,9711290104,230/115/22,200,2013.0,2020-03-23,2020-03-24,4741,48300,4652.0,224.0,8.0,28.0,0.0,0.0,12.0,0.0,5.0,267.0,72,13,Trip ด้วย OC-G(51G) เนื่องจากมี Fault ที่ PEA
NCO,KT4A,NCOKT4A,MITSUBISHI,9711290104,230/115/22,200,2013.0,2020-05-16,2020-05-30,3312,51234,4199.0,201.0,10.0,48.0,0.0,0.0,17.0,0.0,10.0,286.0,64,16,
NCO,KT4A,NCOKT4A,MITSUBISHI,9711290104,230/115/22,200,2013.0,2020-11-24,2020-12-21,7004,65032,4735.0,227.0,31.0,32.0,0.0,0.0,12.0,0.0,7.0,309.0,70,11,
NCO,KT4A,NCOKT4A,MITSUBISHI,9711290104,230/115/22,200,2013.0,2021-05-29,2021-07-19,12779,37323,2852.0,178.0,10.0,21.0,0.0,0.0,22.0,0.0,0.0,231.0,68,20,
NCO,KT4A,NCOKT4A,MITSUBISHI,9711290104,230/115/22,200,2013.0,2021-11-28,2021-12-06,6960,41270,5058.0,165.0,2.0,32.0,0.0,0.0,13.0,0.0,8.0,220.0,,8,
NCO,KT4A,NCOKT4A,MITSUBISHI,9711290104,230/115/22,200,2013.0,2022-05-29,2022-06-04,7849,55608,7183.0,296.0,4.0,37.0,0.0,2.0,17.0,5.0,8.0,369.0,64,10,
NCO,KT4A,NCOKT4A,MITSUBISHI,9711290104,230/115/22,200,2013.0,2022-11-17,2022-11-25,16642,68483,6496.0,272.0,1.0,22.0,0.0,1.0,16.0,3.0,8.0,323.0,66,7,
NCO,KT4A,NCOKT4A,MITSUBISHI,9711290104,230/115/22,200,2013.0,2023-11-24,2023-12-25,9435,38657,5614.0,204.0,4.0,38.0,0.0,0.0,21.0,2.0,13.0,282.0,50,11,
NCO,KT4A,NCOKT4A,MITSUBISHI,9711290104,230/115/22,200,2013.0,2024-04-17,2024-04-17,7126,55793,3693.0,261.0,7.0,59.0,0.0,0.0,64.0,0.0,12.0,403.0,0,5,
NCO,KT5A,NCOKT5A,JEUMONT,95399,230/115/22,200,2007.0,2019-06-03,2019-06-30,8191,44163,4826.0,365.0,16.0,75.0,0.0,4.0,67.0,0.0,40.0,567.0,66,10,-
NCO,KT5A,NCOKT5A,JEUMONT,95399,230/115/22,200,2007.0,2019-11-18,2019-11-29,7904,40776,5276.0,394.0,20.0,92.0,0.0,6.0,98.0,24.0,73.0,707.0,58,9,-
NCO,KT5A,NCOKT5A,JEUMONT,95399,230/115/22,200,2007.0,2020-05-16,2020-05-29,9504,37732,3533.0,208.0,26.0,88.0,0.0,8.0,91.0,30.0,77.0,528.0,62,15,
NCO,KT5A,NCOKT5A,JEUMONT,95399,230/115/22,200,2007.0,2020-11-24,2020-12-20,5574,50598,5138.0,449.0,44.0,94.0,0.0,4.0,88.0,25.0,67.0,771.0,63,10,
NCO,KT5A,NCOKT5A,JEUMONT,95399,230/115/22,200,2007.0,2021-05-29,2021-07-19,6308,27149,2740.0,372.0,18.0,0.0,0.0,0.0,0.0,0.0,0.0,390.0,63,19,
NCO,KT5A,NCOKT5A,JEUMONT,95399,230/115/22,200,2007.0,2021-11-28,2021-12-06,4140,29880,7526.0,358.0,10.0,104.0,0.0,0.0,101.0,27.0,80.0,680.0,,5,
NCO,KT5A,NCOKT5A,JEUMONT,95399,230/115/22,200,2007.0,2022-05-29,2022-06-04,4732,40217,10176.0,474.0,17.0,184.0,0.0,19.0,119.0,44.0,78.0,935.0,60,9,
NCO,KT5A,NCOKT5A,JEUMONT,95399,230/115/22,200,2007.0,2022-11-17,2022-11-25,8075,46472,9262.0,492.0,18.0,111.0,0.0,18.0,122.0,14.0,78.0,853.0,61,8,
NCO,KT5A,NCOKT5A,JEUMONT,95399,230/115/22,200,2007.0,2023-11-24,2023-12-29,6476,37838,9368.0,498.0,40.0,112.0,0.0,16.0,140.0,18.0,69.0,893.0,50,11,
NCO,KT6A,NCOKT6A,JEUMONT,95400,230/115/22,200,2007.0,2019-06-03,2019-06-29,6444,48800,3269.0,497.0,5.0,48.0,0.0,2.0,42.0,0.0,20.0,614.0,73,17,-
NCO,KT6A,NCOKT6A,JEUMONT,95400,230/115/22,200,2007.0,2019-11-18,2019-11-29,2483,66751,3538.0,537.0,27.0,46.0,0.0,2.0,40.0,24.0,42.0,718.0,62,10,-
NCO,KT6A,NCOKT6A,JEUMONT,95400,230/115/22,200,2007.0,2020-05-16,2020-05-29,5422,60541,2436.0,612.0,36.0,88.0,0.0,2.0,50.0,39.0,55.0,882.0,62,12,
NCO,KT6A,NCOKT6A,JEUMONT,95400,230/115/22,200,2007.0,2020-11-24,2020-12-20,6465,62921,2713.0,681.0,45.0,22.0,0.0,0.0,31.0,0.0,36.0,815.0,65,14,
NCO,KT6A,NCOKT6A,JEUMONT,95400,230/115/22,200,2007.0,2021-05-29,2021-07-19,6603,53386,4790.0,652.0,17.0,34.0,0.0,6.0,38.0,0.0,7.0,754.0,66,16,
NCO,KT6A,NCOKT6A,JEUMONT,95400,230/115/22,200,2007.0,2021-11-28,2021-12-06,1930,51980,7422.0,668.0,22.0,80.0,0.0,0.0,43.0,28.0,47.0,888.0,,8,
NCO,KT6A,NCOKT6A,JEUMONT,95400,230/115/22,200,2007.0,2022-05-29,2022-06-04,4008,68412,9225.0,1069.0,24.0,70.0,0.0,5.0,45.0,26.0,40.0,1279.0,58,8,
NCO,KT6A,NCOKT6A,JEUMONT,95400,230/115/22,200,2007.0,2022-10-04,2022-10-04,3912,65038,8833.0,759.0,10.0,48.0,0.0,4.0,37.0,15.0,37.0,910.0,,5,Tx. Trip Oil flow relay operated.
NCO,KT6A,NCOKT6A,JEUMONT,95400,230/115/22,200,2007.0,2022-11-17,2022-11-20,19670,62987,9629.0,785.0,14.0,34.0,0.0,3.0,42.0,10.0,27.0,915.0,62,13,
NCO,KT6A,NCOKT6A,JEUMONT,95400,230/115/22,200,2007.0,2023-11-24,2023-12-25,9634,38012,7285.0,605.0,15.0,41.0,0.0,1.0,33.0,18.0,41.0,754.0,54,9,
NCO,KT7A,NCOKT7A,ABB,508033,230,200,,2023-12-03,2023-12-22,8701,15393,82.0,3.0,3.0,0.0,0.0,0.0,0.0,0.0,0.0,6.0,34,5,
NCS,KT1A,NCSKT1A,OSAKA,5BA159012,115/22,25,1990.0,2019-03-11,2019-06-21,11360,40444,6040.0,684.0,16.0,58.0,0.0,9.0,108.0,0.0,60.0,935.0,68,37,-
NCS,KT1A,NCSKT1A,OSAKA,5BA159012,115/22,25,1990.0,2021-05-14,2021-07-11,12123,54954,9499.0,787.0,63.0,54.0,0.0,3.0,72.0,2.0,43.0,1024.0,55,18,
NCS,KT1A,NCSKT1A,OSAKA,5BA159012,115/22,25,1990.0,2023-06-18,2023-06-23,7005,47198,7535.0,614.0,19.0,84.0,0.0,5.0,94.0,3.0,55.0,874.0,52,10,
NCS,KT1A,NCSKT1A,OSAKA,5BA159012,115/22,25,1990.0,2024-05-10,2024-05-17,26951,67523,7384.0,636.0,6.0,56.0,0.0,8.0,109.0,5.0,50.0,870.0,52,7,
NCS,KT2A,NCSKT2A,OSAKA,5BA159007,115/22,25,1990.0,2019-03-11,2019-06-21,7581,43692,5430.0,484.0,23.0,124.0,0.0,76.0,130.0,0.0,85.0,922.0,68,28,-
NCS,KT2A,NCSKT2A,OSAKA,5BA159007,115/22,25,1990.0,2021-05-14,2021-07-11,8258,53482,8282.0,623.0,43.0,103.0,0.0,41.0,104.0,19.0,63.0,996.0,55,20,
NCS,KT2A,NCSKT2A,OSAKA,5BA159007,115/22,25,1990.0,2023-06-18,2023-06-23,8000,48222,5751.0,480.0,19.0,142.0,0.0,72.0,127.0,15.0,56.0,911.0,54,9,
NCS,KT2A,NCSKT2A,OSAKA,5BA159007,115/22,25,1990.0,2024-05-10,2024-05-17,22885,69611,5367.0,437.0,8.0,121.0,0.0,98.0,153.0,23.0,56.0,896.0,55,8,
NCS,KT3A,NCSKT3A,MEIDEN,8R9763T1,115/22,50,1990.0,2021-05-19,2021-07-11,4551,64418,2393.0,206.0,9.0,157.0,0.0,12.0,947.0,0.0,574.0,1905.0,31,31,
NCS,KT3A,NCSKT3A,MEIDEN,8R9763T1,115/22,50,1990.0,2021-07-16,2021-07-16,3806,72368,2518.0,214.0,12.0,276.0,0.0,15.0,1085.0,0.0,666.0,2268.0,39,13,หม้อแปลง Trip ด้วย Differential Relay.
NCS,KT3A,NCSKT3A,MEIDEN,8R9763T1,115/22,50,1990.0,2022-05-13,2022-05-20,10022,63975,2446.0,209.0,6.0,250.0,0.0,14.0,1033.0,0.0,630.0,2142.0,57,9,
NCS,KT3A,NCSKT3A,MEIDEN,8R9763T1,115/22,50,1990.0,2023-06-18,2023-06-24,15736,75737,2643.0,232.0,4.0,205.0,0.0,14.0,850.0,0.0,558.0,1863.0,52,7,
NCS,KT3A,NCSKT3A,MEIDEN,8R9763T1,115/22,50,1990.0,2024-05-10,2024-05-17,22654,88612,2307.0,219.0,2.0,191.0,0.0,26.0,985.0,0.0,612.0,2035.0,55,8,
NCS,KT4A,NCSKT4A,MEIDEN,8R9911T8,115/22,50,1990.0,2021-05-15,2021-07-11,7020,54196,1616.0,174.0,32.0,46.0,0.0,5.0,291.0,0.0,173.0,721.0,54,22,
NCS,KT4A,NCSKT4A,MEIDEN,8R9911T8,115/22,50,1990.0,2023-06-18,2023-06-23,5185,49423,1971.0,143.0,36.0,70.0,0.0,4.0,295.0,23.0,255.0,826.0,55,7,
NCS,KT4A,NCSKT4A,MEIDEN,8R9911T8,115/22,50,1990.0,2024-05-10,2024-05-17,26038,72108,1931.0,149.0,5.0,67.0,0.0,9.0,337.0,9.0,216.0,792.0,60,6,
NCS,KT5A,NCSKT5A,ABB,8329837,230/115,300,,2021-08-10,2021-09-03,21849,64719,731.0,69.0,10.0,1.0,0.0,0.0,0.0,0.0,0.0,80.0,,22,FIRST ENERGIZED
NCS,KT5A,NCSKT5A,ABB,8329837,230/115,300,,2021-09-19,2021-11-03,14153,27543,1298.0,171.0,18.0,0.0,0.0,0.0,0.0,0.0,0.0,189.0,78,14,
NCS,KT5A,NCSKT5A,ABB,8329837,230/115,300,,2022-05-13,2022-05-20,6409,22121,2244.0,343.0,17.0,3.0,0.0,1.0,12.0,0.0,3.0,379.0,66,9,
NCS,KT5A,NCSKT5A,ABB,8329837,230/115,300,,2022-11-10,2022-11-18,10492,31729,2640.0,454.0,5.0,6.0,0.0,0.0,2.0,2.0,3.0,472.0,53,9,
NCS,KT5A,NCSKT5A,ABB,8329837,230/115,300,,2023-06-18,2023-06-23,4519,22691,3196.0,503.0,11.0,15.0,0.0,0.0,1.0,4.0,2.0,536.0,72,7,
NCS,KT5A,NCSKT5A,ABB,8329837,230/115,300,,2023-11-19,2023-12-29,9630,28968,3756.0,543.0,19.0,6.0,0.0,1.0,8.0,0.0,12.0,589.0,57,13,
NCS,KT5A,NCSKT5A,ABB,8329837,230/115,300,,2024-05-10,2024-05-17,9467,32735,3764.0,697.0,21.0,14.0,0.0,2.0,0.0,11.0,18.0,763.0,65,6,
NCS,KT6A,NCSKT6A,ABB,8329836,230/115,300,,2021-08-10,2021-09-03,11905,34059,672.0,92.0,10.0,3.0,0.0,0.0,0.0,1.0,1.0,107.0,,23,FIRST ENERGIZED
NCS,KT6A,NCSKT6A,ABB,8329836,230/115,300,,2021-09-19,2021-11-03,17744,30901,1008.0,151.0,11.0,0.0,0.0,0.0,18.0,0.0,0.0,180.0,72,23,
NCS,KT6A,NCSKT6A,ABB,8329836,230/115,300,,2022-05-13,2022-05-20,4720,18774,2129.0,419.0,15.0,2.0,0.0,0.0,6.0,0.0,0.0,442.0,64,9,
NCS,KT6A,NCSKT6A,ABB,8329836,230/115,300,,2022-11-10,2022-11-18,10699,30968,2420.0,485.0,7.0,5.0,0.0,0.0,1.0,1.0,1.0,500.0,49,5,
NCS,KT6A,NCSKT6A,ABB,8329836,230/115,300,,2023-06-18,2023-06-23,5530,24149,2686.0,411.0,14.0,3.0,0.0,0.0,1.0,4.0,1.0,434.0,65,9,
NCS,KT6A,NCSKT6A,ABB,8329836,230/115,300,,2023-11-19,2023-12-29,6830,26803,3775.0,536.0,24.0,6.0,0.0,1.0,4.0,3.0,6.0,580.0,50,8,
NCS,KT6A,NCSKT6A,ABB,8329836,230/115,300,,2024-05-10,2024-05-17,34852,72816,3203.0,524.0,3.0,7.0,0.0,1.0,3.0,2.0,10.0,550.0,64,8,
NCS,KT7A,NCSKT7A,ABB,8329835,230/115,300,2018.0,2021-09-19,2021-11-03,17910,36960,193.0,11.0,5.0,0.0,0.0,0.0,19.0,0.0,0.0,35.0,37,20,
NCS,KT7A,NCSKT7A,ABB,8329835,230/115,300,2018.0,2021-10-04,2021-10-31,7448,25432,141.0,4.0,27.0,0.0,0.0,0.0,3.0,1.0,6.0,41.0,60,6,
NCS,KT7A,NCSKT7A,ABB,8329835,230/115,300,2018.0,2021-11-07,2021-11-09,9619,26598,581.0,36.0,25.0,0.0,0.0,0.0,0.0,0.0,0.0,61.0,70,11,ตามผล 1 เดือนหลังตกกระแทก
NCS,KT7A,NCSKT7A,ABB,8329835,230/115,300,2018.0,2021-12-20,2021-12-25,3398,10288,642.0,16.0,23.0,1.0,0.0,0.0,1.0,0.0,0.0,41.0,70,13,ตามผล 3 เดือนหลังตกกระแทก
NCS,KT7A,NCSKT7A,ABB,8329835,230/115,300,2018.0,2022-05-13,2022-05-20,4573,11172,1357.0,142.0,18.0,2.0,0.0,0.0,0.0,0.0,0.0,162.0,68,11,
NCS,KT7A,NCSKT7A,ABB,8329835,230/115,300,2018.0,2022-10-02,2022-10-03,4373,11450,1665.0,201.0,15.0,67.0,0.0,0.0,0.0,0.0,0.0,283.0,65,9,ติดตามผลหม้อแปลงตกกระแทกระหว่างติดตั้ง
NCS,KT7A,NCSKT7A,ABB,8329835,230/115,300,2018.0,2022-11-10,2022-11-18,4012,14889,1696.0,202.0,13.0,3.0,0.0,0.0,3.0,3.0,2.0,226.0,53,5,
NCS,KT7A,NCSKT7A,ABB,8329835,230/115,300,2018.0,2023-06-18,2023-06-23,7164,41240,2006.0,274.0,11.0,3.0,0.0,0.0,0.0,0.0,1.0,289.0,72,7,
NCS,KT7A,NCSKT7A,ABB,8329835,230/115,300,2018.0,2023-11-19,2023-12-29,13693,28021,2624.0,301.0,21.0,4.0,0.0,0.0,2.0,0.0,4.0,332.0,58,10,
NCS,KT7A,NCSKT7A,ABB,8329835,230/115,300,2018.0,2024-05-10,2024-05-17,26507,61397,2209.0,302.0,5.0,6.0,0.0,0.0,1.0,2.0,12.0,328.0,70,4,
NH,KT1A,NHKT1A,MITSUBISHI,574410,115/22,25,,2019-02-04,2019-05-12,7130,46729,2376.0,77.0,19.0,47.0,0.0,6.0,193.0,0.0,79.0,421.0,58,20,-
NH,KT1A,NHKT1A,MITSUBISHI,574410,115/22,25,,2020-04-07,2020-05-08,7341,41175,2858.0,108.0,48.0,81.0,0.0,43.0,331.0,28.0,188.0,827.0,54,23,
NH,KT1A,NHKT1A,MITSUBISHI,574410,115/22,25,,2021-02-12,2021-05-24,6235,52008,5764.0,111.0,56.0,86.0,0.0,2.0,235.0,12.0,155.0,657.0,56,23,
NH,KT1A,NHKT1A,MITSUBISHI,574410,115/22,25,,2022-01-18,2022-02-06,5704,56742,3827.0,75.0,40.0,50.0,0.0,2.0,212.0,24.0,138.0,541.0,49,13,
NH,KT1A,NHKT1A,MITSUBISHI,574410,115/22,25,,2023-01-18,2023-02-04,2435,52528,3875.0,82.0,33.0,66.0,0.0,5.0,248.0,8.0,125.0,567.0,48,13,
NH,KT1A,NHKT1A,MITSUBISHI,574410,115/22,25,,2024-01-17,2024-02-10,8963,56890,3013.0,112.0,38.0,77.0,0.0,11.0,295.0,11.0,136.0,680.0,53,12,
NH,KT2A,NHKT2A,DAIHEN,EDP011903,115/22,50,2012.0,2019-02-04,2019-05-12,12576,47181,1346.0,711.0,21.0,4.0,0.0,4.0,1.0,4.0,1.0,746.0,49,21,-
NH,KT2A,NHKT2A,DAIHEN,EDP011903,115/22,50,2012.0,2020-04-07,2020-05-15,13085,65064,1878.0,1049.0,37.0,3.0,0.0,1.0,1.0,3.0,4.0,1098.0,40,16,
NH,KT2A,NHKT2A,DAIHEN,EDP011903,115/22,50,2012.0,2021-02-12,2021-05-24,13311,52557,3843.0,945.0,46.0,5.0,0.0,5.0,2.0,12.0,6.0,1021.0,48,19,
NH,KT2A,NHKT2A,DAIHEN,EDP011903,115/22,50,2012.0,2022-01-18,2022-02-07,13207,61135,2138.0,605.0,27.0,2.0,0.0,3.0,1.0,8.0,3.0,649.0,42,14,
NH,KT2A,NHKT2A,DAIHEN,EDP011903,115/22,50,2012.0,2023-01-18,2023-02-04,12744,66861,2327.0,966.0,30.0,7.0,0.0,12.0,1.0,5.0,3.0,1024.0,47,10,
NH,KT2A,NHKT2A,DAIHEN,EDP011903,115/22,50,2012.0,2024-01-17,2024-02-11,16814,63924,2107.0,873.0,33.0,4.0,0.0,13.0,2.0,4.0,6.0,935.0,41,13,
NK,KT1A,NKKT1A,ABB,56041,115/22/11,50,2011.0,2019-02-07,2019-05-12,19733,55538,1422.0,512.0,2.0,3.0,0.0,4.0,0.0,1.0,0.0,522.0,45,27,-
NK,KT1A,NKKT1A,ABB,56041,115/22/11,50,2011.0,2020-04-08,2020-05-17,20816,58274,2129.0,869.0,7.0,4.0,0.0,4.0,1.0,0.0,0.0,885.0,45,17,
NK,KT1A,NKKT1A,ABB,56041,115/22/11,50,2011.0,2021-02-08,2021-05-25,23004,63186,4740.0,1419.0,13.0,5.0,0.0,7.0,0.0,0.0,0.0,1444.0,42,14,
NK,KT1A,NKKT1A,ABB,56041,115/22/11,50,2011.0,2022-01-21,2022-02-06,18814,73476,3142.0,650.0,5.0,2.0,0.0,4.0,1.0,8.0,1.0,671.0,42,11,
NK,KT1A,NKKT1A,ABB,56041,115/22/11,50,2011.0,2023-01-19,2023-02-03,17614,65712,2834.0,528.0,4.0,3.0,0.0,6.0,1.0,9.0,0.0,551.0,32,10,
NK,KT1A,NKKT1A,ABB,56041,115/22/11,50,2011.0,2024-01-18,2024-02-11,28549,72653,2574.0,723.0,13.0,5.0,0.0,17.0,1.0,2.0,1.0,762.0,38,9,
NK,KT2A,NKKT2A,ABB,56042,115/22/11,50,2011.0,2019-02-07,2019-05-10,17907,43339,1358.0,253.0,2.0,2.0,0.0,5.0,0.0,1.0,0.0,263.0,46,24,-
NK,KT2A,NKKT2A,ABB,56042,115/22/11,50,2011.0,2020-04-08,2020-05-08,10685,41041,2732.0,106.0,75.0,75.0,0.0,38.0,311.0,25.0,173.0,803.0,45,11,
NK,KT2A,NKKT2A,ABB,56042,115/22/11,50,2011.0,2021-02-08,2021-06-14,7400,46280,1712.0,259.0,28.0,1.0,0.0,4.0,0.0,0.0,0.0,292.0,46,6,
NK,KT2A,NKKT2A,ABB,56042,115/22/11,50,2011.0,2022-01-21,2022-02-06,24672,78647,2519.0,421.0,4.0,2.0,0.0,5.0,0.0,11.0,0.0,443.0,45,10,
NK,KT2A,NKKT2A,ABB,56042,115/22/11,50,2011.0,2023-01-09,2023-02-03,22263,67614,2250.0,319.0,3.0,2.0,0.0,8.0,1.0,10.0,1.0,344.0,36,11,
NK,KT2A,NKKT2A,ABB,56042,115/22/11,50,2011.0,2024-01-18,2024-02-11,31948,73698,1650.0,578.0,9.0,3.0,0.0,19.0,1.0,1.0,0.0,611.0,41,9,
NN,KT1A,NNKT1A,FUJI,AG69095T421,115/22,25,1997.0,2019-02-09,2019-05-10,7064,24955,634.0,75.0,20.0,0.0,0.0,0.0,15.0,0.0,10.0,120.0,52,18,-
NN,KT1A,NNKT1A,FUJI,AG69095T421,115/22,25,1997.0,2020-03-13,2020-05-15,11972,39594,544.0,40.0,3.0,15.0,0.0,1.0,14.0,0.0,9.0,82.0,,16,research
NN,KT1A,NNKT1A,FUJI,AG69095T421,115/22,25,1997.0,2020-04-11,2020-05-24,9591,23947,565.0,64.0,20.0,0.0,0.0,0.0,16.0,0.0,0.0,100.0,55,20,
NN,KT1A,NNKT1A,FUJI,AG69095T421,115/22,25,1997.0,2021-02-10,2021-05-27,12582,45313,1410.0,137.0,19.0,12.0,0.0,2.0,22.0,0.0,13.0,205.0,53,22,
NN,KT1A,NNKT1A,FUJI,AG69095T421,115/22,25,1997.0,2022-01-23,2022-02-05,4631,28647,731.0,51.0,15.0,10.0,0.0,1.0,20.0,0.0,15.0,112.0,48,11,
NN,KT1A,NNKT1A,FUJI,AG69095T421,115/22,25,1997.0,2023-01-21,2023-02-02,5778,27129,796.0,80.0,10.0,13.0,0.0,1.0,29.0,0.0,16.0,149.0,50,18,
NN,KT1A,NNKT1A,FUJI,AG69095T421,115/22,25,1997.0,2024-01-20,2024-02-10,4740,9510,795.0,85.0,15.0,14.0,0.0,13.0,27.0,13.0,8.0,175.0,48,7,
NN,KT2A,NNKT2A,FUJI,AG69095T434,115/22,25,1998.0,2019-02-09,2019-05-12,10123,32638,829.0,76.0,35.0,25.0,0.0,4.0,67.0,0.0,18.0,225.0,53,26,-
NN,KT2A,NNKT2A,FUJI,AG69095T434,115/22,25,1998.0,2020-04-11,2020-05-24,10458,26705,887.0,78.0,24.0,27.0,0.0,6.0,64.0,0.0,23.0,222.0,55,34,
NN,KT2A,NNKT2A,FUJI,AG69095T434,115/22,25,1998.0,2021-02-10,2021-05-24,10144,44244,1955.0,150.0,30.0,38.0,0.0,6.0,94.0,0.0,41.0,359.0,52,28,
NN,KT2A,NNKT2A,FUJI,AG69095T434,115/22,25,1998.0,2022-01-23,2022-02-06,4334,31797,2151.0,186.0,53.0,18.0,0.0,7.0,115.0,0.0,66.0,445.0,48,16,
NN,KT2A,NNKT2A,FUJI,AG69095T434,115/22,25,1998.0,2023-01-21,2023-02-03,2971,32305,1641.0,111.0,25.0,36.0,0.0,4.0,93.0,29.0,46.0,344.0,49,15,
NN,KT2A,NNKT2A,FUJI,AG69095T434,115/22,25,1998.0,2024-01-20,2024-02-10,5690,26820,1902.0,118.0,34.0,66.0,0.0,12.0,164.0,91.0,88.0,573.0,47,17,
NN,KT4A,NNKT4A,MITSUBISHI,9711290102,230/22,200,2012.0,2019-02-09,2019-05-12,10720,49705,2034.0,272.0,3.0,8.0,0.0,0.0,2.0,0.0,1.0,286.0,63,25,-
NN,KT4A,NNKT4A,MITSUBISHI,9711290102,230/22,200,2012.0,2019-08-31,2019-09-28,5295,40678,1864.0,365.0,4.0,11.0,0.0,0.0,4.0,0.0,2.0,386.0,57,13,-
NN,KT4A,NNKT4A,MITSUBISHI,9711290102,230/22,200,2012.0,2020-04-11,2020-05-24,7478,35102,2109.0,234.0,10.0,0.0,0.0,0.0,0.0,0.0,0.0,244.0,61,16,
NN,KT4A,NNKT4A,MITSUBISHI,9711290102,230/22,200,2012.0,2020-07-05,2020-08-15,17920,63910,1098.0,36.0,28.0,0.0,0.0,0.0,2.0,191.0,1.0,258.0,57,23,
NN,KT4A,NNKT4A,MITSUBISHI,9711290102,230/22,200,2012.0,2021-02-10,2021-05-24,10831,61932,3893.0,182.0,23.0,27.0,0.0,0.0,5.0,0.0,5.0,242.0,56,17,
NN,KT4A,NNKT4A,MITSUBISHI,9711290102,230/22,200,2012.0,2022-01-23,2022-02-05,5314,42527,2805.0,222.0,2.0,7.0,0.0,0.0,3.0,0.0,2.0,236.0,40,8,
NN,KT4A,NNKT4A,MITSUBISHI,9711290102,230/22,200,2012.0,2022-07-28,2022-08-21,5040,52114,2993.0,294.0,3.0,10.0,0.0,0.0,3.0,0.0,2.0,312.0,58,14,
NN,KT4A,NNKT4A,MITSUBISHI,9711290102,230/22,200,2012.0,2023-01-21,2023-02-04,3105,43562,2765.0,251.0,2.0,25.0,0.0,4.0,4.0,2.0,2.0,290.0,48,7,
NN,KT4A,NNKT4A,MITSUBISHI,9711290102,230/22,200,2012.0,2023-07-13,2023-08-04,8914,36137,2824.0,258.0,1.0,21.0,0.0,2.0,4.0,1.0,2.0,289.0,62,12,
NN,KT4A,NNKT4A,MITSUBISHI,9711290102,230/22,200,2012.0,2024-01-20,2024-02-10,5240,36160,2969.0,278.0,5.0,27.0,0.0,37.0,13.0,3.0,2.0,365.0,49,8,
NN,KT5A,NNKT5A,DAIHEN,5BK014201,230/121/22,200,2010.0,2019-02-10,2019-05-12,9938,26318,857.0,193.0,18.0,6.0,0.0,0.0,0.0,0.0,0.0,217.0,42,24,-
NN,KT5A,NNKT5A,DAIHEN,5BK014201,230/121/22,200,2010.0,2020-04-11,2020-05-24,11366,47034,997.0,201.0,12.0,0.0,0.0,0.0,0.0,0.0,0.0,213.0,49,19,ย้ายมาจาก SO2-KT1A
NN,KT5A,NNKT5A,DAIHEN,5BK014201,230/121/22,200,2010.0,2020-07-05,2020-08-15,20470,147810,1060.0,89.0,20.0,0.0,0.0,0.0,0.0,0.0,0.0,109.0,45,16,
NN,KT5A,NNKT5A,DAIHEN,5BK014201,230/121/22,200,2010.0,2021-02-10,2021-05-24,13485,51229,2287.0,459.0,32.0,2.0,0.0,1.0,1.0,1.0,2.0,498.0,48,26,
NN,KT5A,NNKT5A,DAIHEN,5BK014201,230/121/22,200,2010.0,2021-09-04,2021-11-06,9555,47333,1475.0,540.0,18.0,0.0,0.0,0.0,0.0,0.0,0.0,558.0,45,15,
NN,KT5A,NNKT5A,DAIHEN,5BK014201,230/121/22,200,2010.0,2022-01-23,2022-02-07,12301,59672,1097.0,192.0,1.0,1.0,0.0,0.0,1.0,0.0,1.0,196.0,43,5,
NN,KT5A,NNKT5A,DAIHEN,5BK014201,230/121/22,200,2010.0,2022-07-28,2022-08-19,2503,59641,1618.0,742.0,3.0,2.0,0.0,2.0,1.0,0.0,0.0,750.0,46,13,
NN,KT5A,NNKT5A,DAIHEN,5BK014201,230/121/22,200,2010.0,2023-01-21,2023-02-02,9082,52147,1830.0,695.0,4.0,2.0,0.0,1.0,1.0,0.0,1.0,704.0,42,7,
NN,KT5A,NNKT5A,DAIHEN,5BK014201,230/121/22,200,2010.0,2023-07-13,2023-08-04,10395,40662,1904.0,718.0,2.0,3.0,0.0,1.0,1.0,0.0,3.0,728.0,51,7,
NN,KT5A,NNKT5A,DAIHEN,5BK014201,230/121/22,200,2010.0,2024-01-20,2024-02-11,39430,45350,1903.0,761.0,2.0,7.0,0.0,4.0,2.0,3.0,1.0,780.0,42,15,
NPO1,KT1A,NPO1KT1A,FUJI,AN69051T11,115/22,25,1998.0,2020-05-03,2020-06-01,5442,31004,425.0,55.0,28.0,39.0,0.0,1.0,87.0,8.0,52.0,270.0,52,18,
NPO1,KT1A,NPO1KT1A,FUJI,AN69051T11,115/22,25,1998.0,2020-10-04,2020-10-27,5109,30960,684.0,81.0,3.0,13.0,0.0,2.0,58.0,0.0,30.0,187.0,,21,research
NPO1,KT1A,NPO1KT1A,FUJI,AN69051T11,115/22,25,1998.0,2021-01-22,2021-04-24,5374,31563,691.0,76.0,36.0,17.0,0.0,2.0,54.0,3.0,39.0,227.0,50,17,
NPO1,KT1A,NPO1KT1A,FUJI,AN69051T11,115/22,25,1998.0,2022-01-28,2022-02-18,6074,33992,632.0,70.0,14.0,15.0,0.0,0.0,44.0,0.0,29.0,172.0,51,18,
NPO1,KT1A,NPO1KT1A,FUJI,AN69051T11,115/22,25,1998.0,2023-01-26,2023-02-18,10392,38063,855.0,80.0,17.0,30.0,0.0,3.0,81.0,0.0,41.0,252.0,50,8,
NPO1,KT1A,NPO1KT1A,FUJI,AN69051T11,115/22,25,1998.0,2024-01-25,2024-03-10,12098,34906,1114.0,89.0,6.0,22.0,0.0,3.0,71.0,0.0,51.0,242.0,52,20,
NPO1,KT2A,NPO1KT2A,FUJI,AN69051T12,115/22,25,1998.0,2020-05-03,2020-06-01,19012,48114,1100.0,81.0,20.0,74.0,0.0,3.0,246.0,15.0,155.0,594.0,55,18,
NPO1,KT2A,NPO1KT2A,FUJI,AN69051T12,115/22,25,1998.0,2020-10-04,2020-10-27,5910,53923,1009.0,97.0,6.0,37.0,0.0,5.0,167.0,0.0,83.0,395.0,,15,research
NPO1,KT2A,NPO1KT2A,FUJI,AN69051T12,115/22,25,1998.0,2021-01-22,2021-04-23,6444,57611,1098.0,102.0,37.0,35.0,0.0,4.0,129.0,2.0,107.0,416.0,48,29,
NPO1,KT2A,NPO1KT2A,FUJI,AN69051T12,115/22,25,1998.0,2022-01-28,2022-02-20,4902,68604,918.0,90.0,20.0,37.0,0.0,2.0,129.0,1.0,90.0,369.0,48,14,
NPO1,KT2A,NPO1KT2A,FUJI,AN69051T12,115/22,25,1998.0,2023-01-26,2023-02-13,5760,63230,912.0,78.0,36.0,49.0,0.0,3.0,161.0,17.0,109.0,453.0,54,8,
NPO1,KT2A,NPO1KT2A,FUJI,AN69051T12,115/22,25,1998.0,2024-01-25,2024-03-10,8253,43365,1007.0,80.0,7.0,42.0,0.0,5.0,190.0,47.0,154.0,525.0,50,15,
NPO2,KT1A,NPO2KT1A,DAIHEN,5BK012401,230/115,200,2004.0,2019-03-21,2019-04-21,5069,46663,1777.0,107.0,53.0,42.0,0.0,6.0,162.0,0.0,137.0,507.0,62,17,-
NPO2,KT1A,NPO2KT1A,DAIHEN,5BK012401,230/115,200,2004.0,2020-03-20,2020-05-26,7568,41047,1711.0,89.0,39.0,42.0,0.0,0.0,121.0,0.0,61.0,352.0,43,21,
NPO2,KT1A,NPO2KT1A,DAIHEN,5BK012401,230/115,200,2004.0,2020-07-13,2020-08-22,11758,53513,1689.0,70.0,34.0,35.0,0.0,2.0,98.0,0.0,70.0,309.0,49,15,
NPO2,KT1A,NPO2KT1A,DAIHEN,5BK012401,230/115,200,2004.0,2021-01-08,2021-02-05,5401,56824,2262.0,63.0,48.0,43.0,0.0,0.0,127.0,0.0,89.0,370.0,43,11,
NPO2,KT1A,NPO2KT1A,DAIHEN,5BK012401,230/115,200,2004.0,2021-04-04,2021-04-10,3435,40215,3402.0,114.0,65.0,44.0,0.0,0.0,163.0,0.0,69.0,455.0,69,7,จ่ายโหลดเกิน 100%
NPO2,KT1A,NPO2KT1A,DAIHEN,5BK012401,230/115,200,2004.0,2021-09-10,2021-11-08,17454,47897,2403.0,94.0,21.0,32.0,0.0,0.0,138.0,0.0,24.0,309.0,53,14,
NPO2,KT1A,NPO2KT1A,DAIHEN,5BK012401,230/115,200,2004.0,2022-02-25,2022-03-27,4730,56780,2671.0,93.0,84.0,44.0,0.0,0.0,135.0,2.0,93.0,451.0,55,17,
NPO2,KT1A,NPO2KT1A,DAIHEN,5BK012401,230/115,200,2004.0,2022-08-03,2022-08-14,4540,51290,2808.0,104.0,73.0,45.0,0.0,13.0,138.0,5.0,102.0,480.0,49,10,
NPO2,KT1A,NPO2KT1A,DAIHEN,5BK012401,230/115,200,2004.0,2023-02-24,2023-03-11,7441,47543,5322.0,151.0,28.0,42.0,0.0,0.0,132.0,4.0,88.0,445.0,60,8,
NPO2,KT1A,NPO2KT1A,DAIHEN,5BK012401,230/115,200,2004.0,2023-08-28,2023-10-09,12620,30000,4805.0,155.0,17.0,40.0,0.0,0.0,107.0,4.0,79.0,402.0,56,11,
NPO2,KT1A,NPO2KT1A,DAIHEN,5BK012401,230/115,200,2004.0,2024-03-09,2024-04-08,2662,28765,3594.0,127.0,27.0,41.0,0.0,57.0,107.0,0.0,81.0,440.0,68,10,
NPO2,KT2A,NPO2KT2A,DAIHEN,5BK012402,230/115,200,2004.0,2019-03-21,2019-04-19,3895,42098,1793.0,113.0,43.0,47.0,0.0,0.0,255.0,0.0,60.0,518.0,62,22,-
NPO2,KT2A,NPO2KT2A,DAIHEN,5BK012402,230/115,200,2004.0,2020-03-20,2020-05-26,3683,62966,1953.0,101.0,47.0,44.0,0.0,0.0,151.0,0.0,77.0,420.0,45,15,
NPO2,KT2A,NPO2KT2A,DAIHEN,5BK012402,230/115,200,2004.0,2020-07-13,2020-08-22,13029,72707,1641.0,68.0,22.0,37.0,0.0,2.0,135.0,0.0,76.0,340.0,50,17,
NPO2,KT2A,NPO2KT2A,DAIHEN,5BK012402,230/115,200,2004.0,2021-01-08,2021-02-08,6875,39988,1841.0,52.0,31.0,42.0,0.0,0.0,141.0,0.0,107.0,373.0,46,8,
NPO2,KT2A,NPO2KT2A,DAIHEN,5BK012402,230/115,200,2004.0,2021-04-04,2021-04-10,9011,62007,2152.0,102.0,51.0,77.0,0.0,1.0,162.0,0.0,96.0,489.0,60,9,จ่ายโหลดเกิน 100%
NPO2,KT2A,NPO2KT2A,DAIHEN,5BK012402,230/115,200,2004.0,2021-09-10,2021-11-11,6536,73279,3239.0,29.0,56.0,20.0,0.0,0.0,165.0,0.0,89.0,359.0,49,12,
NPO2,KT2A,NPO2KT2A,DAIHEN,5BK012402,230/115,200,2004.0,2022-02-25,2022-03-27,5410,71470,2295.0,80.0,38.0,38.0,0.0,0.0,125.0,2.0,95.0,378.0,56,15,
NPO2,KT2A,NPO2KT2A,DAIHEN,5BK012402,230/115,200,2004.0,2022-08-03,2022-08-14,4710,65780,2778.0,95.0,44.0,39.0,0.0,14.0,127.0,2.0,98.0,419.0,50,10,
NPO2,KT2A,NPO2KT2A,DAIHEN,5BK012402,230/115,200,2004.0,2023-02-24,2023-03-11,7374,55243,3836.0,119.0,15.0,35.0,0.0,0.0,117.0,5.0,87.0,378.0,62,12,
NPO2,KT2A,NPO2KT2A,DAIHEN,5BK012402,230/115,200,2004.0,2023-08-28,2023-10-09,5510,46620,3766.0,126.0,27.0,51.0,0.0,9.0,143.0,0.0,98.0,454.0,56,10,
NPO2,KT2A,NPO2KT2A,DAIHEN,5BK012402,230/115,200,2004.0,2024-03-09,2024-04-08,3324,44689,3449.0,147.0,31.0,51.0,0.0,0.0,135.0,0.0,93.0,457.0,66,7,
NPO2,KT3A,NPO2KT3A,FUJI,AG69095T131,230/115/11,200,1998.0,2019-09-22,2019-09-26,8401,25589,61.0,35.0,0.0,0.0,0.0,1.0,10.0,0.0,8.0,54.0,-,21,-
NPO2,KT3A,NPO2KT3A,FUJI,AG69095T131,230/115/11,200,1998.0,2021-06-01,2021-06-06,6280,23332,11.0,2.0,7.0,0.0,0.0,0.0,1.0,0.0,0.0,10.0,,14,ก่อนทดสอบ HV Test
NPO2,KT3A,NPO2KT3A,FUJI,AG69095T131,230/115/11,200,1998.0,2021-06-02,2021-06-06,3444,18000,12.0,3.0,7.0,0.0,0.0,0.0,1.0,0.0,0.0,11.0,,19,หลังทดสอบ HV Test ครั้งที่1
NPO2,KT3A,NPO2KT3A,FUJI,AG69095T131,230/115/11,200,1998.0,2021-06-04,2021-06-06,9166,26130,11.0,1.0,0.0,0.0,0.0,0.0,1.0,0.0,0.0,2.0,,7,หลังทดสอบ HV Test ครั้งที่2
NPO2,KT3A,NPO2KT3A,FUJI,AG69095T131,230/115/11,200,1998.0,2021-07-09,2021-07-16,6380,18979,75.0,7.0,0.0,0.0,0.0,0.0,0.0,0.0,0.0,7.0,,6,หม้อแปลงส่งซ่อมที่ บริษัท ถิรไทย จำกัด Before dielectric test.
NPO2,KT3A,NPO2KT3A,FUJI,AG69095T131,230/115/11,200,1998.0,2021-07-10,2021-07-16,6836,19002,58.0,18.0,12.0,0.0,0.0,0.0,0.0,0.0,0.0,30.0,,7,หม้อแปลงส่งซ่อมที่ บริษัท ถิรไทย จำกัด After dielectric test.
NPO2,KT3A,NPO2KT3A,FUJI,AG69095T131,230/115/11,200,1998.0,2022-02-25,2022-03-27,7980,22980,208.0,18.0,6.0,0.0,0.0,0.0,0.0,0.0,0.0,24.0,58,18,
NPO2,KT3A,NPO2KT3A,FUJI,AG69095T131,230/115/11,200,1998.0,2022-02-26,2022-03-03,6862,13492,373.0,27.0,7.0,0.0,0.0,0.0,0.0,0.0,0.0,34.0,,15,
NPO2,KT3A,NPO2KT3A,FUJI,AG69095T131,230/115/11,200,1998.0,2023-02-24,2023-03-12,20042,48745,991.0,181.0,17.0,4.0,0.0,2.0,1.0,1.0,1.0,207.0,56,11,
NPO2,KT3A,NPO2KT3A,FUJI,AG69095T131,230/115/11,200,1998.0,2023-08-17,2023-10-09,15030,26300,1122.0,187.0,22.0,30.0,0.0,6.0,3.0,14.0,1.0,263.0,58,16,
NPO2,KT3A,NPO2KT3A,FUJI,AG69095T131,230/115/11,200,1998.0,2024-03-09,2024-04-08,9390,25669,1704.0,441.0,38.0,0.0,0.0,0.0,0.0,0.0,0.0,479.0,67,11,
NP-P,KT1A,NP-PKT1A,OSAKA,5A0493001,115/22,10,1985.0,2019-07-20,2019-08-19,5289,31713,1942.0,175.0,34.0,31.0,12.0,16.0,47.0,0.0,0.0,315.0,41,19,-
NP-P,KT1A,NP-PKT1A,OSAKA,5A0493001,115/22,10,1985.0,2020-02-24,2020-03-29,6805,35716,1005.0,138.0,72.0,52.0,3.0,10.0,63.0,17.0,38.0,393.0,29,21,
NP-P,KT1A,NP-PKT1A,OSAKA,5A0493001,115/22,10,1985.0,2020-06-27,2020-08-04,3903,41565,1835.0,162.0,29.0,30.0,2.0,14.0,42.0,6.0,19.0,304.0,41,29,
NP-P,KT1A,NP-PKT1A,OSAKA,5A0493001,115/22,10,1985.0,2021-02-22,2021-05-21,7434,44723,719.0,116.0,30.0,38.0,2.0,17.0,53.0,6.0,23.0,285.0,39,29,
NP-P,KT1A,NP-PKT1A,OSAKA,5A0493001,115/22,10,1985.0,2022-01-31,2022-02-18,5294,37268,1867.0,112.0,23.0,28.0,0.0,6.0,42.0,0.0,26.0,237.0,38,13,
NP-P,KT1A,NP-PKT1A,OSAKA,5A0493001,115/22,10,1985.0,2023-01-29,2023-02-18,6600,39008,2405.0,241.0,15.0,0.0,0.0,19.0,66.0,8.0,36.0,385.0,0,15,
NP-P,KT1A,NP-PKT1A,OSAKA,5A0493001,115/22,10,1985.0,2024-01-28,2024-03-09,14411,36584,1654.0,176.0,10.0,44.0,0.0,8.0,20.0,16.0,2.0,276.0,0,19,
NP-P,KT1A,NP-PKT1A,OSAKA,5A0493001,115/22,10,1985.0,2024-05-10,2024-05-13,2870,20145,2419.0,272.0,56.0,54.0,17.0,33.0,82.0,10.0,24.0,548.0,32,12,
NP-P,KT2A,NP-PKT2A,OSAKA,3A429001,69/11/22,13,1982.0,2019-07-20,2019-08-19,6011,23641,1089.0,78.0,13.0,0.0,0.0,0.0,6.0,0.0,0.0,97.0,45,22,-
NP-P,KT2A,NP-PKT2A,OSAKA,3A429001,69/11/22,13,1982.0,2020-02-24,2020-03-29,3950,23285,734.0,73.0,44.0,12.0,0.0,0.0,6.0,0.0,4.0,139.0,30,11,
NP-P,KT2A,NP-PKT2A,OSAKA,3A429001,69/11/22,13,1982.0,2020-06-26,2020-08-04,10129,45446,1225.0,78.0,7.0,15.0,0.0,3.0,56.0,0.0,41.0,200.0,40,30,
NP-P,KT2A,NP-PKT2A,OSAKA,3A429001,69/11/22,13,1982.0,2021-02-22,2021-05-21,10536,24206,1191.0,75.0,13.0,0.0,0.0,0.0,49.0,0.0,0.0,137.0,42,30,
NR1,KT1A,NR1KT1A,RADE KONGAR,338031,115/22,50,2004.0,2019-04-18,2019-04-21,8410,55823,16117.0,686.0,15.0,33.0,0.0,8.0,8.0,0.0,0.0,750.0,72,13,-
NR1,KT1A,NR1KT1A,RADE KONGAR,338031,115/22,50,2004.0,2019-05-26,2019-08-03,6749,51265,11195.0,790.0,11.0,29.0,0.0,3.0,10.0,0.0,2.0,845.0,65,20,ตามผล1เดือนหลังเติมน้ามันเข้าทาง radiator.
NR1,KT1A,NR1KT1A,RADE KONGAR,338031,115/22,50,2004.0,2020-03-25,2020-05-25,6170,72830,12090.0,959.0,33.0,36.0,0.0,0.0,12.0,0.0,4.0,1044.0,74,15,
NR1,KT1A,NR1KT1A,RADE KONGAR,338031,115/22,50,2004.0,2021-01-13,2021-02-05,5531,52769,13778.0,812.0,29.0,26.0,0.0,0.0,9.0,0.0,3.0,879.0,57,7,
NR1,KT1A,NR1KT1A,RADE KONGAR,338031,115/22,50,2004.0,2022-01-09,2022-02-12,5548,64149,18234.0,1057.0,14.0,59.0,0.0,4.0,21.0,10.0,43.0,1208.0,63,12,
NR1,KT1A,NR1KT1A,RADE KONGAR,338031,115/22,50,2004.0,2023-02-28,2023-03-12,7940,55668,16116.0,1037.0,14.0,37.0,0.0,10.0,12.0,7.0,6.0,1123.0,62,12,
NR1,KT1A,NR1KT1A,RADE KONGAR,338031,115/22,50,2004.0,2024-02-27,2024-04-07,19822,57769,9889.0,684.0,3.0,35.0,0.0,10.0,10.0,15.0,5.0,762.0,65,11,
NR1,KT2A,NR1KT2A,RADE KONCAR,338032,115/22,50,2004.0,2019-03-25,2019-04-21,8402,49207,12455.0,620.0,18.0,137.0,0.0,92.0,80.0,69.0,29.0,1045.0,52,17,-
NR1,KT2A,NR1KT2A,RADE KONCAR,338032,115/22,50,2004.0,2019-04-18,2019-04-21,10090,60484,15768.0,728.0,18.0,130.0,0.0,107.0,84.0,55.0,20.0,1142.0,65,9,-
NR1,KT2A,NR1KT2A,RADE KONCAR,338032,115/22,50,2004.0,2019-05-26,2019-08-03,8420,54251,11142.0,758.0,13.0,152.0,0.0,93.0,57.0,84.0,11.0,1168.0,66,24,ตามผล1เดือนหลังเติมน้ำเข้าทางradiator.
NR1,KT2A,NR1KT2A,RADE KONCAR,338032,115/22,50,2004.0,2020-03-25,2020-05-25,10980,62250,12002.0,820.0,37.0,203.0,0.0,62.0,101.0,0.0,37.0,1260.0,74,21,
NR1,KT2A,NR1KT2A,RADE KONCAR,338032,115/22,50,2004.0,2021-01-13,2021-01-29,5284,59935,13028.0,632.0,33.0,180.0,0.0,48.0,81.0,15.0,26.0,1015.0,60,7,
NR1,KT2A,NR1KT2A,RADE KONCAR,338032,115/22,50,2004.0,2022-01-09,2022-02-11,6141,64997,13564.0,818.0,14.0,70.0,0.0,109.0,93.0,117.0,17.0,1238.0,58,20,
NR1,KT2A,NR1KT2A,RADE KONCAR,338032,115/22,50,2004.0,2023-02-28,2023-03-12,11611,56399,14904.0,877.0,13.0,138.0,0.0,90.0,73.0,74.0,18.0,1283.0,63,11,
NR1,KT2A,NR1KT2A,RADE KONCAR,338032,115/22,50,2004.0,2024-02-27,2024-04-07,13715,50331,9897.0,633.0,12.0,120.0,0.0,78.0,71.0,94.0,18.0,1026.0,65,8,
NR2,KT1A,NR2KT1A,RADE KONCAR,338027,115/22,50,2004.0,2019-04-18,2019-04-21,9618,57540,12087.0,787.0,13.0,16.0,0.0,0.0,5.0,0.0,0.0,821.0,61,13,-
NR2,KT1A,NR2KT1A,RADE KONCAR,338027,115/22,50,2004.0,2019-05-26,2019-08-03,7687,57271,10324.0,825.0,8.0,18.0,0.0,0.0,6.0,0.0,1.0,858.0,62,16,ตามผล1เดือนหลังเติมน้ำมันเข้าทางradiator.
NR2,KT1A,NR2KT1A,RADE KONCAR,338027,115/22,50,2004.0,2020-03-26,2017-05-26,11014,50163,10676.0,882.0,19.0,15.0,0.0,0.0,7.0,0.0,0.0,923.0,60,18,
NR2,KT1A,NR2KT1A,RADE KONCAR,338027,115/22,50,2004.0,2021-01-14,2021-02-05,7974,54187,9404.0,685.0,19.0,11.0,0.0,0.0,4.0,0.0,2.0,721.0,54,11,
NR2,KT1A,NR2KT1A,RADE KONCAR,338027,115/22,50,2004.0,2022-01-09,2022-02-08,8657,62227,9505.0,695.0,13.0,10.0,0.0,0.0,4.0,0.0,2.0,724.0,52,10,
NR2,KT1A,NR2KT1A,RADE KONCAR,338027,115/22,50,2004.0,2023-02-27,2023-03-11,8125,65401,14841.0,903.0,7.0,10.0,0.0,0.0,4.0,0.0,2.0,926.0,68,7,
NR2,KT1A,NR2KT1A,RADE KONCAR,338027,115/22,50,2004.0,2024-02-26,2024-04-07,7263,53826,9546.0,1035.0,10.0,15.0,0.0,6.0,0.0,0.0,0.0,1066.0,55,15,
NR2,KT2A,NR2KT2A,RADE KONCAR,338026,115/22,50,2004.0,2019-04-18,2019-04-21,10269,51387,16553.0,549.0,14.0,23.0,0.0,5.0,8.0,0.0,0.0,599.0,66,12,-
NR2,KT2A,NR2KT2A,RADE KONCAR,338026,115/22,50,2004.0,2019-05-26,2019-08-03,8553,50400,13191.0,654.0,41.0,28.0,18.0,3.0,0.0,9.0,4.0,757.0,58,13,ตามผล1เดือนหลังเติมน้ามันเข้าทางradiator.
NR2,KT2A,NR2KT2A,RADE KONCAR,338026,115/22,50,2004.0,2019-08-09,2019-09-15,10397,52493,11998.0,551.0,11.0,23.0,0.0,5.0,6.0,10.0,4.0,610.0,58,18,-
NR2,KT2A,NR2KT2A,RADE KONCAR,338026,115/22,50,2004.0,2020-03-26,2020-05-25,11710,68240,11655.0,672.0,33.0,27.0,0.0,0.0,10.0,0.0,7.0,749.0,72,28,
NR2,KT2A,NR2KT2A,RADE KONCAR,338026,115/22,50,2004.0,2021-01-14,2021-02-06,8265,64231,16618.0,721.0,19.0,37.0,0.0,6.0,8.0,11.0,5.0,807.0,50,11,
NR2,KT2A,NR2KT2A,RADE KONCAR,338026,115/22,50,2004.0,2022-01-09,2022-02-12,7810,59954,19113.0,773.0,17.0,54.0,0.0,6.0,6.0,9.0,4.0,869.0,58,9,
NR2,KT2A,NR2KT2A,RADE KONCAR,338026,115/22,50,2004.0,2023-02-27,2023-03-11,5339,48684,23574.0,995.0,9.0,13.0,0.0,0.0,5.0,0.0,3.0,1025.0,63,9,
NR2,KT2A,NR2KT2A,RADE KONCAR,338026,115/22,50,2004.0,2024-02-26,2024-04-07,6366,36022,11989.0,636.0,12.0,19.0,0.0,7.0,0.0,0.0,0.0,674.0,50,13,
NR2,KT3A,NR2KT3A,DAIHEN,GBK604205,230/121/22,300,2019.0,2020-03-27,2020-05-26,8719,22926,431.0,84.0,16.0,0.0,0.0,0.0,0.0,0.0,0.0,100.0,49,15,ENERGIZED 03/02/06
NR2,KT3A,NR2KT3A,DAIHEN,GBK604205,230/121/22,300,2019.0,2020-07-25,2020-08-25,6904,33814,398.0,81.0,29.0,11.0,0.0,0.0,3.0,0.0,2.0,126.0,46,,
NR2,KT3A,NR2KT3A,DAIHEN,GBK604205,230/121/22,300,2019.0,2021-01-14,2021-02-09,4001,28574,589.0,112.0,30.0,4.0,0.0,0.0,1.0,0.0,1.0,148.0,43,8,
NR2,KT3A,NR2KT3A,DAIHEN,GBK604205,230/121/22,300,2019.0,2021-09-07,2021-11-06,10951,24890,764.0,151.0,19.0,0.0,0.0,0.0,7.0,0.0,0.0,177.0,55,12,
NR2,KT3A,NR2KT3A,DAIHEN,GBK604205,230/121/22,300,2019.0,2022-01-09,2022-02-12,7438,21721,1036.0,226.0,16.0,10.0,0.0,1.0,2.0,1.0,1.0,257.0,52,9,
NR2,KT3A,NR2KT3A,DAIHEN,GBK604205,230/121/22,300,2019.0,2022-07-31,2022-08-14,4690,27280,1249.0,225.0,31.0,11.0,0.0,5.0,2.0,1.0,3.0,278.0,51,14,
NR2,KT3A,NR2KT3A,DAIHEN,GBK604205,230/121/22,300,2019.0,2023-02-27,2023-03-11,13673,28481,1281.0,299.0,15.0,8.0,0.0,0.0,7.0,0.0,2.0,331.0,58,14,
NR2,KT3A,NR2KT3A,DAIHEN,GBK604205,230/121/22,300,2019.0,2023-03-26,2023-04-08,12372,25185,1015.0,171.0,15.0,4.0,0.0,0.0,4.0,0.0,0.0,194.0,55,8,มีค่า%pf เพิ่มขึ้นหลังจากที่แก้ไขน้ำมันรั่วที่หัว bushing
NR2,KT3A,NR2KT3A,DAIHEN,GBK604205,230/121/22,300,2019.0,2023-08-22,2023-10-09,15600,23220,935.0,187.0,10.0,26.0,0.0,2.0,3.0,2.0,2.0,232.0,53,11,
NR2,KT3A,NR2KT3A,DAIHEN,GBK604205,230/121/22,300,2019.0,2024-02-26,2024-04-07,3166,28504,1675.0,359.0,18.0,7.0,0.0,2.0,0.0,0.0,0.0,386.0,52,8,
NR2,KT4A,NR2KT4A,DAIHEN,GBK604203,230/121/22,180/240/300,2019.0,2020-03-27,2020-05-25,5600,22730,296.0,54.0,33.0,2.0,0.0,0.0,1.0,0.0,1.0,91.0,48,17,ENERGIZED 03/02/06
NR2,KT4A,NR2KT4A,DAIHEN,GBK604203,230/121/22,180/240/300,2019.0,2020-07-25,2020-08-25,7304,37148,283.0,57.0,33.0,2.0,0.0,0.0,2.0,0.0,2.0,96.0,56,,
NR2,KT4A,NR2KT4A,DAIHEN,GBK604203,230/121/22,180/240/300,2019.0,2021-01-14,2021-02-05,7925,36035,540.0,100.0,25.0,2.0,0.0,0.0,1.0,0.0,1.0,129.0,43,9,
NR2,KT4A,NR2KT4A,DAIHEN,GBK604203,230/121/22,180/240/300,2019.0,2021-09-07,2021-11-11,8095,35592,876.0,33.0,33.0,3.0,0.0,0.0,1.0,1.0,1.0,72.0,56,9,
NR2,KT4A,NR2KT4A,DAIHEN,GBK604203,230/121/22,180/240/300,2019.0,2022-01-09,2022-02-12,7234,29938,1005.0,125.0,19.0,3.0,0.0,0.0,1.0,0.0,2.0,150.0,52,10,
NR2,KT4A,NR2KT4A,DAIHEN,GBK604203,230/121/22,180/240/300,2019.0,2022-07-31,2022-08-14,7860,32140,1025.0,138.0,19.0,3.0,0.0,3.0,4.0,2.0,3.0,172.0,52,13,
NR2,KT4A,NR2KT4A,DAIHEN,GBK604203,230/121/22,180/240/300,2019.0,2023-02-27,2023-03-12,6901,27233,1032.0,236.0,19.0,11.0,0.0,0.0,5.0,2.0,4.0,277.0,62,12,
NR2,KT4A,NR2KT4A,DAIHEN,GBK604203,230/121/22,180/240/300,2019.0,2023-08-22,2023-10-09,18320,23670,1205.0,241.0,16.0,22.0,0.0,2.0,4.0,2.0,3.0,290.0,55,13,
NR2,KT4A,NR2KT4A,DAIHEN,GBK604203,230/121/22,180/240/300,2019.0,2024-02-26,2024-04-08,8021,27316,1588.0,265.0,24.0,10.0,0.0,2.0,7.0,1.0,2.0,311.0,53,10,
NR2,KT5A,NR2KT5A,DAIHEN,GBK604204,230/121/22,180/240/300,2019.0,2020-03-27,2020-05-26,6767,21928,358.0,50.0,19.0,0.0,0.0,0.0,0.0,0.0,0.0,69.0,50,11,ENERGIZED 03/02/06
NR2,KT5A,NR2KT5A,DAIHEN,GBK604204,230/121/22,180/240/300,2019.0,2020-07-25,2020-08-25,6532,34412,375.0,61.0,31.0,9.0,0.0,0.0,4.0,0.0,3.0,108.0,56,,
NR2,KT5A,NR2KT5A,DAIHEN,GBK604204,230/121/22,180/240/300,2019.0,2021-01-14,2021-02-09,5886,33172,515.0,89.0,30.0,3.0,0.0,0.0,2.0,0.0,2.0,126.0,43,7,
NR2,KT5A,NR2KT5A,DAIHEN,GBK604204,230/121/22,180/240/300,2019.0,2021-09-07,2021-11-06,11798,26934,752.0,132.0,16.0,0.0,0.0,0.0,7.0,0.0,0.0,155.0,56,13,
NR2,KT5A,NR2KT5A,DAIHEN,GBK604204,230/121/22,180/240/300,2019.0,2022-01-09,2022-02-12,6354,28007,933.0,123.0,23.0,3.0,0.0,0.0,2.0,2.0,2.0,155.0,52,7,
NR2,KT5A,NR2KT5A,DAIHEN,GBK604204,230/121/22,180/240/300,2019.0,2022-07-31,2022-08-14,5700,28930,1027.0,136.0,23.0,9.0,0.0,4.0,4.0,2.0,4.0,182.0,52,10,
NR2,KT5A,NR2KT5A,DAIHEN,GBK604204,230/121/22,180/240/300,2019.0,2023-02-27,2023-03-11,5778,30051,4107.0,353.0,16.0,13.0,0.0,4.0,6.0,1.0,3.0,396.0,63,8,
NR2,KT5A,NR2KT5A,DAIHEN,GBK604204,230/121/22,180/240/300,2019.0,2023-08-22,2023-10-10,14890,22600,4269.0,365.0,20.0,23.0,0.0,0.0,6.0,2.0,4.0,420.0,57,10,
NR2,KT5A,NR2KT5A,DAIHEN,GBK604204,230/121/22,180/240/300,2019.0,2024-02-26,2024-04-08,10272,26288,1341.0,213.0,22.0,0.0,0.0,1.0,0.0,6.0,0.0,242.0,53,10,
NS,KT1A,NSKT1A,MITSUBISHI,9274730101,230/121/11,200,2007.0,2019-11-09,2019-12-09,7615,58594,1749.0,83.0,36.0,27.0,0.0,0.0,69.0,0.0,51.0,266.0,49,12,-
NS,KT1A,NSKT1A,MITSUBISHI,9274730101,230/121/11,200,2007.0,2020-04-24,2020-05-28,11413,63034,1897.0,88.0,5.0,11.0,0.0,0.0,36.0,0.0,27.0,167.0,55,19,
NS,KT1A,NSKT1A,MITSUBISHI,9274730101,230/121/11,200,2007.0,2020-10-26,2020-11-17,3827,42572,1761.0,81.0,40.0,23.0,0.0,0.0,100.0,0.0,17.0,261.0,53,13,
NS,KT1A,NSKT1A,MITSUBISHI,9274730101,230/121/11,200,2007.0,2021-06-27,2021-10-08,8300,47522,1743.0,100.0,29.0,20.0,0.0,51.0,187.0,0.0,33.0,420.0,53,12,
NS,KT1A,NSKT1A,MITSUBISHI,9274730101,230/121/11,200,2007.0,2021-12-13,2022-01-06,7650,53260,2074.0,156.0,28.0,21.0,0.0,0.0,56.0,4.0,46.0,311.0,52,12,
NS,KT1A,NSKT1A,MITSUBISHI,9274730101,230/121/11,200,2007.0,2022-07-14,2022-07-22,4254,51861,2383.0,130.0,38.0,16.0,0.0,0.0,84.0,0.0,7.0,275.0,54,9,
NS,KT1A,NSKT1A,MITSUBISHI,9274730101,230/121/11,200,2007.0,2023-02-04,2023-02-12,5198,56559,2586.0,367.0,51.0,37.0,0.0,1.0,85.0,0.0,50.0,591.0,53,5,
NS,KT1A,NSKT1A,MITSUBISHI,9274730101,230/121/11,200,2007.0,2023-07-24,2023-08-06,7630,40550,1096.0,37.0,20.0,29.0,0.0,10.0,77.0,4.0,63.0,240.0,52,10,
NS,KT1A,NSKT1A,MITSUBISHI,9274730101,230/121/11,200,2007.0,2024-05-27,2024-06-08,7092,61511,3010.0,156.0,101.0,51.0,0.0,21.0,85.0,3.0,58.0,475.0,54,7,
NS,KT2A,NSKT2A,MEIDEN,8R8411T2,115/22,50,2001.0,2020-04-25,2020-05-28,9404,63819,2614.0,281.0,4.0,88.0,0.0,4.0,305.0,0.0,202.0,884.0,60,14,
NS,KT2A,NSKT2A,MEIDEN,8R8411T2,115/22,50,2001.0,2021-12-13,2022-01-06,4840,55450,2807.0,259.0,12.0,96.0,0.0,1.0,320.0,42.0,262.0,992.0,57,15,
NS,KT2A,NSKT2A,MEIDEN,8R8411T2,115/22,50,2001.0,2022-06-11,2022-06-26,18488,78132,2771.0,241.0,2.0,52.0,0.0,3.0,208.0,7.0,208.0,721.0,58,19,
NS,KT2A,NSKT2A,MEIDEN,8R8411T2,115/22,50,2001.0,2023-07-24,2023-08-07,16155,54878,2645.0,236.0,3.0,92.0,0.0,5.0,306.0,0.0,218.0,860.0,64,7,
NS,KT2A,NSKT2A,MEIDEN,8R8411T2,115/22,50,2001.0,2024-05-26,2024-06-08,6788,49662,2138.0,179.0,5.0,128.0,0.0,7.0,465.0,10.0,271.0,1065.0,58,9,
NS,KT3A,NSKT3A,MEIDEN,8R9911T5,115/22,50,2001.0,2020-04-25,2020-05-28,9593,67375,1813.0,161.0,12.0,61.0,0.0,5.0,248.0,0.0,168.0,655.0,60,11,
NS,KT3A,NSKT3A,MEIDEN,8R9911T5,115/22,50,2001.0,2021-12-13,2022-01-06,5278,54158,1233.0,139.0,7.0,81.0,0.0,7.0,252.0,0.0,60.0,546.0,49,12,
NS,KT3A,NSKT3A,MEIDEN,8R9911T5,115/22,50,2001.0,2022-06-11,2022-06-26,3981,63234,1680.0,158.0,2.0,64.0,0.0,11.0,248.0,58.0,229.0,770.0,55,10,
NS,KT3A,NSKT3A,MEIDEN,8R9911T5,115/22,50,2001.0,2023-07-24,2023-08-10,26253,66447,1711.0,172.0,10.0,74.0,0.0,7.0,297.0,22.0,211.0,793.0,53,9,
NS,KT3A,NSKT3A,MEIDEN,8R9911T5,115/22,50,2001.0,2024-05-26,2024-06-08,10085,71657,1319.0,162.0,1.0,122.0,0.0,19.0,447.0,11.0,258.0,1020.0,51,12,
NS,KT4A,NSKT4A,MITSUBISHI,9274730102,230/121/11,200,2007.0,2019-11-09,2019-12-09,5058,43841,2107.0,94.0,38.0,28.0,0.0,0.0,65.0,0.0,48.0,273.0,47,8,-
NS,KT4A,NSKT4A,MITSUBISHI,9274730102,230/121/11,200,2007.0,2020-04-24,2020-05-28,11572,65919,2232.0,97.0,7.0,14.0,0.0,0.0,44.0,0.0,34.0,196.0,54,18,
NS,KT4A,NSKT4A,MITSUBISHI,9274730102,230/121/11,200,2007.0,2020-10-26,2020-11-17,4449,35989,1872.0,78.0,40.0,22.0,0.0,0.0,100.0,0.0,62.0,302.0,51,14,
NS,KT4A,NSKT4A,MITSUBISHI,9274730102,230/121/11,200,2007.0,2021-06-27,2021-10-08,7211,40451,2001.0,60.0,30.0,19.0,0.0,0.0,180.0,0.0,33.0,322.0,53,9,
NS,KT4A,NSKT4A,MITSUBISHI,9274730102,230/121/11,200,2007.0,2021-12-13,2022-01-06,5515,42238,1945.0,89.0,39.0,21.0,0.0,0.0,65.0,0.0,5.0,219.0,51,13,
NS,KT4A,NSKT4A,MITSUBISHI,9274730102,230/121/11,200,2007.0,2022-07-14,2022-07-22,3721,41454,2631.0,100.0,42.0,16.0,0.0,0.0,98.0,0.0,23.0,279.0,53,9,
NS,KT4A,NSKT4A,MITSUBISHI,9274730102,230/121/11,200,2007.0,2023-02-04,2023-02-12,3410,44550,2248.0,82.0,28.0,26.0,0.0,4.0,72.0,3.0,51.0,266.0,52,7,
NS,KT4A,NSKT4A,MITSUBISHI,9274730102,230/121/11,200,2007.0,2023-07-24,2023-08-07,17537,57041,2182.0,81.0,22.0,23.0,0.0,2.0,77.0,5.0,51.0,261.0,50,8,
NS,KT4A,NSKT4A,MITSUBISHI,9274730102,230/121/11,200,2007.0,2024-05-26,2024-06-08,8519,53386,3168.0,99.0,22.0,39.0,0.0,1.0,82.0,3.0,54.0,300.0,54,9,
NS,KT5A,NSKT5A,VOLTA WERKE,60908-001,115/22,25,,2019-08-21,2019-09-27,11800,54630,1303.0,545.0,0.0,15.0,0.0,0.0,0.0,0.0,0.0,560.0,32,29,-
NS,KT5A,NSKT5A,VOLTA WERKE,60908-001,115/22,25,,2021-12-13,2022-01-06,6920,49920,1865.0,469.0,3.0,6.0,0.0,2.0,4.0,18.0,7.0,509.0,,14,
NS,KT5A,NSKT5A,VOLTA WERKE,60908-001,115/22,25,,2022-06-11,2022-06-26,8535,60562,1932.0,400.0,3.0,6.0,0.0,2.0,4.0,20.0,6.0,341.0,,8,
NS,KT5A,NSKT5A,VOLTA WERKE,60908-001,115/22,25,,2023-07-24,2023-08-07,11112,58867,1960.0,372.0,1.0,1.0,0.0,4.0,1.0,3.0,2.0,384.0,0,10,
NS,KT5A,NSKT5A,VOLTA WERKE,60908-001,115/22,25,,2024-05-26,2024-06-08,11443,69117,1628.0,563.0,2.0,16.0,0.0,13.0,5.0,5.0,10.0,614.0,30,18,
NT,KT1A,NTKT1A,MEIDEN,8P9103T1,115/33/11,50,2004.0,2019-09-19,2019-11-22,8160,72400,0.0,0.0,14.0,89.0,0.0,0.0,284.0,0.0,166.0,553.0,50,18,-
NT,KT1A,NTKT1A,MEIDEN,8P9103T1,115/33/11,50,2004.0,2020-09-06,2020-11-13,10548,63254,1814.0,109.0,4.0,59.0,0.0,2.0,212.0,0.0,110.0,496.0,55,64,
NT,KT1A,NTKT1A,MEIDEN,8P9103T1,115/33/11,50,2004.0,2021-09-11,2021-11-16,11271,56984,1810.0,107.0,12.0,67.0,0.0,0.0,244.0,0.0,59.0,489.0,60,14,
NT,KT1A,NTKT1A,MEIDEN,8P9103T1,115/33/11,50,2004.0,2022-09-24,2022-10-08,7340,68950,1637.0,252.0,7.0,73.0,0.0,1.0,252.0,0.0,170.0,755.0,58,9,
NT,KT1A,NTKT1A,MEIDEN,8P9103T1,115/33/11,50,2004.0,2023-09-23,2023-10-30,7845,27453,1678.0,245.0,12.0,9.0,0.0,6.0,20.0,18.0,6.0,316.0,57,12,
NT,KT2A,NTKT2A,MEIDEN,8P9103T2,115/33/11,50,2004.0,2019-09-15,2019-11-22,12110,53360,0.0,0.0,18.0,48.0,0.0,0.0,189.0,0.0,139.0,394.0,-,23,MTZ. เสีย ทำให้ CO2 และ CO ไม่Detect
NT,KT2A,NTKT2A,MEIDEN,8P9103T2,115/33/11,50,2004.0,2020-03-20,2020-03-23,3125,40992,1357.0,85.0,45.0,117.0,0.0,0.0,287.0,0.0,171.0,705.0,57,10,หลังจากมี Fault ด้าน PEA
NT,KT2A,NTKT2A,MEIDEN,8P9103T2,115/33/11,50,2004.0,2020-09-06,2020-11-13,10046,50531,2440.0,446.0,3.0,0.0,0.0,0.0,3.0,0.0,2.0,454.0,59,25,
NT,KT2A,NTKT2A,MEIDEN,8P9103T2,115/33/11,50,2004.0,2021-09-11,2021-11-16,9943,50793,2182.0,100.0,12.0,66.0,0.0,0.0,241.0,0.0,57.0,476.0,66,12,
NT,KT2A,NTKT2A,MEIDEN,8P9103T2,115/33/11,50,2004.0,2022-09-24,2022-10-08,4380,69580,2299.0,86.0,6.0,95.0,0.0,1.0,303.0,6.0,235.0,732.0,60,9,
NT,KT2A,NTKT2A,MEIDEN,8P9103T2,115/33/11,50,2004.0,2023-09-23,2023-10-30,8152,64060,1927.0,126.0,14.0,100.0,0.0,1.0,273.0,0.0,145.0,659.0,63,11,
NT,KT3A,NTKT3A,MITSUBISHI,9274720101,230/121/33,200,,2019-03-29,2019-07-05,13479,40738,815.0,66.0,12.0,18.0,0.0,1.0,49.0,0.0,28.0,174.0,47,20,-
NT,KT3A,NTKT3A,MITSUBISHI,9274720101,230/121/33,200,,2019-09-15,2019-11-22,9620,55230,0.0,0.0,30.0,28.0,0.0,0.0,82.0,0.0,64.0,204.0,-,26,-
NT,KT3A,NTKT3A,MITSUBISHI,9274720101,230/121/33,200,,2020-04-05,2020-05-26,10385,66691,946.0,71.0,45.0,42.0,0.0,0.0,99.0,0.0,78.0,335.0,,22,
NT,KT3A,NTKT3A,MITSUBISHI,9274720101,230/121/33,200,,2020-09-06,2020-11-13,10011,52670,1489.0,87.0,17.0,16.0,0.0,1.0,69.0,0.0,44.0,234.0,50,21,
NT,KT3A,NTKT3A,MITSUBISHI,9274720101,230/121/33,200,,2021-03-09,2021-05-23,10222,63482,2956.0,147.0,29.0,32.0,0.0,1.0,81.0,0.0,50.0,340.0,46,17,
NT,KT3A,NTKT3A,MITSUBISHI,9274720101,230/121/33,200,,2021-09-11,2021-11-16,3610,40960,2376.0,78.0,22.0,31.0,0.0,0.0,82.0,0.0,65.0,278.0,46,17,
NT,KT3A,NTKT3A,MITSUBISHI,9274720101,230/121/33,200,,2022-03-11,2022-04-25,4736,44708,1969.0,90.0,25.0,62.0,0.0,1.0,92.0,0.0,52.0,322.0,46,12,
NT,KT3A,NTKT3A,MITSUBISHI,9274720101,230/121/33,200,,2022-09-24,2022-10-09,2301,54774,1662.0,77.0,24.0,39.0,0.0,0.0,89.0,0.0,53.0,282.0,48,8,
NT,KT3A,NTKT3A,MITSUBISHI,9274720101,230/121/33,200,,2023-03-20,2023-04-09,6906,42676,1683.0,85.0,22.0,35.0,0.0,0.0,79.0,0.0,39.0,260.0,46,8,
NT,KT3A,NTKT3A,MITSUBISHI,9274720101,230/121/33,200,,2023-09-23,2023-10-31,43781,80397,1708.0,126.0,42.0,114.0,0.0,112.0,15.0,14.0,9.0,432.0,50,10,
NT,KT3A,NTKT3A,MITSUBISHI,9274720101,230/121/33,200,,2024-03-09,2024-04-09,17630,40170,2392.0,93.0,16.0,48.0,0.0,106.0,143.0,71.0,108.0,585.0,47,13,
NT,KT4A,NTKT4A,MITSUBISHI,9374760101,230/121/33,200,2010.0,2019-03-29,2019-06-30,11335,49901,1254.0,82.0,17.0,16.0,0.0,0.0,46.0,0.0,25.0,186.0,49,30,-
NT,KT4A,NTKT4A,MITSUBISHI,9374760101,230/121/33,200,2010.0,2019-09-15,2019-11-22,9440,55740,0.0,0.0,27.0,21.0,0.0,0.0,52.0,0.0,39.0,139.0,-,23,-
NT,KT4A,NTKT4A,MITSUBISHI,9374760101,230/121/33,200,2010.0,2020-04-05,2020-05-26,16693,670900,1013.0,71.0,37.0,36.0,0.0,0.0,70.0,0.0,56.0,270.0,,19,
NT,KT4A,NTKT4A,MITSUBISHI,9374760101,230/121/33,200,2010.0,2020-09-06,2020-11-10,4159,43262,1464.0,89.0,25.0,23.0,0.0,0.0,85.0,0.0,10.0,232.0,50,13,
NT,KT4A,NTKT4A,MITSUBISHI,9374760101,230/121/33,200,2010.0,2021-03-09,2021-05-23,9066,65007,2078.0,156.0,27.0,27.0,0.0,1.0,52.0,0.0,33.0,296.0,50,19,
NT,KT4A,NTKT4A,MITSUBISHI,9374760101,230/121/33,200,2010.0,2021-09-11,2021-11-16,5480,46960,2289.0,79.0,15.0,26.0,0.0,0.0,56.0,0.0,43.0,219.0,48,22,
NT,KT4A,NTKT4A,MITSUBISHI,9374760101,230/121/33,200,2010.0,2022-03-11,2022-04-25,5037,60589,1294.0,58.0,37.0,21.0,0.0,11.0,49.0,5.0,36.0,217.0,48,11,
NT,KT4A,NTKT4A,MITSUBISHI,9374760101,230/121/33,200,2010.0,2022-09-24,2022-10-08,5450,60990,1616.0,76.0,28.0,36.0,0.0,5.0,76.0,7.0,55.0,283.0,45,12,
NT,KT4A,NTKT4A,MITSUBISHI,9374760101,230/121/33,200,2010.0,2023-03-20,2023-04-09,7599,46194,1674.0,90.0,21.0,26.0,0.0,0.0,62.0,0.0,26.0,225.0,50,8,
NT,KT4A,NTKT4A,MITSUBISHI,9374760101,230/121/33,200,2010.0,2023-09-23,2023-10-31,7787,60683,1678.0,100.0,26.0,31.0,0.0,0.0,65.0,0.0,37.0,259.0,50,18,
NT,KT4A,NTKT4A,MITSUBISHI,9374760101,230/121/33,200,2010.0,2024-03-09,2024-04-09,10674,44612,1499.0,76.0,16.0,21.0,0.0,0.0,39.0,0.0,21.0,173.0,50,11,
NV,KT1A,NVKT1A,JEUMONT,96183,230/115,200,2012.0,2021-05-25,2021-08-03,11889,29335,720.0,177.0,9.0,116.0,0.0,95.0,51.0,23.0,3.0,474.0,48,25,
NV,KT1A,NVKT1A,JEUMONT,96183,230/115,200,2012.0,2022-04-03,2022-04-11,2805,10299,228.0,48.0,1.0,0.0,0.0,1.0,2.0,2.0,1.0,55.0,34,8,ทดสอบก่อนเข้าระบบ
NV,KT1A,NVKT1A,JEUMONT,96183,230/115,200,2012.0,2022-04-09,2022-04-10,12754,65661,501.0,67.0,5.0,0.0,0.0,0.0,0.0,0.0,0.0,72.0,,7,หลังจากย้ายมาRB3-KT2Bและปรับปรุงสภาพน้ำมัน
NV,KT1A,NVKT1A,JEUMONT,96183,230/115,200,2012.0,2022-08-18,2022-08-18,1996,23321,1927.0,208.0,4.0,25.0,0.0,23.0,7.0,17.0,2.0,286.0,,11,TX.Trip (Oil Flow Trip)
NV,KT1A,NVKT1A,JEUMONT,96183,230/115,200,2012.0,2022-09-29,2022-09-30,11940,45430,2128.0,209.0,11.0,27.0,0.0,36.0,7.0,18.0,2.0,310.0,60,12,
NV,KT1A,NVKT1A,JEUMONT,96183,230/115,200,2012.0,2022-11-27,2022-12-02,5668,19498,2371.0,294.0,17.0,28.0,0.0,21.0,8.0,8.0,3.0,379.0,55,6,
NV,KT1A,NVKT1A,JEUMONT,96183,230/115,200,2012.0,2023-05-21,2023-05-25,4504,26405,2415.0,373.0,19.0,33.0,0.0,22.0,11.0,8.0,7.0,473.0,57,6,
NV,KT1A,NVKT1A,JEUMONT,96183,230/115,200,2012.0,2023-11-03,2023-12-15,6333,59689,2464.0,323.0,7.0,18.0,0.0,25.0,19.0,19.0,4.0,415.0,54,10,
NV,KT1A,NVKT1A,JEUMONT,96183,230/115,200,2012.0,2024-06-04,2024-06-07,4060,28965,3580.0,441.0,22.0,36.0,0.0,19.0,11.0,0.0,0.0,529.0,66,6,
NW,KT1A,NWKT1A,FUJI,AG69095T311,115/33/11,25,1997.0,2019-03-18,2019-08-26,15504,45338,1709.0,161.0,13.0,43.0,0.0,11.0,166.0,0.0,85.0,479.0,-,24,-
NW,KT1A,NWKT1A,FUJI,AG69095T311,115/33/11,25,1997.0,2019-08-25,2019-10-18,5051,56404,1652.0,169.0,26.0,54.0,0.0,18.0,206.0,15.0,113.0,601.0,47,23,-
NW,KT1A,NWKT1A,FUJI,AG69095T311,115/33/11,25,1997.0,2020-07-18,2020-08-24,6577,47854,1089.0,58.0,28.0,64.0,0.0,8.0,201.0,13.0,117.0,489.0,50,18,
NW,KT1A,NWKT1A,FUJI,AG69095T311,115/33/11,25,1997.0,2021-07-10,2021-11-04,13948,54891,1460.0,73.0,44.0,65.0,0.0,12.0,207.0,0.0,24.0,425.0,50,25,
NW,KT1A,NWKT1A,FUJI,AG69095T311,115/33/11,25,1997.0,2022-07-04,2022-07-24,11100,59620,2556.0,443.0,9.0,2.0,0.0,2.0,1.0,15.0,3.0,475.0,51,19,ไม่ได้ออกผลขอเก็บตัวอย่างใหม่
NW,KT1A,NWKT1A,FUJI,AG69095T311,115/33/11,25,1997.0,2022-08-20,2022-09-02,2081,53417,1165.0,99.0,11.0,44.0,0.0,90.0,273.0,18.0,110.0,645.0,,22,
NW,KT1A,NWKT1A,FUJI,AG69095T311,115/33/11,25,1997.0,2023-08-05,2023-12-04,5691,60586,1139.0,93.0,19.0,59.0,0.0,14.0,245.0,0.0,106.0,536.0,32,12,
NW,KT2A,NWKT2A,FUJI,AG69095T332,115/33/11,25,1997.0,2019-03-18,2019-08-29,7165,40048,981.0,73.0,8.0,29.0,0.0,7.0,101.0,0.0,61.0,279.0,49,24,-
NW,KT2A,NWKT2A,FUJI,AG69095T332,115/33/11,25,1997.0,2019-08-25,2019-10-18,1218,65014,1182.0,40.0,21.0,44.0,0.0,15.0,134.0,21.0,87.0,362.0,46,23,-
NW,KT2A,NWKT2A,FUJI,AG69095T332,115/33/11,25,1997.0,2020-07-18,2020-08-24,6637,49718,949.0,74.0,17.0,40.0,0.0,8.0,128.0,0.0,66.0,333.0,51,18,
NW,KT2A,NWKT2A,FUJI,AG69095T332,115/33/11,25,1997.0,2021-07-10,2021-11-04,29791,75184,777.0,51.0,34.0,41.0,0.0,6.0,109.0,0.0,19.0,260.0,51,31,
NW,KT2A,NWKT2A,FUJI,AG69095T332,115/33/11,25,1997.0,2022-07-04,2022-07-25,14195,55009,1199.0,65.0,45.0,39.0,0.0,14.0,240.0,0.0,58.0,461.0,51,21,
NW,KT2A,NWKT2A,FUJI,AG69095T332,115/33/11,25,1997.0,2023-08-05,2023-12-04,6418,58246,1174.0,90.0,18.0,46.0,0.0,10.0,171.0,9.0,74.0,418.0,52,11,
NW,KT3A,NWKT3A,DAIHEN,EDP012001,115/33,50,2012.0,2019-08-25,2019-10-19,7319,42409,1958.0,496.0,9.0,0.0,0.0,0.0,5.0,0.0,0.0,510.0,44,28,-
NW,KT3A,NWKT3A,DAIHEN,EDP012001,115/33,50,2012.0,2020-07-18,2020-08-24,9795,48369,2033.0,453.0,35.0,0.0,0.0,0.0,1.0,0.0,3.0,492.0,48,14,
NW,KT3A,NWKT3A,DAIHEN,EDP012001,115/33,50,2012.0,2021-07-10,2021-11-05,24685,55269,1876.0,526.0,12.0,0.0,0.0,0.0,0.0,0.0,0.0,538.0,48,37,
NW,KT3A,NWKT3A,DAIHEN,EDP012001,115/33,50,2012.0,2022-07-04,2022-07-25,20593,62062,1915.0,538.0,27.0,17.0,0.0,9.0,124.0,0.0,38.0,753.0,48,25,
NW,KT3A,NWKT3A,DAIHEN,EDP012001,115/33,50,2012.0,2023-08-05,2023-12-04,8660,66241,3861.0,886.0,38.0,6.0,0.0,9.0,4.0,5.0,8.0,956.0,47,15,
NY,KT1A,NYKT1A,EKARAT,EDP011307,115/22,50,2012.0,2019-12-19,2020-01-09,16681,61669,2126.0,601.0,18.0,3.0,0.0,0.0,3.0,0.0,7.0,632.0,40,12,
NY,KT1A,NYKT1A,EKARAT,EDP011307,115/22,50,2012.0,2020-06-29,2020-08-15,10500,112890,3985.0,818.0,38.0,0.0,0.0,0.0,1.0,31.0,1.0,889.0,52,14,
NY,KT1A,NYKT1A,EKARAT,EDP011307,115/22,50,2012.0,2022-01-15,2022-01-29,9240,61510,3981.0,820.0,19.0,2.0,0.0,0.0,1.0,34.0,2.0,878.0,25,11,
NY,KT1A,NYKT1A,EKARAT,EDP011307,115/22,50,2012.0,2022-07-07,2022-07-30,17042,60525,3992.0,1079.0,20.0,2.0,0.0,6.0,4.0,20.0,0.0,1131.0,52,15,
NY,KT1A,NYKT1A,EKARAT,EDP011307,115/22,50,2012.0,2023-03-17,2023-03-25,24205,57549,3498.0,932.0,12.0,7.0,0.0,6.0,3.0,0.0,0.0,960.0,40,7,
NY,KT2A,NYKT2A,MEIDEN,8N5449T3,115/22,50,2012.0,2019-12-19,2020-01-09,13735,45252,3053.0,1648.0,23.0,6.0,0.0,0.0,2.0,0.0,6.0,1685.0,26,11,
NY,KT2A,NYKT2A,MEIDEN,8N5449T3,115/22,50,2012.0,2020-06-29,2020-08-15,24926,83441,1896.0,570.0,3.0,6.0,0.0,3.0,1.0,1.0,2.0,586.0,35,17,
NY,KT2A,NYKT2A,MEIDEN,8N5449T3,115/22,50,2012.0,2022-01-16,2022-01-29,26370,79130,2334.0,292.0,1.0,2.0,0.0,0.0,1.0,161.0,3.0,460.0,53,12,
NY,KT2A,NYKT2A,MEIDEN,8N5449T3,115/22,50,2012.0,2022-07-07,2022-07-30,23363,70547,2718.0,1085.0,8.0,1.0,0.0,6.0,9.0,0.0,0.0,1109.0,41,29,
NY,KT2A,NYKT2A,MEIDEN,8N5449T3,115/22,50,2012.0,2023-03-17,2023-03-24,20095,63287,3379.0,1331.0,7.0,7.0,0.0,12.0,5.0,0.0,0.0,1362.0,60,7,
ON,KT1A,ONKT1A,DAIHEN,GBK600004,230/115,300,2013.0,2019-05-18,2019-05-24,9583,46343,1240.0,540.0,13.0,2.0,0.0,0.0,0.0,0.0,0.0,555.0,50,22,-
ON,KT1A,ONKT1A,DAIHEN,GBK600004,230/115,300,2013.0,2019-11-10,2019-12-08,9048,51184,1792.0,1029.0,25.0,4.0,0.0,0.0,0.0,0.0,0.0,1058.0,48,16,-
ON,KT1A,ONKT1A,DAIHEN,GBK600004,230/115,300,2013.0,2020-05-24,2020-06-01,9320,48126,1664.0,738.0,22.0,5.0,0.0,0.0,4.0,0.0,3.0,772.0,49,13,
ON,KT1A,ONKT1A,DAIHEN,GBK600004,230/115,300,2013.0,2020-11-24,2020-12-20,16934,41239,1829.0,811.0,36.0,3.0,0.0,0.0,2.0,0.0,2.0,854.0,52,15,
ON,KT1A,ONKT1A,DAIHEN,GBK600004,230/115,300,2013.0,2021-06-07,2021-08-14,14158,55707,1886.0,781.0,17.0,0.0,0.0,0.0,5.0,0.0,0.0,803.0,50,22,
ON,KT1A,ONKT1A,DAIHEN,GBK600004,230/115,300,2013.0,2021-11-07,2021-11-19,10777,49041,2214.0,974.0,18.0,0.0,0.0,0.0,4.0,0.0,0.0,996.0,42,14,
ON,KT1A,ONKT1A,DAIHEN,GBK600004,230/115,300,2013.0,2022-05-26,2022-06-02,9215,46689,2469.0,1086.0,15.0,2.0,0.0,2.0,4.0,0.0,0.0,1109.0,52,14,
ON,KT1A,ONKT1A,DAIHEN,GBK600004,230/115,300,2013.0,2022-12-15,2023-01-06,3290,53360,4424.0,1557.0,15.0,5.0,0.0,17.0,3.0,0.0,2.0,1599.0,40,8,
ON,KT1A,ONKT1A,DAIHEN,GBK600004,230/115,300,2013.0,2023-05-25,2023-05-26,6281,61482,4103.0,1489.0,17.0,6.0,0.0,4.0,7.0,2.0,7.0,1532.0,48,8,
ON,KT1A,ONKT1A,DAIHEN,GBK600004,230/115,300,2013.0,2023-11-17,2024-12-16,7779,56144,4064.0,1134.0,24.0,11.0,0.0,0.0,4.0,2.0,4.0,1179.0,58,29,
ON,KT2A,ONKT2A,DAIHEN,GBK600005,230,300,2013.0,2019-05-18,2019-05-24,7109,39695,2616.0,607.0,14.0,0.0,0.0,0.0,12.0,0.0,0.0,633.0,52,20,-
ON,KT2A,ONKT2A,DAIHEN,GBK600005,230,300,2013.0,2019-11-10,2019-12-08,8347,47981,1887.0,612.0,26.0,6.0,0.0,0.0,0.0,0.0,0.0,644.0,48,12,-
ON,KT2A,ONKT2A,DAIHEN,GBK600005,230,300,2013.0,2020-05-24,2020-06-01,12031,45122,2079.0,490.0,25.0,8.0,0.0,0.0,5.0,3.0,3.0,534.0,50,15,
ON,KT2A,ONKT2A,DAIHEN,GBK600005,230,300,2013.0,2020-11-24,2020-12-20,10325,47583,2737.0,645.0,33.0,6.0,0.0,0.0,4.0,0.0,3.0,691.0,52,16,
ON,KT2A,ONKT2A,DAIHEN,GBK600005,230,300,2013.0,2021-06-07,2021-08-09,7815,41669,1948.0,494.0,20.0,0.0,0.0,0.0,5.0,0.0,0.0,519.0,51,14,
ON,KT2A,ONKT2A,DAIHEN,GBK600005,230,300,2013.0,2021-11-07,2021-11-19,5578,39245,2101.0,493.0,19.0,0.0,0.0,0.0,7.0,0.0,0.0,519.0,34,14,
ON,KT2A,ONKT2A,DAIHEN,GBK600005,230,300,2013.0,2022-05-26,2022-06-02,12756,45080,2345.0,496.0,13.0,3.0,0.0,1.0,5.0,0.0,0.0,518.0,53,9,
ON,KT2A,ONKT2A,DAIHEN,GBK600005,230,300,2013.0,2022-12-15,2023-01-06,4970,47230,3978.0,684.0,14.0,7.0,0.0,0.0,4.0,2.0,2.0,713.0,42,10,
ON,KT2A,ONKT2A,DAIHEN,GBK600005,230,300,2013.0,2023-05-25,2023-05-26,5975,55189,3457.0,673.0,21.0,11.0,0.0,3.0,6.0,2.0,6.0,722.0,50,7,
ON,KT2A,ONKT2A,DAIHEN,GBK600005,230,300,2013.0,2023-11-17,2023-12-16,7767,50716,2666.0,557.0,28.0,13.0,0.0,0.0,5.0,3.0,7.0,613.0,50,11,
PA1,KT1A,PA1KT1A,EKARAT,EDP011302,115/22,50,2013.0,2020-01-20,2020-02-06,3600,65490,2426.0,500.0,31.0,9.0,0.0,0.0,5.0,5.0,8.0,558.0,50,12,
PA1,KT1A,PA1KT1A,EKARAT,EDP011302,115/22,50,2013.0,2021-01-22,2021-03-21,5570,12487,2500.0,525.0,33.0,0.0,0.0,0.0,3.0,0.0,0.0,561.0,54,9,
PA1,KT1A,PA1KT1A,EKARAT,EDP011302,115/22,50,2013.0,2022-07-09,2022-07-30,10543,74826,2519.0,520.0,15.0,4.0,0.0,3.0,3.0,6.0,4.0,555.0,47,14,
PA1,KT1A,PA1KT1A,EKARAT,EDP011302,115/22,50,2013.0,2023-02-17,2023-02-26,8612,54803,2623.0,529.0,9.0,5.0,0.0,10.0,12.0,0.0,0.0,565.0,50,5,
PA1,KT1A,PA1KT1A,EKARAT,EDP011302,115/22,50,2013.0,2024-02-18,2024-03-17,21748,58018,2455.0,616.0,14.0,10.0,0.0,12.0,8.0,7.0,15.0,682.0,50,13,
PA1,KT2A,PA1KT2A,EKARAT,EDP011308,115/22,50,2013.0,2020-01-20,2020-02-06,4310,68350,2162.0,1033.0,31.0,8.0,0.0,2.0,5.0,9.0,7.0,1095.0,42,15,
PA1,KT2A,PA1KT2A,EKARAT,EDP011308,115/22,50,2013.0,2021-01-22,2021-03-23,8520,62665,2200.0,498.0,20.0,0.0,0.0,5.0,4.0,0.0,5.0,532.0,50,17,
PA1,KT2A,PA1KT2A,EKARAT,EDP011308,115/22,50,2013.0,2022-07-09,2022-07-30,10062,71895,2276.0,577.0,17.0,4.0,0.0,4.0,3.0,5.0,4.0,614.0,42,16,
PA1,KT2A,PA1KT2A,EKARAT,EDP011308,115/22,50,2013.0,2023-02-17,2023-02-26,18305,56964,1926.0,528.0,7.0,3.0,0.0,12.0,6.0,0.0,0.0,556.0,55,13,
PA1,KT2A,PA1KT2A,EKARAT,EDP011308,115/22,50,2013.0,2024-02-18,2024-03-16,18650,48000,2100.0,588.0,7.0,11.0,0.0,15.0,5.0,37.0,9.0,672.0,48,13,
PA2,KT1A,PA2KT1A,ABB,103728,230,200,2008.0,2020-01-16,2020-02-06,11400,57270,1676.0,649.0,13.0,3.0,0.0,0.0,2.0,0.0,0.0,667.0,54,9,
PA2,KT1A,PA2KT1A,ABB,103728,230,200,2008.0,2021-01-23,2021-03-23,9980,55290,1700.0,650.0,20.0,0.0,0.0,0.0,0.0,0.0,0.0,670.0,55,15,
PA2,KT1A,PA2KT1A,ABB,103728,230,200,2008.0,2022-01-08,2022-01-14,15470,5229,2225.0,397.0,9.0,2.0,0.0,0.0,1.0,0.0,0.0,409.0,50,12,
PA2,KT1A,PA2KT1A,ABB,103728,230,200,2008.0,2022-08-20,2022-09-02,9600,48360,2489.0,426.0,15.0,3.0,0.0,0.0,1.0,0.0,1.0,446.0,52,11,
PA2,KT1A,PA2KT1A,ABB,103728,230,200,2008.0,2023-02-26,2023-03-04,5930,41690,2594.0,513.0,17.0,4.0,0.0,0.0,1.0,1.0,0.0,536.0,62,7,
PA2,KT1A,PA2KT1A,ABB,103728,230,200,2008.0,2023-08-20,2023-08-28,9846,46602,2741.0,634.0,20.0,7.0,0.0,13.0,7.0,2.0,1.0,684.0,64,5,
PA2,KT1A,PA2KT1A,ABB,103728,230,200,2008.0,2023-08-23,2023-08-24,7752,43794,3681.0,1239.0,21.0,8.0,0.0,2.0,1.0,1.0,0.0,1272.0,51,4,
PA2,KT1A,PA2KT1A,ABB,103728,230,200,2008.0,2024-02-12,2024-02-25,14193,50390,2251.0,693.0,26.0,4.0,0.0,0.0,1.0,1.0,2.0,727.0,62,8,
PA2,KT2A,PA2KT2A,ABB,103729,230,200,2008.0,2020-01-16,2020-02-06,7090,44120,1914.0,710.0,41.0,3.0,0.0,0.0,1.0,0.0,0.0,755.0,50,8,
PA2,KT2A,PA2KT2A,ABB,103729,230,200,2008.0,2021-01-23,2021-03-21,10670,62490,2000.0,700.0,37.0,3.0,0.0,0.0,1.0,0.0,0.0,741.0,55,16,
PA2,KT2A,PA2KT2A,ABB,103729,230,200,2008.0,2022-01-08,2022-01-14,24110,90580,3067.0,329.0,7.0,5.0,0.0,0.0,1.0,0.0,0.0,342.0,48,9,
PA2,KT2A,PA2KT2A,ABB,103729,230,200,2008.0,2022-08-20,2022-09-02,12010,53560,3469.0,448.0,12.0,3.0,0.0,0.0,1.0,0.0,0.0,464.0,60,17,
PA2,KT2A,PA2KT2A,ABB,103729,230,200,2008.0,2023-02-26,2023-03-04,18,5410,3385.0,524.0,18.0,5.0,0.0,0.0,1.0,2.0,0.0,550.0,60,7,
PA2,KT2A,PA2KT2A,ABB,103729,230,200,2008.0,2023-08-20,2023-08-28,10262,49022,2116.0,637.0,20.0,8.0,0.0,1.0,1.0,1.0,1.0,669.0,63,8,
PA2,KT2A,PA2KT2A,ABB,103729,230,200,2008.0,2023-08-23,2023-08-24,6274,44349,4798.0,1311.0,23.0,14.0,1.0,3.0,2.0,4.0,1.0,1359.0,0,5,หม้อแปลงมีเสียงดัง
PA2,KT2A,PA2KT2A,ABB,103729,230,200,2008.0,2024-02-12,2024-02-25,12835,49936,3264.0,692.0,26.0,6.0,0.0,1.0,6.0,1.0,10.0,742.0,60,7,
PA2,KT3A,PA2KT3A,MITSUBISHI,573081,115/22,25,1997.0,2020-01-16,2020-02-06,3490,65310,4608.0,224.0,49.0,75.0,0.0,0.0,223.0,55.0,192.0,818.0,54,17,
PA2,KT3A,PA2KT3A,MITSUBISHI,573081,115/22,25,1997.0,2021-01-23,2021-03-26,3030,65300,4800.0,250.0,38.0,80.0,0.0,0.0,193.0,21.0,170.0,752.0,55,18,
PA2,KT3A,PA2KT3A,MITSUBISHI,573081,115/22,25,1997.0,2022-01-08,2022-01-14,10060,80780,6039.0,138.0,10.0,70.0,0.0,0.0,215.0,17.0,0.0,450.0,80,25,
PA2,KT3A,PA2KT3A,MITSUBISHI,573081,115/22,25,1997.0,2022-08-20,2022-08-02,4280,72640,5811.0,147.0,16.0,71.0,0.0,3.0,226.0,14.0,174.0,651.0,57,13,
PA2,KT3A,PA2KT3A,MITSUBISHI,573081,115/22,25,1997.0,2023-02-26,2023-03-04,2670,76800,5403.0,125.0,11.0,97.0,0.0,3.0,285.0,10.0,16.0,547.0,58,14,
PA2,KT3A,PA2KT3A,MITSUBISHI,573081,115/22,25,1997.0,2024-02-12,2024-02-25,8656,87939,4052.0,222.0,24.0,115.0,0.0,4.0,387.0,15.0,202.0,969.0,56,13,
PA2,KT4A,PA2KT4A,ALSTHOM,H67440-05,115/22,25,1995.0,2020-01-16,2020-02-07,9520,93990,2968.0,277.0,39.0,92.0,0.0,0.0,214.0,27.0,151.0,800.0,56,11,
PA2,KT4A,PA2KT4A,ALSTHOM,H67440-05,115/22,25,1995.0,2021-01-23,2021-03-26,3580,66260,3000.0,280.0,32.0,100.0,0.0,0.0,160.0,0.0,126.0,698.0,51,18,
PA2,KT4A,PA2KT4A,ALSTHOM,H67440-05,115/22,25,1995.0,2022-01-08,2022-01-14,9580,85180,3665.0,161.0,5.0,73.0,0.0,0.0,194.0,8.0,0.0,441.0,55,8,
PA2,KT4A,PA2KT4A,ALSTHOM,H67440-05,115/22,25,1995.0,2022-08-20,2022-09-02,3470,84920,3743.0,182.0,11.0,86.0,0.0,2.0,239.0,11.0,171.0,702.0,70,13,
PA2,KT4A,PA2KT4A,ALSTHOM,H67440-05,115/22,25,1995.0,2023-02-26,2023-03-04,4320,78070,3624.0,162.0,8.0,101.0,0.0,2.0,284.0,13.0,217.0,787.0,0,13,
PA2,KT4A,PA2KT4A,ALSTHOM,H67440-05,115/22,25,1995.0,2024-02-12,2024-02-25,15166,79809,3502.0,159.0,19.0,105.0,0.0,6.0,319.0,19.0,184.0,811.0,0,10,
PB,KT1A,PBKT1A,ABB,50002,115/22,50,2006.0,2021-03-23,2021-03-23,10984,56737,2429.0,150.0,8.0,39.0,0.0,4.0,103.0,0.0,55.0,359.0,,17,Tx Trip Show Tr Diff LV. สาเหตุจากแมว
PB,KT1A,PBKT1A,ABB,50002,115/22,50,2006.0,2021-06-21,2021-09-03,6932,46668,2169.0,125.0,16.0,45.0,0.0,0.0,118.0,0.0,42.0,346.0,50,25,
PB,KT1A,PBKT1A,ABB,50002,115/22,50,2006.0,2022-06-10,2022-07-07,10452,45289,2271.0,151.0,15.0,36.0,0.0,4.0,126.0,0.0,38.0,370.0,58,18,
PB,KT1A,PBKT1A,ABB,50002,115/22,50,2006.0,2023-06-10,2023-07-01,6694,49345,2464.0,164.0,16.0,74.0,0.0,1.0,157.0,0.0,108.0,520.0,52,14,
PB,KT1A,PBKT1A,ABB,50002,115/22,50,2006.0,2024-01-19,2024-02-19,10044,52979,2337.0,184.0,24.0,75.0,0.0,2.0,159.0,8.0,83.0,535.0,46,9,
PB,KT2A,PBKT2A,MEIDEN,8N5450T1,115/22,50,,2021-06-21,2021-09-03,10158,64575,4675.0,1229.0,8.0,0.0,0.0,8.0,10.0,0.0,0.0,1255.0,59,22,
PB,KT2A,PBKT2A,MEIDEN,8N5450T1,115/22,50,,2022-06-10,2022-07-07,8879,69747,5225.0,1492.0,8.0,2.0,0.0,9.0,6.0,0.0,0.0,1517.0,60,13,
PB,KT2A,PBKT2A,MEIDEN,8N5450T1,115/22,50,,2023-06-10,2023-07-01,12249,66627,4757.0,1323.0,3.0,7.0,0.0,2.0,4.0,0.0,0.0,1339.0,52,18,
PB,KT2A,PBKT2A,MEIDEN,8N5450T1,115/22,50,,2024-01-19,2024-02-23,19669,85142,4045.0,1086.0,3.0,11.0,0.0,15.0,5.0,3.0,3.0,1126.0,50,10,
PC,KT1A,PCKT1A,ALSTHOM,H67440-06,115/22,25,1995.0,2020-01-19,2020-01-26,7921,49022,2478.0,250.0,54.0,111.0,0.0,0.0,216.0,0.0,167.0,798.0,52,5,
PC,KT1A,PCKT1A,ALSTHOM,H67440-06,115/22,25,1995.0,2020-02-17,2020-05-09,5414,48301,2120.0,276.0,11.0,98.0,0.0,7.0,236.0,0.0,154.0,782.0,55,36,research
PC,KT1A,PCKT1A,ALSTHOM,H67440-06,115/22,25,1995.0,2022-01-09,2022-01-16,3713,20422,1152.0,16.0,28.0,2.0,0.0,1.0,15.0,0.0,14.0,76.0,56,7,
PC,KT1A,PCKT1A,ALSTHOM,H67440-06,115/22,25,1995.0,2023-01-09,2023-01-15,7944,33758,1578.0,117.0,25.0,14.0,0.0,1.0,18.0,0.0,11.0,186.0,50,9,
PC,KT1A,PCKT1A,ALSTHOM,H67440-06,115/22,25,1995.0,2023-03-11,2023-03-17,4910,19552,1553.0,105.0,14.0,16.0,0.0,0.0,16.0,0.0,6.0,157.0,55,8,
PC,KT1A,PCKT1A,ALSTHOM,H67440-06,115/22,25,1995.0,2024-02-04,2024-02-24,12148,32816,2167.0,141.0,18.0,15.0,0.0,1.0,20.0,2.0,12.0,209.0,57,10,
PC,KT2A,PCKT2A,MITSUBISHI,573088,115/22,25,1998.0,2020-01-19,2020-01-27,4131,62884,5222.0,124.0,25.0,142.0,0.0,0.0,262.0,0.0,247.0,800.0,55,17,
PC,KT2A,PCKT2A,MITSUBISHI,573088,115/22,25,1998.0,2021-06-05,2021-08-16,9104,56495,4244.0,112.0,21.0,117.0,0.0,16.0,468.0,0.0,189.0,923.0,62,27,
PC,KT2A,PCKT2A,MITSUBISHI,573088,115/22,25,1998.0,2022-01-09,2022-01-16,3441,67091,6854.0,34.0,49.0,44.0,0.0,8.0,641.0,0.0,309.0,1085.0,60,15,
PC,KT2A,PCKT2A,MITSUBISHI,573088,115/22,25,1998.0,2023-03-11,2023-03-17,9916,59451,5160.0,132.0,183.0,148.0,0.0,1.0,560.0,0.0,257.0,1281.0,57,17,
PC,KT2A,PCKT2A,MITSUBISHI,573088,115/22,25,1998.0,2024-02-04,2024-02-24,4460,48960,4539.0,128.0,30.0,228.0,0.0,10.0,789.0,68.0,482.0,1735.0,51,15,
PC,KT3A,PCKT3A,ALSTHOM,H67440-02,115/22,25,1995.0,2021-06-05,2021-08-16,5998,30804,1596.0,161.0,13.0,12.0,0.0,13.0,26.0,0.0,0.0,225.0,55,30,
PC,KT3A,PCKT3A,ALSTHOM,H67440-02,115/22,25,1995.0,2022-01-09,2022-01-16,3746,30813,2288.0,36.0,34.0,5.0,0.0,4.0,22.0,3.0,18.0,122.0,40,11,
PC,KT3A,PCKT3A,ALSTHOM,H67440-02,115/22,25,1995.0,2023-01-09,2023-01-09,14344,46321,2226.0,164.0,20.0,16.0,0.0,4.0,19.0,4.0,11.0,238.0,50,15,
PC,KT3A,PCKT3A,ALSTHOM,H67440-02,115/22,25,1995.0,2023-03-11,2023-03-17,4877,32432,2566.0,204.0,13.0,19.0,0.0,3.0,23.0,0.0,5.0,267.0,50,14,
PC,KT3A,PCKT3A,ALSTHOM,H67440-02,115/22,25,1995.0,2024-02-04,2024-02-24,13170,34550,2435.0,157.0,8.0,22.0,0.0,4.0,23.0,13.0,16.0,243.0,53,16,
PCH,KT1A,PCHKT1A,ABB,52015,115/22,50,2007.0,2019-03-28,2019-04-21,7413,36144,2881.0,204.0,12.0,14.0,0.0,0.0,5.0,0.0,0.0,235.0,58,18,-
PCH,KT1A,PCHKT1A,ABB,52015,115/22,50,2007.0,2020-03-28,2020-05-26,8339,36239,2611.0,210.0,17.0,12.0,0.0,0.0,5.0,0.0,0.0,244.0,50,10,
PCH,KT1A,PCHKT1A,ABB,52015,115/22,50,2007.0,2021-01-16,2021-02-05,5956,50974,3146.0,137.0,25.0,27.0,0.0,0.0,4.0,0.0,2.0,195.0,48,8,
PCH,KT1A,PCHKT1A,ABB,52015,115/22,50,2007.0,2022-03-04,2022-03-27,6190,47880,2765.0,149.0,12.0,18.0,0.0,0.0,5.0,2.0,3.0,189.0,40,9,
PCH,KT1A,PCHKT1A,ABB,52015,115/22,50,2007.0,2023-03-02,2023-03-17,13915,40250,3571.0,214.0,6.0,17.0,0.0,0.0,7.0,0.0,0.0,244.0,46,16,
PCH,KT1A,PCHKT1A,ABB,52015,115/22,50,2007.0,2024-03-02,2024-04-07,9535,39592,2789.0,262.0,4.0,24.0,0.0,2.0,6.0,3.0,2.0,303.0,52,7,
PCH,KT2A,PCHKT2A,ABB,52016,115/22,50,2007.0,2019-03-28,2019-04-18,7390,37151,3303.0,242.0,14.0,20.0,0.0,0.0,10.0,0.0,0.0,286.0,63,22,-
PCH,KT2A,PCHKT2A,ABB,52016,115/22,50,2007.0,2021-01-16,2021-02-12,4932,51074,3827.0,174.0,29.0,43.0,0.0,0.0,7.0,0.0,4.0,257.0,53,11,
PCH,KT2A,PCHKT2A,ABB,52016,115/22,50,2007.0,2022-03-04,2022-03-27,5850,46820,2932.0,147.0,13.0,21.0,0.0,0.0,6.0,77.0,4.0,268.0,38,7,
PCH,KT2A,PCHKT2A,ABB,52016,115/22,50,2007.0,2023-03-02,2023-03-17,11002,39700,3456.0,249.0,8.0,27.0,0.0,0.0,9.0,0.0,0.0,293.0,49,11,
PCH,KT2A,PCHKT2A,ABB,52016,115/22,50,2007.0,2024-03-02,2024-04-07,11425,40502,3227.0,271.0,3.0,30.0,0.0,2.0,8.0,3.0,4.0,321.0,52,10,
PDG,KT1AA,PDGKT1AA,TOSHIBA,01900067,525/230/22,333.3,2015.0,2019-03-16,2019-04-01,8441,35721,2301.0,112.0,14.0,2.0,0.0,0.0,0.0,0.0,0.0,128.0,54,14,-
PDG,KT1AA,PDGKT1AA,TOSHIBA,01900067,525/230/22,333.3,2015.0,2019-03-16,2019-04-01,8441,35721,2301.0,112.0,14.0,2.0,0.0,0.0,0.0,0.0,0.0,128.0,54,14,-
PDG,KT1AA,PDGKT1AA,TOSHIBA,01900067,525/230/22,333.3,2015.0,2019-09-20,2019-10-26,4765,19214,2682.0,113.0,5.0,2.0,0.0,0.0,0.0,0.0,0.0,120.0,55,24,-
PDG,KT1AA,PDGKT1AA,TOSHIBA,01900067,525/230/22,333.3,2015.0,2020-03-21,2020-04-10,7610,32950,730.0,162.0,56.0,3.0,0.0,0.0,1.0,0.0,1.0,223.0,54,18,
PDG,KT1AA,PDGKT1AA,TOSHIBA,01900067,525/230/22,333.3,2015.0,2020-09-05,2020-09-19,6724,28190,1467.0,242.0,14.0,0.0,0.0,0.0,0.0,0.0,0.0,256.0,54,19,
PDG,KT1AA,PDGKT1AA,TOSHIBA,01900067,525/230/22,333.3,2015.0,2021-03-15,2021-05-02,3990,26800,634.0,113.0,43.0,0.0,0.0,0.0,4.0,3.0,3.0,166.0,54,19,
PDG,KT1AA,PDGKT1AA,TOSHIBA,01900067,525/230/22,333.3,2015.0,2021-07-09,2021-07-09,8543,31389,1412.0,298.0,8.0,4.0,0.0,0.0,1.0,1.0,1.0,313.0,,3,เนื่องจาก BUSHING KT1AB ระเบิด
PDG,KT1AA,PDGKT1AA,TOSHIBA,01900067,525/230/22,333.3,2015.0,2021-07-27,2021-10-08,34260,68108,391.0,12.0,5.0,0.0,0.0,0.0,0.0,0.0,0.0,5.0,,12,หลังทดสอบทางไฟฟ้า
PDG,KT1AA,PDGKT1AA,TOSHIBA,01900067,525/230/22,333.3,2015.0,2021-09-14,2021-11-13,4542,13779,599.0,31.0,1.0,0.0,0.0,0.0,0.0,1.0,0.0,33.0,50,11,
PDG,KT1AA,PDGKT1AA,TOSHIBA,01900067,525/230/22,333.3,2015.0,2022-03-18,2022-03-31,4952,14818,661.0,38.0,6.0,1.0,0.0,0.0,0.0,0.0,0.0,45.0,53,7,
PDG,KT1AA,PDGKT1AA,TOSHIBA,01900067,525/230/22,333.3,2015.0,2022-09-18,2022-09-23,6000,22130,624.0,33.0,4.0,1.0,0.0,0.0,0.0,0.0,0.0,38.0,54,12,
PDG,KT1AA,PDGKT1AA,TOSHIBA,01900067,525/230/22,333.3,2015.0,2023-06-26,2023-07-16,6601,19061,652.0,47.0,6.0,10.0,0.0,1.0,1.0,1.0,1.0,67.0,54,12,
PDG,KT1AA,PDGKT1AA,TOSHIBA,01900067,525/230/22,333.3,2015.0,2023-11-23,2024-01-26,12771,46285,1819.0,151.0,26.0,0.0,0.0,0.0,1.0,1.0,2.0,181.0,48,28,
PDG,KT1AA,PDGKT1AA,TOSHIBA,01900067,525/230/22,333.3,2015.0,2024-04-21,2024-04-24,5707,17088,1935.0,158.0,11.0,0.0,0.0,0.0,0.0,0.0,0.0,169.0,50,14,
PDG,KT1AB,PDGKT1AB,TOSHIBA,01900068,525/230/22,333.3,2015.0,2019-03-16,2019-04-01,7773,35473,1448.0,106.0,17.0,3.0,0.0,0.0,0.0,0.0,0.0,126.0,54,11,-
PDG,KT1AB,PDGKT1AB,TOSHIBA,01900068,525/230/22,333.3,2015.0,2019-09-20,2019-10-26,5545,20297,1812.0,137.0,5.0,2.0,0.0,0.0,1.0,0.0,0.0,145.0,55,25,-
PDG,KT1AB,PDGKT1AB,TOSHIBA,01900068,525/230/22,333.3,2015.0,2020-03-21,2020-04-10,9420,40700,1858.0,162.0,48.0,23.0,0.0,0.0,5.0,4.0,4.0,246.0,72,10,
PDG,KT1AB,PDGKT1AB,TOSHIBA,01900068,525/230/22,333.3,2015.0,2020-09-05,2020-09-19,5447,21850,1421.0,243.0,14.0,0.0,0.0,0.0,0.0,0.0,0.0,257.0,54,19,
PDG,KT1AB,PDGKT1AB,TOSHIBA,01900068,525/230/22,333.3,2015.0,2021-03-15,2021-05-02,4510,29280,846.0,141.0,34.0,0.0,0.0,0.0,2.0,2.0,2.0,181.0,52,18,
PDG,KT1AB,PDGKT1AB,TOSHIBA,01900068,525/230/22,333.3,2015.0,2021-07-09,2021-07-09,8928,30297,1648.0,345.0,2537.0,1207.0,612.0,851.0,78.0,186.0,0.0,5816.0,,6,เนื่องจาก BUSHING KT1AB ระเบิด
PDG,KT1AB,PDGKT1AB,TOSHIBA,01900068,525/230/22,333.3,2015.0,2021-09-17,2021-09-21,21913,68838,1038.0,36.0,46.0,263.0,0.0,467.0,54.0,148.0,0.0,1014.0,,52,"Note
หลังจากพังและได้ทำ Purifyของ PDG#KT1AB """"TOSHIBA"""" เพื่อจะนำน้ำมันไปใช้งาน"
PDG,KT1AB,PDGKT1AB,TOSHIBA,01900068,525/230/22,333.3,2015.0,2023-11-29,2023-12-02,6458,13935,71.0,3.0,0.0,0.0,0.0,0.0,0.0,0.0,0.0,3.0,30,5,
PDG,KT1AB,PDGKT1AB,TOSHIBA,01900068,525/230/22,333.3,2015.0,2024-02-22,2024-03-02,13410,26501,313.0,15.0,14.0,0.0,0.0,0.0,1.0,1.0,1.0,32.0,55,,
PDG,KT1AB,PDGKT1AB,TOSHIBA,01900068,525/230/22,333.3,2015.0,2024-04-21,2024-04-24,7682,21433,363.0,30.0,1.0,2.0,0.0,0.0,1.0,0.0,0.0,34.0,50,10,
PDG,KT1AC,PDGKT1AC,TOSHIBA,01900069,525/230/22,333.3,2015.0,2019-03-16,2019-04-01,8419,35659,1414.0,113.0,8.0,8.0,0.0,0.0,0.0,0.0,0.0,129.0,54,14,-
PDG,KT1AC,PDGKT1AC,TOSHIBA,01900069,525/230/22,333.3,2015.0,2019-09-20,2019-10-26,3479,19335,1681.0,151.0,3.0,5.0,0.0,0.0,2.0,0.0,0.0,161.0,56,16,-
PDG,KT1AC,PDGKT1AC,TOSHIBA,01900069,525/230/22,333.3,2015.0,2020-03-21,2020-04-10,10170,35400,1612.0,174.0,47.0,5.0,0.0,0.0,2.0,0.0,2.0,230.0,54,18,
PDG,KT1AC,PDGKT1AC,TOSHIBA,01900069,525/230/22,333.3,2015.0,2020-09-05,2020-09-19,10314,33575,1171.0,230.0,10.0,0.0,0.0,0.0,8.0,0.0,0.0,248.0,54,22,
PDG,KT1AC,PDGKT1AC,TOSHIBA,01900069,525/230/22,333.3,2015.0,2021-03-15,2021-05-02,5080,40570,582.0,128.0,46.0,0.0,0.0,0.0,2.0,17.0,4.0,197.0,53,25,
PDG,KT1AC,PDGKT1AC,TOSHIBA,01900069,525/230/22,333.3,2015.0,2021-07-09,2021-07-09,7630,28595,1247.0,320.0,10.0,7.0,0.0,2.0,2.0,2.0,1.0,344.0,,5,เนื่องจาก BUSHING KT1AB ระเบิด
PDG,KT1AC,PDGKT1AC,TOSHIBA,01900069,525/230/22,333.3,2015.0,2021-07-27,2021-10-08,31404,67620,344.0,11.0,6.0,0.0,0.0,0.0,0.0,0.0,0.0,6.0,,18,หลังทดสอบทางไฟฟ้า
PDG,KT1AC,PDGKT1AC,TOSHIBA,01900069,525/230/22,333.3,2015.0,2021-09-14,2021-11-13,5931,15193,553.0,27.0,2.0,0.0,0.0,0.0,1.0,1.0,1.0,32.0,50,12,
PDG,KT1AC,PDGKT1AC,TOSHIBA,01900069,525/230/22,333.3,2015.0,2022-03-18,2022-04-01,21101,63435,619.0,47.0,1.0,2.0,0.0,0.0,1.0,0.0,0.0,51.0,63,8,
PDG,KT1AC,PDGKT1AC,TOSHIBA,01900069,525/230/22,333.3,2015.0,2022-09-18,2022-09-23,25420,64460,665.0,41.0,7.0,1.0,0.0,2.0,0.0,2.0,0.0,53.0,54,10,
PDG,KT1AC,PDGKT1AC,TOSHIBA,01900069,525/230/22,333.3,2015.0,2023-06-26,2023-07-17,11918,43829,843.0,80.0,9.0,0.0,0.0,0.0,0.0,0.0,0.0,89.0,54,20,
PDG,KT1AC,PDGKT1AC,TOSHIBA,01900069,525/230/22,333.3,2015.0,2023-11-23,2024-01-26,12629,48537,3064.0,178.0,19.0,2.0,0.0,0.0,0.0,1.0,0.0,200.0,47,31,
PDG,KT1AC,PDGKT1AC,TOSHIBA,01900069,525/230/22,333.3,2015.0,2024-04-21,2024-04-24,6656,19540,684.0,131.0,1.0,3.0,0.0,1.0,2.0,3.0,2.0,143.0,56,6,
PDG,KT2AA,PDGKT2AA,ALSTOM,8444652,500/230/22,333.3,2014.0,2024-04-21,2024-04-24,4677,15185,1475.0,426.0,10.0,6.0,0.0,0.0,3.0,0.0,0.0,445.0,50,4,
PDG,KT2AB,PDGKT2AB,ALSTOM,8444653,500/230/22,333.3,2014.0,2024-04-21,2024-04-24,4380,14303,1428.0,335.0,11.0,5.0,0.0,0.0,3.0,0.0,0.0,354.0,54,5,
PDG,KT2AC,PDGKT2AC,ALSTOM,8444654,500/230/22,333.3,2014.0,2024-04-21,2024-04-24,4660,16333,1248.0,336.0,12.0,5.0,0.0,0.0,0.0,0.0,0.0,353.0,54,4,
PDG,KT3A,PDGKT3A,MITSUBISHI,9374750103,230/115/22,200,2007.0,2019-11-22,2019-12-21,8356,54642,5932.0,179.0,23.0,46.0,0.0,0.0,118.0,0.0,86.0,452.0,63,12,-
PDG,KT3A,PDGKT3A,MITSUBISHI,9374750103,230/115/22,200,2007.0,2020-07-20,2020-08-02,8233,63141,6295.0,171.0,14.0,41.0,0.0,0.0,119.0,0.0,60.0,405.0,68,18,
PDG,KT3A,PDGKT3A,MITSUBISHI,9374750103,230/115/22,200,2007.0,2021-06-11,2021-08-14,11438,63432,2564.0,66.0,7.0,15.0,0.0,0.0,255.0,0.0,74.0,417.0,,17,
PDG,KT3A,PDGKT3A,MITSUBISHI,9374750103,230/115/22,200,2007.0,2021-08-21,2021-08-23,6158,19928,232.0,8.0,0.0,0.0,0.0,0.0,0.0,0.0,0.0,8.0,30,9,ก่อนการทดสอบทางไฟฟ้า
PDG,KT3A,PDGKT3A,MITSUBISHI,9374750103,230/115/22,200,2007.0,2021-08-30,2021-08-31,3440,13414,394.0,15.0,5.0,3.0,0.4,1.0,1.0,0.0,1.0,26.4,30,7,หลังทดสอบทางไฟฟ้า
PDG,KT3A,PDGKT3A,MITSUBISHI,9374750103,230/115/22,200,2007.0,2021-09-04,2021-09-04,3900,15160,556.0,23.0,11.0,1.0,0.1,2.0,3.0,5.0,2.0,47.1,,9,ตามผลซ้ำหลังทดสอบทางไฟฟ้า
PDG,KT3A,PDGKT3A,MITSUBISHI,9374750103,230/115/22,200,2007.0,2021-11-20,2021-11-20,2750,17241,201.0,4.0,21.0,1.0,0.0,0.0,3.0,1.0,1.0,31.0,,10,
PDG,KT3A,PDGKT3A,MITSUBISHI,9374750103,230/115/22,200,2007.0,2022-09-18,2022-09-23,6290,25100,845.0,47.0,12.0,9.0,0.0,0.0,7.0,1.0,3.0,79.0,55,12,
PDG,KT3A,PDGKT3A,MITSUBISHI,9374750103,230/115/22,200,2007.0,2022-12-03,2022-12-04,7846,27395,1082.0,81.0,4.0,26.0,0.0,1.0,11.0,0.0,5.0,128.0,56.5,16,หม้อแปลง TRIP โดยไม่ทราบสาเหตุ
PDG,KT3A,PDGKT3A,MITSUBISHI,9374750103,230/115/22,200,2007.0,2023-03-05,2023-03-06,10382,28609,3085.0,151.0,5.0,10.0,0.0,0.0,15.0,0.0,9.0,190.0,0,10,After oil Flow Trip
PDG,KT3A,PDGKT3A,MITSUBISHI,9374750103,230/115/22,200,2007.0,2023-06-26,2023-07-16,9830,33939,2563.0,114.0,7.0,24.0,0.0,2.0,24.0,1.0,14.0,186.0,56,11,
PDG,KT3A,PDGKT3A,MITSUBISHI,9374750103,230/115/22,200,2007.0,2023-11-23,2024-01-25,7946,27591,3389.0,148.0,25.0,11.0,0.0,1.0,24.0,0.0,12.0,221.0,60,13,
PDG,KT3A,PDGKT3A,MITSUBISHI,9374750103,230/115/22,200,2007.0,2024-04-21,2024-04-24,2157,14573,4123.0,161.0,16.0,17.0,0.0,0.0,34.0,0.0,15.0,243.0,60,8,
PE,KT1A,PEKT1A,ABB,57023,115/22,50,2011.0,2019-11-08,2019-12-13,22805,61217,1108.0,279.0,7.0,1.0,0.0,0.0,0.0,0.0,0.0,287.0,49,8,-
PE,KT1A,PEKT1A,ABB,57023,115/22,50,2011.0,2021-01-23,2021-02-13,12331,57931,821.0,135.0,16.0,0.0,0.0,0.0,0.0,0.0,0.0,151.0,47,20,
PE,KT1A,PEKT1A,ABB,57023,115/22,50,2011.0,2021-01-26,2021-03-29,14697,61673,843.0,139.0,25.0,0.0,0.0,0.0,1.0,0.0,1.0,166.0,36,16,
PE,KT1A,PEKT1A,ABB,57023,115/22,50,2011.0,2021-10-17,2021-11-17,13997,44782,2142.0,435.0,3.0,2.0,0.0,0.0,1.0,0.0,1.0,442.0,42,14,
PE,KT1A,PEKT1A,ABB,57023,115/22,50,2011.0,2022-11-18,2022-12-11,25906,67279,1929.0,360.0,1.0,4.0,0.0,2.0,1.0,1.0,0.0,369.0,43,18,สี0.5
PE,KT1A,PEKT1A,ABB,57023,115/22,50,2011.0,2023-03-09,2023-03-17,27529,51606,1882.0,516.0,7.0,1.0,0.0,1.0,12.0,0.0,10.0,547.0,50,5,
PE,KT1A,PEKT1A,ABB,57023,115/22,50,2011.0,2024-02-02,2024-02-24,32890,43170,1666.0,527.0,2.0,6.0,0.0,3.0,1.0,33.0,0.0,572.0,40,10,
PE,KT2A,PEKT2A,DAIHEN,5BA159009,115/22,25,1990.0,2019-11-08,2019-12-09,6125,18154,4049.0,173.0,36.0,16.0,0.0,0.0,18.0,0.0,8.0,251.0,59,14,-
PE,KT2A,PEKT2A,DAIHEN,5BA159009,115/22,25,1990.0,2020-03-01,2020-05-10,6579,32917,2801.0,141.0,28.0,13.0,0.0,0.0,3.0,0.0,8.0,193.0,58,25,research
PE,KT2A,PEKT2A,DAIHEN,5BA159009,115/22,25,1990.0,2021-01-23,2021-02-13,9361,51952,3239.0,154.0,34.0,7.0,0.0,0.0,2.0,0.0,1.0,198.0,58,15,
PE,KT2A,PEKT2A,DAIHEN,5BA159009,115/22,25,1990.0,2021-10-17,2021-11-17,6835,16688,1673.0,133.0,8.0,5.0,0.0,0.0,4.0,0.0,3.0,153.0,54,14,
PE,KT2A,PEKT2A,DAIHEN,5BA159009,115/22,25,1990.0,2021-12-04,2021-12-11,3689,15501,2085.0,156.0,40.0,8.0,0.0,0.0,6.0,0.0,4.0,214.0,53,14,
PE,KT2A,PEKT2A,DAIHEN,5BA159009,115/22,25,1990.0,2021-12-15,2021-12-20,3284,14446,2099.0,42.0,13.0,6.0,0.0,0.0,5.0,0.0,3.0,69.0,60,11,repeat
PE,KT2A,PEKT2A,DAIHEN,5BA159009,115/22,25,1990.0,2022-10-28,2022-12-02,20554,54471,1824.0,143.0,10.0,3.0,0.0,1.0,7.0,2.0,3.0,169.0,40,19,
PE,KT2A,PEKT2A,DAIHEN,5BA159009,115/22,25,1990.0,2023-03-09,2023-03-17,8039,13837,1854.0,151.0,16.0,6.0,0.0,1.0,12.0,0.0,7.0,193.0,71,12,
PE,KT2A,PEKT2A,DAIHEN,5BA159009,115/22,25,1990.0,2024-02-02,2024-02-24,16290,19380,1570.0,57.0,10.0,8.0,0.0,1.0,12.0,0.0,7.0,95.0,54,13,
PHG,KT1A,PHGKT1A,JEUMONT,92199,230/115/22,200,1995.0,2019-03-11,2019-03-18,7218,33950,2125.0,121.0,55.0,91.0,0.0,107.0,44.0,50.0,9.0,477.0,55,12,-
PHG,KT1A,PHGKT1A,JEUMONT,92199,230/115/22,200,1995.0,2019-09-14,2019-09-14,2914,22736,2546.0,147.0,750.0,388.0,954.0,386.0,85.0,95.0,19.0,2824.0,28,7,Bushing LowSide Phase.C ระเบิด
PHG,KT1A,PHGKT1A,JEUMONT,92199,230/115/22,200,1995.0,2019-09-22,2019-09-27,8569,40105,2269.0,146.0,449.0,378.0,340.0,434.0,78.0,193.0,15.0,2033.0,-,10,-
PHG,KT1A,PHGKT1A,JEUMONT,92199,230/115/22,200,1995.0,2021-02-02,2021-02-05,21316,48941,263.0,0.0,0.0,0.0,0.0,0.0,0.0,0.0,0.0,0.0,,5,น้ำมันหลังจาก LV TEST โรงซ่อมบางพลี
PHG,KT1A,PHGKT1A,JEUMONT,92199,230/115/22,200,1995.0,2021-02-12,2021-02-13,14041,50795,127.0,3.0,9.0,0.0,0.0,0.0,0.0,0.0,0.0,12.0,,11,หลังซ่อม ก่อนทดสอบ HV Test
PHG,KT1A,PHGKT1A,JEUMONT,92199,230/115/22,200,1995.0,2021-02-15,2021-02-15,17123,43159,168.0,0.0,2.0,0.0,0.0,0.0,1.0,0.0,0.0,3.0,30,8,หลังทดสอบ HV TEST แล้วมีปัญหา
PHG,KT1A,PHGKT1A,JEUMONT,92199,230/115/22,200,1995.0,2021-03-06,2021-03-07,15891,36895,195.0,4.0,6.0,0.0,0.0,0.0,0.0,0.0,0.0,10.0,,6,หลัง HV Test  เก็บตัวอย่างที่โรงซ่อม  Vacc. 2 คืน
PHG,KT1A,PHGKT1A,JEUMONT,92199,230/115/22,200,1995.0,2022-01-07,2022-01-10,8961,35507,113.0,6.7,0.9,0.9,0.0,0.0,0.3,0.2,0.3,9.3,,13,ก่อนนำเข้าใช้งานในระบบ ย้ายมาจากSR2#KT3A
PHG,KT1A,PHGKT1A,JEUMONT,92199,230/115/22,200,1995.0,2023-11-16,2023-12-14,35285,76077,4016.0,416.0,14.0,19.0,0.8,40.0,7.0,14.0,0.0,510.8,60,24,
PHG,KT1A,PHGKT1A,JEUMONT,92199,230/115/22,200,1995.0,2024-02-11,2024-02-16,38526,79972,4479.0,510.0,13.0,19.0,0.7,44.0,8.0,29.0,5.0,628.7,50,20,
PHG,KT1A,PHGKT1A,JEUMONT,92199,230/115/22,200,1995.0,2024-04-28,2024-05-04,36760,54810,4498.0,604.0,17.0,37.0,0.0,65.0,10.0,52.0,5.0,790.0,50,16,
PHK,KT1A,PHKKT1A,FUJI,AG69095T436,115/22,25,1998.0,2020-02-25,2020-03-29,6783,44042,424.0,84.0,26.0,42.0,0.0,2.0,55.0,0.0,37.0,246.0,52,17,
PHK,KT1A,PHKKT1A,FUJI,AG69095T436,115/22,25,1998.0,2020-03-31,2020-05-18,11278,69042,716.0,112.0,85.0,41.0,0.0,2.0,59.0,0.0,41.0,340.0,52,62,
PHK,KT1A,PHKKT1A,FUJI,AG69095T436,115/22,25,1998.0,2021-02-23,2021-05-21,10349,61385,253.0,86.0,18.0,38.0,0.0,6.0,65.0,7.0,30.0,250.0,54,24,
PHK,KT1A,PHKKT1A,FUJI,AG69095T436,115/22,25,1998.0,2022-02-01,2022-02-19,6304,51837,663.0,75.0,16.0,32.0,0.0,2.0,63.0,0.0,41.0,229.0,44,19,
PHK,KT1A,PHKKT1A,FUJI,AG69095T436,115/22,25,1998.0,2023-01-30,2023-02-12,6590,50030,590.0,89.0,12.0,47.0,0.0,3.0,93.0,14.0,57.0,315.0,48,8,
PHK,KT1A,PHKKT1A,FUJI,AG69095T436,115/22,25,1998.0,2024-01-29,2024-03-09,13040,43567,670.0,97.0,13.0,30.0,0.0,6.0,32.0,11.0,21.0,210.0,53,14,
PHK,KT2A,PHKKT2A,FUJI,AG69095T432,115/22,25,1998.0,2020-02-25,2020-03-29,4615,20748,345.0,31.0,73.0,16.0,0.0,0.0,20.0,0.0,11.0,151.0,51,10,
PHK,KT2A,PHKKT2A,FUJI,AG69095T432,115/22,25,1998.0,2021-02-23,2021-05-21,11458,42225,228.0,34.0,40.0,16.0,0.0,3.0,28.0,2.0,12.0,135.0,54,23,
PHK,KT2A,PHKKT2A,FUJI,AG69095T432,115/22,25,1998.0,2022-03-20,2022-04-10,5645,23184,760.0,50.0,34.0,18.0,0.0,4.0,44.0,0.0,4.0,154.0,54,20,
PHK,KT2A,PHKKT2A,FUJI,AG69095T432,115/22,25,1998.0,2023-01-30,2023-02-12,6860,25360,537.0,38.0,29.0,21.0,0.0,2.0,45.0,0.0,22.0,157.0,47,10,
PHK,KT2A,PHKKT2A,FUJI,AG69095T432,115/22,25,1998.0,2024-04-22,2024-04-30,15546,48911,253.0,30.0,12.0,27.0,0.0,6.0,76.0,3.0,23.0,177.0,40,11,สุ่มทดสอบซ้ำอีกครั้ง
PHK,KT3A,PHKKT3A,EKARAT DAIHEN,EDP011204,115/22/11,50,2011.0,2020-06-09,2020-06-21,8489,42236,2437.0,1035.0,40.0,7.0,0.0,6.0,0.0,6.0,3.0,1097.0,50,58,
PHK,KT3A,PHKKT3A,EKARAT DAIHEN,EDP011204,115/22/11,50,2011.0,2021-02-23,2021-05-20,26859,58907,1390.0,503.0,19.0,0.0,0.0,5.0,0.0,0.0,0.0,527.0,51,28,
PHK,KT3A,PHKKT3A,EKARAT DAIHEN,EDP011204,115/22/11,50,2011.0,2022-02-01,2022-02-18,11130,57056,1486.0,676.0,51.0,3.0,0.0,2.0,1.0,0.0,3.0,736.0,41,10,
PHK,KT3A,PHKKT3A,EKARAT DAIHEN,EDP011204,115/22/11,50,2011.0,2023-01-30,2023-02-18,13442,68212,2573.0,1151.0,19.0,8.0,0.0,10.0,2.0,7.0,4.0,1201.0,45,10,
PHK,KT3A,PHKKT3A,EKARAT DAIHEN,EDP011204,115/22/11,50,2011.0,2024-01-29,2024-03-08,9081,47819,2597.0,965.0,32.0,5.0,0.0,11.0,2.0,5.0,6.0,1026.0,50,12,
PHT,KT1A,PHTKT1A,DAIHEN,7128901601,230,300,2024.0,2024-03-08,2024-04-09,106000,73525,210.0,24.0,4.0,1.0,0.0,0.0,1.0,0.0,0.0,30.0,27,11,
PHT,KT2A,PHTKT2A,DAIHEN,,230,300,2024.0,2024-02-22,2024-03-02,3581,8508,43.0,5.0,4.0,0.0,0.0,0.0,0.0,0.0,0.0,9.0,30,5,
PHT,KT3A,PHTKT3A,DAIHEN,,230,300,2024.0,2024-02-22,2024-03-02,4437,11290,68.0,8.0,2.0,0.0,0.0,0.0,0.0,0.0,0.0,10.0,30,6,
PK1,KT1A,PK1KT1A,ABB,5004,115/33/11,50,2007.0,2019-09-09,2019-11-23,6647,55260,2289.0,94.0,18.0,111.0,0.0,4.0,250.0,0.0,172.0,649.0,49,26,-
PK1,KT1A,PK1KT1A,ABB,5004,115/33/11,50,2007.0,2020-09-12,2020-11-16,4299,37958,2494.0,96.0,10.0,105.0,0.0,0.0,263.0,180.0,0.0,654.0,59,16,
PK1,KT1A,PK1KT1A,ABB,5004,115/33/11,50,2007.0,2021-09-17,2021-11-17,6057,39370,2552.0,101.0,11.0,108.0,0.0,0.0,282.0,0.0,69.0,571.0,49,18,
PK1,KT1A,PK1KT1A,ABB,5004,115/33/11,50,2007.0,2022-09-19,2022-10-08,3225,36016,3325.0,84.0,16.0,135.0,0.0,3.0,293.0,11.0,150.0,692.0,48,9,
PK1,KT1A,PK1KT1A,ABB,5004,115/33/11,50,2007.0,2023-09-16,2023-10-29,2741,53953,4253.0,139.0,32.0,161.0,0.0,8.0,373.0,16.0,229.0,958.0,50,9,
PK1,KT2A,PK1KT2A,HYUNDAI,T933002,115/33/11,50,2007.0,2019-09-09,2019-11-23,9850,49420,0.0,0.0,15.0,33.0,0.0,0.0,70.0,0.0,59.0,177.0,54,29,-
PK1,KT2A,PK1KT2A,HYUNDAI,T933002,115/33/11,50,2007.0,2020-09-12,2020-11-15,8385,44938,1769.0,15.0,13.0,43.0,0.0,0.0,116.0,31.0,0.0,218.0,54,11,
PK1,KT2A,PK1KT2A,HYUNDAI,T933002,115/33/11,50,2007.0,2021-09-17,2021-11-17,11669,42565,1516.0,14.0,9.0,34.0,0.0,0.0,83.0,0.0,16.0,156.0,48,14,
PK1,KT2A,PK1KT2A,HYUNDAI,T933002,115/33/11,50,2007.0,2022-09-19,2022-10-08,5023,40856,1983.0,15.0,14.0,40.0,0.0,3.0,96.0,13.0,48.0,229.0,51,9,
PK1,KT2A,PK1KT2A,HYUNDAI,T933002,115/33/11,50,2007.0,2023-09-16,2023-10-29,8532,55216,2298.0,22.0,4.0,60.0,0.0,3.0,96.0,0.0,79.0,264.0,49,5,
PK2,KT1A,PK2KT1A,FUJI,AG69095T331,115/33/11,25,1998.0,2019-04-01,2019-06-30,13927,41078,1573.0,99.0,17.0,27.0,0.0,6.0,69.0,0.0,22.0,240.0,56,23,-
PK2,KT1A,PK2KT1A,FUJI,AG69095T331,115/33/11,25,1998.0,2019-09-07,2019-11-24,14076,49833,1476.0,89.0,17.0,22.0,0.0,5.0,77.0,0.0,32.0,242.0,53,28,-
PK2,KT1A,PK2KT1A,FUJI,AG69095T331,115/33/11,25,1998.0,2020-09-13,2020-11-16,9127,38171,1780.0,99.0,18.0,33.0,0.0,6.0,94.0,42.0,0.0,292.0,56,19,
PK2,KT1A,PK2KT1A,FUJI,AG69095T331,115/33/11,25,1998.0,2021-09-18,2021-11-17,10804,38751,1948.0,105.0,20.0,36.0,0.0,6.0,107.0,0.0,22.0,296.0,62,13,
PK2,KT1A,PK2KT1A,FUJI,AG69095T331,115/33/11,25,1998.0,2022-09-18,2022-10-08,10892,31294,2088.0,193.0,15.0,2.0,0.0,7.0,76.0,6.0,38.0,337.0,56,12,
PK2,KT1A,PK2KT1A,FUJI,AG69095T331,115/33/11,25,1998.0,2023-09-17,2023-10-26,8794,43896,1939.0,236.0,11.0,24.0,0.0,4.0,72.0,0.0,49.0,396.0,60,18,
PK2,KT2A,PK2KT2A,MITSUBISHI,574406,115/33/11,25,1999.0,2019-04-01,2019-07-05,10470,52589,4219.0,102.0,17.0,78.0,0.0,8.0,273.0,0.0,135.0,613.0,-,36,-
PK2,KT2A,PK2KT2A,MITSUBISHI,574406,115/33/11,25,1999.0,2019-09-07,2019-11-23,10310,62740,0.0,0.0,23.0,63.0,0.0,3.0,317.0,17.0,201.0,624.0,54,6,-
PK2,KT2A,PK2KT2A,MITSUBISHI,574406,115/33/11,25,1999.0,2020-09-13,2020-11-15,8550,169030,1427.0,23.0,37.0,32.0,0.0,0.0,145.0,13.0,99.0,349.0,53,22,
PK2,KT2A,PK2KT2A,MITSUBISHI,574406,115/33/11,25,1999.0,2021-09-18,2021-11-17,8453,57509,5721.0,106.0,22.0,87.0,0.0,10.0,366.0,0.0,79.0,670.0,53,15,
PK2,KT2A,PK2KT2A,MITSUBISHI,574406,115/33/11,25,1999.0,2022-09-18,2022-10-08,8581,56701,6395.0,73.0,26.0,109.0,0.0,8.0,387.0,8.0,172.0,783.0,64,12,
PK2,KT2A,PK2KT2A,MITSUBISHI,574406,115/33/11,25,1999.0,2023-09-17,2023-10-26,7458,71956,7224.0,143.0,23.0,128.0,0.0,8.0,541.0,5.0,200.0,1048.0,46,19,
PK2,KT3A,PK2KT3A,VOLTA WERKE,60491-001,115/33/11,75,1993.0,2019-03-23,2019-07-05,9071,45706,1364.0,108.0,21.0,61.0,0.0,8.0,106.0,0.0,56.0,360.0,44,19,-
PK2,KT3A,PK2KT3A,VOLTA WERKE,60491-001,115/33/11,75,1993.0,2019-09-07,2019-11-23,10243,34565,0.0,0.0,8.0,20.0,0.0,3.0,0.0,0.0,39.0,70.0,40,34,-
PK2,KT3A,PK2KT3A,VOLTA WERKE,60491-001,115/33/11,75,1993.0,2020-03-03,2020-03-13,16547,44635,1621.0,83.0,15.0,43.0,0.0,22.0,133.0,0.0,53.0,349.0,,24,
PK2,KT3A,PK2KT3A,VOLTA WERKE,60491-001,115/33/11,75,1993.0,2020-09-13,2020-11-15,7650,61080,1125.0,55.0,20.0,60.0,0.0,3.0,112.0,11.0,86.0,347.0,43,17,
PK2,KT3A,PK2KT3A,VOLTA WERKE,60491-001,115/33/11,75,1993.0,2021-09-18,2021-11-17,6298,42654,1668.0,112.0,24.0,69.0,0.0,9.0,165.0,0.0,34.0,413.0,50,15,
PK2,KT3A,PK2KT3A,VOLTA WERKE,60491-001,115/33/11,75,1993.0,2022-09-18,2022-10-08,7192,39979,1750.0,106.0,17.0,98.0,0.0,10.0,162.0,0.0,66.0,459.0,41,9,
PK2,KT3A,PK2KT3A,VOLTA WERKE,60491-001,115/33/11,75,1993.0,2023-09-17,2023-10-26,9585,52101,1847.0,129.0,24.0,88.0,0.0,17.0,198.0,0.0,94.0,550.0,45,9,
PK2,KT4A,PK2KT4A,VOLTA WERKE,60548-001,115/33/11,25,1994.0,2019-04-01,2019-06-30,6531,42432,2221.0,210.0,17.0,41.0,0.0,7.0,26.0,0.0,5.0,306.0,45,22,-
PK2,KT4A,PK2KT4A,VOLTA WERKE,60548-001,115/33/11,25,1994.0,2019-09-07,2019-11-23,12090,51470,0.0,0.0,18.0,43.0,0.0,8.0,28.0,0.0,17.0,114.0,40,36,-
PK2,KT4A,PK2KT4A,VOLTA WERKE,60548-001,115/33/11,25,1994.0,2020-09-13,2020-11-15,15520,172150,673.0,62.0,31.0,6.0,0.0,2.0,9.0,5.0,7.0,122.0,41,20,
PK2,KT4A,PK2KT4A,VOLTA WERKE,60548-001,115/33/11,25,1994.0,2021-09-18,2021-11-16,14150,64970,3503.0,388.0,11.0,4.0,0.0,9.0,10.0,16.0,14.0,452.0,50,13,
PK2,KT4A,PK2KT4A,VOLTA WERKE,60548-001,115/33/11,25,1994.0,2022-09-18,2022-10-08,25136,64548,3430.0,378.0,15.0,2.0,0.0,26.0,8.0,6.0,5.0,440.0,44,11,
PK2,KT4A,PK2KT4A,VOLTA WERKE,60548-001,115/33/11,25,1994.0,2023-09-17,2023-10-26,25741,76181,3947.0,457.0,21.0,7.0,0.0,60.0,26.0,11.0,13.0,595.0,45,16,
PKC,KT1A,PKCKT1A,ABB,52014,115/22/11,50,2007.0,2019-03-17,2019-04-27,6302,37085,1568.0,199.0,19.0,14.0,0.0,0.0,0.0,0.0,0.0,232.0,52,9,-
PKC,KT1A,PKCKT1A,ABB,52014,115/22/11,50,2007.0,2020-03-16,2020-03-28,7435,43592,1605.0,204.0,27.0,30.0,0.0,0.0,6.0,0.0,3.0,270.0,42,14,
PKC,KT1A,PKCKT1A,ABB,52014,115/22/11,50,2007.0,2021-02-07,2021-04-25,16333,42797,1214.0,149.0,18.0,0.0,0.0,0.0,35.0,0.0,0.0,202.0,41,24,
PKC,KT1A,PKCKT1A,ABB,52014,115/22/11,50,2007.0,2022-02-27,2022-03-27,6496,37053,1741.0,216.0,15.0,0.0,0.0,0.0,7.0,0.0,0.0,238.0,40,15,
PKC,KT1A,PKCKT1A,ABB,52014,115/22/11,50,2007.0,2023-02-26,2023-03-12,8663,40353,2016.0,238.0,13.0,18.0,0.0,0.0,9.0,0.0,3.0,281.0,53,12,
PKC,KT1A,PKCKT1A,ABB,52014,115/22/11,50,2007.0,2024-02-24,2024-04-08,9196,40018,1674.0,331.0,12.0,24.0,0.0,3.0,10.0,10.0,12.0,402.0,48,11,
PKC,KT2A,PKCKT2A,MITSUBISHI,9912790104,115/22/11,50,2015.0,2019-03-17,2019-04-08,8597,49004,1226.0,491.0,14.0,2.0,1.6,1.0,1.0,0.0,0.0,510.6,50,10,-
PKC,KT2A,PKCKT2A,MITSUBISHI,9912790104,115/22/11,50,2015.0,2020-03-16,2020-03-28,6934,39834,1257.0,502.0,17.0,4.0,2.2,0.0,3.0,0.0,4.0,532.2,41,8,
PKC,KT2A,PKCKT2A,MITSUBISHI,9912790104,115/22/11,50,2015.0,2020-11-03,2020-11-06,11917,45423,1804.0,615.0,14.0,6.0,2.0,2.0,2.0,0.0,1.0,642.0,56,6,เทีบยผล DGA On Line
PKC,KT2A,PKCKT2A,MITSUBISHI,9912790104,115/22/11,50,2015.0,2021-02-01,2021-04-25,19787,49326,1410.0,471.0,24.0,0.0,2.1,4.0,1.0,0.0,0.0,502.1,39,22,
PKC,KT2A,PKCKT2A,MITSUBISHI,9912790104,115/22/11,50,2015.0,2022-02-27,2022-03-27,11650,52550,1808.0,396.0,19.0,3.0,0.0,0.0,1.0,1.0,1.0,421.0,56,16,
PKC,KT2A,PKCKT2A,MITSUBISHI,9912790104,115/22/11,50,2015.0,2022-07-31,2022-08-19,2934,50212,1700.0,679.0,5.0,4.0,0.0,1.0,2.0,0.0,0.0,691.0,41,15,
PKC,KT2A,PKCKT2A,MITSUBISHI,9912790104,115/22/11,50,2015.0,2023-02-26,2023-03-12,6789,45571,2033.0,897.0,14.0,4.0,0.0,1.0,2.0,2.0,1.0,921.0,48,13,
PKC,KT2A,PKCKT2A,MITSUBISHI,9912790104,115/22/11,50,2015.0,2024-02-24,2024-04-07,8808,33590,1868.0,771.0,12.0,6.0,0.0,0.0,2.0,0.0,0.0,791.0,46,9,
PKK,KT1A,PKKKT1A,MITSUBISHI,573069,115/22,40,2007.0,2021-04-20,2021-06-08,24440,60500,3538.0,142.0,54.0,52.0,0.0,1.0,62.0,10.0,45.0,366.0,68,19,
PKK,KT1A,PKKKT1A,MITSUBISHI,573069,115/22,40,2007.0,2022-04-22,2022-05-06,13900,50517,4337.0,307.0,16.0,56.0,0.0,16.0,116.0,0.0,24.0,535.0,67,22,
PKK,KT1A,PKKKT1A,MITSUBISHI,573069,115/22,40,2007.0,2023-04-28,2023-05-06,5370,52230,4385.0,308.0,13.0,100.0,0.0,5.0,97.0,11.0,64.0,598.0,68,19,
PKK,KT1A,PKKKT1A,MITSUBISHI,573069,115/22,40,2007.0,2023-09-29,2023-10-05,9020,50780,0.0,0.0,0.0,0.0,0.0,0.0,0.0,0.0,0.0,0.0,0,0,
PKK,KT1A,PKKKT1A,MITSUBISHI,573069,115/22,40,2007.0,2024-05-11,2024-05-17,3679,59403,3372.0,562.0,20.0,151.0,0.0,50.0,174.0,13.0,71.0,1041.0,30,9,
PKK,KT2A,PKKKT2A,FUJI,AE69025T7-1,230/115/22,100,1997.0,2019-10-18,2019-11-24,6201,32865,867.0,55.0,13.0,22.0,0.0,4.0,70.0,1.0,62.0,227.0,48,18,-
PKK,KT2A,PKKKT2A,FUJI,AE69025T7-1,230/115/22,100,1997.0,2020-04-25,2020-05-03,5439,40375,1111.0,52.0,34.0,38.0,0.0,1.0,95.0,0.0,83.0,303.0,54,7,
PKK,KT2A,PKKKT2A,FUJI,AE69025T7-1,230/115/22,100,1997.0,2021-04-20,2021-06-07,5600,41720,630.0,60.0,47.0,17.0,0.0,1.0,49.0,178.0,47.0,399.0,54,15,
PKK,KT2A,PKKKT2A,FUJI,AE69025T7-1,230/115/22,100,1997.0,2022-04-22,2022-05-06,9590,46818,1076.0,69.0,31.0,13.0,0.0,0.0,69.0,0.0,25.0,207.0,54,22,
PKK,KT2A,PKKKT2A,FUJI,AE69025T7-1,230/115/22,100,1997.0,2022-10-07,2022-11-07,4005,33589,1138.0,53.0,11.0,30.0,0.0,4.0,85.0,0.0,57.0,240.0,54,11,
PKK,KT2A,PKKKT2A,FUJI,AE69025T7-1,230/115/22,100,1997.0,2023-04-28,2023-05-06,4710,33020,1140.0,50.0,30.0,28.0,0.0,2.0,74.0,53.0,70.0,307.0,54,7,
PKK,KT2A,PKKKT2A,FUJI,AE69025T7-1,230/115/22,100,1997.0,2023-09-23,2023-10-14,6665,48762,1094.0,53.0,21.0,40.0,0.0,9.0,37.0,0.0,41.0,201.0,50,8,
PKK,KT2A,PKKKT2A,FUJI,AE69025T7-1,230/115/22,100,1997.0,2024-05-11,2024-05-17,3532,34016,1102.0,54.0,10.0,48.0,0.0,7.0,96.0,3.0,65.0,283.0,53,6,
PKK,KT3A,PKKKT3A,FUJI,AE69025T7-2,230/115/22,100,1997.0,2019-10-18,2019-11-25,7542,34465,671.0,40.0,16.0,15.0,0.0,0.0,52.0,0.0,41.0,164.0,49,21,-
PKK,KT3A,PKKKT3A,FUJI,AE69025T7-2,230/115/22,100,1997.0,2020-04-25,2020-05-03,2477,24763,944.0,44.0,31.0,24.0,0.0,0.0,63.0,0.0,53.0,215.0,54,10,
PKK,KT3A,PKKKT3A,FUJI,AE69025T7-2,230/115/22,100,1997.0,2021-04-20,2021-06-11,2120,42570,707.0,26.0,43.0,11.0,0.0,0.0,28.0,1.0,24.0,133.0,54,18,
PKK,KT3A,PKKKT3A,FUJI,AE69025T7-2,230/115/22,100,1997.0,2022-04-22,2022-05-06,8962,41647,713.0,29.0,15.0,15.0,0.0,2.0,42.0,2.0,37.0,142.0,56,19,
PKK,KT3A,PKKKT3A,FUJI,AE69025T7-2,230/115/22,100,1997.0,2022-10-07,2022-11-10,5309,43482,877.0,36.0,8.0,3.0,0.0,2.0,49.0,0.0,29.0,127.0,56,9,
PKK,KT3A,PKKKT3A,FUJI,AE69025T7-2,230/115/22,100,1997.0,2023-04-28,2023-05-06,4800,32930,845.0,38.0,8.0,17.0,0.0,1.0,51.0,1.0,44.0,160.0,54,8,
PKK,KT3A,PKKKT3A,FUJI,AE69025T7-2,230/115/22,100,1997.0,2023-09-23,2023-10-14,5059,42441,883.0,37.0,9.0,18.0,0.0,0.0,32.0,1.0,33.0,130.0,50,8,
PKK,KT3A,PKKKT3A,FUJI,AE69025T7-2,230/115/22,100,1997.0,2024-05-11,2024-05-17,2840,30857,988.0,39.0,16.0,42.0,0.0,4.0,82.0,5.0,56.0,244.0,53,7,
PKK,KT4A,PKKKT4A,MITSUBISHI,573070,115/22,40,2007.0,2020-12-22,2021-01-09,13780,52033,4254.0,107.0,45.0,96.0,0.0,3.0,283.0,0.0,164.0,715.0,,15,research
PKK,KT4A,PKKKT4A,MITSUBISHI,573070,115/22,40,2007.0,2023-04-28,2023-05-06,3280,46870,2909.0,146.0,28.0,98.0,0.0,16.0,257.0,13.0,162.0,720.0,30,7,
PKK,KT4A,PKKKT4A,MITSUBISHI,573070,115/22,40,2007.0,2024-05-11,2024-05-17,3808,40180,3671.0,167.0,31.0,184.0,0.0,10.0,271.0,55.0,298.0,1016.0,67,19,
PL1,KT1A,PL1KT1A,MEIDEN,8P9094T1,115/22,50,2004.0,2020-07-13,2020-08-22,6184,50515,2475.0,98.0,23.0,80.0,0.0,0.0,227.0,0.0,144.0,572.0,58,13,
PL1,KT1A,PL1KT1A,MEIDEN,8P9094T1,115/22,50,2004.0,2021-07-05,2021-10-05,7385,28262,1139.0,8.0,5.0,10.0,0.0,0.0,24.0,0.0,0.0,47.0,56,12,
PL1,KT1A,PL1KT1A,MEIDEN,8P9094T1,115/22,50,2004.0,2022-07-15,2022-07-22,4520,37850,2274.0,89.0,4.0,22.0,0.0,7.0,43.0,4.0,24.0,193.0,64,12,
PL1,KT1A,PL1KT1A,MEIDEN,8P9094T1,115/22,50,2004.0,2023-04-24,2023-04-30,2590,36000,1980.0,91.0,2.0,38.0,0.0,1.0,67.0,3.0,33.0,235.0,65,8,
PL1,KT1A,PL1KT1A,MEIDEN,8P9094T1,115/22,50,2004.0,2024-01-22,2024-01-30,1800,27460,1728.0,113.0,4.0,63.0,0.0,4.0,125.0,17.0,75.0,401.0,58,9,
PL1,KT2A,PL1KT2A,MEIDEN,8P9094T2,115/22,50,2004.0,2020-07-13,2020-08-22,5734,49999,2791.0,119.0,30.0,73.0,0.0,0.0,190.0,0.0,117.0,529.0,51,14,
PL1,KT2A,PL1KT2A,MEIDEN,8P9094T2,115/22,50,2004.0,2021-07-05,2021-10-05,7281,26945,1038.0,65.0,4.0,0.0,0.0,0.0,25.0,0.0,0.0,94.0,50,10,
PL1,KT2A,PL1KT2A,MEIDEN,8P9094T2,115/22,50,2004.0,2022-07-15,2022-07-22,5210,33230,1851.0,84.0,3.0,14.0,0.0,0.0,32.0,1.0,18.0,152.0,57,9,
PL1,KT2A,PL1KT2A,MEIDEN,8P9094T2,115/22,50,2004.0,2023-04-24,2023-04-30,4130,31250,1700.0,89.0,2.0,20.0,0.0,1.0,44.0,1.0,27.0,184.0,59,4,
PL1,KT2A,PL1KT2A,MEIDEN,8P9094T2,115/22,50,2004.0,2024-01-22,2024-02-01,19440,34980,1161.0,76.0,2.0,27.0,0.0,3.0,81.0,13.0,48.0,250.0,51,8,
PL2,KT1A,PL2KT1A,DAIHEN,5BK012802,230/121/22,200,2006.0,2019-03-24,2019-04-07,7867,48367,3621.0,446.0,40.0,34.0,0.0,2.0,41.0,0.0,23.0,586.0,56,15,-
PL2,KT1A,PL2KT1A,DAIHEN,5BK012802,230/121/22,200,2006.0,2020-03-28,2020-04-05,5174,50123,1153.0,123.0,97.0,84.0,0.0,5.0,85.0,15.0,47.0,456.0,69,10,
PL2,KT1A,PL2KT1A,DAIHEN,5BK012802,230/121/22,200,2006.0,2020-10-20,2020-11-17,5288,39950,2034.0,151.0,50.0,55.0,0.0,0.0,100.0,0.0,61.0,417.0,58,16,
PL2,KT1A,PL2KT1A,DAIHEN,5BK012802,230/121/22,200,2006.0,2021-03-08,2021-04-02,10485,53798,2419.0,143.0,40.0,41.0,0.0,0.0,53.0,0.0,32.0,309.0,53,19,
PL2,KT1A,PL2KT1A,DAIHEN,5BK012802,230/121/22,200,2006.0,2021-09-17,2021-10-11,3236,39239,2187.0,264.0,52.0,60.0,0.0,0.0,81.0,0.0,32.0,489.0,52,12,
PL2,KT1A,PL2KT1A,DAIHEN,5BK012802,230/121/22,200,2006.0,2022-06-06,2022-06-18,5257,44769,2451.0,140.0,37.0,48.0,0.0,6.0,105.0,53.0,27.0,416.0,50,10,
PL2,KT1A,PL2KT1A,DAIHEN,5BK012802,230/121/22,200,2006.0,2022-10-02,2022-10-07,3982,52973,2369.0,119.0,13.0,86.0,0.0,0.0,102.0,5.0,41.0,366.0,53,7,
PL2,KT1A,PL2KT1A,DAIHEN,5BK012802,230/121/22,200,2006.0,2023-04-07,2023-04-30,6561,56282,3112.0,176.0,40.0,79.0,0.0,4.0,98.0,4.0,51.0,452.0,58,10,
PL2,KT1A,PL2KT1A,DAIHEN,5BK012802,230/121/22,200,2006.0,2024-04-08,2024-04-27,9300,32510,4212.0,180.0,38.0,104.0,0.0,3.0,145.0,48.0,92.0,610.0,66,10,
PL2,KT2A,PL2KT2A,OSAKA,5A0179002,115/22,13,1984.0,2020-03-28,2020-04-05,5067,47571,1689.0,79.0,61.0,45.0,0.0,0.0,68.0,10.0,45.0,308.0,57,17,
PL2,KT2A,PL2KT2A,OSAKA,5A0179002,115/22,13,1984.0,2021-03-08,2021-04-02,5392,66651,2108.0,91.0,25.0,37.0,0.0,0.0,47.0,0.0,31.0,231.0,57,17,
PL2,KT2A,PL2KT2A,OSAKA,5A0179002,115/22,13,1984.0,2022-10-02,2022-10-07,3986,51306,2309.0,58.0,5.0,39.0,0.0,0.0,70.0,4.0,34.0,210.0,61,15,
PL2,KT2A,PL2KT2A,OSAKA,5A0179002,115/22,13,1984.0,2023-09-12,2023-09-30,3485,50604,3450.0,114.0,14.0,67.0,0.0,4.0,106.0,9.0,52.0,366.0,51,17,
PL2,KT2A,PL2KT2A,OSAKA,5A0179002,115/22,13,1984.0,2024-04-09,2024-04-27,5530,37280,5241.0,145.0,11.0,64.0,0.0,3.0,106.0,17.0,74.0,420.0,52,19,
PL2,KT3A,PL2KT3A,OSAKA,5A0179003,115/22,13,1984.0,2019-03-24,2019-04-07,64250,49978,4867.0,127.0,8.0,15.0,0.0,5.0,54.0,8.0,27.0,244.0,57,30,-
PL2,KT3A,PL2KT3A,OSAKA,5A0179003,115/22,13,1984.0,2020-03-28,2020-04-07,20185,54042,1201.0,34.0,60.0,21.0,0.0,6.0,55.0,25.0,53.0,254.0,56,15,
PL2,KT3A,PL2KT3A,OSAKA,5A0179003,115/22,13,1984.0,2021-03-08,2021-04-02,4395,51035,2448.0,91.0,31.0,18.0,0.0,3.0,64.0,9.0,46.0,262.0,54,17,
PL2,KT3A,PL2KT3A,OSAKA,5A0179003,115/22,13,1984.0,2022-10-02,2022-10-07,3754,44892,2832.0,95.0,153.0,40.0,0.0,11.0,82.0,16.0,100.0,497.0,54,13,
PL2,KT3A,PL2KT3A,OSAKA,5A0179003,115/22,13,1984.0,2023-09-15,2023-09-30,2445,43827,2698.0,107.0,42.0,39.0,0.0,3.0,54.0,5.0,24.0,274.0,53,15,
PL2,KT3A,PL2KT3A,OSAKA,5A0179003,115/22,13,1984.0,2024-04-09,2024-04-27,4220,32720,2682.0,115.0,12.0,40.0,0.0,3.0,52.0,12.0,36.0,270.0,37,12,
PL2,KT4A,PL2KT4A,MITSUBISHI,9812810103,230/115/22,200,2013.0,2020-03-29,2020-04-07,8167,33061,562.0,105.0,56.0,3.0,0.0,4.0,9.0,6.0,8.0,191.0,59,8,
PL2,KT4A,PL2KT4A,MITSUBISHI,9812810103,230/115/22,200,2013.0,2020-10-20,2020-11-17,3954,28206,1431.0,204.0,20.0,0.0,0.0,0.0,10.0,0.0,0.0,234.0,51,10,
PL2,KT4A,PL2KT4A,MITSUBISHI,9812810103,230/115/22,200,2013.0,2021-03-08,2021-04-02,8337,50301,1511.0,197.0,25.0,0.0,0.0,0.0,7.0,0.0,7.0,236.0,65,11,
PL2,KT4A,PL2KT4A,MITSUBISHI,9812810103,230/115/22,200,2013.0,2021-09-17,2021-10-11,9163,33894,1553.0,279.0,11.0,0.0,0.0,0.0,25.0,0.0,0.0,315.0,54,15,
PL2,KT4A,PL2KT4A,MITSUBISHI,9812810103,230/115/22,200,2013.0,2022-04-24,2022-04-29,3472,29050,2158.0,290.0,13.0,4.0,0.0,1.0,13.0,0.0,1.0,322.0,62,8,
PL2,KT4A,PL2KT4A,MITSUBISHI,9812810103,230/115/22,200,2013.0,2022-10-02,2022-10-07,2975,40428,1450.0,231.0,5.0,8.0,0.0,0.0,12.0,2.0,13.0,271.0,62,8,
PL2,KT4A,PL2KT4A,MITSUBISHI,9812810103,230/115/22,200,2013.0,2023-04-07,2023-04-30,3330,40480,1497.0,237.0,7.0,19.0,0.0,0.0,10.0,9.0,11.0,293.0,67,10,
PL2,KT4A,PL2KT4A,MITSUBISHI,9812810103,230/115/22,200,2013.0,2024-04-08,2024-04-27,3500,35110,1708.0,268.0,5.0,21.0,0.0,1.0,16.0,21.0,17.0,349.0,73,11,
PN,KT1A,PNKT1A,FUJI,AG69095T323,115/33/11,25,1997.0,2019-03-20,2019-07-05,8352,40696,753.0,103.0,10.0,2.0,0.0,4.0,1.0,2.0,0.0,122.0,-,28,-
PN,KT1A,PNKT1A,FUJI,AG69095T323,115/33/11,25,1997.0,2019-09-14,2019-11-23,7800,45490,0.0,0.0,17.0,7.0,0.0,0.0,0.0,0.0,0.0,24.0,50,34,-
PN,KT1A,PNKT1A,FUJI,AG69095T323,115/33/11,25,1997.0,2020-11-30,2020-12-12,245592,172990,1597.0,226.0,48.0,8.0,0.0,1.0,16.0,3.0,6.0,308.0,37,16,
PN,KT1A,PNKT1A,FUJI,AG69095T323,115/33/11,25,1997.0,2020-12-15,2021-01-10,6231,32199,1359.0,213.0,54.0,3.0,0.0,0.0,2.0,0.0,0.0,272.0,37,13,
PN,KT1A,PNKT1A,FUJI,AG69095T323,115/33/11,25,1997.0,2021-09-19,2021-11-16,7210,26590,468.0,51.0,1.0,0.0,0.0,0.0,0.0,2.0,0.0,54.0,31,19,
PN,KT1A,PNKT1A,FUJI,AG69095T323,115/33/11,25,1997.0,2022-09-17,2022-10-08,5381,22242,842.0,112.0,11.0,1.0,0.0,5.0,6.0,2.0,1.0,138.0,28,11,
PN,KT1A,PNKT1A,FUJI,AG69095T323,115/33/11,25,1997.0,2023-09-15,2023-11-06,11890,35637,1131.0,134.0,12.0,7.0,0.0,7.0,10.0,2.0,2.0,174.0,27,21,
PN,KT2A,PNKT2A,FUJI,AN69001T21-1,115/33/11,25,1998.0,2019-03-20,2019-07-05,5599,41664,424.0,67.0,10.0,9.0,0.0,2.0,12.0,0.0,6.0,106.0,-,24,-
PN,KT2A,PNKT2A,FUJI,AN69001T21-1,115/33/11,25,1998.0,2020-09-12,2020-11-15,8680,51910,184.0,38.0,25.0,5.0,0.0,0.0,7.0,10.0,4.0,89.0,54,26,
PN,KT2A,PNKT2A,FUJI,AN69001T21-1,115/33/11,25,1998.0,2021-09-19,2021-11-16,4220,29580,1529.0,163.0,5.0,27.0,0.0,0.0,19.0,29.0,13.0,256.0,52,17,
PN,KT2A,PNKT2A,FUJI,AN69001T21-1,115/33/11,25,1998.0,2022-09-17,2022-10-08,4382,30907,1534.0,218.0,10.0,2.0,0.0,5.0,24.0,0.0,7.0,266.0,51,13,
PN,KT2A,PNKT2A,FUJI,AN69001T21-1,115/33/11,25,1998.0,2023-09-15,2023-11-06,8487,33722,1405.0,265.0,13.0,15.0,0.0,8.0,18.0,3.0,9.0,331.0,54,15,
PO,KT1A,POKT1A,VOLTA WERKE,60540-001,115/22,32,1993.0,2019-04-02,2019-04-19,8366,60042,1307.0,108.0,33.0,98.0,0.0,12.0,268.0,0.0,138.0,657.0,52,11,-
PO,KT1A,POKT1A,VOLTA WERKE,60540-001,115/22,32,1993.0,2020-03-13,2020-05-15,12035,53447,774.0,57.0,2.0,51.0,0.0,5.0,170.0,0.0,129.0,414.0,,17,
PO,KT1A,POKT1A,VOLTA WERKE,60540-001,115/22,32,1993.0,2020-03-31,2020-05-25,5910,64510,756.0,84.0,49.0,102.0,0.0,4.0,282.0,30.0,240.0,791.0,50,28,
PO,KT1A,POKT1A,VOLTA WERKE,60540-001,115/22,32,1993.0,2021-01-20,2021-01-29,6662,53842,1639.0,76.0,47.0,92.0,0.0,3.0,249.0,1.0,196.0,664.0,47,8,
PO,KT1A,POKT1A,VOLTA WERKE,60540-001,115/22,32,1993.0,2022-03-07,2022-03-27,4990,65061,1429.0,119.0,77.0,0.0,0.0,12.0,262.0,0.0,103.0,573.0,48,13,
PO,KT1A,POKT1A,VOLTA WERKE,60540-001,115/22,32,1993.0,2023-03-04,2023-03-17,6972,59867,1458.0,118.0,34.0,105.0,0.0,6.0,303.0,0.0,147.0,713.0,43,8,
PO,KT1A,POKT1A,VOLTA WERKE,60540-001,115/22,32,1993.0,2024-03-05,2024-04-08,8841,51300,1270.0,120.0,29.0,92.0,0.0,9.0,235.0,0.0,171.0,656.0,48,9,
PO,KT2A,POKT2A,FUJI,AG69095T435,115/22,25,,2019-04-02,2019-04-19,5440,41839,1014.0,76.0,9.0,22.0,0.0,11.0,136.0,0.0,63.0,317.0,54,13,-
PO,KT2A,POKT2A,FUJI,AG69095T435,115/22,25,,2020-03-31,2020-05-26,6748,43555,762.0,74.0,29.0,42.0,0.0,6.0,174.0,0.0,91.0,416.0,55,25,
PO,KT2A,POKT2A,FUJI,AG69095T435,115/22,25,,2020-10-04,2020-10-27,6123,44490,650.0,67.0,13.0,27.0,0.0,5.0,169.0,0.0,88.0,369.0,,14,research
PO,KT2A,POKT2A,FUJI,AG69095T435,115/22,25,,2021-01-20,2021-02-01,3065,51092,898.0,64.0,27.0,36.0,0.0,2.0,147.0,0.0,106.0,382.0,50,7,
PO,KT2A,POKT2A,FUJI,AG69095T435,115/22,25,,2022-03-07,2022-03-27,6050,55270,797.0,69.0,29.0,32.0,0.0,2.0,134.0,10.0,101.0,377.0,52,13,
PO,KT2A,POKT2A,FUJI,AG69095T435,115/22,25,,2023-03-04,2023-03-17,5689,52960,861.0,93.0,35.0,61.0,0.0,8.0,198.0,0.0,106.0,501.0,48,12,
PO,KT2A,POKT2A,FUJI,AG69095T435,115/22,25,,2024-03-05,2024-04-08,5966,41352,870.0,144.0,17.0,58.0,0.0,8.0,180.0,0.0,101.0,508.0,51,14,
POT,KT1A,POTKT1A,MITSUBISHI,574413,115/22/11,25,2000.0,2020-03-08,2020-03-24,3524,21978,2475.0,91.0,16.0,27.0,0.0,0.0,72.0,0.0,55.0,261.0,59,14,
POT,KT1A,POTKT1A,MITSUBISHI,574413,115/22/11,25,2000.0,2021-01-24,2021-04-23,6266,42071,2510.0,101.0,22.0,17.0,0.0,2.0,65.0,4.0,56.0,267.0,46,48,
POT,KT1A,POTKT1A,MITSUBISHI,574413,115/22/11,25,2000.0,2022-02-14,2022-03-26,9397,40223,1045.0,37.0,16.0,21.0,0.0,1.0,71.0,3.0,55.0,204.0,45,14,
POT,KT1A,POTKT1A,MITSUBISHI,574413,115/22/11,25,2000.0,2023-02-13,2023-03-09,12439,32057,1251.0,62.0,14.0,38.0,0.0,4.0,95.0,0.0,50.0,263.0,54,14,
POT,KT1A,POTKT1A,MITSUBISHI,574413,115/22/11,25,2000.0,2024-02-12,2024-03-18,9301,45141,1074.0,119.0,11.0,21.0,0.0,14.0,68.0,7.0,42.0,282.0,59,20,
POT,KT2A,POTKT2A,MITSUBISHI,9912790101,115/22,50,2013.0,2019-03-10,2019-04-08,12047,45671,902.0,395.0,12.0,2.0,0.8,1.0,2.0,1.0,2.0,415.8,41,16,-
POT,KT2A,POTKT2A,MITSUBISHI,9912790101,115/22,50,2013.0,2020-03-08,2020-03-25,10753,36994,914.0,399.0,13.0,2.0,0.0,0.0,1.0,0.0,0.0,415.0,47,6,
POT,KT2A,POTKT2A,MITSUBISHI,9912790101,115/22,50,2013.0,2020-11-05,2020-11-06,10457,41090,1450.0,520.0,18.0,4.0,0.8,1.0,1.0,0.0,0.0,544.8,34,4,เทีบยผล DGA On Line
POT,KT2A,POTKT2A,MITSUBISHI,9912790101,115/22,50,2013.0,2021-01-24,2021-04-23,13065,50521,1430.0,511.0,28.0,3.0,0.0,1.0,1.0,1.0,1.0,546.0,33,36,
POT,KT2A,POTKT2A,MITSUBISHI,9912790101,115/22,50,2013.0,2021-06-23,2021-06-27,12277,46306,1763.0,620.0,23.0,4.0,0.8,0.7,0.9,0.4,0.2,650.0,,7,
POT,KT2A,POTKT2A,MITSUBISHI,9912790101,115/22,50,2013.0,2022-02-14,2022-03-28,16293,38326,1379.0,452.0,17.0,0.0,0.0,0.0,5.0,0.0,0.0,474.0,32,12,
POT,KT2A,POTKT2A,MITSUBISHI,9912790101,115/22,50,2013.0,2022-07-29,2022-08-19,2831,46206,1501.0,592.0,6.0,3.0,0.0,1.0,2.0,0.0,0.0,604.0,40,13,
POT,KT2A,POTKT2A,MITSUBISHI,9912790101,115/22,50,2013.0,2023-02-13,2023-03-10,19759,40532,1531.0,560.0,11.0,2.0,0.0,1.0,5.0,0.0,1.0,580.0,44,11,
POT,KT2A,POTKT2A,MITSUBISHI,9912790101,115/22,50,2013.0,2024-02-12,2024-03-20,13026,38315,2389.0,488.0,6.0,5.0,0.0,4.0,2.0,5.0,1.0,511.0,47,8,
POT,KT3A,POTKT3A,MITSUBISHI,574411,115/22,25,,2019-03-10,2019-04-08,7158,32326,1871.0,113.0,8.0,37.0,0.0,0.0,58.0,0.0,11.0,227.0,52,16,-
POT,KT3A,POTKT3A,MITSUBISHI,574411,115/22,25,,2020-03-08,2020-03-28,5562,32589,1962.0,119.0,11.0,24.0,0.0,0.0,15.0,0.0,7.0,176.0,57,13,
POT,KT3A,POTKT3A,MITSUBISHI,574411,115/22,25,,2021-01-24,2021-04-24,4399,41116,2089.0,210.0,39.0,19.0,0.0,3.0,33.0,7.0,20.0,331.0,46,27,
POT,KT3A,POTKT3A,MITSUBISHI,574411,115/22,25,,2022-02-14,2022-03-27,8922,34719,1651.0,155.0,16.0,22.0,0.0,4.0,50.0,0.0,19.0,266.0,45,19,
POT,KT3A,POTKT3A,MITSUBISHI,574411,115/22,25,,2023-02-13,2023-03-07,4631,37000,1781.0,189.0,40.0,16.0,0.0,4.0,67.0,0.0,28.0,344.0,52,12,
POT,KT3A,POTKT3A,MITSUBISHI,574411,115/22,25,,2024-02-12,2024-03-18,7340,45256,1604.0,170.0,29.0,52.0,0.0,5.0,88.0,4.0,36.0,384.0,58,18,
PP,KT1A,PPKT1A,ABB,56045,115/33,50,2013.0,2019-11-01,2019-12-26,15190,67850,3310.0,1170.0,16.0,6.0,0.0,3.0,0.0,0.0,0.0,1195.0,46,22,-
PP,KT1A,PPKT1A,ABB,56045,115/33,50,2013.0,2020-11-30,2020-11-28,11267,68947,3363.0,915.0,34.0,3.0,0.0,5.0,2.0,6.0,2.0,967.0,35,15,
PP,KT1A,PPKT1A,ABB,56045,115/33,50,2013.0,2021-11-10,2021-11-23,11540,54210,3619.0,858.0,3.0,3.0,0.0,5.0,2.0,5.0,1.0,877.0,40,15,
PP,KT1A,PPKT1A,ABB,56045,115/33,50,2013.0,2022-12-08,2023-01-08,15963,55291,2765.0,917.0,12.0,8.0,0.0,14.0,3.0,5.0,4.0,963.0,,10,
PP,KT1A,PPKT1A,ABB,56045,115/33,50,2013.0,2023-11-19,2024-01-23,21833,72272,2548.0,857.0,11.0,9.0,0.0,4.0,3.0,5.0,7.0,896.0,42,22,
PP,KT2A,PPKT2A,ABB,56046,115/33,50,2011.0,2019-04-01,2019-08-29,9377,34457,1058.0,388.0,5.0,2.0,0.0,5.0,1.0,2.0,2.0,405.0,48,23,-
PP,KT2A,PPKT2A,ABB,56046,115/33,50,2011.0,2019-11-01,2019-12-23,17851,65715,2056.0,565.0,8.0,0.0,0.0,6.0,0.0,3.0,2.0,584.0,46,-13,
PP,KT2A,PPKT2A,ABB,56046,115/33,50,2011.0,2020-10-30,2020-11-28,12953,64971,2133.0,534.0,18.0,3.0,0.0,6.0,2.0,5.0,1.0,569.0,35,12,
PP,KT2A,PPKT2A,ABB,56046,115/33,50,2011.0,2021-11-10,2021-11-23,11950,56390,4094.0,877.0,6.0,2.0,0.0,3.0,1.0,5.0,1.0,895.0,40,7,
PP,KT2A,PPKT2A,ABB,56046,115/33,50,2011.0,2022-12-08,2023-01-13,14970,66230,3090.0,842.0,8.0,3.0,0.0,5.0,1.0,1.0,1.0,861.0,38,10,
PP,KT2A,PPKT2A,ABB,56046,115/33,50,2011.0,2023-11-19,2024-01-25,19268,70764,2872.0,894.0,18.0,6.0,0.0,13.0,4.0,3.0,5.0,943.0,42,19,
PR,KT1A,PRKT1A,MEIDEN,8R8407T1,115/22,50,2007.0,2019-05-19,2019-06-07,5707,44963,857.0,84.0,4.0,88.0,0.0,8.0,323.0,0.0,171.0,678.0,61,9,-
PR,KT1A,PRKT1A,MEIDEN,8R8407T1,115/22,50,2007.0,2020-05-23,2020-06-05,3492,54080,546.0,78.0,2.0,109.0,0.0,10.0,447.0,0.0,253.0,899.0,50,12,
PR,KT1A,PRKT1A,MEIDEN,8R8407T1,115/22,50,2007.0,2021-04-04,2021-05-29,6550,113780,689.0,42.0,30.0,59.0,0.0,3.0,195.0,9.0,166.0,504.0,59,9,
PR,KT1A,PRKT1A,MEIDEN,8R8407T1,115/22,50,2007.0,2022-03-05,2022-03-18,5865,46023,813.0,72.0,8.0,0.0,0.0,8.0,392.0,0.0,150.0,630.0,52,7,
PR,KT1A,PRKT1A,MEIDEN,8R8407T1,115/22,50,2007.0,2023-04-21,2023-04-29,4067,56314,946.0,83.0,3.0,108.0,0.0,14.0,434.0,82.0,320.0,1044.0,63,8,
PR,KT2A,PRKT2A,MEIDEN,8R8407T2,115/22,50,2007.0,2019-05-19,2019-06-07,8474,50379,2081.0,223.0,26.0,71.0,0.0,3.0,148.0,0.0,258.0,729.0,60,14,-
PR,KT2A,PRKT2A,MEIDEN,8R8407T2,115/22,50,2007.0,2020-05-23,2020-06-05,1831,72116,766.0,174.0,2.0,285.0,0.0,29.0,904.0,0.0,645.0,2039.0,,10,
PR,KT2A,PRKT2A,MEIDEN,8R8407T2,115/22,50,2007.0,2021-04-04,2021-05-29,1670,184790,941.0,85.0,47.0,126.0,0.0,10.0,403.0,33.0,395.0,1099.0,57,17,
PR,KT2A,PRKT2A,MEIDEN,8R8407T2,115/22,50,2007.0,2022-03-05,2022-03-18,7389,61225,1003.0,137.0,5.0,0.0,0.0,22.0,685.0,19.0,354.0,1222.0,50,6,
PR,KT2A,PRKT2A,MEIDEN,8R8407T2,115/22,50,2007.0,2023-04-21,2023-04-29,4063,73604,1161.0,161.0,3.0,207.0,0.0,26.0,756.0,45.0,716.0,1914.0,61,10,
PRB,KT1A,PRBKT1A,MEIDEN,8R8408T2,115/22,50,2007.0,2019-07-18,2019-08-08,12687,32965,182.0,19.0,4.0,0.0,0.0,0.0,0.0,0.0,0.0,23.0,-,12,after hot oil circulated
PRB,KT1A,PRBKT1A,MEIDEN,8R8408T2,115/22,50,2007.0,2019-08-16,2019-08-30,8518,23505,205.0,36.8,4.5,0.0,0.0,0.5,0.1,0.4,0.0,42.3,29,20,After High voltage test.
PRB,KT1A,PRBKT1A,MEIDEN,8R8408T2,115/22,50,2007.0,2019-10-17,2019-10-26,6680,16010,93.1,1.2,0.0,0.0,0.0,0.0,0.0,0.0,0.0,1.2,-,9,AFTER REFILL
PRB,KT1A,PRBKT1A,MEIDEN,8R8408T2,115/22,50,2007.0,2020-11-07,2020-11-23,4731,18335,189.0,56.0,1.0,0.0,0.0,0.0,1.0,1.0,2.0,61.0,,17,หม้อแปลงย้าย รอการเข้าใช้งาน
PRB,KT1A,PRBKT1A,MEIDEN,8R8408T2,115/22,50,2007.0,2021-04-17,2021-06-08,3020,28060,953.0,67.0,38.0,10.0,0.0,0.0,4.0,0.0,3.0,122.0,65,19,
PRB,KT1A,PRBKT1A,MEIDEN,8R8408T2,115/22,50,2007.0,2022-05-20,2022-05-26,4720,20381,1599.0,100.0,7.0,10.0,0.0,0.0,16.0,0.0,0.0,133.0,58,12,
PRB,KT1A,PRBKT1A,MEIDEN,8R8408T2,115/22,50,2007.0,2023-04-28,2023-05-06,4916,29656,2058.0,149.0,4.0,19.0,0.0,0.0,0.0,2.0,0.0,174.0,56,13,
PRB,KT1A,PRBKT1A,MEIDEN,8R8408T2,115/22,50,2007.0,2023-10-20,2024-01-15,28140,43570,1694.0,201.0,4.0,8.0,0.0,10.0,3.0,28.0,1.0,255.0,70,27,
PRB,KT1A,PRBKT1A,MEIDEN,8R8408T2,115/22,50,2007.0,2024-04-03,2024-04-20,4344,35645,2730.0,164.0,11.0,25.0,0.0,5.0,33.0,0.0,0.0,238.0,0,11,
PRB,KT2A,PRBKT2A,MEIDEN,8P9086T1,115/22,50,2007.0,2020-11-07,2020-11-23,4784,16233,133.0,76.0,0.0,0.0,0.0,0.0,1.0,0.0,1.0,78.0,,14,หม้อแปลงย้าย รอการเข้าใช้งาน
PRB,KT2A,PRBKT2A,MEIDEN,8P9086T1,115/22,50,2007.0,2021-04-17,2021-06-07,4300,31290,516.0,36.0,56.0,7.0,0.0,0.0,3.0,0.0,2.0,104.0,70,18,
PRB,KT2A,PRBKT2A,MEIDEN,8P9086T1,115/22,50,2007.0,2022-05-20,2022-05-26,5942,21665,2524.0,183.0,8.0,13.0,0.0,0.0,24.0,0.0,2.0,230.0,62,9,
PRB,KT2A,PRBKT2A,MEIDEN,8P9086T1,115/22,50,2007.0,2023-04-28,2023-05-06,4768,28903,3437.0,254.0,13.0,29.0,0.0,0.0,32.0,3.0,23.0,354.0,60,15,
PRB,KT2A,PRBKT2A,MEIDEN,8P9086T1,115/22,50,2007.0,2024-04-03,2024-04-20,1443,18166,3799.0,277.0,19.0,40.0,0.0,5.0,61.0,3.0,22.0,427.0,62,14,
PTB,KT1A,PTBKT1A,MEIDEN,8T9668T3,115/22,50,2011.0,2019-10-18,2019-11-11,15172,57280,1898.0,458.0,4.0,0.0,0.0,8.0,0.0,0.0,0.0,470.0,47,15,-
PTB,KT1A,PTBKT1A,MEIDEN,8T9668T3,115/22,50,2011.0,2022-05-21,2022-06-09,14566,71081,3031.0,1380.0,5.0,0.0,0.0,2.0,2.0,1.0,1.0,1391.0,34,9,
PTB,KT1A,PTBKT1A,MEIDEN,8T9668T3,115/22,50,2011.0,2022-11-04,2022-11-13,18321,77532,3165.0,1403.0,2.0,9.0,0.0,9.0,2.0,2.0,1.0,1428.0,50,7,
PTB,KT1A,PTBKT1A,MEIDEN,8T9668T3,115/22,50,2011.0,2023-05-25,2023-06-03,10994,76749,3113.0,1377.0,4.0,6.0,0.0,11.0,2.0,2.0,1.0,1403.0,56,9,
PTB,KT2A,PTBKT2A,MEIDEN,8S9483T2,115/22,50,2009.0,2019-10-18,2019-09-11,11256,44192,776.0,83.0,10.0,48.0,0.0,20.0,140.0,0.0,45.0,346.0,38,14,-
PTB,KT2A,PTBKT2A,MEIDEN,8S9483T2,115/22,50,2009.0,2022-05-21,2022-06-10,8753,47716,1121.0,96.0,11.0,39.0,0.0,6.0,196.0,0.0,54.0,402.0,57,10,
PTB,KT2A,PTBKT2A,MEIDEN,8S9483T2,115/22,50,2009.0,2022-11-04,2022-11-14,7117,54441,1248.0,104.0,9.0,66.0,0.0,4.0,206.0,5.0,97.0,491.0,35,8,
PTB,KT2A,PTBKT2A,MEIDEN,8S9483T2,115/22,50,2009.0,2023-05-25,2023-06-03,4964,54644,1414.0,83.0,9.0,61.0,0.0,8.0,181.0,7.0,81.0,430.0,40,9,
PTN,KT1A,PTNKT1A,MITSUBISHI,574408,115/33/11,25,,2019-03-17,2019-08-25,10945,47906,2394.0,98.0,11.0,49.0,0.0,7.0,262.0,0.0,141.0,568.0,26,27,De-energize.
PTN,KT1A,PTNKT1A,MITSUBISHI,574408,115/33/11,25,,2019-08-25,2019-10-19,3246,57898,5171.0,122.0,10.0,97.0,0.0,12.0,395.0,2.0,192.0,830.0,28,29,-
PTN,KT1A,PTNKT1A,MITSUBISHI,574408,115/33/11,25,,2020-07-19,2020-08-24,5401,58183,5781.0,116.0,18.0,102.0,0.0,13.0,431.0,1.0,108.0,789.0,55,19,
PTN,KT1A,PTNKT1A,MITSUBISHI,574408,115/33/11,25,,2021-07-10,2021-11-04,8342,71274,6803.0,129.0,21.0,109.0,0.0,12.0,480.0,0.0,71.0,822.0,,19,
PTN,KT1A,PTNKT1A,MITSUBISHI,574408,115/33/11,25,,2022-07-14,2022-07-24,7011,37424,3377.0,50.0,9.0,24.0,0.0,7.0,272.0,0.0,97.0,459.0,53,17,ไม่ได้ออกผลขอเก็บตัวอย่างใหม่
PTN,KT1A,PTNKT1A,MITSUBISHI,574408,115/33/11,25,,2023-07-17,2023-11-23,7629,74447,4037.0,173.0,7.0,137.0,0.0,14.0,483.0,13.0,223.0,1050.0,56,29,
PTN,KT2A,PTNKT2A,MITSUBISHI,574409,115/33/11,25,,2019-03-09,2019-03-11,5075,73364,3997.0,117.0,50.0,95.0,0.0,9.0,384.0,0.0,166.0,821.0,35,13,ปลดจากระบบเมื่อ 02/03/48 หลังจากนั้นเกิด Buchholz Alarm
PTN,KT2A,PTNKT2A,MITSUBISHI,574409,115/33/11,25,,2019-03-17,2019-08-29,8645,49840,3889.0,122.0,7.0,68.0,0.0,11.0,397.0,0.0,198.0,803.0,39,28,-
PTN,KT2A,PTNKT2A,MITSUBISHI,574409,115/33/11,25,,2019-04-08,2019-07-05,7308,47936,3785.0,115.0,25.0,72.0,0.0,11.0,354.0,0.0,166.0,743.0,54,39,-
PTN,KT2A,PTNKT2A,MITSUBISHI,574409,115/33/11,25,,2019-08-25,2019-10-18,13241,48429,3683.0,181.0,13.0,87.0,0.0,9.0,391.0,0.0,177.0,858.0,67,28,-
PTN,KT2A,PTNKT2A,MITSUBISHI,574409,115/33/11,25,,2020-07-19,2020-08-24,3926,59753,3544.0,66.0,44.0,87.0,0.0,3.0,460.0,22.0,251.0,933.0,55,14,
PTN,KT2A,PTNKT2A,MITSUBISHI,574409,115/33/11,25,,2021-07-11,2021-11-04,9736,69744,3358.0,100.0,13.0,78.0,0.0,11.0,437.0,0.0,62.0,701.0,,29,
PTN,KT2A,PTNKT2A,MITSUBISHI,574409,115/33/11,25,,2022-07-14,2022-07-24,3567,81629,4865.0,101.0,27.0,66.0,0.0,19.0,522.0,0.0,152.0,887.0,59,17,
PTN,KT2A,PTNKT2A,MITSUBISHI,574409,115/33/11,25,,2022-08-20,2022-09-02,1768,43323,3149.0,77.0,2.0,35.0,0.0,6.0,323.0,0.0,195.0,638.0,,15,
PTN,KT2A,PTNKT2A,MITSUBISHI,574409,115/33/11,25,,2023-07-17,2023-11-23,8773,84739,3501.0,192.0,14.0,179.0,0.0,17.0,506.0,14.0,256.0,1178.0,58,22,
PTN,KT3A,PTNKT3A,FUJI,AG69095T313,115/33/11,25,,2019-03-17,2019-08-29,10598,45480,1137.0,114.0,8.0,32.0,0.0,5.0,100.0,0.0,50.0,309.0,51,29,-
PTN,KT3A,PTNKT3A,FUJI,AG69095T313,115/33/11,25,,2019-08-25,2019-10-18,12017,51284,1284.0,121.0,11.0,37.0,0.0,3.0,132.0,0.0,67.0,371.0,49,-27,-
PTN,KT3A,PTNKT3A,FUJI,AG69095T313,115/33/11,25,,2020-07-19,2020-08-24,3955,47554,1265.0,101.0,21.0,41.0,0.0,2.0,134.0,0.0,79.0,378.0,48,20,
PTN,KT3A,PTNKT3A,FUJI,AG69095T313,115/33/11,25,,2021-07-10,2021-11-04,5094,30030,935.0,89.0,12.0,23.0,0.0,5.0,105.0,0.0,10.0,244.0,,20,
PTN,KT3A,PTNKT3A,FUJI,AG69095T313,115/33/11,25,,2022-07-14,2022-07-25,6006,34477,1421.0,126.0,17.0,19.0,0.0,8.0,108.0,0.0,29.0,307.0,52,19,
PTN,KT3A,PTNKT3A,FUJI,AG69095T313,115/33/11,25,,2023-07-16,2023-11-23,9183,46110,1816.0,172.0,10.0,60.0,0.0,8.0,122.0,9.0,70.0,451.0,50,20,
PU,KT1A,PUKT1A,MEIDEN,8T9788T3,115/33,50,2012.0,2019-09-15,2019-11-24,23094,64968,2670.0,889.0,8.0,10.0,0.0,4.0,0.0,0.0,0.0,911.0,52,19,-
PU,KT1A,PUKT1A,MEIDEN,8T9788T3,115/33,50,2012.0,2020-09-08,2020-11-15,23640,197070,1470.0,273.0,39.0,6.0,0.0,0.0,2.0,515.0,0.0,835.0,52,14,
PU,KT1A,PUKT1A,MEIDEN,8T9788T3,115/33,50,2012.0,2021-09-05,2021-11-16,11477,64672,4288.0,1195.0,6.0,12.0,0.0,7.0,8.0,0.0,0.0,1228.0,52,15,
PU,KT1A,PUKT1A,MEIDEN,8T9788T3,115/33,50,2012.0,2022-09-12,2022-10-09,10861,84854,3406.0,908.0,6.0,20.0,0.0,7.0,8.0,3.0,12.0,964.0,56,9,
PU,KT1A,PUKT1A,MEIDEN,8T9788T3,115/33,50,2012.0,2023-09-21,2023-10-26,13136,79450,4093.0,1414.0,11.0,20.0,0.0,5.0,4.0,3.0,3.0,1460.0,0,13,
PU,KT2A,PUKT2A,DAIHEN,5BK013802,230/121/33,200,2010.0,2019-03-15,2019-06-30,14918,44112,621.0,130.0,8.0,17.0,0.0,0.0,30.0,0.0,12.0,197.0,44,24,-
PU,KT2A,PUKT2A,DAIHEN,5BK013802,230/121/33,200,2010.0,2019-09-19,2019-11-23,10950,42340,0.0,0.0,17.0,16.0,0.0,0.0,25.0,0.0,13.0,71.0,45,23,-
PU,KT2A,PUKT2A,DAIHEN,5BK013802,230/121/33,200,2010.0,2020-04-24,2020-05-26,11152,48831,531.0,142.0,27.0,37.0,0.0,0.0,38.0,0.0,23.0,267.0,46,13,
PU,KT2A,PUKT2A,DAIHEN,5BK013802,230/121/33,200,2010.0,2020-09-08,2020-11-10,4940,33895,703.0,196.0,4.0,13.0,0.0,2.0,26.0,3.0,14.0,258.0,41,17,
PU,KT2A,PUKT2A,DAIHEN,5BK013802,230/121/33,200,2010.0,2021-03-12,2021-05-23,8440,49384,1092.0,258.0,9.0,17.0,0.0,2.0,20.0,2.0,9.0,317.0,44,12,
PU,KT2A,PUKT2A,DAIHEN,5BK013802,230/121/33,200,2010.0,2021-09-05,2021-11-17,11850,36981,713.0,190.0,13.0,0.0,0.0,0.0,28.0,0.0,0.0,231.0,41,16,
PU,KT2A,PUKT2A,DAIHEN,5BK013802,230/121/33,200,2010.0,2022-03-26,2022-04-25,8824,48625,716.0,132.0,6.0,15.0,0.0,1.0,16.0,9.0,10.0,189.0,40,17,
PU,KT2A,PUKT2A,DAIHEN,5BK013802,230/121/33,200,2010.0,2022-09-12,2022-10-08,7330,50300,844.0,171.0,5.0,26.0,0.0,1.0,21.0,0.0,13.0,237.0,42,9,
PU,KT2A,PUKT2A,DAIHEN,5BK013802,230/121/33,200,2010.0,2023-03-17,2023-04-09,7182,37195,1183.0,286.0,7.0,13.0,0.0,0.0,21.0,0.0,8.0,335.0,52,12,
PU,KT2A,PUKT2A,DAIHEN,5BK013802,230/121/33,200,2010.0,2023-09-21,2023-10-26,11166,51488,1303.0,283.0,12.0,23.0,0.0,13.0,25.0,3.0,12.0,371.0,54,17,
PU,KT2A,PUKT2A,DAIHEN,5BK013802,230/121/33,200,2010.0,2024-03-11,2024-04-09,10622,40571,1200.0,263.0,6.0,21.0,0.0,0.0,6.0,0.0,0.0,296.0,52,5,
PU,KT3A,PUKT3A,MEIDEN,8T9788T4,115/33/11,50,2012.0,2019-09-15,2019-11-22,16330,68360,0.0,0.0,17.0,21.0,0.0,0.0,0.0,0.0,0.0,38.0,-,29,-
PU,KT3A,PUKT3A,MEIDEN,8T9788T4,115/33/11,50,2012.0,2020-09-08,2020-11-15,12830,143860,2089.0,425.0,19.0,8.0,0.0,0.0,2.0,588.0,0.0,1042.0,58,15,
PU,KT3A,PUKT3A,MEIDEN,8T9788T4,115/33/11,50,2012.0,2021-09-05,2021-11-16,14248,64920,3440.0,1215.0,8.0,0.0,0.0,6.0,12.0,0.0,0.0,1241.0,50,13,
PU,KT3A,PUKT3A,MEIDEN,8T9788T4,115/33/11,50,2012.0,2022-09-12,2022-10-08,12830,75430,2812.0,815.0,5.0,11.0,0.0,3.0,4.0,0.0,3.0,841.0,55,8,
PU,KT3A,PUKT3A,MEIDEN,8T9788T4,115/33/11,50,2012.0,2023-09-22,2023-10-26,14901,76254,4369.0,1515.0,11.0,20.0,0.0,6.0,5.0,2.0,4.0,1563.0,49,13,
PU,KT4A,PUKT4A,MITSUBISHI,9812811101,230/121/33,200,2013.0,2019-03-15,2019-06-30,8182,44862,1069.0,286.0,7.0,0.0,0.0,0.0,5.0,0.0,0.0,298.0,50,26,-
PU,KT4A,PUKT4A,MITSUBISHI,9812811101,230/121/33,200,2013.0,2019-09-19,2019-11-28,9700,47940,0.0,0.0,11.0,9.0,0.0,0.0,0.0,0.0,0.0,20.0,50,23,-
PU,KT4A,PUKT4A,MITSUBISHI,9812811101,230/121/33,200,2013.0,2020-04-04,2020-05-26,13001,54845,885.0,323.0,19.0,5.0,0.0,0.0,3.0,0.0,3.0,353.0,55,14,
PU,KT4A,PUKT4A,MITSUBISHI,9812811101,230/121/33,200,2013.0,2020-09-08,2020-11-10,9413,39060,1278.0,354.0,8.0,0.0,0.0,0.0,41.0,0.0,0.0,403.0,48,12,
PU,KT4A,PUKT4A,MITSUBISHI,9812811101,230/121/33,200,2013.0,2021-03-12,2021-05-11,5386,45718,1409.0,350.0,34.0,6.0,0.0,0.0,3.0,0.0,9.0,402.0,53,19,
PU,KT4A,PUKT4A,MITSUBISHI,9812811101,230/121/33,200,2013.0,2021-09-05,2021-11-16,10560,43445,2516.0,391.0,9.0,0.0,0.0,0.0,7.0,0.0,0.0,407.0,43,18,
PU,KT4A,PUKT4A,MITSUBISHI,9812811101,230/121/33,200,2013.0,2022-03-26,2022-04-25,8214,52749,1350.0,274.0,5.0,4.0,0.0,10.0,3.0,1.0,2.0,299.0,44,15,
PU,KT4A,PUKT4A,MITSUBISHI,9812811101,230/121/33,200,2013.0,2022-09-12,2022-10-09,12585,49869,1561.0,368.0,3.0,7.0,0.0,0.0,3.0,2.0,2.0,385.0,42,7,
PY,KT1A,PYKT1A,MEIDEN,8R8402T1,115/22,50,2007.0,2020-03-15,2020-03-21,17970,80970,1325.0,96.0,1.0,57.0,0.0,0.0,80.0,73.0,58.0,365.0,32,14,
PY,KT1A,PYKT1A,MEIDEN,8R8402T1,115/22,50,2007.0,2021-06-21,2021-08-29,8199,39188,2363.0,145.0,7.0,61.0,0.0,0.0,134.0,0.0,15.0,362.0,,16,
PY,KT1A,PYKT1A,MEIDEN,8R8402T1,115/22,50,2007.0,2022-07-14,2022-07-14,5816,40146,3125.0,169.0,10.0,56.0,0.0,5.0,164.0,0.0,51.0,455.0,,21,
PY,KT1A,PYKT1A,MEIDEN,8R8402T1,115/22,50,2007.0,2023-04-28,2023-06-10,7752,40946,3479.0,207.0,4.0,110.0,0.0,5.0,193.0,6.0,67.0,592.0,63,19,
PY,KT1A,PYKT1A,MEIDEN,8R8402T1,115/22,50,2007.0,2024-04-29,2024-05-26,5502,36758,2960.0,192.0,3.0,96.0,0.0,4.0,171.0,6.0,86.0,558.0,60,14,
PY,KT2A,PYKT2A,MEIDEN,8R8393T1,115/22,50,2007.0,2020-03-15,2020-03-21,19380,79510,665.0,51.0,0.0,52.0,0.0,0.0,121.0,20.0,86.0,330.0,32,7,
PY,KT2A,PYKT2A,MEIDEN,8R8393T1,115/22,50,2007.0,2021-06-21,2021-08-30,7412,42749,870.0,69.0,6.0,46.0,0.0,0.0,141.0,0.0,19.0,281.0,,9,
PY,KT2A,PYKT2A,MEIDEN,8R8393T1,115/22,50,2007.0,2022-07-14,2022-07-14,6108,33982,1135.0,78.0,7.0,49.0,0.0,4.0,205.0,0.0,65.0,408.0,,19,
PY,KT2A,PYKT2A,MEIDEN,8R8393T1,115/22,50,2007.0,2023-04-28,2023-06-10,29067,88108,1303.0,75.0,5.0,85.0,0.0,5.0,207.0,4.0,81.0,462.0,60,22,
PY,KT2A,PYKT2A,MEIDEN,8R8393T1,115/22,50,2007.0,2024-04-29,2024-05-26,9157,43001,1393.0,94.0,2.0,23.0,0.0,3.0,54.0,0.0,50.0,226.0,59,13,
PYK,KT1A,PYKKT1A,VOLTA WERKE,60492-002,115/22,25,1993.0,2019-03-22,2019-04-21,8943,39412,1840.0,143.0,19.0,39.0,0.0,3.0,31.0,0.0,13.0,248.0,58,17,-
PYK,KT1A,PYKKT1A,VOLTA WERKE,60492-002,115/22,25,1993.0,2020-03-21,2020-05-26,14937,55746,1682.0,163.0,25.0,40.0,0.0,8.0,34.0,0.0,0.0,270.0,42,11,COLD STANDBY
PYK,KT1A,PYKKT1A,VOLTA WERKE,60492-002,115/22,25,1993.0,2021-01-10,2021-02-01,5289,51732,1835.0,114.0,31.0,48.0,0.0,3.0,34.0,0.0,20.0,250.0,36,12,Cold standby
PYK,KT1A,PYKKT1A,VOLTA WERKE,60492-002,115/22,25,1993.0,2022-02-26,2022-03-27,11190,65050,2470.0,190.0,19.0,29.0,0.0,3.0,26.0,6.0,18.0,291.0,53,10,
PYK,KT1A,PYKKT1A,VOLTA WERKE,60492-002,115/22,25,1993.0,2023-02-24,2023-03-11,7864,45682,3156.0,225.0,15.0,40.0,0.0,4.0,33.0,7.0,19.0,343.0,56,13,
PYK,KT1A,PYKKT1A,VOLTA WERKE,60492-002,115/22,25,1993.0,2024-02-27,2024-04-09,21427,62945,1485.0,159.0,4.0,49.0,0.0,9.0,40.0,5.0,20.0,286.0,47,9,
PYK,KT2A,PYKKT2A,DAIHEN,EDP011901,115/22,50,2012.0,2019-03-22,2019-04-18,14717,44560,1261.0,475.0,33.0,0.0,0.0,0.0,13.0,0.0,0.0,521.0,37,23,Cold stanby.
PYK,KT2A,PYKKT2A,DAIHEN,EDP011901,115/22,50,2012.0,2020-03-21,2020-05-26,18312,45913,1418.0,512.0,34.0,0.0,0.0,0.0,6.0,0.0,0.0,552.0,50,23,
PYK,KT2A,PYKKT2A,DAIHEN,EDP011901,115/22,50,2012.0,2021-01-10,2021-02-01,11463,53685,2374.0,586.0,42.0,3.0,0.0,0.0,4.0,0.0,6.0,641.0,40,11,
PYK,KT2A,PYKKT2A,DAIHEN,EDP011901,115/22,50,2012.0,2022-02-26,2022-03-27,11460,62910,1994.0,557.0,44.0,3.0,0.0,2.0,4.0,16.0,6.0,632.0,53,16,
PYK,KT2A,PYKKT2A,DAIHEN,EDP011901,115/22,50,2012.0,2023-02-24,2023-03-12,16153,52924,2640.0,1226.0,36.0,8.0,0.0,9.0,7.0,3.0,2.0,1291.0,60,10,
RA,KT1A,RAKT1A,DAIHEN,EDP001401,115/33/11,50,2008.0,2019-09-19,2019-11-23,11906,50564,692.0,100.0,25.0,70.0,0.0,3.0,0.0,0.0,0.0,198.0,28,18,-
RA,KT1A,RAKT1A,DAIHEN,EDP001401,115/33/11,50,2008.0,2020-09-07,2020-10-11,2715,31532,1113.0,118.0,21.0,65.0,0.0,0.0,183.0,0.0,70.0,457.0,56,13,ทดสอบ DBV. ได้ค่าเฉลี่ยที่ 22.4 kV.
RA,KT1A,RAKT1A,DAIHEN,EDP001401,115/33/11,50,2008.0,2021-09-10,2021-11-16,7920,40020,1778.0,101.0,24.0,61.0,0.0,0.0,171.0,18.0,142.0,517.0,57,17,
RA,KT1A,RAKT1A,DAIHEN,EDP001401,115/33/11,50,2008.0,2022-09-25,2022-10-08,6710,51520,1879.0,108.0,39.0,78.0,0.0,1.0,224.0,11.0,187.0,648.0,30,10,
RA,KT1A,RAKT1A,DAIHEN,EDP001401,115/33/11,50,2008.0,2023-09-22,2023-11-17,11624,51519,1755.0,134.0,27.0,78.0,0.0,3.0,203.0,11.0,121.0,577.0,56,15,
RA,KT2A,RAKT2A,HYUNDAI,T933027,115/33/11,50,2008.0,2019-09-22,2019-11-22,8490,49190,0.0,0.0,8.0,40.0,0.0,0.0,50.0,0.0,29.0,127.0,-,24,-
RA,KT2A,RAKT2A,HYUNDAI,T933027,115/33/11,50,2008.0,2020-09-07,2020-10-11,4615,35731,623.0,26.0,7.0,38.0,0.0,0.0,78.0,0.0,10.0,159.0,38,15,
RA,KT2A,RAKT2A,HYUNDAI,T933027,115/33/11,50,2008.0,2021-09-10,2021-11-16,8625,67890,3157.0,326.0,27.0,36.0,0.0,5.0,76.0,0.0,7.0,477.0,33,14,
RA,KT2A,RAKT2A,HYUNDAI,T933027,115/33/11,50,2008.0,2022-09-25,2022-10-08,8490,53620,3204.0,360.0,26.0,52.0,0.0,1.0,62.0,10.0,41.0,552.0,60,10,
RA,KT2A,RAKT2A,HYUNDAI,T933027,115/33/11,50,2008.0,2023-09-22,2023-11-17,8628,50913,3297.0,312.0,11.0,50.0,0.0,7.0,61.0,66.0,43.0,550.0,56,14,
RB1,KT1A,RB1KT1A,ABB,56032,115/22,50,,2021-06-25,2021-09-07,19658,57004,1666.0,538.0,10.0,0.0,0.0,0.0,14.0,0.0,0.0,562.0,42,25,
RB1,KT1A,RB1KT1A,ABB,56032,115/22,50,,2022-06-12,2022-07-08,21575,64003,2384.0,672.0,9.0,8.0,0.0,17.0,4.0,0.0,0.0,710.0,48,12,
RB1,KT1A,RB1KT1A,ABB,56032,115/22,50,,2023-06-15,2023-06-23,18751,73742,2167.0,572.0,6.0,3.0,0.0,24.0,1.0,17.0,0.0,623.0,42,12,
RB1,KT1A,RB1KT1A,ABB,56032,115/22,50,,2024-06-08,2024-06-12,23741,79746,2087.0,816.0,4.0,8.0,0.0,27.0,2.0,1.0,1.0,859.0,44,5,
RB1,KT2A,RB1KT2A,OSAKA,5BA159006,115/22,25,1990.0,2021-06-25,2021-09-05,5191,28983,3169.0,255.0,23.0,18.0,0.0,5.0,26.0,0.0,0.0,327.0,61,19,
RB1,KT2A,RB1KT2A,OSAKA,5BA159006,115/22,25,1990.0,2021-11-23,2021-11-25,5451,38507,4420.0,286.0,40.0,18.0,0.0,2.0,29.0,3.0,13.0,391.0,,28,
RB1,KT2A,RB1KT2A,OSAKA,5BA159006,115/22,25,1990.0,2022-06-12,2022-07-08,6684,30957,4074.0,267.0,22.0,10.0,0.0,5.0,29.0,2.0,9.0,344.0,54,15,
RB1,KT2A,RB1KT2A,OSAKA,5BA159006,115/22,25,1990.0,2023-06-15,2023-06-23,6726,35869,3996.0,275.0,21.0,11.0,0.0,3.0,30.0,2.0,10.0,352.0,58,13,
RB1,KT2A,RB1KT2A,OSAKA,5BA159006,115/22,25,1990.0,2024-06-08,2024-06-12,7689,55864,2896.0,524.0,14.0,7.0,0.0,14.0,25.0,3.0,11.0,598.0,60,12,
RB2,KT1A,RB2KT1A,DAIHEN,GBK604901,230/115,300,2019.0,2021-06-26,2021-09-05,6564,23725,428.0,62.0,14.0,0.0,0.0,0.0,0.0,0.0,0.0,76.0,53,16,
RB2,KT1A,RB2KT1A,DAIHEN,GBK604901,230/115,300,2019.0,2022-06-26,2022-07-02,6820,30570,1168.0,107.0,28.0,3.0,0.0,5.0,2.0,1.0,1.0,147.0,57,7,
RB2,KT1A,RB2KT1A,DAIHEN,GBK604901,230/115,300,2019.0,2022-12-23,2023-01-15,11863,36301,1167.0,187.0,39.0,7.0,0.0,1.0,6.0,2.0,4.0,246.0,50,9,
RB2,KT1A,RB2KT1A,DAIHEN,GBK604901,230/115,300,2019.0,2023-06-16,2023-06-23,4549,30378,1509.0,192.0,50.0,13.0,0.0,0.0,2.0,3.0,4.0,264.0,55,8,
RB2,KT1A,RB2KT1A,DAIHEN,GBK604901,230/115,300,2019.0,2024-02-02,2024-02-04,1610,18210,1654.0,225.0,68.0,16.0,0.0,21.0,7.0,8.0,2.0,347.0,57,18,
RB2,KT2A,RB2KT2A,ABB,56031,115/22,50,2011.0,2020-10-02,2020-10-02,17412,58800,2416.0,559.0,7.0,3.0,0.0,9.0,0.0,0.0,0.0,578.0,,8,เนื่องจากมี Fault จาก PEA
RB2,KT2A,RB2KT2A,ABB,56031,115/22,50,2011.0,2021-06-26,2021-09-07,12940,65158,1904.0,607.0,9.0,0.0,0.0,9.0,0.0,0.0,0.0,625.0,36,20,
RB2,KT2A,RB2KT2A,ABB,56031,115/22,50,2011.0,2022-06-26,2022-07-02,10080,73740,2967.0,479.0,5.0,3.0,0.0,5.0,1.0,15.0,2.0,510.0,47,5,
RB2,KT2A,RB2KT2A,ABB,56031,115/22,50,2011.0,2023-06-16,2023-06-24,11372,72754,2829.0,605.0,6.0,14.0,0.0,15.0,2.0,13.0,1.0,656.0,48,10,
RB2,KT2A,RB2KT2A,ABB,56031,115/22,50,2011.0,2024-06-22,2024-06-28,5080,74509,4416.0,962.0,8.0,14.0,0.0,26.0,2.0,3.0,1.0,1016.0,48,7,
RB2,KT3A,RB2KT3A,FUJI,AE69025T2,115/22,25,1997.0,2021-06-26,2021-09-07,8460,42318,1813.0,140.0,7.0,25.0,0.0,0.0,58.0,0.0,28.0,258.0,36,21,
RB2,KT3A,RB2KT3A,FUJI,AE69025T2,115/22,25,1997.0,2023-06-16,2023-06-23,7519,42691,1307.0,173.0,7.0,52.0,0.0,6.0,69.0,2.0,23.0,332.0,52,10,
RB2,KT3A,RB2KT3A,FUJI,AE69025T2,115/22,25,1997.0,2024-06-22,2024-06-28,2822,39592,1897.0,221.0,20.0,58.0,0.0,5.0,98.0,46.0,0.0,448.0,50,8,
RB2,KT4A,RB2KT4A,DAIHEN,GBK604902,230/115,300,2019.0,2021-06-26,2021-09-07,5339,20257,284.0,53.0,11.0,0.0,0.0,0.0,0.0,0.0,0.0,64.0,53,14,
RB2,KT4A,RB2KT4A,DAIHEN,GBK604902,230/115,300,2019.0,2023-12-16,2024-01-29,11721,41099,493.0,144.0,22.0,0.0,0.0,2.0,4.0,1.0,6.0,179.0,30,17,
RB2,KT4A,RB2KT4A,DAIHEN,GBK604902,230/115,300,2019.0,2024-06-22,2024-06-28,5007,28803,846.0,210.0,16.0,7.0,0.0,2.0,16.0,1.0,22.0,274.0,52,6,
RB2,KT5A,RB2KT5A,DAIHEN,GBK604903,230/115,300,2020.0,2021-06-26,2021-09-07,5178,20730,309.0,68.0,11.0,0.0,0.0,0.0,6.0,0.0,0.0,85.0,46,15,
RB2,KT5A,RB2KT5A,DAIHEN,GBK604903,230/115,300,2020.0,2022-06-26,2022-07-02,6690,30150,962.0,101.0,27.0,2.0,0.0,0.0,1.0,1.0,1.0,133.0,56,5,
RB2,KT5A,RB2KT5A,DAIHEN,GBK604903,230/115,300,2020.0,2022-12-23,2023-01-15,13358,38539,965.0,171.0,43.0,4.0,0.0,1.0,2.0,2.0,2.0,225.0,50,9,
RB2,KT5A,RB2KT5A,DAIHEN,GBK604903,230/115,300,2020.0,2023-06-16,2023-06-23,4352,32089,1206.0,192.0,61.0,14.0,0.0,0.0,2.0,3.0,2.0,274.0,53,12,
RB2,KT5A,RB2KT5A,DAIHEN,GBK604903,230/115,300,2020.0,2023-12-16,2024-01-29,11114,33230,2184.0,339.0,42.0,8.0,0.0,2.0,4.0,4.0,4.0,403.0,52,17,
RB2,KT5A,RB2KT5A,DAIHEN,GBK604903,230/115,300,2020.0,2024-06-22,2024-06-28,7389,32233,1931.0,241.0,50.0,10.0,0.0,2.0,3.0,7.0,0.0,313.0,54,7,
RB3,KT1AA,RB3KT1AA,GEC ALSTHOM,21784108,525/242/1.73,250,2013.0,2019-05-18,2019-06-09,7644,37155,1378.0,405.0,2.0,2.0,0.0,1.0,3.0,2.0,5.0,420.0,44,22,-
RB3,KT1AA,RB3KT1AA,GEC ALSTHOM,21784108,525/242/1.73,250,2013.0,2019-11-23,2019-12-21,11863,47215,2121.0,656.0,13.0,9.0,0.0,0.0,8.0,0.0,0.0,686.0,42,16,-
RB3,KT1AA,RB3KT1AA,GEC ALSTHOM,21784108,525/242/1.73,250,2013.0,2020-06-22,2020-08-15,7693,47283,1855.0,477.0,6.0,9.0,0.0,1.0,4.0,2.0,2.0,501.0,29,20,
RB3,KT1AA,RB3KT1AA,GEC ALSTHOM,21784108,525/242/1.73,250,2013.0,2021-05-25,2021-07-25,7405,33412,1826.0,581.0,8.0,0.0,0.0,0.0,7.0,0.0,0.0,596.0,46,15,
RB3,KT1AA,RB3KT1AA,GEC ALSTHOM,21784108,525/242/1.73,250,2013.0,2021-11-13,2021-11-24,8627,69294,2715.0,154.0,21.0,3.0,0.0,0.0,5.0,2.0,2.0,187.0,45,16,
RB3,KT1AA,RB3KT1AA,GEC ALSTHOM,21784108,525/242/1.73,250,2013.0,2022-05-24,2022-06-09,3544,47926,2515.0,726.0,125.0,0.0,0.0,0.0,5.0,3.0,0.0,859.0,52,15,
RB3,KT1AA,RB3KT1AA,GEC ALSTHOM,21784108,525/242/1.73,250,2013.0,2022-11-19,2022-12-09,5161,35449,2371.0,751.0,10.0,11.0,0.0,0.0,5.0,0.0,0.0,777.0,43,12,
RB3,KT1AA,RB3KT1AA,GEC ALSTHOM,21784108,525/242/1.73,250,2013.0,2023-11-26,2023-12-28,8466,44190,3055.0,867.0,14.0,10.0,0.0,1.0,6.0,10.0,0.0,908.0,44,7,
RB3,KT1AA,RB3KT1AA,GEC ALSTHOM,21784108,525/242/1.73,250,2013.0,2024-07-07,2024-07-10,5027,42611,3166.0,961.0,2.0,15.0,0.0,1.0,7.0,3.0,4.0,993.0,46,6,
RB3,KT1AB,RB3KT1AB,GEC ALSTHOM,21784109,525/242/1.73,250,2013.0,2019-05-18,2019-06-09,10716,37406,1313.0,506.0,3.0,6.0,0.0,1.0,7.0,2.0,5.0,530.0,46,21,-
RB3,KT1AB,RB3KT1AB,GEC ALSTHOM,21784109,525/242/1.73,250,2013.0,2019-11-23,2019-12-21,8392,38831,1862.0,752.0,18.0,9.0,0.0,0.0,0.0,27.0,0.0,806.0,43,21,-
RB3,KT1AB,RB3KT1AB,GEC ALSTHOM,21784109,525/242/1.73,250,2013.0,2020-06-22,2020-08-15,9270,46756,1335.0,406.0,7.0,7.0,0.0,1.0,3.0,2.0,1.0,427.0,32,22,
RB3,KT1AB,RB3KT1AB,GEC ALSTHOM,21784109,525/242/1.73,250,2013.0,2021-05-25,2021-08-03,11147,47145,1470.0,632.0,8.0,10.0,0.0,2.0,0.0,4.0,2.0,658.0,46,24,
RB3,KT1AB,RB3KT1AB,GEC ALSTHOM,21784109,525/242/1.73,250,2013.0,2021-11-13,2021-11-25,18332,46826,1282.0,377.0,8.0,0.0,0.0,0.0,9.0,0.0,0.0,394.0,46,17,
RB3,KT1AB,RB3KT1AB,GEC ALSTHOM,21784109,525/242/1.73,250,2013.0,2022-05-26,2022-06-11,8938,39541,1893.0,646.0,9.0,3.0,0.0,0.0,8.0,0.0,0.0,666.0,52,12,
RB3,KT1AB,RB3KT1AB,GEC ALSTHOM,21784109,525/242/1.73,250,2013.0,2022-11-19,2022-12-09,9000,42130,1753.0,583.0,2.0,38.0,0.0,1.0,4.0,27.0,1.0,656.0,44,11,
RB3,KT1AB,RB3KT1AB,GEC ALSTHOM,21784109,525/242/1.73,250,2013.0,2023-05-20,2023-06-08,4132,30977,2250.0,881.0,13.0,15.0,0.0,0.0,10.0,0.0,0.0,919.0,48,4,
RB3,KT1AB,RB3KT1AB,GEC ALSTHOM,21784109,525/242/1.73,250,2013.0,2023-11-26,2023-12-28,8555,40084,2302.0,898.0,15.0,11.0,0.0,0.0,5.0,4.0,3.0,936.0,46,5,
RB3,KT1AB,RB3KT1AB,GEC ALSTHOM,21784109,525/242/1.73,250,2013.0,2024-07-07,2024-07-10,5520,38694,3006.0,924.0,2.0,14.0,0.0,1.0,16.0,3.0,13.0,973.0,48,7,
RB3,KT1AC,RB3KT1AC,GEC ALSTHOM,21784110,525/242/1.73,250,2013.0,2019-05-18,2019-06-09,8755,41120,1694.0,541.0,12.0,8.0,0.0,0.0,12.0,0.0,5.0,578.0,47,28,-
RB3,KT1AC,RB3KT1AC,GEC ALSTHOM,21784110,525/242/1.73,250,2013.0,2019-11-23,2019-12-21,14795,48647,1895.0,620.0,20.0,6.0,0.0,0.0,0.0,37.0,0.0,683.0,44,24,-
RB3,KT1AC,RB3KT1AC,GEC ALSTHOM,21784110,525/242/1.73,250,2013.0,2020-06-22,2020-08-15,9905,44309,1699.0,479.0,6.0,8.0,0.0,1.0,2.0,2.0,1.0,499.0,35,21,
RB3,KT1AC,RB3KT1AC,GEC ALSTHOM,21784110,525/242/1.73,250,2013.0,2021-05-25,2021-08-03,10705,48059,1758.0,660.0,9.0,10.0,0.0,1.0,0.0,2.0,2.0,684.0,46,27,
RB3,KT1AC,RB3KT1AC,GEC ALSTHOM,21784110,525/242/1.73,250,2013.0,2021-11-13,2021-11-25,19955,51379,1539.0,371.0,7.0,0.0,0.0,18.0,10.0,0.0,0.0,406.0,42,12,
RB3,KT1AC,RB3KT1AC,GEC ALSTHOM,21784110,525/242/1.73,250,2013.0,2022-05-26,2022-06-11,6176,39811,2464.0,797.0,7.0,3.0,0.0,0.0,7.0,0.0,0.0,814.0,52,15,
RB3,KT1AC,RB3KT1AC,GEC ALSTHOM,21784110,525/242/1.73,250,2013.0,2022-11-19,2022-12-09,7806,34809,2205.0,740.0,10.0,11.0,0.0,0.0,2.0,0.0,0.0,763.0,46,15,
RB3,KT1AC,RB3KT1AC,GEC ALSTHOM,21784110,525/242/1.73,250,2013.0,2023-05-20,2023-06-08,7685,35261,2501.0,803.0,16.0,13.0,0.0,0.0,9.0,0.0,0.0,841.0,48,7,
RB3,KT1AC,RB3KT1AC,GEC ALSTHOM,21784110,525/242/1.73,250,2013.0,2023-11-26,2023-12-28,8898,45312,3432.0,889.0,17.0,10.0,0.0,1.0,5.0,10.0,0.0,932.0,47,5,
RB3,KT1AC,RB3KT1AC,GEC ALSTHOM,21784110,525/242/1.73,250,2013.0,2024-07-07,2024-07-10,7668,44791,3034.0,895.0,25.0,13.0,0.0,0.0,5.0,2.0,2.0,942.0,50,6,
RB3,KT2AA,RB3KT2AA,GEC ALSTHOM,21784112,525/242/1.73,250,2013.0,2019-05-18,2019-06-09,9271,41003,1597.0,373.0,7.0,18.0,0.0,2.0,17.0,3.0,8.0,428.0,47,27,-
RB3,KT2AA,RB3KT2AA,GEC ALSTHOM,21784112,525/242/1.73,250,2013.0,2019-11-23,2019-12-21,12390,48995,2032.0,510.0,20.0,37.0,0.0,0.0,20.0,0.0,0.0,587.0,42,20,-
RB3,KT2AA,RB3KT2AA,GEC ALSTHOM,21784112,525/242/1.73,250,2013.0,2020-06-22,2020-08-15,8402,45964,1623.0,347.0,7.0,22.0,0.0,3.0,14.0,13.0,7.0,413.0,40,20,
RB3,KT2AA,RB3KT2AA,GEC ALSTHOM,21784112,525/242/1.73,250,2013.0,2021-05-25,2021-07-25,7085,30648,1627.0,442.0,11.0,21.0,0.0,0.0,18.0,0.0,0.0,492.0,49,18,
RB3,KT2AA,RB3KT2AA,GEC ALSTHOM,21784112,525/242/1.73,250,2013.0,2021-11-13,2021-11-25,15889,40201,1534.0,347.0,7.0,14.0,0.0,0.0,23.0,0.0,0.0,391.0,46,16,
RB3,KT2AA,RB3KT2AA,GEC ALSTHOM,21784112,525/242/1.73,250,2013.0,2022-05-26,2022-06-10,6526,36712,2108.0,518.0,5.0,12.0,0.0,2.0,29.0,0.0,0.0,566.0,51,13,
RB3,KT2AA,RB3KT2AA,GEC ALSTHOM,21784112,525/242/1.73,250,2013.0,2022-11-19,2022-12-09,5643,30541,2013.0,548.0,10.0,29.0,0.0,2.0,18.0,14.0,13.0,634.0,42,13,
RB3,KT2AA,RB3KT2AA,GEC ALSTHOM,21784112,525/242/1.73,250,2013.0,2022-11-19,2022-12-12,7963,48585,2330.0,719.0,12.0,28.0,0.0,1.0,5.0,3.0,4.0,772.0,43,15,
RB3,KT2AA,RB3KT2AA,GEC ALSTHOM,21784112,525/242/1.73,250,2013.0,2023-05-20,2023-06-09,3504,27744,2344.0,634.0,14.0,30.0,0.0,4.0,23.0,0.0,0.0,705.0,48,9,
RB3,KT2AA,RB3KT2AA,GEC ALSTHOM,21784112,525/242/1.73,250,2013.0,2023-11-26,2023-12-28,10115,41662,2797.0,683.0,13.0,25.0,0.0,3.0,22.0,2.0,35.0,783.0,45,5,
RB3,KT2AA,RB3KT2AA,GEC ALSTHOM,21784112,525/242/1.73,250,2013.0,2024-07-07,2024-07-10,7871,42123,3261.0,618.0,1.0,29.0,0.0,2.0,20.0,5.0,9.0,684.0,50,6,
RB3,KT2AB,RB3KT2AB,GEC ALSTHOM,21784113,525/242/1.73,250,2013.0,2019-05-18,2019-06-09,10031,39514,1279.0,458.0,13.0,12.0,0.0,0.0,13.0,0.0,4.0,500.0,47,18,-
RB3,KT2AB,RB3KT2AB,GEC ALSTHOM,21784113,525/242/1.73,250,2013.0,2019-11-23,2019-12-21,7152,44901,2022.0,783.0,85.0,20.0,0.0,0.0,6.0,37.0,0.0,931.0,44,18,-
RB3,KT2AB,RB3KT2AB,GEC ALSTHOM,21784113,525/242/1.73,250,2013.0,2020-06-22,2020-08-15,5544,43375,1588.0,561.0,96.0,22.0,0.0,1.0,6.0,2.0,2.0,690.0,38,21,
RB3,KT2AB,RB3KT2AB,GEC ALSTHOM,21784113,525/242/1.73,250,2013.0,2021-05-25,2021-07-25,8081,35395,1564.0,588.0,61.0,22.0,0.0,0.0,14.0,0.0,0.0,685.0,49,19,
RB3,KT2AB,RB3KT2AB,GEC ALSTHOM,21784113,525/242/1.73,250,2013.0,2021-11-13,2021-11-25,32594,57136,1057.0,235.0,10.0,0.0,0.0,6.0,9.0,0.0,0.0,260.0,46,17,
RB3,KT2AB,RB3KT2AB,GEC ALSTHOM,21784113,525/242/1.73,250,2013.0,2022-05-26,2022-06-11,5139,39686,2087.0,824.0,27.0,13.0,0.0,0.0,9.0,0.0,0.0,873.0,51,15,
RB3,KT2AB,RB3KT2AB,GEC ALSTHOM,21784113,525/242/1.73,250,2013.0,2022-11-19,2022-12-11,7963,48585,1932.0,719.0,12.0,28.0,0.0,1.0,5.0,3.0,4.0,772.0,43,15,
RB3,KT2AB,RB3KT2AB,GEC ALSTHOM,21784113,525/242/1.73,250,2013.0,2023-05-20,2023-06-08,7510,35889,2237.0,828.0,15.0,25.0,0.0,0.0,9.0,0.0,0.0,877.0,48,10,
RB3,KT2AB,RB3KT2AB,GEC ALSTHOM,21784113,525/242/1.73,250,2013.0,2023-11-26,2023-12-28,7268,46562,2282.0,902.0,17.0,25.0,0.0,0.0,7.0,0.0,6.0,957.0,47,6,
RB3,KT2AB,RB3KT2AB,GEC ALSTHOM,21784113,525/242/1.73,250,2013.0,2024-07-07,2024-07-10,5537,46356,3348.0,959.0,3.0,29.0,0.0,1.0,8.0,3.0,4.0,1007.0,48,9,
RB3,KT2AC,RB3KT2AC,GEC ALSTHOM,21784114,525/242/1.73,250,2013.0,2019-05-18,2019-06-09,10322,34284,1792.0,581.0,7.0,13.0,0.0,2.0,13.0,3.0,7.0,626.0,48,18,-
RB3,KT2AC,RB3KT2AC,GEC ALSTHOM,21784114,525/242/1.73,250,2013.0,2019-11-23,2019-12-21,9642,39074,2206.0,649.0,13.0,33.0,0.0,0.0,11.0,0.0,0.0,706.0,44,16,
RB3,KT2AC,RB3KT2AC,GEC ALSTHOM,21784114,525/242/1.73,250,2013.0,2020-06-22,2020-08-15,6894,37846,2133.0,499.0,10.0,16.0,0.0,0.0,16.0,0.0,7.0,548.0,33,15,
RB3,KT2AC,RB3KT2AC,GEC ALSTHOM,21784114,525/242/1.73,250,2013.0,2021-05-25,2021-08-03,8066,46176,1936.0,695.0,4.0,20.0,0.0,3.0,21.0,5.0,10.0,758.0,49,19,
RB3,KT2AC,RB3KT2AC,GEC ALSTHOM,21784114,525/242/1.73,250,2013.0,2021-11-19,2021-11-24,7508,42891,2703.0,164.0,22.0,4.0,0.0,1.0,12.0,5.0,5.0,213.0,44,10,
RB3,KT2AC,RB3KT2AC,GEC ALSTHOM,21784114,525/242/1.73,250,2013.0,2022-05-26,2022-06-11,8809,40991,2567.0,763.0,10.0,8.0,0.0,4.0,13.0,0.0,0.0,798.0,52,20,
RB3,KT2AC,RB3KT2AC,GEC ALSTHOM,21784114,525/242/1.73,250,2013.0,2022-11-19,2022-12-09,7070,40190,2340.0,742.0,5.0,48.0,0.0,3.0,11.0,5.0,6.0,820.0,45,10,
RB3,KT2AC,RB3KT2AC,GEC ALSTHOM,21784114,525/242/1.73,250,2013.0,2023-05-20,2023-06-08,7681,33529,2580.0,835.0,9.0,23.0,0.0,0.0,23.0,2.0,0.0,892.0,48,9,
RB3,KT2AC,RB3KT2AC,GEC ALSTHOM,21784114,525/242/1.73,250,2013.0,2023-11-26,2023-12-28,3640,39296,3988.0,1003.0,26.0,24.0,0.0,0.0,20.0,6.0,12.0,1091.0,47,6,
RB3,KT2AC,RB3KT2AC,GEC ALSTHOM,21784114,525/242/1.73,250,2013.0,2024-07-07,2024-07-10,4166,40451,3695.0,1021.0,3.0,27.0,0.0,3.0,16.0,6.0,5.0,1081.0,50,5,
RE1,KT1A,RE1KT1A,TOSHIBA,890900052,115/22,50,2003.0,2019-03-09,2019-04-08,10363,48948,1732.0,79.0,35.0,67.0,0.0,8.0,322.0,0.0,213.0,724.0,56,20,-
RE1,KT1A,RE1KT1A,TOSHIBA,890900052,115/22,50,2003.0,2020-03-09,2020-03-27,6994,58527,1780.0,81.0,27.0,92.0,0.0,3.0,435.0,0.0,376.0,1014.0,54,14,
RE1,KT1A,RE1KT1A,TOSHIBA,890900052,115/22,50,2003.0,2021-01-23,2021-04-23,6379,49032,1833.0,89.0,55.0,68.0,0.0,11.0,308.0,21.0,288.0,840.0,53,28,
RE1,KT1A,RE1KT1A,TOSHIBA,890900052,115/22,50,2003.0,2022-02-13,2022-03-26,5842,57059,2055.0,95.0,60.0,65.0,0.0,15.0,465.0,28.0,300.0,1028.0,48,15,
RE1,KT1A,RE1KT1A,TOSHIBA,890900052,115/22,50,2003.0,2023-02-12,2023-03-09,8482,50932,1920.0,62.0,34.0,96.0,0.0,5.0,380.0,0.0,259.0,836.0,58,15,
RE1,KT1A,RE1KT1A,TOSHIBA,890900052,115/22,50,2003.0,2024-02-11,2024-03-19,9462,49381,2079.0,51.0,34.0,87.0,0.0,8.0,423.0,0.0,321.0,924.0,62,25,
RE1,KT2A,RE1KT2A,RADE KONCAR,338030,115/22/11,50,2005.0,2020-03-09,2020-03-25,7968,56213,6090.0,827.0,13.0,19.0,0.0,0.0,12.0,0.0,5.0,876.0,59,15,
RE1,KT2A,RE1KT2A,RADE KONCAR,338030,115/22/11,50,2005.0,2021-01-23,2021-04-24,6472,60871,6158.0,875.0,42.0,16.0,0.0,7.0,6.0,14.0,3.0,963.0,53,15,
RE1,KT2A,RE1KT2A,RADE KONCAR,338030,115/22/11,50,2005.0,2022-02-13,2022-03-28,9011,65280,6433.0,721.0,24.0,14.0,0.0,0.0,9.0,10.0,4.0,782.0,45,17,
RE1,KT2A,RE1KT2A,RADE KONCAR,338030,115/22/11,50,2005.0,2023-02-12,2023-03-05,18367,56890,8185.0,1113.0,14.0,27.0,0.0,14.0,13.0,4.0,6.0,1191.0,58,55,
RE1,KT2A,RE1KT2A,RADE KONCAR,338030,115/22/11,50,2005.0,2024-02-11,2024-03-19,13511,53352,4531.0,968.0,3.0,7.0,0.0,26.0,1.0,13.0,1.0,1019.0,54,16,
RE1,KT3A,RE1KT3A,TOSHIBA,91900020,230/121/22,200,2006.0,2019-03-09,2019-04-08,10145,39427,2581.0,258.0,14.0,5.0,0.0,2.0,3.0,2.0,1.0,285.0,62,18,-
RE1,KT3A,RE1KT3A,TOSHIBA,91900020,230/121/22,200,2006.0,2019-06-22,2019-07-07,4421,36927,2738.0,312.0,13.0,10.0,0.0,1.0,2.0,1.0,1.0,340.0,39,75,-
RE1,KT3A,RE1KT3A,TOSHIBA,91900020,230/121/22,200,2006.0,2019-09-01,2019-09-28,9523,33846,3054.0,327.0,15.0,17.0,0.0,0.0,5.0,0.0,0.0,364.0,52,22,-
RE1,KT3A,RE1KT3A,TOSHIBA,91900020,230/121/22,200,2006.0,2020-03-09,2020-03-27,7648,40871,3275.0,351.0,9.0,11.0,0.0,0.0,4.0,0.0,3.0,378.0,54,11,
RE1,KT3A,RE1KT3A,TOSHIBA,91900020,230/121/22,200,2006.0,2020-07-14,2020-08-22,12870,46936,2545.0,202.0,16.0,8.0,0.0,1.0,2.0,2.0,2.0,233.0,53,13,
RE1,KT3A,RE1KT3A,TOSHIBA,91900020,230/121/22,200,2006.0,2021-01-23,2021-04-25,11315,36392,2546.0,259.0,16.0,0.0,0.0,0.0,0.0,4.0,0.0,279.0,50,31,
RE1,KT3A,RE1KT3A,TOSHIBA,91900020,230/121/22,200,2006.0,2021-09-06,2021-11-08,27262,51305,1846.0,132.0,6.0,0.0,0.0,0.0,10.0,0.0,0.0,148.0,53,14,
RE1,KT3A,RE1KT3A,TOSHIBA,91900020,230/121/22,200,2006.0,2022-02-13,2022-03-28,9090,34934,3212.0,328.0,10.0,22.0,0.0,2.0,4.0,2.0,2.0,370.0,45,16,
RE1,KT3A,RE1KT3A,TOSHIBA,91900020,230/121/22,200,2006.0,2022-07-29,2022-08-20,1979,36665,2538.0,312.0,3.0,17.0,0.0,2.0,4.0,3.0,2.0,343.0,57,20,
RE1,KT3A,RE1KT3A,TOSHIBA,91900020,230/121/22,200,2006.0,2023-02-12,2023-03-07,9022,42965,3273.0,371.0,5.0,13.0,0.0,2.0,5.0,3.0,4.0,403.0,56,11,
RE1,KT3A,RE1KT3A,TOSHIBA,91900020,230/121/22,200,2006.0,2023-08-07,2023-09-07,17090,33820,3519.0,352.0,4.0,17.0,0.0,0.0,3.0,3.0,2.0,381.0,62,22,
RE1,KT3A,RE1KT3A,TOSHIBA,91900020,230/121/22,200,2006.0,2024-02-11,2024-03-18,8086,34700,2873.0,274.0,11.0,12.0,0.0,0.0,0.0,0.0,0.0,297.0,59,10,
RE1,KT4A,RE1KT4A,TOSHIBA,91900021,230/121/22,200,2006.0,2019-03-09,2019-04-27,10794,36627,2775.0,230.0,21.0,0.0,0.0,0.0,6.0,0.0,0.0,257.0,62,22,-
RE1,KT4A,RE1KT4A,TOSHIBA,91900021,230/121/22,200,2006.0,2019-09-01,2019-09-28,21161,53604,3141.0,249.0,35.0,7.0,0.0,0.0,10.0,0.0,5.0,306.0,49,15,-
RE1,KT4A,RE1KT4A,TOSHIBA,91900021,230/121/22,200,2006.0,2020-03-09,2020-03-27,9607,52025,3286.0,260.0,10.0,22.0,0.0,0.0,5.0,0.0,3.0,300.0,52,31,
RE1,KT4A,RE1KT4A,TOSHIBA,91900021,230/121/22,200,2006.0,2020-07-14,2020-08-22,13687,46281,2165.0,161.0,14.0,7.0,0.0,1.0,0.0,2.0,2.0,187.0,51,30,
RE1,KT4A,RE1KT4A,TOSHIBA,91900021,230/121/22,200,2006.0,2021-01-23,2021-04-23,28580,59923,3198.0,250.0,42.0,7.0,0.0,1.0,3.0,3.0,3.0,309.0,48,20,
RE1,KT4A,RE1KT4A,TOSHIBA,91900021,230/121/22,200,2006.0,2021-09-04,2021-11-06,9345,40725,2440.0,279.0,7.0,0.0,0.0,0.0,9.0,0.0,0.0,295.0,55,15,
RE1,KT4A,RE1KT4A,TOSHIBA,91900021,230/121/22,200,2006.0,2021-09-09,2021-11-06,6383,31738,2860.0,237.0,17.0,0.0,0.0,0.0,11.0,0.0,0.0,265.0,51,12,
RE1,KT4A,RE1KT4A,TOSHIBA,91900021,230/121/22,200,2006.0,2022-02-13,2022-03-28,11403,39877,2262.0,193.0,16.0,0.0,0.0,0.0,9.0,0.0,0.0,218.0,42,20,
RE1,KT4A,RE1KT4A,TOSHIBA,91900021,230/121/22,200,2006.0,2022-07-29,2022-08-19,2183,44742,2425.0,251.0,5.0,10.0,0.0,0.0,4.0,3.0,3.0,276.0,54,23,
RE1,KT4A,RE1KT4A,TOSHIBA,91900021,230/121/22,200,2006.0,2023-02-12,2023-03-07,7654,31524,2977.0,289.0,18.0,11.0,0.0,1.0,7.0,0.0,3.0,329.0,55,13,
RE1,KT4A,RE1KT4A,TOSHIBA,91900021,230/121/22,200,2006.0,2023-08-07,2023-09-07,12580,29400,3750.0,298.0,9.0,16.0,0.0,0.0,3.0,1.0,2.0,329.0,60,16,
RE1,KT4A,RE1KT4A,TOSHIBA,91900021,230/121/22,200,2006.0,2024-02-11,2024-03-19,11226,36146,2679.0,227.0,11.0,9.0,0.0,0.0,11.0,0.0,15.0,273.0,57,10,
RE2,SR1A,RE2SR1A,HFMJAEPS,J1E96539T001-1,525/550,110,,2023-02-12,2023-03-09,9089,15570,233.0,51.0,23.0,1.0,0.0,0.0,0.0,0.0,0.0,75.0,33,12,
RE2,SR1A,RE2SR1A,HFMJAEPS,J1E96539T001-1,525/550,110,,2023-08-06,2023-09-07,12500,12870,539.0,81.0,20.0,1.0,0.0,0.0,1.0,0.0,0.0,103.0,35,9,
RE2,SR1A,RE2SR1A,HFMJAEPS,J1E96539T001-1,525/550,110,,2024-02-11,2024-03-20,12779,28665,1568.0,157.0,5.0,5.0,0.0,2.0,1.0,1.0,2.0,173.0,65,14,
RE2,SR1B,RE2SR1B,HFMJAEPS,J1E96539T002-1,33/110,60.5,,2023-02-12,2023-03-09,10480,17183,279.0,77.0,32.0,1.0,0.0,0.0,0.0,0.0,0.0,110.0,33,12,
RE2,SR1B,RE2SR1B,HFMJAEPS,J1E96539T002-1,33/110,60.5,,2024-02-11,2024-03-18,12398,25986,731.0,144.0,17.0,3.0,0.0,1.0,1.0,2.0,1.0,169.0,41,16,
RE2,SR3B,RE2SR3B,HFMJAEPS,J1E96539T002-2,33/110,60.5,,2023-02-12,2023-03-10,15132,31982,329.0,91.0,47.0,29.0,0.0,0.0,2.0,0.0,4.0,173.0,33,15,
RE2,SR3B,RE2SR3B,HFMJAEPS,J1E96539T002-2,33/110,60.5,,2024-02-11,2024-03-18,12211,25275,750.0,168.0,21.0,3.0,0.0,1.0,1.0,1.0,1.0,196.0,42,17,
RN,KT1A,RNKT1A,VOLTA WERKE,60538001,115/33/11,25,1993.0,2019-03-30,2019-08-26,12040,40454,1260.0,224.0,9.0,5.0,0.0,4.0,3.0,2.0,3.0,250.0,42,26,-
RN,KT1A,RNKT1A,VOLTA WERKE,60538001,115/33/11,25,1993.0,2019-11-23,2019-12-26,26980,65090,749.0,51.0,30.0,4.0,0.0,0.0,0.0,0.0,0.0,85.0,36,19,-
RN,KT1A,RNKT1A,VOLTA WERKE,60538001,115/33/11,25,1993.0,2020-11-07,2020-11-28,11012,64293,956.0,162.0,49.0,27.0,0.0,6.0,6.0,6.0,3.0,259.0,53,33,
RN,KT1A,RNKT1A,VOLTA WERKE,60538001,115/33/11,25,1993.0,2021-08-02,2021-08-15,15092,63461,1116.0,209.0,43.0,17.0,0.0,10.0,5.0,3.0,3.0,890.0,35,24,Single line to ground fault 24//07/50
RN,KT1A,RNKT1A,VOLTA WERKE,60538001,115/33/11,25,1993.0,2021-10-31,2021-11-22,7150,24840,1024.0,162.0,9.0,1.0,0.0,8.0,0.0,1.0,0.0,181.0,50,12,
RN,KT1A,RNKT1A,VOLTA WERKE,60538001,115/33/11,25,1993.0,2022-11-17,2023-01-13,10620,60450,2127.0,238.0,34.0,3.0,0.0,2.0,1.0,3.0,1.0,282.0,49,25,
RN,KT1A,RNKT1A,VOLTA WERKE,60538001,115/33/11,25,1993.0,2023-11-25,2024-01-06,12787,59398,2505.0,498.0,34.0,2.0,0.0,5.0,4.0,4.0,5.0,552.0,0,0,
RN,KT2A,RNKT2A,VOLTA WERKE,60494001,115/33/11,25,1993.0,2019-11-23,2019-12-22,6420,49320,1771.0,192.0,51.0,108.0,0.0,3.0,169.0,0.0,99.0,622.0,45,13,-
RN,KT2A,RNKT2A,VOLTA WERKE,60494001,115/33/11,25,1993.0,2020-11-07,2020-11-27,5559,51138,1461.0,164.0,38.0,78.0,0.0,5.0,115.0,14.0,82.0,496.0,38,17,
RN,KT2A,RNKT2A,VOLTA WERKE,60494001,115/33/11,25,1993.0,2021-10-31,2021-11-22,5313,39771,1139.0,151.0,45.0,81.0,0.0,13.0,154.0,0.0,44.0,488.0,35,11,
RN,KT2A,RNKT2A,VOLTA WERKE,60494001,115/33/11,25,1993.0,2022-11-17,2023-01-12,11270,66800,1948.0,115.0,13.0,57.0,0.0,5.0,102.0,15.0,79.0,386.0,32,23,
RN,KT2A,RNKT2A,VOLTA WERKE,60494001,115/33/11,25,1993.0,2023-11-25,2024-01-26,11958,56630,1653.0,182.0,22.0,90.0,0.0,18.0,137.0,16.0,77.0,542.0,28,23,
RPB,KT1A,RPBKT1A,MITSUBISHI,9374740101,230/121/33,200,2007.0,2019-05-30,2019-05-27,5709,46031,2387.0,90.0,38.0,27.0,0.0,0.0,83.0,0.0,46.0,284.0,50,20,-
RPB,KT1A,RPBKT1A,MITSUBISHI,9374740101,230/121/33,200,2007.0,2019-11-18,2019-12-22,6740,55290,3127.0,117.0,42.0,41.0,0.0,0.0,107.0,0.0,80.0,387.0,55,17,-
RPB,KT1A,RPBKT1A,MITSUBISHI,9374740101,230/121/33,200,2007.0,2020-05-10,2020-05-31,6851,54187,1175.0,64.0,40.0,40.0,0.0,0.0,100.0,63.0,80.0,387.0,50,8,
RPB,KT1A,RPBKT1A,MITSUBISHI,9374740101,230/121/33,200,2007.0,2020-11-02,2020-11-27,5851,64595,1232.0,68.0,40.0,30.0,0.0,12.0,110.0,29.0,68.0,357.0,53,14,
RPB,KT1A,RPBKT1A,MITSUBISHI,9374740101,230/121/33,200,2007.0,2021-05-04,2021-07-23,34246,61920,1283.0,68.0,7.0,0.0,0.0,0.0,50.0,0.0,6.0,131.0,59,18,
RPB,KT1A,RPBKT1A,MITSUBISHI,9374740101,230/121/33,200,2007.0,2021-11-07,2021-11-23,5670,40250,2375.0,66.0,19.0,27.0,0.0,0.0,79.0,7.0,73.0,271.0,54,11,
RPB,KT1A,RPBKT1A,MITSUBISHI,9374740101,230/121/33,200,2007.0,2022-02-19,2023-01-13,3220,51540,2956.0,83.0,25.0,33.0,0.0,0.0,84.0,5.0,62.0,292.0,55,6,
RPB,KT1A,RPBKT1A,MITSUBISHI,9374740101,230/121/33,200,2007.0,2022-04-10,2022-04-23,5492,61294,2499.0,61.0,42.0,27.0,0.0,11.0,81.0,5.0,65.0,292.0,55,16,
RPB,KT1A,RPBKT1A,MITSUBISHI,9374740101,230/121/33,200,2007.0,2022-04-28,2022-05-15,5392,45226,3064.0,86.0,26.0,22.0,0.0,2.0,92.0,0.0,30.0,258.0,53,15,
RPB,KT1A,RPBKT1A,MITSUBISHI,9374740101,230/121/33,200,2007.0,2023-05-05,2023-05-18,20450,61160,2751.0,82.0,23.0,18.0,0.0,0.0,59.0,0.0,61.0,243.0,46,6,
RPB,KT1A,RPBKT1A,MITSUBISHI,9374740101,230/121/33,200,2007.0,2023-11-27,2024-01-25,8708,59660,3730.0,114.0,34.0,35.0,0.0,1.0,110.0,0.0,57.0,351.0,64,15,
RPB,KT2A,RPBKT2A,MEIDENSHA,5G8292T1,115/33,25,1994.0,2020-11-02,2020-11-28,7476,33368,270.0,23.0,27.0,8.0,0.0,0.0,8.0,0.0,4.0,70.0,54,11,
RPB,KT2A,RPBKT2A,MEIDENSHA,5G8292T1,115/33,25,1994.0,2020-12-21,2020-12-25,7862,38327,124.0,5.0,0.0,0.0,0.0,0.0,0.0,0.0,0.0,5.0,,28,ทดสอบก่อนนำเข้าใช้งาน ย้ายมาจาก สฟ.แม่เมาะ 3 KT2A
RPB,KT2A,RPBKT2A,MEIDENSHA,5G8292T1,115/33,25,1994.0,2021-11-07,2021-11-22,4280,15990,1574.0,51.0,8.0,9.0,0.0,0.0,10.0,2.0,7.0,87.0,51,10,
RPB,KT2A,RPBKT2A,MEIDENSHA,5G8292T1,115/33,25,1994.0,2022-04-10,2022-04-23,4962,28495,1301.0,51.0,29.0,8.0,0.0,8.0,10.0,2.0,6.0,114.0,55,16,
RPB,KT2A,RPBKT2A,MEIDENSHA,5G8292T1,115/33,25,1994.0,2022-12-19,2023-01-13,2330,17580,1757.0,69.0,8.0,11.0,0.0,0.0,13.0,2.0,7.0,110.0,55,11,
RPB,KT2A,RPBKT2A,MEIDENSHA,5G8292T1,115/33,25,1994.0,2023-11-27,2024-01-25,6762,24934,1894.0,95.0,18.0,11.0,0.0,3.0,18.0,2.0,9.0,156.0,55,22,
RPB,KT3A,RPBKT3A,ABB,55005,230/12/33,200,2010.0,2019-05-30,2019-07-25,6250,24870,2915.0,112.0,33.0,30.0,0.0,0.0,64.0,0.0,18.0,257.0,56,20,-
RPB,KT3A,RPBKT3A,ABB,55005,230/12/33,200,2010.0,2019-11-18,2019-12-23,10879,40415,2899.0,167.0,21.0,33.0,0.0,0.0,0.0,0.0,34.0,255.0,48,14,-
RPB,KT3A,RPBKT3A,ABB,55005,230/12/33,200,2010.0,2020-05-10,2020-05-31,9215,38457,1451.0,83.0,19.0,45.0,0.0,0.0,79.0,10.0,57.0,293.0,52,24,
RPB,KT3A,RPBKT3A,ABB,55005,230/12/33,200,2010.0,2020-07-06,2020-07-19,11705,61328,469.0,42.0,21.0,27.0,0.0,2.0,59.0,0.0,32.0,183.0,53,14,
RPB,KT3A,RPBKT3A,ABB,55005,230/12/33,200,2010.0,2020-11-02,2020-11-29,12554,47093,527.0,48.0,19.0,18.0,0.0,0.0,68.0,0.0,37.0,190.0,55,11,
RPB,KT3A,RPBKT3A,ABB,55005,230/12/33,200,2010.0,2021-05-04,2021-07-24,10009,20300,994.0,22.0,12.0,0.0,0.0,0.0,20.0,0.0,0.0,54.0,62,18,
RPB,KT3A,RPBKT3A,ABB,55005,230/12/33,200,2010.0,2021-11-07,2021-11-22,8925,17138,1285.0,23.0,10.0,0.0,0.0,0.0,30.0,0.0,3.0,66.0,53,9,
RPB,KT3A,RPBKT3A,ABB,55005,230/12/33,200,2010.0,2022-04-10,2022-04-23,3746,23338,1706.0,29.0,16.0,12.0,0.0,12.0,31.0,1.0,27.0,128.0,59,14,
RPB,KT3A,RPBKT3A,ABB,55005,230/12/33,200,2010.0,2022-04-28,2022-05-15,3809,13477,1817.0,34.0,15.0,8.0,0.0,2.0,31.0,0.0,2.0,92.0,60,8,
RPB,KT3A,RPBKT3A,ABB,55005,230/12/33,200,2010.0,2022-12-19,2023-01-08,24514,57683,1920.0,53.0,32.0,9.0,0.0,1.0,28.0,0.0,11.0,134.0,58,10,
RPB,KT3A,RPBKT3A,ABB,55005,230/12/33,200,2010.0,2023-05-05,2023-05-18,18670,46760,1889.0,52.0,7.0,11.0,0.0,0.0,27.0,2.0,25.0,124.0,52,17,
RPB,KT3A,RPBKT3A,ABB,55005,230/12/33,200,2010.0,2023-11-27,2024-01-26,13691,40521,2634.0,90.0,68.0,18.0,0.0,6.0,49.0,7.0,37.0,275.0,65,22,
RPB,KT4A,RPBKT4A,FUJI,AG69095T312,115/33/11,25,1997.0,2020-11-02,2020-11-27,5489,31435,1891.0,132.0,22.0,9.0,0.0,8.0,157.0,0.0,62.0,390.0,54,20,
RPB,KT4A,RPBKT4A,FUJI,AG69095T312,115/33/11,25,1997.0,2021-11-07,2021-11-22,1580,15460,1284.0,50.0,6.0,12.0,0.0,0.0,23.0,3.0,12.0,106.0,46,12,
RPB,KT4A,RPBKT4A,FUJI,AG69095T312,115/33/11,25,1997.0,2022-04-10,2022-04-23,6364,33718,1112.0,41.0,12.0,10.0,0.0,0.0,25.0,0.0,14.0,102.0,50,20,
RPB,KT4A,RPBKT4A,FUJI,AG69095T312,115/33/11,25,1997.0,2022-12-19,2023-01-13,9438,29081,1008.0,69.0,23.0,16.0,0.0,2.0,45.0,2.0,26.0,183.0,47,12,
RPB,KT4A,RPBKT4A,FUJI,AG69095T312,115/33/11,25,1997.0,2023-11-27,2024-01-25,9442,32613,1169.0,71.0,16.0,17.0,0.0,3.0,47.0,3.0,23.0,180.0,49,18,
RPS,KT1A,RPSKT1A,TRAFO UNION,N408036,230,300,2009.0,2019-05-18,2019-05-24,8512,42218,2569.0,345.0,19.0,6.0,0.0,0.0,9.0,0.0,0.0,379.0,48,23,-
RPS,KT1A,RPSKT1A,TRAFO UNION,N408036,230,300,2009.0,2019-11-01,2019-11-08,5547,36240,2928.0,388.0,22.0,13.0,0.0,0.0,8.0,0.0,0.0,431.0,54,10,-
RPS,KT1A,RPSKT1A,TRAFO UNION,N408036,230,300,2009.0,2020-05-26,2020-06-01,6828,29108,2653.0,355.0,22.0,0.0,0.0,0.0,7.0,0.0,0.0,384.0,60,9,
RPS,KT1A,RPSKT1A,TRAFO UNION,N408036,230,300,2009.0,2020-11-23,2020-11-29,8438,38519,3069.0,400.0,14.0,0.0,0.0,0.0,3.0,0.0,8.0,425.0,58,6,
RPS,KT1A,RPSKT1A,TRAFO UNION,N408036,230,300,2009.0,2021-05-21,2021-07-12,8391,30766,5024.0,371.0,15.0,82.0,0.0,22.0,92.0,0.0,22.0,604.0,62,14,
RPS,KT1A,RPSKT1A,TRAFO UNION,N408036,230,300,2009.0,2021-11-23,2021-12-10,5844,43466,4559.0,445.0,27.0,16.0,0.0,0.0,3.0,0.0,10.0,501.0,48,18,
RPS,KT1A,RPSKT1A,TRAFO UNION,N408036,230,300,2009.0,2022-05-30,2022-06-04,7060,46692,4435.0,523.0,13.0,11.0,0.0,0.0,3.0,5.0,8.0,563.0,56,13,
RPS,KT1A,RPSKT1A,TRAFO UNION,N408036,230,300,2009.0,2022-12-12,2022-12-15,5090,34780,4681.0,510.0,12.0,21.0,0.0,0.0,3.0,17.0,9.0,572.0,60,16,
RPS,KT1A,RPSKT1A,TRAFO UNION,N408036,230,300,2009.0,2023-05-18,2023-05-29,3290,34650,5683.0,521.0,20.0,8.0,0.0,0.0,3.0,19.0,13.0,584.0,60,10,
RPS,KT1A,RPSKT1A,TRAFO UNION,N408036,230,300,2009.0,2023-11-16,2023-12-16,9238,40812,4851.0,445.0,32.0,10.0,0.0,0.0,3.0,0.0,11.0,501.0,56,9,
RPS,KT2A,RPSKT2A,SIEMENS,N422375,230,200,,2023-05-18,2023-05-29,2050,33480,5209.0,403.0,23.0,7.0,0.0,0.0,3.0,0.0,8.0,444.0,60,10,
RPS,KT2A,RPSKT2A,SIEMENS,N422375,230,200,,2023-11-16,2023-12-16,7307,39174,5329.0,573.0,40.0,9.0,0.0,1.0,3.0,0.0,6.0,632.0,60,6,
RS,KT1A,RSKT1A,TAKAOKA,8946783,230/72/11,200,2009.0,2019-05-22,2019-06-29,5705,44748,6754.0,93.0,29.0,66.0,0.0,8.0,250.0,0.0,130.0,576.0,42,17,-
RS,KT1A,RSKT1A,TAKAOKA,8946783,230/72/11,200,2009.0,2019-11-10,2019-12-15,8180,69715,4774.0,56.0,33.0,48.0,0.0,0.0,246.0,0.0,186.0,569.0,38,15,-
RS,KT1A,RSKT1A,TAKAOKA,8946783,230/72/11,200,2009.0,2020-06-02,2020-07-04,5482,50223,5753.0,79.0,34.0,61.0,0.0,5.0,247.0,0.0,147.0,573.0,34,22,
RS,KT1A,RSKT1A,TAKAOKA,8946783,230/72/11,200,2009.0,2020-11-08,2020-11-22,8668,63476,5720.0,81.0,20.0,45.0,0.0,0.0,248.0,0.0,141.0,535.0,,37,
RS,KT1A,RSKT1A,TAKAOKA,8946783,230/72/11,200,2009.0,2021-05-25,2021-07-13,5930,55840,5872.0,70.0,40.0,55.0,0.0,6.0,254.0,0.0,110.0,535.0,34,24,
RS,KT1A,RSKT1A,TAKAOKA,8946783,230/72/11,200,2009.0,2021-11-09,2021-11-19,5740,46950,6263.0,54.0,19.0,45.0,0.0,0.0,215.0,20.0,176.0,529.0,,9,
RS,KT1A,RSKT1A,TAKAOKA,8946783,230/72/11,200,2009.0,2022-06-05,2022-06-13,4332,58825,6597.0,87.0,36.0,43.0,0.0,7.0,285.0,0.0,91.0,549.0,46,16,
RS,KT1A,RSKT1A,TAKAOKA,8946783,230/72/11,200,2009.0,2022-11-27,2022-12-02,4339,52962,5661.0,89.0,40.0,63.0,0.0,7.0,277.0,116.0,133.0,725.0,40,11,
RS,KT1A,RSKT1A,TAKAOKA,8946783,230/72/11,200,2009.0,2023-05-21,2023-05-25,4228,64329,5577.0,95.0,41.0,70.0,0.0,6.0,244.0,11.0,145.0,612.0,43,14,
RS,KT1A,RSKT1A,TAKAOKA,8946783,230/72/11,200,2009.0,2023-09-09,2023-09-09,8416,68023,5225.0,86.0,27.0,58.0,0.0,20.0,268.0,19.0,115.0,593.0,43,13,มี Fault ที่ PEA ระยะทาง 1.5 ก.ม
RS,KT1A,RSKT1A,TAKAOKA,8946783,230/72/11,200,2009.0,2023-09-19,2023-09-19,3288,63635,5590.0,92.0,57.0,74.0,0.0,37.0,330.0,20.0,139.0,749.0,,13,หม้อแปลง TRIP เนื่องจาก OVERCURRENT RELAY ด้าน LV.
RS,KT1A,RSKT1A,TAKAOKA,8946783,230/72/11,200,2009.0,2023-12-09,2024-01-23,11303,69412,5193.0,91.0,42.0,59.0,0.0,4.0,308.0,12.0,151.0,667.0,45,18,
RS,KT1A,RSKT1A,TAKAOKA,8946783,230/72/11,200,2009.0,2024-06-11,2024-06-12,12567,66300,5862.0,104.0,48.0,83.0,0.0,9.0,358.0,8.0,158.0,768.0,52,13,
RS,KT2A,RSKT2A,TAKAOKA,8946785,220/69/11,200,2009.0,2019-05-22,2019-06-29,10622,37467,5043.0,136.0,13.0,36.0,0.0,3.0,110.0,0.0,61.0,359.0,53,15,-
RS,KT2A,RSKT2A,TAKAOKA,8946785,220/69/11,200,2009.0,2019-11-10,2019-12-14,5642,57132,4209.0,106.0,25.0,38.0,0.0,2.0,145.0,0.0,81.0,397.0,52,33,-
RS,KT2A,RSKT2A,TAKAOKA,8946785,220/69/11,200,2009.0,2020-11-08,2020-11-21,4235,49361,1807.0,43.0,42.0,33.0,0.0,0.0,107.0,0.0,82.0,307.0,50,11,
RS,KT2A,RSKT2A,TAKAOKA,8946785,220/69/11,200,2009.0,2021-05-25,2021-07-12,8699,36243,4995.0,118.0,28.0,34.0,0.0,0.0,123.0,0.0,91.0,394.0,58,16,
RS,KT2A,RSKT2A,TAKAOKA,8946785,220/69/11,200,2009.0,2021-11-09,2021-11-20,9507,72768,3265.0,99.0,24.0,30.0,0.0,0.0,149.0,0.0,28.0,330.0,44,9,
RS,KT2A,RSKT2A,TAKAOKA,8946785,220/69/11,200,2009.0,2022-06-05,2022-06-13,4197,77761,3748.0,92.0,24.0,27.0,0.0,0.0,147.0,0.0,49.0,339.0,51,12,
RS,KT2A,RSKT2A,TAKAOKA,8946785,220/69/11,200,2009.0,2022-11-27,2022-12-02,6316,71168,3611.0,103.0,20.0,39.0,0.0,4.0,135.0,66.0,60.0,427.0,40,12,
RS,KT2A,RSKT2A,TAKAOKA,8946785,220/69/11,200,2009.0,2023-05-21,2023-05-25,7181,72070,3953.0,109.0,18.0,41.0,0.0,4.0,132.0,6.0,80.0,390.0,53,12,
RS,KT2A,RSKT2A,TAKAOKA,8946785,220/69/11,200,2009.0,2023-09-09,2023-09-09,9369,89923,3635.0,93.0,22.0,44.0,0.0,14.0,144.0,13.0,90.0,420.0,43,12,มี Fault ที่ PEA ระยะทาง 1.5 ก.ม
RS,KT2A,RSKT2A,TAKAOKA,8946785,220/69/11,200,2009.0,2023-09-19,2023-09-19,5099,93712,3802.0,99.0,41.0,50.0,0.0,1.0,143.0,0.0,83.0,417.0,,12,หม้อแปลง TRIP เนื่องจาก OVERCURRENT RELAY ด้าน LV.
RS,KT2A,RSKT2A,TAKAOKA,8946785,220/69/11,200,2009.0,2023-12-09,2024-01-23,8128,91192,4348.0,118.0,47.0,40.0,0.0,9.0,168.0,8.0,80.0,470.0,47,15,
RS,KT2A,RSKT2A,TAKAOKA,8946785,220/69/11,200,2009.0,2024-06-11,2024-06-12,13671,86264,4430.0,143.0,32.0,53.0,0.0,5.0,199.0,9.0,87.0,528.0,54,10,
RS,KT4A,RSKT4A,FUJI,AG69005T1,230/69/11,200,2001.0,2019-05-22,2019-06-30,9913,42066,1638.0,58.0,16.0,9.0,0.0,2.0,18.0,0.0,12.0,115.0,48,10,de energize.
RS,KT4A,RSKT4A,FUJI,AG69005T1,230/69/11,200,2001.0,2019-11-10,2019-12-14,7364,32776,1250.0,80.0,20.0,21.0,0.0,2.0,26.0,0.0,17.0,166.0,33,23,-
RS,KT4A,RSKT4A,FUJI,AG69005T1,230/69/11,200,2001.0,2020-06-02,2020-07-04,6146,25787,1552.0,58.0,58.0,11.0,0.0,0.0,38.0,0.0,8.0,173.0,57,21,
RS,KT4A,RSKT4A,FUJI,AG69005T1,230/69/11,200,2001.0,2020-11-08,2020-11-21,5796,43045,796.0,29.0,82.0,14.0,0.0,0.0,28.0,0.0,21.0,174.0,34,10,
RS,KT4A,RSKT4A,FUJI,AG69005T1,230/69/11,200,2001.0,2021-05-25,2021-07-13,5636,28992,1228.0,47.0,56.0,12.0,0.0,0.0,38.0,0.0,10.0,163.0,35,12,De-energize .
RS,KT4A,RSKT4A,FUJI,AG69005T1,230/69/11,200,2001.0,2021-11-09,2021-11-20,8817,30176,1177.0,54.0,66.0,12.0,0.0,0.0,43.0,0.0,3.0,178.0,30,10,
RS,KT4A,RSKT4A,FUJI,AG69005T1,230/69/11,200,2001.0,2022-06-05,2022-06-13,5060,26155,1338.0,60.0,19.0,15.0,0.0,0.0,52.0,0.0,12.0,158.0,33,7,NO ENERGIZE
RS,KT4A,RSKT4A,FUJI,AG69005T1,230/69/11,200,2001.0,2022-11-27,2022-12-02,3210,25553,1269.0,65.0,48.0,19.0,0.0,3.0,50.0,18.0,26.0,229.0,29,9,
RS,KT4A,RSKT4A,FUJI,AG69005T1,230/69/11,200,2001.0,2023-05-21,2023-05-25,4210,34119,1030.0,47.0,43.0,10.0,0.0,4.0,46.0,2.0,26.0,178.0,35,7,NO ENERGIZE
RS,KT4A,RSKT4A,FUJI,AG69005T1,230/69/11,200,2001.0,2023-12-09,2024-01-20,8052,37785,1137.0,65.0,91.0,19.0,0.0,6.0,55.0,3.0,29.0,268.0,32,13,TX. NO-ENERGIZE
RS,KT4A,RSKT4A,FUJI,AG69005T1,230/69/11,200,2001.0,2024-06-11,2024-06-12,5787,37043,1125.0,84.0,68.0,28.0,0.0,5.0,83.0,2.0,37.0,307.0,32,5,
RS,KT5A,RSKT5A,ALSTOM,217914-01,230/121/22,300,2014.0,2019-01-04,2019-01-17,4892,14565,360.0,71.0,0.0,0.0,0.0,0.0,0.0,0.0,0.0,71.0,40,17,-
RS,KT5A,RSKT5A,ALSTOM,217914-01,230/121/22,300,2014.0,2019-05-27,2019-05-31,8172,30940,775.0,149.0,11.0,0.0,0.0,0.0,0.0,0.0,0.0,160.0,55,17,-
RS,KT5A,RSKT5A,ALSTOM,217914-01,230/121/22,300,2014.0,2019-11-10,2019-12-13,10486,29785,909.0,165.0,30.0,6.0,0.0,0.0,0.0,0.0,0.0,201.0,52,8,-
RS,KT5A,RSKT5A,ALSTOM,217914-01,230/121/22,300,2014.0,2020-06-02,2020-07-03,8635,22328,1037.0,205.0,22.0,0.0,0.0,0.0,7.0,0.0,0.0,234.0,50,11,
RS,KT5A,RSKT5A,ALSTOM,217914-01,230/121/22,300,2014.0,2020-11-08,2020-11-21,13952,41824,526.0,79.0,33.0,2.0,0.0,0.0,1.0,0.0,1.0,116.0,60,14,
RS,KT5A,RSKT5A,ALSTOM,217914-01,230/121/22,300,2014.0,2021-05-25,2021-07-12,16343,57087,1076.0,171.0,25.0,1.0,0.0,0.0,0.0,0.0,0.0,197.0,54,8,
RS,KT5A,RSKT5A,ALSTOM,217914-01,230/121/22,300,2014.0,2021-11-09,2021-11-20,6501,22121,1349.0,285.0,23.0,0.0,0.0,0.0,6.0,0.0,0.0,314.0,50,8,
RS,KT5A,RSKT5A,ALSTOM,217914-01,230/121/22,300,2014.0,2022-06-05,2022-06-13,7720,36850,1309.0,283.0,19.0,4.0,0.0,13.0,3.0,2.0,2.0,326.0,54,10,
RS,KT5A,RSKT5A,ALSTOM,217914-01,230/121/22,300,2014.0,2022-11-27,2022-12-02,6966,31068,1713.0,426.0,27.0,8.0,0.0,2.0,3.0,0.0,0.0,466.0,48,8,
RS,KT5A,RSKT5A,ALSTOM,217914-01,230/121/22,300,2014.0,2023-05-21,2023-05-25,3736,21853,1617.0,488.0,29.0,7.0,0.0,3.0,5.0,2.0,3.0,537.0,52,6,
RS,KT5A,RSKT5A,ALSTOM,217914-01,230/121/22,300,2014.0,2023-12-09,2024-01-23,10208,30504,1877.0,414.0,29.0,0.0,0.0,3.0,4.0,2.0,4.0,456.0,46,12,
RS,KT5A,RSKT5A,ALSTOM,217914-01,230/121/22,300,2014.0,2024-06-11,2024-06-12,5833,22548,1363.0,538.0,23.0,14.0,0.0,4.0,7.0,2.0,10.0,598.0,50,6,
RS,KT6A,RSKT6A,SCHORCH,275050239601,230/115,300,2013.0,2019-05-22,2019-06-30,9125,42983,3824.0,586.0,24.0,7.0,0.0,1.0,1.0,2.0,5.0,626.0,66,12,-
RS,KT6A,RSKT6A,SCHORCH,275050239601,230/115,300,2013.0,2019-11-10,2019-12-15,12640,53729,4222.0,566.0,29.0,7.0,0.0,0.0,0.0,38.0,0.0,640.0,70,9,-
RS,KT6A,RSKT6A,SCHORCH,275050239601,230/115,300,2013.0,2020-06-02,2020-07-03,6536,38733,4941.0,878.0,32.0,0.0,0.0,0.0,13.0,0.0,0.0,923.0,68,10,
RS,KT6A,RSKT6A,SCHORCH,275050239601,230/115,300,2013.0,2020-11-08,2020-11-21,7296,60481,2498.0,288.0,38.0,6.0,0.0,0.0,2.0,0.0,10.0,344.0,64,16,
RS,KT6A,RSKT6A,SCHORCH,275050239601,230/115,300,2013.0,2021-05-25,2021-07-12,6554,20397,2664.0,348.0,24.0,3.0,0.0,0.0,0.0,0.0,0.0,375.0,70,6,
RS,KT6A,RSKT6A,SCHORCH,275050239601,230/115,300,2013.0,2021-11-09,2021-11-20,7321,39071,6238.0,623.0,26.0,15.0,0.0,0.0,17.0,0.0,1.0,682.0,74,10,
RS,KT6A,RSKT6A,SCHORCH,275050239601,230/115,300,2013.0,2022-06-05,2022-06-13,5080,56170,6052.0,578.0,50.0,12.0,0.0,24.0,18.0,21.0,7.0,710.0,70,15,
RS,KT6A,RSKT6A,SCHORCH,275050239601,230/115,300,2013.0,2022-11-27,2022-12-02,5652,39343,6885.0,707.0,40.0,14.0,0.0,2.0,1.0,14.0,9.0,787.0,62,7,
RS,KT6A,RSKT6A,SCHORCH,275050239601,230/115,300,2013.0,2023-05-21,2023-05-25,4353,39814,6635.0,744.0,42.0,13.0,0.0,3.0,6.0,4.0,18.0,830.0,68,11,
RS,KT6A,RSKT6A,SCHORCH,275050239601,230/115,300,2013.0,2023-12-09,2024-01-13,11841,41878,7403.0,710.0,45.0,17.0,0.0,6.0,9.0,4.0,18.0,809.0,64,16,
RS,KT6A,RSKT6A,SCHORCH,275050239601,230/115,300,2013.0,2024-06-11,2024-06-12,4876,43495,6374.0,907.0,41.0,20.0,0.0,4.0,7.0,4.0,18.0,1001.0,0,0,
RS,KT7A,RSKT7A,TAKAOKA,8946784,230/72/11,200,2003.0,2019-05-22,2019-06-29,7891,38596,4853.0,520.0,40.0,14.0,0.0,0.0,10.0,0.0,0.0,584.0,54,14,-
RS,KT7A,RSKT7A,TAKAOKA,8946784,230/72/11,200,2003.0,2019-11-10,2019-12-14,9092,54894,4633.0,440.0,34.0,12.0,0.0,0.0,4.0,2.0,7.0,499.0,53,29,-
RS,KT7A,RSKT7A,TAKAOKA,8946784,230/72/11,200,2003.0,2020-06-02,2020-07-04,7108,43734,4435.0,509.0,32.0,11.0,0.0,0.0,6.0,0.0,0.0,558.0,52,21,
RS,KT7A,RSKT7A,TAKAOKA,8946784,230/72/11,200,2003.0,2020-11-08,2020-11-21,7592,52146,2019.0,197.0,42.0,8.0,0.0,0.0,3.0,0.0,6.0,256.0,50,9,
RS,KT7A,RSKT7A,TAKAOKA,8946784,230/72/11,200,2003.0,2021-05-25,2021-07-18,12219,60731,3475.0,329.0,16.0,0.0,0.0,0.0,0.0,0.0,0.0,345.0,36,8,De-energize .
RS,KT7A,RSKT7A,TAKAOKA,8946784,230/72/11,200,2003.0,2021-11-09,2021-11-19,8090,46800,5152.0,429.0,22.0,8.0,0.0,0.0,3.0,34.0,7.0,503.0,32,5,NO-ENERGIZE
RS,KT7A,RSKT7A,TAKAOKA,8946784,230/72/11,200,2003.0,2022-06-05,2022-06-13,8650,76040,4191.0,364.0,46.0,8.0,0.0,17.0,4.0,7.0,4.0,450.0,35,7,"NO ENERGIZE
NO ENERGIZE"
RS,KT7A,RSKT7A,TAKAOKA,8946784,230/72/11,200,2003.0,2022-11-27,2022-12-02,8449,53614,4232.0,530.0,41.0,16.0,0.0,2.0,10.0,5.0,4.0,608.0,29,9,
RS,KT7A,RSKT7A,TAKAOKA,8946784,230/72/11,200,2003.0,2023-05-21,2023-05-25,10658,78537,4583.0,691.0,32.0,13.0,0.0,3.0,6.0,2.0,9.0,756.0,34,7,
RS,KT7A,RSKT7A,TAKAOKA,8946784,230/72/11,200,2003.0,2023-12-09,2024-01-13,13714,74955,4982.0,592.0,43.0,17.0,0.0,4.0,4.0,2.0,8.0,670.0,32,11,TX. NO-ENERGIZE
RS,KT7A,RSKT7A,TAKAOKA,8946784,230/72/11,200,2003.0,2024-06-11,2024-06-12,7924,79949,4004.0,743.0,28.0,22.0,0.0,2.0,7.0,2.0,12.0,816.0,32,6,
RS,KT8A,RSKT8A,SCHORCH,275050229801,230/121/22,300,2011.0,2019-05-22,2019-06-29,8724,39694,4495.0,780.0,33.0,6.0,0.0,0.0,5.0,0.0,0.0,824.0,64,10,-
RS,KT8A,RSKT8A,SCHORCH,275050229801,230/121/22,300,2011.0,2019-11-10,2019-12-14,9484,45486,4430.0,641.0,19.0,5.0,0.0,0.0,0.0,3.0,9.0,677.0,66,18,-
RS,KT8A,RSKT8A,SCHORCH,275050229801,230/121/22,300,2011.0,2020-06-02,2020-07-03,5512,29710,5310.0,670.0,40.0,12.0,0.0,0.0,12.0,0.0,0.0,734.0,70,13,
RS,KT8A,RSKT8A,SCHORCH,275050229801,230/121/22,300,2011.0,2020-11-08,2020-11-22,4528,48471,5492.0,903.0,23.0,8.0,0.0,0.0,8.0,0.0,13.0,955.0,63,14,
RS,KT8A,RSKT8A,SCHORCH,275050229801,230/121/22,300,2011.0,2021-05-25,2021-07-13,5644,36820,5454.0,781.0,32.0,12.0,0.0,0.0,6.0,0.0,0.0,831.0,70,21,
RS,KT8A,RSKT8A,SCHORCH,275050229801,230/121/22,300,2011.0,2021-11-09,2021-11-19,4440,39180,7840.0,783.0,21.0,10.0,0.0,0.0,7.0,50.0,18.0,889.0,65,10,
RS,KT8A,RSKT8A,SCHORCH,275050229801,230/121/22,300,2011.0,2022-06-05,2022-06-13,5450,58630,6409.0,616.0,42.0,7.0,0.0,11.0,2.0,39.0,14.0,731.0,65,12,
RS,KT8A,RSKT8A,SCHORCH,275050229801,230/121/22,300,2011.0,2022-11-27,2022-12-02,5999,39351,6423.0,808.0,35.0,14.0,0.0,1.0,4.0,18.0,17.0,897.0,60,9,
RS,KT8A,RSKT8A,SCHORCH,275050229801,230/121/22,300,2011.0,2023-05-21,2023-05-25,6753,58316,6994.0,729.0,29.0,18.0,0.0,3.0,5.0,4.0,17.0,805.0,67,8,
RS,KT8A,RSKT8A,SCHORCH,275050229801,230/121/22,300,2011.0,2023-12-09,2024-01-23,13637,52062,7166.0,953.0,35.0,20.0,0.0,4.0,11.0,3.0,21.0,1047.0,62,14,
RS,KT8A,RSKT8A,SCHORCH,275050229801,230/121/22,300,2011.0,2024-06-11,2024-06-12,6070,53110,8126.0,1318.0,44.0,23.0,0.0,12.0,12.0,4.0,22.0,1435.0,70,6,
RWPS,KT1A,RWPSKT1A,MITSUBISHI,553809,115/22,12.5,1984.0,2021-12-15,2022-01-08,3312,54693,502.0,20.0,19.0,5.0,0.0,2.0,25.0,3.0,14.0,88.0,46,,
RY1,KT1A,RY1KT1A,EKARAT,EDP011301,115/22,50,2014.0,2020-03-22,2020-04-10,8140,66340,1660.0,641.0,56.0,8.0,0.0,0.0,3.0,0.0,6.0,714.0,52,7,
RY1,KT1A,RY1KT1A,EKARAT,EDP011301,115/22,50,2014.0,2022-03-17,2022-03-31,8034,81662,1729.0,658.0,23.0,7.0,0.0,0.0,2.0,0.0,6.0,696.0,53,15,
RY1,KT1A,RY1KT1A,EKARAT,EDP011301,115/22,50,2014.0,2022-09-16,2022-09-22,7440,70680,2735.0,606.0,4.0,12.0,0.0,6.0,1.0,7.0,6.0,642.0,46,6,
RY1,KT1A,RY1KT1A,EKARAT,EDP011301,115/22,50,2014.0,2023-05-13,2023-05-21,7924,58992,2572.0,641.0,8.0,23.0,0.0,3.0,3.0,2.0,1.0,681.0,54,7,
RY1,KT1A,RY1KT1A,EKARAT,EDP011301,115/22,50,2014.0,2024-04-19,2024-04-24,11410,48140,5440.0,757.0,10.0,32.0,0.0,8.0,6.0,202.0,14.0,1029.0,55,10,
RY1,KT2A,RY1KT2A,MEIDEN,8P9096T1,115/22,50,2004.0,2020-03-21,2020-04-10,7610,32950,1474.0,162.0,52.0,54.0,0.0,0.0,72.0,36.0,52.0,428.0,68,10,
RY1,KT2A,RY1KT2A,MEIDEN,8P9096T1,115/22,50,2004.0,2022-03-17,2022-04-01,13922,64002,1571.0,165.0,4.0,32.0,0.0,0.0,63.0,0.0,47.0,311.0,52,17,
RY1,KT2A,RY1KT2A,MEIDEN,8P9096T1,115/22,50,2004.0,2022-09-16,2022-09-22,12996,55591,1956.0,171.0,1.0,48.0,0.0,1.0,89.0,3.0,48.0,361.0,61,8,
RY1,KT2A,RY1KT2A,MEIDEN,8P9096T1,115/22,50,2004.0,2023-05-13,2023-05-21,6604,44812,1837.0,161.0,3.0,41.0,0.0,0.0,69.0,0.0,46.0,320.0,58,8,
RY1,KT2A,RY1KT2A,MEIDEN,8P9096T1,115/22,50,2004.0,2024-04-19,2024-04-24,6840,27540,2969.0,201.0,5.0,65.0,0.0,3.0,115.0,13.0,88.0,490.0,76,5,
RY2,KT1A,RY2KT1A,FUJI,AE69025T1,230/115/22,200,1997.0,2019-03-09,2019-03-18,9633,41965,1141.0,74.0,8.0,27.0,0.0,0.0,96.0,0.0,51.0,256.0,56,19,-
RY2,KT1A,RY2KT1A,FUJI,AE69025T1,230/115/22,200,1997.0,2020-02-14,2020-03-06,5214,57142,1278.0,92.0,11.0,29.0,0.0,0.0,99.0,0.0,54.0,285.0,54,11,
RY2,KT1A,RY2KT1A,FUJI,AE69025T1,230/115/22,200,1997.0,2021-01-31,2021-03-21,6620,60000,1230.0,100.0,51.0,42.0,0.0,0.0,92.0,0.0,84.0,369.0,49,18,
RY2,KT1A,RY2KT1A,FUJI,AE69025T1,230/115/22,200,1997.0,2022-08-14,2022-09-02,3137,81621,1212.0,95.0,8.0,56.0,0.0,3.0,116.0,0.0,75.0,353.0,54,13,
RY2,KT1A,RY2KT1A,FUJI,AE69025T1,230/115/22,200,1997.0,2023-03-01,2023-03-01,2593,57806,1536.0,127.0,51.0,67.0,0.0,4.0,134.0,1.0,83.0,467.0,38,8,Sudden Pressure Trip
RY2,KT1A,RY2KT1A,FUJI,AE69025T1,230/115/22,200,1997.0,2023-03-08,2023-03-12,16423,69137,1438.0,128.0,48.0,52.0,0.0,3.0,121.0,1.0,84.0,437.0,58,7,
RY2,KT1A,RY2KT1A,FUJI,AE69025T1,230/115/22,200,1997.0,2024-04-20,2024-04-26,5712,47195,1399.0,144.0,41.0,59.0,0.0,4.0,153.0,0.0,78.0,479.0,60,9,
RY2,KT2A,RY2KT2A,MEIDEN,8N5446T3,115/22,50,2012.0,2019-03-09,2019-03-18,12011,47101,2201.0,822.0,5.0,4.0,0.0,1.0,6.0,1.0,1.0,840.0,62,15,-
RY2,KT2A,RY2KT2A,MEIDEN,8N5446T3,115/22,50,2012.0,2020-02-14,2020-03-06,14423,74958,2471.0,831.0,6.0,4.0,0.0,0.0,5.0,0.0,0.0,846.0,52,6,
RY2,KT2A,RY2KT2A,MEIDEN,8N5446T3,115/22,50,2012.0,2021-01-31,2021-03-26,17820,24052,0.0,0.0,43.0,0.0,0.0,2.0,2.0,0.0,2.0,47.0,46,18,
RY2,KT2A,RY2KT2A,MEIDEN,8N5446T3,115/22,50,2012.0,2022-08-14,2022-09-02,3956,80521,2337.0,1103.0,2.0,6.0,0.0,5.0,5.0,2.0,11.0,1134.0,51,9,
RY2,KT2A,RY2KT2A,MEIDEN,8N5446T3,115/22,50,2012.0,2023-03-08,2023-03-12,29355,82731,2423.0,984.0,1.0,7.0,0.0,8.0,3.0,3.0,6.0,1012.0,50,8,
RY2,KT3A,RY2KT3A,FUJI,AX69026T2,230/115/22,200,2000.0,2019-03-09,2019-03-18,8526,37455,2155.0,82.0,5.0,16.0,0.0,0.0,36.0,0.0,0.0,139.0,62,20,-
RY2,KT3A,RY2KT3A,FUJI,AX69026T2,230/115/22,200,2000.0,2020-02-14,2020-03-06,5038,39052,2281.0,95.0,13.0,14.0,0.0,0.0,46.0,0.0,13.0,181.0,61,11,
RY2,KT3A,RY2KT3A,FUJI,AX69026T2,230/115/22,200,2000.0,2021-01-31,2021-03-21,10410,52310,2300.0,100.0,29.0,16.0,0.0,0.0,39.0,12.0,28.0,224.0,50,9,
RY2,KT3A,RY2KT3A,FUJI,AX69026T2,230/115/22,200,2000.0,2022-04-08,2022-04-10,4047,29267,2128.0,91.0,23.0,29.0,0.0,1.0,71.0,0.0,20.0,235.0,56,10,
RY2,KT3A,RY2KT3A,FUJI,AX69026T2,230/115/22,200,2000.0,2022-08-14,2022-09-02,2145,45445,2015.0,92.0,8.0,45.0,0.0,0.0,80.0,0.0,39.0,264.0,55,10,
RY2,KT3A,RY2KT3A,FUJI,AX69026T2,230/115/22,200,2000.0,2023-02-17,2023-02-25,5709,33756,2075.0,95.0,21.0,37.0,0.0,0.0,84.0,0.0,34.0,271.0,58,9,
RY2,KT3A,RY2KT3A,FUJI,AX69026T2,230/115/22,200,2000.0,2024-04-20,2024-04-26,7262,29731,2021.0,71.0,21.0,32.0,0.0,3.0,93.0,0.0,34.0,254.0,60,8,
RY2,KT4A,RY2KT4A,FUJI,AQ69007T1,230/115/22,200,2006.0,2019-03-09,2019-03-18,6886,37764,1924.0,99.0,14.0,37.0,0.0,4.0,206.0,0.0,111.0,471.0,59,13,-
RY2,KT4A,RY2KT4A,FUJI,AQ69007T1,230/115/22,200,2006.0,2020-02-14,2020-03-06,10387,68225,1840.0,104.0,27.0,41.0,0.0,4.0,197.0,0.0,93.0,466.0,56,13,
RY2,KT4A,RY2KT4A,FUJI,AQ69007T1,230/115/22,200,2006.0,2021-01-31,2021-03-26,8350,22986,0.0,36.0,38.0,53.0,0.0,2.0,248.0,263.0,188.0,828.0,48,12,
RY2,KT4A,RY2KT4A,FUJI,AQ69007T1,230/115/22,200,2006.0,2022-04-08,2022-04-10,4633,71077,1640.0,95.0,29.0,21.0,0.0,5.0,287.0,0.0,102.0,539.0,53,15,
RY2,KT4A,RY2KT4A,FUJI,AQ69007T1,230/115/22,200,2006.0,2022-08-14,2022-09-02,2483,89128,1460.0,97.0,7.0,72.0,0.0,5.0,325.0,0.0,240.0,746.0,50,9,
RY2,KT4A,RY2KT4A,FUJI,AQ69007T1,230/115/22,200,2006.0,2023-02-17,2023-02-25,4972,76144,1673.0,101.0,21.0,68.0,0.0,4.0,321.0,0.0,172.0,687.0,53,7,
RY2,KT4A,RY2KT4A,FUJI,AQ69007T1,230/115/22,200,2006.0,2024-04-20,2024-04-26,4039,63701,1622.0,100.0,28.0,68.0,0.0,6.0,384.0,0.0,201.0,787.0,55,6,
RY2,KT5A,RY2KT5A,ABB,508031,230/12/22,200,2023.0,2023-07-17,2023-07-22,9993,21754,84.0,8.0,8.0,0.0,0.0,0.0,0.0,0.0,0.0,16.0,30,6,
RY2,KT5A,RY2KT5A,ABB,508031,230/12/22,200,2023.0,2024-04-20,2024-04-26,6589,15000,708.0,115.0,22.0,16.0,0.0,22.0,2.0,0.0,0.0,177.0,60,9,
RY2,KT6A,RY2KT6A,MITSUBISHI,9374750101,230/115/22,200,2007.0,2019-03-09,2019-03-18,5431,35057,3635.0,106.0,13.0,18.0,0.0,0.0,73.0,0.0,38.0,248.0,55,15,-
RY2,KT6A,RY2KT6A,MITSUBISHI,9374750101,230/115/22,200,2007.0,2020-02-14,2020-03-06,7663,45421,2418.0,72.0,21.0,14.0,0.0,0.0,56.0,0.0,41.0,204.0,49,9,
RY2,KT6A,RY2KT6A,MITSUBISHI,9374750101,230/115/22,200,2007.0,2021-01-31,2021-03-26,5130,51340,2500.0,70.0,30.0,15.0,0.0,0.0,74.0,0.0,56.0,245.0,44,18,
RY2,KT6A,RY2KT6A,MITSUBISHI,9374750101,230/115/22,200,2007.0,2022-08-14,2022-09-02,2309,43361,3441.0,107.0,6.0,40.0,0.0,0.0,91.0,0.0,51.0,295.0,54,13,
RY2,KT6A,RY2KT6A,MITSUBISHI,9374750101,230/115/22,200,2007.0,2023-02-17,2023-02-27,34297,57907,1341.0,72.0,3.0,9.0,0.0,0.0,30.0,0.0,17.0,169.0,53,9,
RY2,KT6A,RY2KT6A,MITSUBISHI,9374750101,230/115/22,200,2007.0,2024-04-20,2024-04-26,5366,31030,4513.0,127.0,24.0,37.0,0.0,0.0,116.0,0.0,54.0,358.0,56,7,
RY3,KT1A,RY3KT1A,MEIDEN,8P9095T1,115/22,50,2006.0,2020-02-15,2019-03-09,4910,73650,776.0,82.0,45.0,83.0,0.0,1.0,266.0,17.0,155.0,649.0,56,8,
RY3,KT1A,RY3KT1A,MEIDEN,8P9095T1,115/22,50,2006.0,2021-01-30,2021-03-26,3430,56300,780.0,90.0,32.0,90.0,0.0,2.0,176.0,12.0,114.0,516.0,48,23,
RY3,KT1A,RY3KT1A,MEIDEN,8P9095T1,115/22,50,2006.0,2022-02-19,2022-03-03,11426,57311,1084.0,64.0,13.0,56.0,0.0,18.0,243.0,0.0,68.0,462.0,48,57,
RY3,KT1A,RY3KT1A,MEIDEN,8P9095T1,115/22,50,2006.0,2022-08-13,2022-09-02,2565,71912,840.0,85.0,6.0,77.0,0.0,4.0,254.0,0.0,124.0,550.0,52,14,
RY3,KT1A,RY3KT1A,MEIDEN,8P9095T1,115/22,50,2006.0,2023-04-28,2023-05-06,4206,70109,950.0,111.0,26.0,82.0,0.0,0.0,248.0,0.0,115.0,582.0,58,10,
RY3,KT2A,RY3KT2A,TOSHIBA,890900050,115/22,50,2003.0,2020-02-15,2020-03-09,8520,65590,3030.0,457.0,80.0,19.0,0.0,0.0,6.0,10.0,14.0,586.0,58,33,
RY3,KT2A,RY3KT2A,TOSHIBA,890900050,115/22,50,2003.0,2021-01-30,2021-03-26,11610,66600,3400.0,500.0,57.0,20.0,0.0,0.0,3.0,13.0,10.0,603.0,58,82,มีหยดน้ำ
RY3,KT2A,RY3KT2A,TOSHIBA,890900050,115/22,50,2003.0,2022-02-19,2022-03-03,20132,63141,6512.0,370.0,14.0,12.0,0.0,9.0,30.0,0.0,0.0,435.0,58,61,
RY3,KT2A,RY3KT2A,TOSHIBA,890900050,115/22,50,2003.0,2022-08-13,2022-09-02,2857,63230,4913.0,375.0,5.0,19.0,0.0,4.0,6.0,16.0,12.0,437.0,64,61,
RY3,KT2A,RY3KT2A,TOSHIBA,890900050,115/22,50,2003.0,2023-04-28,2023-05-06,5678,57182,6800.0,630.0,16.0,22.0,0.0,10.0,12.0,15.0,11.0,716.0,54,17,
SA1,KT1A,SA1KT1A,TAKAOKA,9147503,230/115/22,200,2005.0,2019-10-20,2019-10-25,9725,37650,3714.0,73.0,13.0,26.0,0.0,2.0,61.0,0.0,24.0,199.0,60,24,-
SA1,KT1A,SA1KT1A,TAKAOKA,9147503,230/115/22,200,2005.0,2019-11-08,2019-11-30,14304,53067,3233.0,72.0,16.0,13.0,0.0,0.0,45.0,0.0,29.0,175.0,60,21,-
SA1,KT1A,SA1KT1A,TAKAOKA,9147503,230/115/22,200,2005.0,2020-03-20,2020-04-10,10224,47733,2191.0,47.0,4.0,125.0,0.0,1.0,36.0,0.0,19.0,232.0,,21,
SA1,KT1A,SA1KT1A,TAKAOKA,9147503,230/115/22,200,2005.0,2022-11-18,2022-12-11,10438,47654,2052.0,65.0,25.0,27.0,0.0,2.0,57.0,0.0,40.0,216.0,54,19,
SA1,KT1A,SA1KT1A,TAKAOKA,9147503,230/115/22,200,2005.0,2023-05-25,2023-06-09,10682,35281,2390.0,120.0,13.0,23.0,0.0,0.0,38.0,0.0,5.0,199.0,58,13,
SA1,KT2A,SA1KT2A,DAIHEN,5BK013201,230/121/22,200,2006.0,2019-10-20,2019-10-26,10251,42207,6870.0,256.0,54.0,83.0,0.0,5.0,151.0,0.0,64.0,613.0,62,21,-
SA1,KT2A,SA1KT2A,DAIHEN,5BK013201,230/121/22,200,2006.0,2019-11-08,2019-11-30,15900,37434,6975.0,286.0,63.0,87.0,0.0,6.0,158.0,0.0,69.0,669.0,60,14,-
SA1,KT2A,SA1KT2A,DAIHEN,5BK013201,230/121/22,200,2006.0,2020-03-20,2020-04-10,11327,48328,4945.0,118.0,32.0,218.0,1.0,5.0,146.0,0.0,68.0,588.0,,9,
SA1,KT2A,SA1KT2A,DAIHEN,5BK013201,230/121/22,200,2006.0,2020-04-17,2020-04-17,3763,31948,6921.0,174.0,79.0,73.0,2.0,8.0,150.0,0.0,17.0,503.0,,9,Trip Buchholtz relay
SA1,KT2A,SA1KT2A,DAIHEN,5BK013201,230/121/22,200,2006.0,2020-04-19,2020-04-21,3567,58919,7086.0,197.0,76.0,82.0,2.0,5.0,154.0,0.0,83.0,599.0,,9,
SA1,KT2A,SA1KT2A,DAIHEN,5BK013201,230/121/22,200,2006.0,2020-05-18,2020-06-05,3215,46373,3500.0,151.0,70.0,80.0,1.0,4.0,142.0,0.0,75.0,523.0,62,16,
SA1,KT2A,SA1KT2A,DAIHEN,5BK013201,230/121/22,200,2006.0,2020-10-04,2020-10-05,3758,26743,6577.0,156.0,65.0,70.0,0.0,6.0,177.0,0.0,121.0,595.0,,8,
SA1,KT2A,SA1KT2A,DAIHEN,5BK013201,230/121/22,200,2006.0,2021-03-02,2021-03-16,18618,41441,3669.0,29.0,10.0,0.0,0.0,5.0,130.0,0.0,35.0,209.0,,13,
SA1,KT2A,SA1KT2A,DAIHEN,5BK013201,230/121/22,200,2006.0,2021-05-21,2021-07-25,7570,39832,2867.0,178.0,11.0,53.0,0.0,3.0,141.0,0.0,44.0,430.0,65,24,
SA1,KT2A,SA1KT2A,DAIHEN,5BK013201,230/121/22,200,2006.0,2022-05-28,2022-06-10,6150,42035,4337.0,171.0,29.0,15.0,0.0,3.0,31.0,0.0,0.0,249.0,63,12,
SA1,KT2A,SA1KT2A,DAIHEN,5BK013201,230/121/22,200,2006.0,2022-11-18,2022-12-11,4110,48454,4623.0,180.0,42.0,34.0,0.0,2.0,12.0,0.0,21.0,291.0,55,9,
SA1,KT2A,SA1KT2A,DAIHEN,5BK013201,230/121/22,200,2006.0,2023-05-25,2023-06-09,5974,39096,5237.0,194.0,35.0,44.0,0.0,4.0,128.0,1.0,36.0,442.0,58,7,
SA1,KT2A,SA1KT2A,DAIHEN,5BK013201,230/121/22,200,2006.0,2023-11-23,2023-12-28,9856,51083,5618.0,204.0,53.0,38.0,0.0,5.0,61.0,0.0,34.0,395.0,50,6,
SA1,KT3A,SA1KT3A,TAKAOKA,9147504,230/121/22,200,2006.0,2019-10-20,2019-10-25,6709,55600,9836.0,69.0,37.0,45.0,0.0,5.0,140.0,0.0,77.0,373.0,56,21,-
SA1,KT3A,SA1KT3A,TAKAOKA,9147504,230/121/22,200,2006.0,2019-11-08,2019-11-30,7010,47936,9570.0,84.0,44.0,45.0,0.0,0.0,131.0,0.0,64.0,368.0,56,18,-
SA1,KT3A,SA1KT3A,TAKAOKA,9147504,230/121/22,200,2006.0,2020-03-20,2020-04-10,12582,40833,8935.0,66.0,26.0,44.0,0.0,40.0,158.0,0.0,39.0,373.0,59,15,
SA1,KT3A,SA1KT3A,TAKAOKA,9147504,230/121/22,200,2006.0,2022-04-11,2022-04-17,8075,62781,9996.0,61.0,33.0,45.0,0.0,5.0,153.0,0.0,103.0,400.0,60,16,
SA1,KT3A,SA1KT3A,TAKAOKA,9147504,230/121/22,200,2006.0,2022-11-18,2022-12-11,8529,52402,9743.0,53.0,20.0,41.0,0.0,1.0,113.0,0.0,76.0,304.0,52,20,
SA1,KT3A,SA1KT3A,TAKAOKA,9147504,230/121/22,200,2006.0,2023-04-28,2023-04-28,1982,37744,9494.0,73.0,44.0,48.0,0.0,4.0,132.0,3.0,70.0,374.0,42,8,Trip ด้วย Buchholz Relay(micro switch error)
SA1,KT3A,SA1KT3A,TAKAOKA,9147504,230/121/22,200,2006.0,2023-05-25,2023-06-09,3999,38582,9427.0,80.0,45.0,34.0,0.0,6.0,53.0,6.0,11.0,235.0,56,17,
SA1,KT4A,SA1KT4A,DAIHEN,5BK013202,230/121/22,200,2006.0,2019-10-20,2019-10-25,4873,47698,6056.0,140.0,44.0,83.0,0.0,5.0,147.0,0.0,82.0,501.0,60,17,-
SA1,KT4A,SA1KT4A,DAIHEN,5BK013202,230/121/22,200,2006.0,2019-11-08,2019-11-30,19251,48759,5391.0,115.0,27.0,64.0,0.0,6.0,145.0,0.0,71.0,428.0,56,16,-
SA1,KT4A,SA1KT4A,DAIHEN,5BK013202,230/121/22,200,2006.0,2020-03-20,2020-04-10,9419,36259,4418.0,107.0,34.0,66.0,1.0,4.0,162.0,0.0,73.0,447.0,,9,
SA1,KT4A,SA1KT4A,DAIHEN,5BK013202,230/121/22,200,2006.0,2020-04-19,2020-04-21,3468,58425,5730.0,142.0,37.0,75.0,1.0,5.0,171.0,0.0,92.0,523.0,,9,
SA1,KT4A,SA1KT4A,DAIHEN,5BK013202,230/121/22,200,2006.0,2020-05-18,2020-06-05,4988,35280,4793.0,122.0,39.0,71.0,0.0,6.0,151.0,0.0,125.0,514.0,55,14,
SA1,KT4A,SA1KT4A,DAIHEN,5BK013202,230/121/22,200,2006.0,2020-09-28,2020-09-28,6478,44257,4798.0,120.0,66.0,70.0,5.0,6.0,145.0,0.0,80.0,459.0,80,8,
SA1,KT4A,SA1KT4A,DAIHEN,5BK013202,230/121/22,200,2006.0,2020-09-29,2020-09-29,7745,41773,4752.0,118.0,56.0,66.0,4.0,5.0,163.0,0.0,79.0,491.0,,9,เก็บครั้งที่2และทดสอบครั้งที่2
SA1,KT4A,SA1KT4A,DAIHEN,5BK013202,230/121/22,200,2006.0,2020-10-02,2020-10-02,6423,33747,5664.0,133.0,53.0,67.0,4.0,8.0,166.0,0.0,109.0,540.0,42,12,หลังจ่าย No Load ประมาณ 2 วัน
SA1,KT4A,SA1KT4A,DAIHEN,5BK013202,230/121/22,200,2006.0,2020-10-04,2020-10-05,4822,29054,5230.0,122.0,52.0,73.0,3.0,6.0,167.0,0.0,91.0,514.0,56,4,หลังจ่าย Load ประมาณ2วัน
SA1,KT4A,SA1KT4A,DAIHEN,5BK013202,230/121/22,200,2006.0,2021-05-21,2021-07-25,9852,36991,4280.0,119.0,41.0,65.0,0.0,5.0,157.0,0.0,45.0,432.0,68,19,
SA1,KT4A,SA1KT4A,DAIHEN,5BK013202,230/121/22,200,2006.0,2022-05-08,2022-06-11,5465,46598,5357.0,133.0,52.0,66.0,0.0,8.0,233.0,17.0,67.0,576.0,64,10,
SA1,KT4A,SA1KT4A,DAIHEN,5BK013202,230/121/22,200,2006.0,2022-11-18,2022-12-09,5089,43361,5410.0,141.0,62.0,96.0,0.0,7.0,236.0,92.0,97.0,731.0,54,12,
SA1,KT4A,SA1KT4A,DAIHEN,5BK013202,230/121/22,200,2006.0,2023-05-25,2023-06-10,6627,60190,6292.0,167.0,38.0,117.0,0.0,9.0,269.0,4.0,95.0,699.0,56,10,
SA1,KT4A,SA1KT4A,DAIHEN,5BK013202,230/121/22,200,2006.0,2023-11-23,2023-12-28,5412,57274,6980.0,186.0,78.0,128.0,0.0,10.0,248.0,5.0,110.0,765.0,48,5,
SA1,KT5A,SA1KT5A,MEIDEN,8R8395T2,115/22,50,2007.0,2019-10-20,2019-10-25,5519,48210,3107.0,167.0,3.0,140.0,0.0,5.0,434.0,0.0,223.0,972.0,63,15,-
SA1,KT5A,SA1KT5A,MEIDEN,8R8395T2,115/22,50,2007.0,2020-11-27,2020-11-27,6017,52826,2698.0,185.0,3.0,139.0,0.0,2.0,396.0,0.0,265.0,990.0,43,5,เนื่องจากมีแมวปีน BKR. ทำให้ BKR. ด้าน Low Side ทำงาน Trip
SA1,KT5A,SA1KT5A,MEIDEN,8R8395T2,115/22,50,2007.0,2021-05-21,2021-07-25,6876,50020,2307.0,174.0,8.0,144.0,0.0,5.0,407.0,0.0,257.0,995.0,72,16,
SA1,KT5A,SA1KT5A,MEIDEN,8R8395T2,115/22,50,2007.0,2022-05-28,2022-06-10,4018,47267,2825.0,156.0,9.0,111.0,0.0,7.0,479.0,0.0,174.0,936.0,66,12,
SA1,KT5A,SA1KT5A,MEIDEN,8R8395T2,115/22,50,2007.0,2023-05-25,2023-06-09,7387,45891,2716.0,161.0,12.0,147.0,0.0,5.0,418.0,0.0,171.0,914.0,62,8,
SA1,KT7A,SA1KT7A,TOSHIBA,890900049,115/22,50,2003.0,2019-10-20,2019-10-25,10256,50200,11416.0,396.0,12.0,39.0,0.0,5.0,15.0,0.0,16.0,483.0,62,22,-
SA1,KT7A,SA1KT7A,TOSHIBA,890900049,115/22,50,2003.0,2021-02-16,2021-02-16,4076,50109,14086.0,529.0,33.0,40.0,0.0,6.0,13.0,26.0,17.0,658.0,64,12,Trip ด้วย Tx.Diff
SA1,KT7A,SA1KT7A,TOSHIBA,890900049,115/22,50,2003.0,2021-05-21,2021-07-25,16040,75572,13387.0,548.0,21.0,34.0,0.0,6.0,14.0,0.0,0.0,623.0,60,23,
SA1,KT7A,SA1KT7A,TOSHIBA,890900049,115/22,50,2003.0,2022-05-28,2022-06-10,7032,80553,11241.0,507.0,46.0,29.0,0.0,8.0,34.0,3.0,14.0,641.0,60,20,
SA1,KT7A,SA1KT7A,TOSHIBA,890900049,115/22,50,2003.0,2023-05-25,2023-06-10,10659,79345,12605.0,572.0,24.0,72.0,0.0,6.0,33.0,2.0,13.0,722.0,64,13,
SA2,KT1A,SA2KT1A,TOSHIBA,890900046,115/22,50,2003.0,2021-05-15,2021-07-11,8263,47560,5863.0,101.0,39.0,186.0,0.0,37.0,705.0,36.0,614.0,1718.0,70,36,
SA2,KT1A,SA2KT1A,TOSHIBA,890900046,115/22,50,2003.0,2022-05-27,2022-06-05,6340,73500,5297.0,55.0,20.0,128.0,0.0,54.0,523.0,73.0,438.0,1291.0,56,21,
SA2,KT1A,SA2KT1A,TOSHIBA,890900046,115/22,50,2003.0,2023-05-14,2023-06-08,4682,42416,5890.0,62.0,12.0,157.0,0.0,10.0,628.0,138.0,418.0,1425.0,66,24,
SA2,KT2A,SA2KT2A,TOSHIBA,890900047,115/22,50,2003.0,2021-05-15,2021-07-11,6407,42762,8326.0,109.0,34.0,250.0,0.0,7.0,995.0,36.0,848.0,2279.0,57,30,
SA2,KT2A,SA2KT2A,TOSHIBA,890900047,115/22,50,2003.0,2022-05-27,2022-06-05,5200,68520,2575.0,48.0,34.0,114.0,0.0,3.0,522.0,52.0,527.0,1300.0,57,20,
SA2,KT2A,SA2KT2A,TOSHIBA,890900047,115/22,50,2003.0,2023-05-14,2023-06-08,5905,54867,3224.0,82.0,34.0,192.0,0.0,13.0,700.0,171.0,290.0,1482.0,59,26,
SB,KT1A,SBKT1A,ABB,103923,230/72/22,300,2011.0,2019-06-06,2019-07-28,8802,52134,3615.0,814.0,17.0,10.0,0.0,0.0,2.0,2.0,1.0,846.0,62,20,-
SB,KT1A,SBKT1A,ABB,103923,230/72/22,300,2011.0,2019-10-26,2019-11-08,10991,56220,3629.0,831.0,20.0,7.0,0.0,0.0,2.0,0.0,2.0,862.0,54,8,-
SB,KT1A,SBKT1A,ABB,103923,230/72/22,300,2011.0,2020-05-29,2020-06-02,17435,53682,3395.0,702.0,17.0,0.0,0.0,0.0,0.0,0.0,0.0,719.0,60,18,
SB,KT1A,SBKT1A,ABB,103923,230/72/22,300,2011.0,2020-11-22,2020-12-25,12364,51265,4286.0,957.0,38.0,11.0,0.0,1.0,2.0,1.0,2.0,1012.0,60,17,
SB,KT1A,SBKT1A,ABB,103923,230/72/22,300,2011.0,2021-06-07,2021-08-16,22071,67811,4076.0,815.0,16.0,0.0,0.0,0.0,9.0,0.0,0.0,840.0,,18,
SB,KT1A,SBKT1A,ABB,103923,230/72/22,300,2011.0,2021-11-21,2021-12-10,7737,64182,5400.0,1371.0,40.0,20.0,0.0,0.0,2.0,5.0,2.0,1440.0,52,19,
SB,KT1A,SBKT1A,ABB,103923,230/72/22,300,2011.0,2022-05-25,2022-06-02,11803,58217,4928.0,1167.0,19.0,3.0,0.0,3.0,4.0,4.0,0.0,1200.0,60,12,
SB,KT1A,SBKT1A,ABB,103923,230/72/22,300,2011.0,2022-12-12,2022-12-15,10330,58550,5144.0,1227.0,14.0,7.0,0.0,1.0,2.0,48.0,2.0,1301.0,50,5,
SB,KT1A,SBKT1A,ABB,103923,230/72/22,300,2011.0,2023-07-01,2023-07-09,13843,66504,3683.0,1108.0,11.0,21.0,0.0,1.0,4.0,17.0,5.0,1167.0,0,10,
SB,KT2A,SBKT2A,ABB,103922,230/72/22,300,2011.0,2019-07-17,2019-07-20,7855,50903,4714.0,1038.0,23.0,9.0,0.0,0.0,0.0,0.0,0.0,1070.0,60,10,-
SB,KT2A,SBKT2A,ABB,103922,230/72/22,300,2011.0,2019-10-26,2019-11-08,7875,52451,4643.0,993.0,27.0,8.0,0.0,0.0,2.0,0.0,2.0,1032.0,56,12,-
SB,KT2A,SBKT2A,ABB,103922,230/72/22,300,2011.0,2020-05-29,2020-06-02,17002,52869,3726.0,769.0,18.0,0.0,0.0,0.0,0.0,0.0,0.0,787.0,58,14,
SB,KT2A,SBKT2A,ABB,103922,230/72/22,300,2011.0,2020-11-22,2020-12-25,6837,54517,4392.0,861.0,51.0,10.0,0.0,2.0,2.0,2.0,2.0,930.0,60,12,
SB,KT2A,SBKT2A,ABB,103922,230/72/22,300,2011.0,2021-06-07,2021-08-10,17382,52553,3467.0,773.0,16.0,0.0,0.0,0.0,0.0,0.0,0.0,789.0,,13,
SB,KT2A,SBKT2A,ABB,103922,230/72/22,300,2011.0,2021-11-21,2021-12-10,8504,64530,5363.0,1279.0,43.0,20.0,0.0,0.0,2.0,6.0,2.0,1352.0,,11,
SB,KT2A,SBKT2A,ABB,103922,230/72/22,300,2011.0,2022-05-23,2022-06-02,9393,58701,5175.0,1176.0,24.0,4.0,0.0,2.0,5.0,0.0,0.0,1211.0,58,14,
SB,KT2A,SBKT2A,ABB,103922,230/72/22,300,2011.0,2022-12-12,2022-12-15,10730,56190,5138.0,1198.0,15.0,7.0,0.0,1.0,3.0,67.0,2.0,1293.0,50,6,
SB,KT2A,SBKT2A,ABB,103922,230/72/22,300,2011.0,2023-07-01,2023-07-09,13856,67223,4167.0,1136.0,17.0,18.0,0.0,0.0,6.0,15.0,1.0,1193.0,55,12,
SB,KT3A,SBKT3A,SCHORCH,275050119601,230/115,300,,2019-06-06,2019-07-28,8275,47611,4073.0,597.0,19.0,13.0,0.0,1.0,5.0,2.0,4.0,641.0,60,17,-
SB,KT3A,SBKT3A,SCHORCH,275050119601,230/115,300,,2020-03-28,2020-03-29,2737,37762,4850.0,729.0,44.0,16.0,0.5,1.0,5.0,2.0,7.0,804.5,60,15,มี Fault มาจากกฟน.ด้าน Low Side.ของหม้อแปลง(24/03/49)
SB,KT3A,SBKT3A,SCHORCH,275050119601,230/115,300,,2020-04-03,2020-04-05,10344,51938,4062.0,682.0,9.0,12.0,3.0,1.0,7.0,2.0,6.0,722.0,60,6,ตามผล 7 วัน หม้อแปลงรับ Fault จาก กฟน.
SB,KT3A,SBKT3A,SCHORCH,275050119601,230/115,300,,2020-05-29,2020-06-02,12112,40750,3843.0,548.0,25.0,0.0,0.0,0.0,0.0,0.0,0.0,573.0,58,11,
SB,KT3A,SBKT3A,SCHORCH,275050119601,230/115,300,,2020-06-23,2020-05-24,2367,32467,3012.0,717.0,45.0,9.0,0.0,1.0,8.0,2.0,6.0,788.0,56,5,
SB,KT3A,SBKT3A,SCHORCH,275050119601,230/115,300,,2020-11-22,2020-12-25,14058,52720,4318.0,724.0,57.0,11.0,0.0,2.0,4.0,2.0,2.0,802.0,58,17,
SB,KT3A,SBKT3A,SCHORCH,275050119601,230/115,300,,2021-06-07,2021-08-10,7056,37734,3706.0,677.0,28.0,12.0,0.0,0.0,7.0,0.0,0.0,724.0,,18,
SB,KT3A,SBKT3A,SCHORCH,275050119601,230/115,300,,2021-11-21,2021-12-10,4978,44186,5587.0,979.0,50.0,20.0,0.0,0.0,5.0,3.0,10.0,1067.0,52,12,
SB,KT3A,SBKT3A,SCHORCH,275050119601,230/115,300,,2022-05-23,2022-06-02,7974,42275,5927.0,991.0,21.0,24.0,0.0,1.0,8.0,0.0,1.0,1046.0,60,14,
SB,KT3A,SBKT3A,SCHORCH,275050119601,230/115,300,,2022-12-12,2022-12-15,4860,42560,5575.0,936.0,24.0,9.0,0.0,0.0,4.0,33.0,11.0,1017.0,51,5,
SB,KT3A,SBKT3A,SCHORCH,275050119601,230/115,300,,2023-07-01,2023-07-09,6286,46335,4142.0,886.0,108.0,25.0,0.0,0.0,5.0,2.0,22.0,1048.0,58,11,
SB,KT4A,SBKT4A,ABB,103916,230/72.5,300,2011.0,2019-06-06,2019-07-28,9320,42035,3242.0,900.0,19.0,11.0,0.0,9.0,7.0,0.0,0.0,946.0,59,13,-
SB,KT4A,SBKT4A,ABB,103916,230/72.5,300,2011.0,2019-10-26,2019-11-08,8190,43830,3011.0,990.0,26.0,10.0,0.0,0.0,4.0,0.0,3.0,1033.0,60,8,-
SB,KT4A,SBKT4A,ABB,103916,230/72.5,300,2011.0,2020-05-29,2020-06-02,14828,52569,3725.0,943.0,22.0,0.0,0.0,0.0,0.0,0.0,0.0,965.0,60,10,
SB,KT4A,SBKT4A,ABB,103916,230/72.5,300,2011.0,2020-11-22,2020-12-25,9226,51821,3876.0,951.0,42.0,7.0,0.0,2.0,3.0,2.0,2.0,1009.0,56,14,
SB,KT4A,SBKT4A,ABB,103916,230/72.5,300,2011.0,2021-06-07,2021-08-14,18438,62690,3555.0,904.0,21.0,9.0,0.0,0.0,0.0,0.0,0.0,934.0,,10,
SB,KT4A,SBKT4A,ABB,103916,230/72.5,300,2011.0,2021-11-21,2021-12-10,7906,63965,5252.0,1530.0,38.0,18.0,0.0,0.0,4.0,7.0,3.0,1600.0,,12,
SB,KT4A,SBKT4A,ABB,103916,230/72.5,300,2011.0,2022-05-23,2022-06-02,9920,76050,5700.0,1560.0,35.0,7.0,0.0,44.0,4.0,119.0,3.0,1772.0,60,10,
SB,KT4A,SBKT4A,ABB,103916,230/72.5,300,2011.0,2022-12-12,2022-12-15,11690,62430,5652.0,1526.0,17.0,9.0,0.0,1.0,4.0,115.0,3.0,1675.0,52,6,
SB,KT4A,SBKT4A,ABB,103916,230/72.5,300,2011.0,2023-07-01,2023-07-09,13550,67097,4168.0,1311.0,19.0,33.0,0.0,2.0,4.0,12.0,6.0,1387.0,58,8,
SB,KT5A,SBKT5A,ABB,103917,230/72/11,300,2011.0,2019-02-09,2019-02-09,10652,34078,1456.0,291.0,29.0,167.0,0.0,161.0,66.0,117.0,10.0,841.0,48,5,-
SB,KT5A,SBKT5A,ABB,103917,230/72/11,300,2011.0,2019-06-06,2019-07-28,7254,39685,1700.0,326.0,28.0,163.0,2.0,161.0,79.0,101.0,8.0,868.0,56,9,-
SB,KT5A,SBKT5A,ABB,103917,230/72/11,300,2011.0,2019-09-15,2019-09-17,9846,32305,1589.0,269.0,15.0,133.0,0.0,145.0,73.0,62.0,6.0,703.0,44,10,"งูขึ้นใบมีด69kV SB-6955 phase a,b"
SB,KT5A,SBKT5A,ABB,103917,230/72/11,300,2011.0,2019-10-26,2019-11-08,13140,37160,1611.0,259.0,23.0,141.0,0.0,170.0,80.0,158.0,30.0,861.0,46,9,-
SB,KT5A,SBKT5A,ABB,103917,230/72/11,300,2011.0,2020-05-29,2020-06-02,14469,32592,1828.0,379.0,25.0,157.0,0.0,151.0,80.0,126.0,0.0,918.0,52,8,
SB,KT5A,SBKT5A,ABB,103917,230/72/11,300,2011.0,2020-11-22,2020-12-25,16562,60491,1768.0,364.0,28.0,152.0,0.0,163.0,67.0,134.0,22.0,930.0,57,18,
SB,KT5A,SBKT5A,ABB,103917,230/72/11,300,2011.0,2021-06-07,2021-08-10,20856,41618,1535.0,374.0,20.0,123.0,0.0,133.0,80.0,23.0,5.0,758.0,,20,
SB,KT5A,SBKT5A,ABB,103917,230/72/11,300,2011.0,2021-11-21,2021-12-10,10530,49833,2384.0,588.0,37.0,171.0,1.0,179.0,95.0,144.0,21.0,1236.0,52,18,
SB,KT5A,SBKT5A,ABB,103917,230/72/11,300,2011.0,2022-05-23,2022-06-02,17151,42346,2335.0,549.0,19.0,124.0,0.0,146.0,88.0,107.0,9.0,1042.0,50,10,
SB,KT5A,SBKT5A,ABB,103917,230/72/11,300,2011.0,2022-12-12,2022-12-15,13600,47400,2205.0,505.0,21.0,159.0,0.0,150.0,86.0,175.0,31.0,1127.0,45,5,
SB,KT5A,SBKT5A,ABB,103917,230/72/11,300,2011.0,2023-07-01,2023-07-09,17377,53792,2328.0,714.0,21.0,228.0,0.0,214.0,130.0,208.0,22.0,1537.0,49,8,
SB,KT5A,SBKT5A,ABB,103917,230/72/11,300,2011.0,2024-02-12,2024-02-12,10820,39440,2314.0,605.0,41.0,319.0,0.0,289.0,188.0,446.0,74.0,1962.0,0,7,
SB,KT6A,SBKT6A,SCHORCH,275050219601,230/115,300,2011.0,2019-06-06,2019-07-28,9591,40379,3084.0,524.0,36.0,11.0,0.0,0.0,5.0,2.0,4.0,582.0,62,15,-
SB,KT6A,SBKT6A,SCHORCH,275050219601,230/115,300,2011.0,2019-10-26,2019-11-08,7303,29743,3156.0,634.0,42.0,7.0,0.0,0.0,2.0,0.0,7.0,892.0,60,11,-
SB,KT6A,SBKT6A,SCHORCH,275050219601,230/115,300,2011.0,2020-05-29,2020-06-02,11210,34331,3693.0,549.0,26.0,0.0,0.0,0.0,0.0,0.0,0.0,575.0,58,12,
SB,KT6A,SBKT6A,SCHORCH,275050219601,230/115,300,2011.0,2020-06-23,2020-05-24,2067,38519,3030.0,757.0,48.0,13.0,0.0,0.0,1.0,0.0,9.0,828.0,59,5,
SB,KT6A,SBKT6A,SCHORCH,275050219601,230/115,300,2011.0,2020-11-22,2020-12-25,12027,59810,3527.0,571.0,27.0,10.0,0.0,0.0,2.0,0.0,1.0,611.0,58,21,
SB,KT6A,SBKT6A,SCHORCH,275050219601,230/115,300,2011.0,2021-06-07,2021-08-14,13220,56829,3688.0,577.0,27.0,0.0,0.0,0.0,0.0,0.0,0.0,604.0,,18,
SB,KT6A,SBKT6A,SCHORCH,275050219601,230/115,300,2011.0,2021-11-21,2021-12-10,3992,47109,4842.0,821.0,50.0,19.0,0.0,0.0,3.0,9.0,7.0,909.0,51,20,
SB,KT6A,SBKT6A,SCHORCH,275050219601,230/115,300,2011.0,2022-05-23,2022-06-02,6545,39352,4410.0,737.0,26.0,3.0,0.0,3.0,5.0,0.0,0.0,774.0,58,22,
SB,KT6A,SBKT6A,SCHORCH,275050219601,230/115,300,2011.0,2022-12-12,2022-12-15,5510,36050,4119.0,729.0,23.0,5.0,0.0,0.0,1.0,54.0,7.0,819.0,54,8,
SB,KT6A,SBKT6A,SCHORCH,275050219601,230/115,300,2011.0,2023-07-01,2023-07-09,5319,40769,4023.0,798.0,38.0,23.0,0.0,0.0,6.0,7.0,11.0,883.0,58,14,
SC,KT3A,SCKT3A,MEIDEN,8R8403T1,115/22,50,2007.0,2019-11-15,2019-11-30,4664,37438,1938.0,196.0,2.0,58.0,0.0,2.0,147.0,0.0,71.0,476.0,63,13,-
SC,KT3A,SCKT3A,MEIDEN,8R8403T1,115/22,50,2007.0,2022-05-12,2022-06-09,4132,61777,1861.0,310.0,2.0,61.0,0.0,0.0,208.0,0.0,64.0,645.0,56,14,
SC,KT3A,SCKT3A,MEIDEN,8R8403T1,115/22,50,2007.0,2022-11-18,2022-11-27,3290,53550,2026.0,314.0,2.0,95.0,0.0,2.0,175.0,40.0,134.0,762.0,54,8,
SC,KT3A,SCKT3A,MEIDEN,8R8403T1,115/22,50,2007.0,2023-06-25,2023-06-26,4411,67071,2262.0,250.0,3.0,157.0,0.0,9.0,263.0,0.0,153.0,835.0,60,7,
SC,KT3A,SCKT3A,MEIDEN,8R8403T1,115/22,50,2007.0,2024-06-07,2024-06-17,15388,71546,2319.0,255.0,4.0,144.0,0.0,8.0,271.0,13.0,173.0,868.0,62,10,
SD,KT1A,SDKT1A,EKARAT-HAIDEN,EDP011205,115/22,50,2011.0,2019-03-04,2019-03-07,7581,33599,1838.0,879.0,31.0,5.0,0.0,3.0,1.0,4.0,2.0,925.0,33,9,Trip ด้วย Tx. Diff มีรอย Flash ที่ DS 2214 Ph. B
SD,KT1A,SDKT1A,EKARAT-HAIDEN,EDP011205,115/22,50,2011.0,2019-03-05,2019-03-08,7315,34125,2119.0,887.0,0.0,5.0,0.0,0.0,2.0,0.0,2.0,896.0,33,9, Oil ที่ Buchholz(Trip ด้วย Tx. Diff มีรอย Flash ที่ DS 2214 Ph. B)
SD,KT1A,SDKT1A,EKARAT-HAIDEN,EDP011205,115/22,50,2011.0,2020-04-18,2020-05-26,10380,69024,2189.0,904.0,14.0,5.0,0.0,5.0,2.0,5.0,3.0,938.0,54,14,
SD,KT1A,SDKT1A,EKARAT-HAIDEN,EDP011205,115/22,50,2011.0,2021-02-20,2021-05-21,22240,77318,2567.0,1004.0,32.0,5.0,0.0,8.0,2.0,4.0,3.0,1058.0,55,37,
SD,KT1A,SDKT1A,EKARAT-HAIDEN,EDP011205,115/22,50,2011.0,2022-01-30,2022-02-18,9923,62864,2440.0,806.0,33.0,3.0,0.0,2.0,1.0,1.0,2.0,848.0,50,19,
SD,KT1A,SDKT1A,EKARAT-HAIDEN,EDP011205,115/22,50,2011.0,2023-01-28,2023-02-13,11651,68002,3460.0,1407.0,31.0,10.0,0.0,12.0,4.0,6.0,7.0,1477.0,50,7,
SD,KT1A,SDKT1A,EKARAT-HAIDEN,EDP011205,115/22,50,2011.0,2024-01-27,2024-03-09,10048,48575,2729.0,1101.0,20.0,5.0,0.0,6.0,3.0,2.0,1.0,1138.0,51,14,
SD,KT2A,SDKT2A,EKARAT-DAIHEN,EDP011206,115/22,50,2011.0,2020-04-18,2020-05-26,6867,37291,1369.0,599.0,4.0,0.0,0.0,1.0,1.0,2.0,1.0,608.0,51,11,
SD,KT2A,SDKT2A,EKARAT-DAIHEN,EDP011206,115/22,50,2011.0,2021-02-20,2021-05-20,22811,53270,1376.0,513.0,18.0,0.0,0.0,4.0,48.0,0.0,0.0,583.0,49,28,
SD,KT2A,SDKT2A,EKARAT-DAIHEN,EDP011206,115/22,50,2011.0,2022-01-30,2022-02-19,12574,56523,1681.0,446.0,27.0,2.0,0.0,1.0,1.0,0.0,3.0,480.0,46,17,
SD,KT2A,SDKT2A,EKARAT-DAIHEN,EDP011206,115/22,50,2011.0,2023-01-28,2023-02-13,16280,75340,1773.0,668.0,17.0,3.0,0.0,4.0,2.0,66.0,4.0,764.0,46,5,
SD,KT2A,SDKT2A,EKARAT-DAIHEN,EDP011206,115/22,50,2011.0,2024-01-27,2024-03-09,13230,50625,2414.0,766.0,21.0,4.0,0.0,6.0,0.0,24.0,0.0,821.0,48,12,
SDO,KT1A,SDOKT1A,MITSUBISHI,574407,115/33/11,25,1999.0,2019-03-23,2019-08-26,10420,46120,3124.0,109.0,10.0,37.0,0.0,0.0,150.0,0.0,63.0,369.0,68,24,-
SDO,KT1A,SDOKT1A,MITSUBISHI,574407,115/33/11,25,1999.0,2019-07-15,2019-09-05,9643,44738,3076.0,105.0,18.0,55.0,0.0,0.0,189.0,0.0,83.0,450.0,55,29,-
SDO,KT1A,SDOKT1A,MITSUBISHI,574407,115/33/11,25,1999.0,2020-07-05,2020-08-24,6061,55732,3269.0,104.0,15.0,72.0,0.0,4.0,229.0,0.0,120.0,544.0,48,27,
SDO,KT1A,SDOKT1A,MITSUBISHI,574407,115/33/11,25,1999.0,2021-08-08,2021-11-15,8650,66409,2797.0,133.0,17.0,76.0,0.0,7.0,268.0,0.0,57.0,558.0,52,20,
SDO,KT1A,SDOKT1A,MITSUBISHI,574407,115/33/11,25,1999.0,2022-07-11,2022-07-24,5900,80440,3406.0,175.0,18.0,63.0,0.0,20.0,212.0,17.0,146.0,651.0,57,16,
SDO,KT1A,SDOKT1A,MITSUBISHI,574407,115/33/11,25,1999.0,2023-07-23,2023-11-05,4764,82391,4745.0,227.0,13.0,113.0,0.0,29.0,398.0,11.0,138.0,929.0,57,19,
SDO,KT2A,SDOKT2A,FUJI,AN69050T1,132/115/33,66,1993.0,2019-03-23,2019-08-29,4164,43399,1099.0,159.0,7.0,45.0,0.0,12.0,74.0,9.0,38.0,344.0,51,25,-
SDO,KT2A,SDOKT2A,FUJI,AN69050T1,132/115/33,66,1993.0,2019-07-14,2019-09-05,5172,46622,1063.0,168.0,10.0,48.0,0.0,12.0,76.0,10.0,38.0,362.0,56,33,-
SDO,KT2A,SDOKT2A,FUJI,AN69050T1,132/115/33,66,1993.0,2020-03-03,2020-03-13,9459,51873,1572.0,153.0,16.0,52.0,0.0,29.0,101.0,0.0,44.0,395.0,,12,research
SDO,KT2A,SDOKT2A,FUJI,AN69050T1,132/115/33,66,1993.0,2020-07-14,2020-08-24,3797,50981,1500.0,150.0,20.0,89.0,0.0,11.0,86.0,0.0,19.0,375.0,52,22,
SDO,KT2A,SDOKT2A,FUJI,AN69050T1,132/115/33,66,1993.0,2021-08-08,2021-11-15,4880,53930,2164.0,114.0,4.0,42.0,0.0,4.0,86.0,27.0,67.0,344.0,51,16,
SDO,KT2A,SDOKT2A,FUJI,AN69050T1,132/115/33,66,1993.0,2022-07-11,2022-07-24,8251,60662,2134.0,140.0,15.0,9.0,0.0,10.0,64.0,10.0,22.0,270.0,27,16,
SDO,KT2A,SDOKT2A,FUJI,AN69050T1,132/115/33,66,1993.0,2023-07-23,2023-11-05,3724,74692,2122.0,173.0,17.0,44.0,0.0,9.0,99.0,11.0,57.0,410.0,33,15,
SDO,KT3A,SDOKT3A,FUJI,AN69003T1,132/121/33,66,1998.0,2019-03-23,2019-04-04,11779,41215,482.0,85.0,7.0,19.0,0.0,5.0,96.0,0.0,46.0,258.0,37,23,-
SDO,KT3A,SDOKT3A,FUJI,AN69003T1,132/121/33,66,1998.0,2019-03-23,2019-08-26,14371,48401,465.0,68.0,3.0,17.0,0.0,4.0,93.0,0.0,50.0,235.0,-,25,-
SDO,KT3A,SDOKT3A,FUJI,AN69003T1,132/121/33,66,1998.0,2019-07-14,2019-09-05,9973,43524,718.0,69.0,6.0,16.0,0.0,0.0,92.0,0.0,49.0,232.0,55,29,-
SDO,KT3A,SDOKT3A,FUJI,AN69003T1,132/121/33,66,1998.0,2020-07-14,2020-08-24,8023,49902,841.0,44.0,19.0,16.0,0.0,1.0,97.0,3.0,64.0,244.0,51,25,
SDO,KT3A,SDOKT3A,FUJI,AN69003T1,132/121/33,66,1998.0,2021-08-08,2021-11-15,4160,41840,1708.0,86.0,6.0,31.0,0.0,2.0,139.0,14.0,91.0,369.0,49,20,
SDO,KT3A,SDOKT3A,FUJI,AN69003T1,132/121/33,66,1998.0,2022-07-11,2022-07-24,7840,55230,1469.0,65.0,8.0,25.0,0.0,13.0,122.0,10.0,82.0,325.0,36,23,
SDO,KT3A,SDOKT3A,FUJI,AN69003T1,132/121/33,66,1998.0,2023-07-23,2023-11-05,10163,49972,1729.0,89.0,16.0,30.0,0.0,10.0,166.0,10.0,73.0,394.0,29,16,
SDO,KT4A,SDOKT4A,FUJI,AN69001T22,115/33/11,25,1998.0,2019-03-23,2019-08-25,9561,51352,1408.0,222.0,10.0,31.0,0.0,0.0,72.0,0.0,18.0,353.0,41,25,De-energize.
SDO,KT4A,SDOKT4A,FUJI,AN69001T22,115/33/11,25,1998.0,2019-07-15,2019-09-05,6450,49880,1828.0,291.0,16.0,34.0,0.0,8.0,48.0,0.0,21.0,418.0,63,34,-
SDO,KT4A,SDOKT4A,FUJI,AN69001T22,115/33/11,25,1998.0,2020-07-05,2020-08-24,14418,50431,1715.0,263.0,12.0,31.0,0.0,8.0,58.0,0.0,0.0,372.0,63,32,
SDO,KT4A,SDOKT4A,FUJI,AN69001T22,115/33/11,25,1998.0,2021-08-08,2021-11-15,7750,60240,3245.0,304.0,3.0,63.0,0.0,2.0,83.0,50.0,53.0,558.0,62,28,
SDO,KT4A,SDOKT4A,FUJI,AN69001T22,115/33/11,25,1998.0,2022-07-11,2022-07-25,4230,17817,681.0,55.0,8.0,3.0,0.0,1.0,10.0,0.0,0.0,77.0,41,14,ไม่ได้ออกผลขอเก็บตัวอย่างใหม่
SDO,KT4A,SDOKT4A,FUJI,AN69001T22,115/33/11,25,1998.0,2022-08-19,2022-08-26,7502,18290,662.0,38.0,7.0,0.0,0.0,0.0,6.0,0.0,0.0,51.0,54,10,
SDO,KT4A,SDOKT4A,FUJI,AN69001T22,115/33/11,25,1998.0,2023-07-23,2023-11-05,4764,28068,858.0,115.0,14.0,16.0,0.0,12.0,41.0,2.0,5.0,205.0,50,16,
SH1,KT1A,SH1KT1A,DAIHEN,5BA159010,115/22,25,1990.0,2020-02-06,2020-03-01,6094,59367,2352.0,154.0,40.0,9.0,0.0,2.0,4.0,5.0,0.0,214.0,58,12,
SH1,KT1A,SH1KT1A,DAIHEN,5BA159010,115/22,25,1990.0,2022-01-27,2022-03-07,8835,70793,3977.0,396.0,13.0,0.0,0.0,12.0,12.0,0.0,0.0,433.0,50,10,
SH1,KT1A,SH1KT1A,DAIHEN,5BA159010,115/22,25,1990.0,2022-08-25,2022-09-02,6468,65204,3549.0,356.0,7.0,18.0,0.0,5.0,5.0,6.0,3.0,121.0,56,7,
SH1,KT1A,SH1KT1A,DAIHEN,5BA159010,115/22,25,1990.0,2023-03-11,2023-03-17,15181,75862,4070.0,423.0,8.0,10.0,0.0,15.0,12.0,0.0,3.0,471.0,60,8,
SH1,KT1A,SH1KT1A,DAIHEN,5BA159010,115/22,25,1990.0,2024-02-09,2024-02-25,11160,79533,4542.0,433.0,7.0,19.0,0.0,28.0,7.0,6.0,4.0,504.0,55,10,
SH1,KT2A,SH1KT2A,FUJI,AN69051T23,115/22,15,1998.0,2021-02-12,2021-02-15,27842,74367,820.0,55.0,4.0,3.0,0.0,3.0,91.0,0.0,55.0,211.0,,10,พบค่าทดสอบ Resistance ไม่เรียงตาม Tap
SH1,KT2A,SH1KT2A,FUJI,AN69051T23,115/22,15,1998.0,2021-03-30,2021-05-03,19582,70220,108.0,53.0,6.0,3.0,0.0,1.0,1.0,3.0,0.0,67.0,,19,หลังซ่อมจะนำใช้งาน
SH1,KT2A,SH1KT2A,FUJI,AN69051T23,115/22,15,1998.0,2022-02-27,2022-03-07,6045,17273,840.0,51.0,12.0,8.0,0.0,0.0,22.0,0.0,0.0,93.0,57,15,
SH1,KT2A,SH1KT2A,FUJI,AN69051T23,115/22,15,1998.0,2022-08-25,2022-09-02,5002,21596,871.0,58.0,4.0,11.0,0.0,0.0,23.0,2.0,12.0,69.0,61,11,
SH1,KT2A,SH1KT2A,FUJI,AN69051T23,115/22,15,1998.0,2023-03-11,2023-03-17,10324,22770,1042.0,70.0,6.0,19.0,0.0,0.0,34.0,0.0,9.0,138.0,64,13,
SH1,KT2A,SH1KT2A,FUJI,AN69051T23,115/22,15,1998.0,2024-02-09,2024-02-25,8300,26911,950.0,87.0,18.0,17.0,0.0,2.0,48.0,3.0,23.0,198.0,65,15,
SH2,KT1A,SH2KT1A,MEIDENSHA,8N5450T2,115/22,50,,2020-02-09,2020-03-01,10732,47245,2310.0,915.0,33.0,7.0,0.0,0.0,2.0,0.0,0.0,957.0,46,9,
SH2,KT1A,SH2KT1A,MEIDENSHA,8N5450T2,115/22,50,,2022-02-26,2022-03-07,21739,58275,2762.0,671.0,8.0,2.0,0.0,7.0,0.0,0.0,0.0,688.0,52,10,
SH2,KT1A,SH2KT1A,MEIDENSHA,8N5450T2,115/22,50,,2022-08-26,2022-09-01,12180,61721,4055.0,1322.0,7.0,0.0,0.0,11.0,4.0,0.0,0.0,1344.0,58,8,
SH2,KT1A,SH2KT1A,MEIDENSHA,8N5450T2,115/22,50,,2023-03-11,2023-03-17,11018,63814,4056.0,1325.0,8.0,13.0,0.0,11.0,5.0,0.0,0.0,1362.0,51,7,
SH2,KT1A,SH2KT1A,MEIDENSHA,8N5450T2,115/22,50,,2024-02-10,2024-02-25,13829,77292,4342.0,1595.0,15.0,11.0,0.0,5.0,3.0,3.0,3.0,1635.0,46,7,
SH2,KT2A,SH2KT2A,MEIDENSHA,8N5450T3,115/22,50,,2020-02-09,2020-03-01,16812,48324,1851.0,916.0,41.0,4.0,0.0,0.0,1.0,0.0,0.0,962.0,58,17,
SH2,KT2A,SH2KT2A,MEIDENSHA,8N5450T3,115/22,50,,2022-02-26,2022-03-07,25947,68552,2816.0,858.0,9.0,0.0,0.0,7.0,3.0,0.0,0.0,877.0,64,11,
SH2,KT2A,SH2KT2A,MEIDENSHA,8N5450T3,115/22,50,,2022-08-26,2022-09-01,18875,69176,3694.0,1435.0,5.0,0.0,0.0,9.0,2.0,0.0,0.0,1451.0,48,6,
SH2,KT2A,SH2KT2A,MEIDENSHA,8N5450T3,115/22,50,,2023-03-11,2023-03-17,17333,67047,3705.0,1455.0,8.0,11.0,0.0,11.0,0.0,0.0,0.0,1485.0,46,6,
SH2,KT2A,SH2KT2A,MEIDENSHA,8N5450T3,115/22,50,,2024-02-10,2024-02-25,21724,80436,4375.0,1695.0,20.0,6.0,0.0,6.0,2.0,2.0,2.0,1733.0,50,8,
SI,KT2A,SIKT2A,MEIDENSHA,8T9664T3,115/22,50,2011.0,2019-03-16,2019-03-30,9318,48120,2635.0,1090.0,5.0,18.0,0.0,8.0,0.0,0.0,0.0,1121.0,55,11,-
SI,KT2A,SIKT2A,MEIDENSHA,8T9664T3,115/22,50,2011.0,2021-02-08,2021-04-02,9000,50057,2704.0,1203.0,37.0,0.0,0.0,0.0,3.0,0.0,0.0,1243.0,54,14,
SI,KT2A,SIKT2A,MEIDENSHA,8T9664T3,115/22,50,2011.0,2022-03-17,2022-03-25,9823,57897,4758.0,1287.0,4.0,22.0,0.0,5.0,4.0,3.0,2.0,1327.0,59,8,
SI,KT2A,SIKT2A,MEIDENSHA,8T9664T3,115/22,50,2011.0,2023-03-19,2023-04-06,7075,79001,5032.0,1302.0,3.0,9.0,0.0,4.0,4.0,3.0,4.0,1329.0,54,8,
SI,KT2A,SIKT2A,MEIDENSHA,8T9664T3,115/22,50,2011.0,2024-03-25,2024-04-20,10760,57291,4335.0,1192.0,9.0,11.0,0.0,14.0,5.0,0.0,0.0,1231.0,52,18,
SI,KT3A,SIKT3A,MEIDEN,8T9664T4,115/22,50,2011.0,2019-03-16,2019-04-01,7825,38940,2964.0,941.0,16.0,12.0,0.0,6.0,0.0,0.0,0.0,975.0,64,12,-
SI,KT3A,SIKT3A,MEIDEN,8T9664T4,115/22,50,2011.0,2021-02-08,2021-04-26,5870,40000,2710.0,718.0,39.0,11.0,0.0,3.0,4.0,0.0,0.0,775.0,51,18,
SI,KT3A,SIKT3A,MEIDEN,8T9664T4,115/22,50,2011.0,2022-03-17,2022-03-25,8157,64736,4927.0,1291.0,3.0,23.0,0.0,5.0,4.0,3.0,2.0,1331.0,61,8,
SI,KT3A,SIKT3A,MEIDEN,8T9664T4,115/22,50,2011.0,2023-03-19,2023-04-03,12228,64561,4886.0,977.0,2.0,7.0,0.0,2.0,3.0,0.0,2.0,993.0,56,9,
SI,KT3A,SIKT3A,MEIDEN,8T9664T4,115/22,50,2011.0,2024-03-25,2024-04-20,10521,56510,4091.0,1039.0,9.0,14.0,0.0,12.0,5.0,0.0,0.0,1079.0,67,11,
SKA,KT1A,SKAKT1A,MITSUBISHI,9912790102,115/22,50,2014.0,2019-03-16,2019-04-26,8092,37317,1025.0,335.0,20.0,4.0,1.3,0.0,6.0,0.0,0.0,366.3,45,14,-
SKA,KT1A,SKAKT1A,MITSUBISHI,9912790102,115/22,50,2014.0,2020-03-12,2020-03-27,12726,43265,1128.0,370.0,12.0,4.0,3.0,0.0,2.0,0.0,0.0,391.0,48,17,
SKA,KT1A,SKAKT1A,MITSUBISHI,9912790102,115/22,50,2014.0,2020-11-04,2020-11-06,9953,39393,1503.0,523.0,17.0,6.0,2.6,2.0,2.0,1.0,0.0,553.6,38,4,เทีบยผล DGA On Line
SKA,KT1A,SKAKT1A,MITSUBISHI,9912790102,115/22,50,2014.0,2021-01-29,2021-04-25,26334,71629,1196.0,314.0,13.0,3.0,2.4,2.0,3.0,0.0,0.0,337.4,39,27,
SKA,KT1A,SKAKT1A,MITSUBISHI,9912790102,115/22,50,2014.0,2022-02-20,2022-03-26,10392,48551,1320.0,325.0,17.0,2.0,0.0,0.0,1.0,1.0,1.0,347.0,30,7,
SKA,KT1A,SKAKT1A,MITSUBISHI,9912790102,115/22,50,2014.0,2022-07-30,2022-08-19,2895,47997,1148.0,481.0,3.0,3.0,0.0,2.0,2.0,0.0,0.0,491.0,36,17,
SKA,KT1A,SKAKT1A,MITSUBISHI,9912790102,115/22,50,2014.0,2023-02-19,2023-03-05,17995,36726,1254.0,493.0,11.0,5.0,0.0,2.0,2.0,0.0,1.0,514.0,31,8,
SKA,KT1A,SKAKT1A,MITSUBISHI,9912790102,115/22,50,2014.0,2024-02-17,2024-03-18,12311,33615,1990.0,534.0,7.0,5.0,0.0,2.0,2.0,1.0,1.0,552.0,36,12,
SKA,KT2A,SKAKT2A,MITSUBISHI,9912790103,115/22,50,2014.0,2019-03-16,2019-04-27,9418,43751,729.0,228.0,7.0,1.0,0.0,0.0,5.0,0.0,0.0,241.0,38,21,-
SKA,KT2A,SKAKT2A,MITSUBISHI,9912790103,115/22,50,2014.0,2020-03-12,2020-03-24,13892,40708,764.0,238.0,9.0,2.0,0.0,0.0,2.0,0.0,2.0,253.0,39,8,
SKA,KT2A,SKAKT2A,MITSUBISHI,9912790103,115/22,50,2014.0,2021-01-29,2021-04-23,7333,47103,801.0,255.0,23.0,3.0,0.0,0.0,1.0,0.0,1.0,283.0,29,20,
SKA,KT2A,SKAKT2A,MITSUBISHI,9912790103,115/22,50,2014.0,2022-02-20,2022-03-26,14816,53337,1151.0,268.0,12.0,1.0,0.0,0.0,1.0,0.0,1.0,283.0,40,12,
SKA,KT2A,SKAKT2A,MITSUBISHI,9912790103,115/22,50,2014.0,2022-07-30,2022-08-19,2971,46512,1203.0,509.0,4.0,2.0,0.0,1.0,2.0,6.0,0.0,524.0,45,11,
SKA,KT2A,SKAKT2A,MITSUBISHI,9912790103,115/22,50,2014.0,2023-02-19,2023-03-05,17267,37547,1430.0,569.0,15.0,5.0,0.0,0.0,7.0,0.0,0.0,596.0,42,9,
SKA,KT2A,SKAKT2A,MITSUBISHI,9912790103,115/22,50,2014.0,2024-02-17,2024-03-18,12359,33379,2438.0,624.0,10.0,4.0,0.0,1.0,2.0,2.0,1.0,644.0,48,15,
SKI,KT1A,SKIKT1A,MEIDEN,8P9101T1,115/22/11,50,2013.0,2019-03-26,2019-04-20,10380,51424,2581.0,107.0,29.0,54.0,0.0,0.0,207.0,0.0,92.0,489.0,52,17,-
SKI,KT1A,SKIKT1A,MEIDEN,8P9101T1,115/22/11,50,2013.0,2020-03-27,2020-05-25,7630,57760,2589.0,150.0,81.0,97.0,0.0,0.0,252.0,0.0,140.0,720.0,63,11,
SKI,KT1A,SKIKT1A,MEIDEN,8P9101T1,115/22/11,50,2013.0,2021-01-15,2021-02-23,23720,61061,1267.0,7.0,7.0,0.0,0.0,0.0,112.0,0.0,14.0,140.0,63,19,
SKI,KT1A,SKIKT1A,MEIDEN,8P9101T1,115/22/11,50,2013.0,2022-01-10,2022-02-08,2645,31339,2238.0,118.0,48.0,46.0,0.0,0.0,152.0,0.0,77.0,441.0,56,7,
SKI,KT1A,SKIKT1A,MEIDEN,8P9101T1,115/22/11,50,2013.0,2023-02-28,2023-03-11,4688,36992,3517.0,163.0,30.0,43.0,0.0,0.0,135.0,3.0,89.0,463.0,62,8,
SKI,KT1A,SKIKT1A,MEIDEN,8P9101T1,115/22/11,50,2013.0,2024-03-01,2024-04-07,15019,40868,1693.0,64.0,12.0,54.0,0.0,2.0,158.0,4.0,89.0,383.0,65,6,
SKI,KT2A,SKIKT2A,MEIDEN,8P9101T2,115/22/11,50,2004.0,2019-03-26,2019-04-19,8696,51061,2221.0,116.0,75.0,62.0,0.0,3.0,206.0,0.0,70.0,532.0,55,15,-
SKI,KT2A,SKIKT2A,MEIDEN,8P9101T2,115/22/11,50,2004.0,2020-03-27,2020-05-25,8140,53550,2286.0,120.0,70.0,62.0,0.0,0.0,130.0,0.0,76.0,458.0,62,12,
SKI,KT2A,SKIKT2A,MEIDEN,8P9101T2,115/22/11,50,2004.0,2021-01-15,2021-02-12,5187,55001,2474.0,87.0,69.0,71.0,0.0,0.0,161.0,0.0,101.0,489.0,59,10,
SKI,KT2A,SKIKT2A,MEIDEN,8P9101T2,115/22/11,50,2004.0,2022-01-10,2022-02-08,3577,47039,2329.0,79.0,67.0,37.0,0.0,0.0,108.0,0.0,71.0,362.0,60,11,
SKI,KT2A,SKIKT2A,MEIDEN,8P9101T2,115/22/11,50,2004.0,2023-02-28,2023-03-11,13617,43302,2865.0,90.0,34.0,49.0,0.0,0.0,121.0,0.0,57.0,351.0,65,9,
SKI,KT2A,SKIKT2A,MEIDEN,8P9101T2,115/22/11,50,2004.0,2024-03-01,2024-04-07,5711,34315,2149.0,115.0,48.0,52.0,0.0,0.0,131.0,0.0,81.0,427.0,65,10,
SKL,KT1A,SKLKT1A,MEIDEN,8P9104T1,115/33/11,50,2004.0,2019-07-18,2019-09-05,4786,52222,2206.0,98.0,19.0,60.0,0.0,0.0,205.0,0.0,92.0,474.0,56,23,-
SKL,KT1A,SKLKT1A,MEIDEN,8P9104T1,115/33/11,50,2004.0,2020-07-07,2020-08-24,8346,52959,3016.0,116.0,11.0,88.0,0.0,2.0,224.0,0.0,154.0,595.0,59,12,
SKL,KT1A,SKLKT1A,MEIDEN,8P9104T1,115/33/11,50,2004.0,2021-07-27,2021-11-15,6580,56910,3778.0,91.0,4.0,75.0,0.0,0.0,254.0,19.0,186.0,629.0,60,17,
SKL,KT1A,SKLKT1A,MEIDEN,8P9104T1,115/33/11,50,2004.0,2023-07-10,2023-11-22,12064,49775,2102.0,98.0,9.0,37.0,0.0,2.0,117.0,5.0,53.0,321.0,63,18,
SKL,KT2A,SKLKT2A,MEIDEN,8P9104T2,115/33/11,50,2004.0,2019-07-18,2019-09-05,10144,51524,2486.0,110.0,5.0,77.0,0.0,2.0,234.0,0.0,128.0,556.0,64,20,-
SKL,KT2A,SKLKT2A,MEIDEN,8P9104T2,115/33/11,50,2004.0,2020-07-07,2020-08-24,8480,57225,3164.0,134.0,10.0,85.0,0.0,1.0,258.0,0.0,126.0,614.0,56,23,
SKL,KT2A,SKLKT2A,MEIDEN,8P9104T2,115/33/11,50,2004.0,2021-07-27,2021-11-15,7770,58220,4040.0,99.0,3.0,78.0,0.0,0.0,260.0,18.0,180.0,638.0,56,22,
SKL,KT2A,SKLKT2A,MEIDEN,8P9104T2,115/33/11,50,2004.0,2023-07-10,2023-11-22,11047,51055,1729.0,139.0,13.0,42.0,0.0,2.0,127.0,4.0,69.0,396.0,54,16,
SKL,KT3A,SKLKT3A,MEIDEN,8T9795T2,115/33/11,50,2012.0,2019-07-18,2019-09-05,16136,53342,1661.0,717.0,11.0,11.0,0.0,3.0,2.0,1.0,3.0,748.0,56,29,-
SKL,KT3A,SKLKT3A,MEIDEN,8T9795T2,115/33/11,50,2012.0,2020-07-07,2020-08-24,12613,52766,2536.0,1065.0,9.0,0.0,0.0,7.0,28.0,0.0,37.0,1146.0,53,15,
SKL,KT3A,SKLKT3A,MEIDEN,8T9795T2,115/33/11,50,2012.0,2021-07-27,2021-11-15,18594,62363,2331.0,847.0,9.0,0.0,0.0,6.0,11.0,0.0,0.0,873.0,,24,
SKL,KT3A,SKLKT3A,MEIDEN,8T9795T2,115/33/11,50,2012.0,2023-07-10,2023-11-18,22310,51190,5360.0,854.0,2.0,27.0,0.0,9.0,2.0,3.0,3.0,900.0,54,26,
SK-P,KT1A,SK-PKT1A,DAIHEN,5BK014301,230/115/11,200,2011.0,2019-03-09,2019-03-21,11003,39697,619.0,302.0,9.0,0.0,0.0,0.0,0.0,0.0,0.0,311.0,37,15,-
SK-P,KT1A,SK-PKT1A,DAIHEN,5BK014301,230/115/11,200,2011.0,2019-07-12,2019-08-23,8986,39505,522.0,354.0,10.0,1.0,0.0,1.0,1.0,1.0,1.0,369.0,45,17,-
SK-P,KT1A,SK-PKT1A,DAIHEN,5BK014301,230/115/11,200,2011.0,2020-02-28,2020-03-07,4436,39152,697.0,436.0,8.0,3.0,0.0,0.0,1.0,0.0,1.0,449.0,41,10,
SK-P,KT1A,SK-PKT1A,DAIHEN,5BK014301,230/115/11,200,2011.0,2021-01-16,2021-01-29,7749,48431,984.0,493.0,23.0,1.0,0.0,0.0,1.0,0.0,1.0,519.0,35,9,
SK-P,KT1A,SK-PKT1A,DAIHEN,5BK014301,230/115/11,200,2011.0,2021-07-03,2021-10-04,18810,38740,708.0,412.0,9.0,0.0,0.0,0.0,14.0,0.0,0.0,435.0,46,21,
SK-P,KT1A,SK-PKT1A,DAIHEN,5BK014301,230/115/11,200,2011.0,2022-01-16,2022-01-23,7030,40330,944.0,401.0,11.0,1.0,0.0,0.0,1.0,0.0,1.0,415.0,35,6,
SK-P,KT1A,SK-PKT1A,DAIHEN,5BK014301,230/115/11,200,2011.0,2022-06-26,2022-07-01,9267,37173,954.0,596.0,17.0,2.0,0.0,0.0,2.0,0.0,0.0,617.0,46,11,
SK-P,KT1A,SK-PKT1A,DAIHEN,5BK014301,230/115/11,200,2011.0,2022-12-26,2023-01-14,8740,37240,806.0,448.0,5.0,1.0,0.0,0.0,1.0,0.0,1.0,456.0,38,9,
SK-P,KT1A,SK-PKT1A,DAIHEN,5BK014301,230/115/11,200,2011.0,2023-06-26,2023-07-01,4365,39471,1003.0,575.0,14.0,2.0,0.0,0.0,2.0,0.0,2.0,595.0,49,10,
SK-P,KT1A,SK-PKT1A,DAIHEN,5BK014301,230/115/11,200,2011.0,2024-04-19,2024-04-27,8957,45256,1037.0,608.0,31.0,6.0,0.0,3.0,9.0,1.0,5.0,663.0,51,8,
SK-P,KT2A,SK-PKT2A,DAIHEN,5BK014302,230/11,200,2011.0,2019-03-08,2019-03-21,8017,38496,1359.0,548.0,14.0,0.0,0.0,0.0,14.0,0.0,0.0,576.0,39,18,-
SK-P,KT2A,SK-PKT2A,DAIHEN,5BK014302,230/11,200,2011.0,2019-07-12,2019-08-23,10569,48060,1730.0,616.0,10.0,2.0,0.0,2.0,6.0,2.0,4.0,642.0,47,22,-
SK-P,KT2A,SK-PKT2A,DAIHEN,5BK014302,230/11,200,2011.0,2020-01-27,2020-02-14,5360,45950,1602.0,848.0,37.0,6.0,0.0,0.0,14.0,4.0,6.0,915.0,40,6,
SK-P,KT2A,SK-PKT2A,DAIHEN,5BK014302,230/11,200,2011.0,2021-01-16,2021-01-29,5985,51700,1964.0,585.0,31.0,4.0,0.0,0.0,7.0,0.0,5.0,632.0,36,11,
SK-P,KT2A,SK-PKT2A,DAIHEN,5BK014302,230/11,200,2011.0,2021-07-03,2021-10-04,13855,41875,1802.0,576.0,14.0,0.0,0.0,0.0,10.0,0.0,0.0,600.0,47,12,
SK-P,KT2A,SK-PKT2A,DAIHEN,5BK014302,230/11,200,2011.0,2022-01-16,2022-01-23,6654,34440,1127.0,619.0,13.0,0.0,0.0,0.0,9.0,0.0,0.0,641.0,37,7,
SK-P,KT2A,SK-PKT2A,DAIHEN,5BK014302,230/11,200,2011.0,2022-06-26,2022-07-01,7551,38860,1601.0,675.0,18.0,5.0,0.0,1.0,9.0,0.0,0.0,708.0,47,11,
SK-P,KT2A,SK-PKT2A,DAIHEN,5BK014302,230/11,200,2011.0,2022-12-26,2023-01-14,7270,40490,1524.0,624.0,6.0,4.0,0.0,0.0,5.0,2.0,4.0,645.0,38,5,
SK-P,KT2A,SK-PKT2A,DAIHEN,5BK014302,230/11,200,2011.0,2023-06-25,2023-07-01,5975,44902,1768.0,702.0,14.0,6.0,0.0,0.0,7.0,2.0,5.0,736.0,49,9,
SK-P,KT2A,SK-PKT2A,DAIHEN,5BK014302,230/11,200,2011.0,2024-04-19,2024-04-27,8904,53963,1623.0,638.0,5.0,18.0,0.0,6.0,10.0,2.0,10.0,689.0,53,8,
SK-P,KT3A,SK-PKT3A,MITSUBISHI,558020,115/22,12,,2019-03-08,2019-03-21,5022,37981,4032.0,234.0,37.0,41.0,0.0,6.0,40.0,0.0,0.0,358.0,44,18,-
SK-P,KT3A,SK-PKT3A,MITSUBISHI,558020,115/22,12,,2020-01-27,2020-02-15,6150,55040,3504.0,261.0,42.0,60.0,0.0,0.0,66.0,46.0,32.0,507.0,52,12,
SK-P,KT3A,SK-PKT3A,MITSUBISHI,558020,115/22,12,,2021-01-16,2021-01-29,3864,50836,5404.0,191.0,35.0,59.0,0.0,0.0,47.0,0.0,27.0,359.0,39,12,
SK-P,KT3A,SK-PKT3A,MITSUBISHI,558020,115/22,12,,2022-01-16,2022-01-23,2560,42020,4857.0,186.0,23.0,43.0,0.0,0.0,45.0,35.0,29.0,361.0,41,15,
SK-P,KT3A,SK-PKT3A,MITSUBISHI,558020,115/22,12,,2022-11-06,2022-11-14,4260,34357,3408.0,194.0,7.0,26.0,0.0,4.0,42.0,7.0,20.0,300.0,57,18,
SK-P,KT3A,SK-PKT3A,MITSUBISHI,558020,115/22,12,,2022-12-26,2023-01-13,5426,34915,3400.0,219.0,12.0,32.0,0.0,4.0,42.0,9.0,24.0,342.0,44,5,
SK-P,KT3A,SK-PKT3A,MITSUBISHI,558020,115/22,12,,2023-04-29,2023-05-06,3631,39185,3502.0,231.0,10.0,36.0,0.0,2.0,38.0,9.0,32.0,358.0,51,20,
SK-P,KT3A,SK-PKT3A,MITSUBISHI,558020,115/22,12,,2023-11-23,2023-12-03,6792,32579,3822.0,248.0,39.0,26.0,0.0,3.0,50.0,0.0,27.0,393.0,,7,ทดสอบเพิ่อยืนยันผลการวิจัยการตัดกระดาษฉนวน
SK-P,KT3A,SK-PKT3A,MITSUBISHI,558020,115/22,12,,2024-04-19,2024-04-27,9869,53368,3579.0,205.0,30.0,39.0,0.0,20.0,43.0,11.0,29.0,377.0,56,19,
SK-P,KT4A,SK-PKT4A,MITSUBISHI,558022,115/22,12.5,,2019-03-08,2019-03-21,6629,37296,796.0,60.0,7.0,4.0,0.0,2.0,7.0,2.0,5.0,87.0,45,18,-
SK-P,KT4A,SK-PKT4A,MITSUBISHI,558022,115/22,12.5,,2020-01-27,2020-02-15,15590,42700,1085.0,61.0,44.0,15.0,0.0,0.0,21.0,5.0,15.0,161.0,48,21,
SK-P,KT4A,SK-PKT4A,MITSUBISHI,558022,115/22,12.5,,2021-01-16,2021-01-23,6441,39174,1778.0,62.0,38.0,17.0,0.0,0.0,23.0,1.0,15.0,156.0,41,11,
SK-P,KT4A,SK-PKT4A,MITSUBISHI,558022,115/22,12.5,,2022-01-16,2022-01-23,5542,24112,1321.0,102.0,9.0,13.0,0.0,0.0,38.0,0.0,0.0,162.0,42,12,
SK-P,KT4A,SK-PKT4A,MITSUBISHI,558022,115/22,12.5,,2022-11-06,2022-11-14,4068,28950,2005.0,121.0,5.0,20.0,0.0,2.0,39.0,2.0,18.0,207.0,42,13,
SK-P,KT4A,SK-PKT4A,MITSUBISHI,558022,115/22,12.5,,2022-12-26,2023-01-14,4130,28610,1773.0,88.0,3.0,20.0,0.0,1.0,33.0,5.0,19.0,169.0,47,13,
SK-P,KT4A,SK-PKT4A,MITSUBISHI,558022,115/22,12.5,,2023-04-29,2023-05-07,11791,45097,1911.0,97.0,2.0,17.0,0.0,4.0,36.0,3.0,26.0,185.0,54,17,
SK-P,KT4A,SK-PKT4A,MITSUBISHI,558022,115/22,12.5,,2023-11-23,2023-12-03,6931,41811,2194.0,116.0,35.0,36.0,0.0,6.0,50.0,10.0,27.0,280.0,,10,ทดสอบเพิ่อยืนยันผลการวิจัยการตัดกระดาษฉนวน
SK-P,KT4A,SK-PKT4A,MITSUBISHI,558022,115/22,12.5,,2024-04-19,2024-04-27,9492,42606,2049.0,130.0,15.0,36.0,0.0,9.0,64.0,4.0,44.0,302.0,58,17,
SL,KT1A,SLKT1A,MEIDEN,8P8746T1,115/22,25,2004.0,2019-10-10,2019-10-20,5360,54740,808.0,77.0,38.0,123.0,0.0,14.0,346.0,26.0,201.0,825.0,55,10,-
SL,KT1A,SLKT1A,MEIDEN,8P8746T1,115/22,25,2004.0,2020-12-06,2021-01-11,5471,53875,1451.0,83.0,47.0,109.0,0.0,3.0,325.0,16.0,185.0,768.0,53,10,
SL,KT1A,SLKT1A,MEIDEN,8P8746T1,115/22,25,2004.0,2021-10-25,2021-11-12,4901,48261,1436.0,89.0,34.0,109.0,0.0,9.0,325.0,0.0,70.0,636.0,52,10,
SL,KT1A,SLKT1A,MEIDEN,8P8746T1,115/22,25,2004.0,2022-05-21,2022-06-05,4254,59744,3688.0,376.0,23.0,80.0,0.0,15.0,542.0,0.0,140.0,1176.0,44,18,
SL,KT1A,SLKT1A,MEIDEN,8P8746T1,115/22,25,2004.0,2023-04-09,2023-04-30,6626,65463,1377.0,94.0,30.0,124.0,0.0,9.0,350.0,7.0,181.0,795.0,58,11,
SL,KT1A,SLKT1A,MEIDEN,8P8746T1,115/22,25,2004.0,2024-04-21,2024-04-27,11896,75988,1777.0,98.0,29.0,144.0,0.0,14.0,382.0,12.0,215.0,894.0,66,8,
SL,KT2A,SLKT2A,MITSUBISHI,573084,115/22,25,2007.0,2019-10-10,2019-10-20,2410,67860,1907.0,274.0,32.4,119.0,0.0,10.0,472.0,120.0,327.0,1354.4,60,18,-
SL,KT2A,SLKT2A,MITSUBISHI,573084,115/22,25,2007.0,2020-12-06,2021-01-11,3844,56631,2961.0,296.0,34.0,115.0,0.0,5.0,426.0,0.0,280.0,1156.0,53,17,
SL,KT2A,SLKT2A,MITSUBISHI,573084,115/22,25,2007.0,2021-10-25,2021-11-12,10315,54048,1877.0,139.0,11.0,92.0,0.0,8.0,308.0,0.0,73.0,631.0,51,13,
SL,KT2A,SLKT2A,MITSUBISHI,573084,115/22,25,2007.0,2022-05-22,2022-06-05,4526,51475,2192.0,158.0,35.0,93.0,0.0,9.0,493.0,0.0,102.0,890.0,55,17,
SL,KT2A,SLKT2A,MITSUBISHI,573084,115/22,25,2007.0,2023-04-09,2023-04-30,7550,53320,2184.0,172.0,7.0,72.0,0.0,24.0,287.0,110.0,250.0,922.0,63,21,
SL,KT2A,SLKT2A,MITSUBISHI,573084,115/22,25,2007.0,2023-12-17,2024-01-28,5099,13847,1064.0,31.0,31.0,5.0,0.0,1.0,9.0,1.0,6.0,84.0,58,14,
SL,KT2A,SLKT2A,MITSUBISHI,573084,115/22,25,2007.0,2024-04-21,2024-04-27,9624,22803,1014.0,58.0,27.0,12.0,0.0,4.0,16.0,0.0,8.0,125.0,59,14,
SLB,KT1A,SLBKT1A,MEIDEN,8P8747T1,115/22,25,2004.0,2020-10-18,2020-11-13,6715,49023,1983.0,126.0,29.0,97.0,0.0,5.0,327.0,7.0,214.0,805.0,56,12,
SLB,KT1A,SLBKT1A,MEIDEN,8P8747T1,115/22,25,2004.0,2021-08-01,2021-11-01,31255,60491,749.0,28.0,8.0,42.0,0.0,5.0,220.0,0.0,37.0,340.0,60,24,
SLB,KT1A,SLBKT1A,MEIDEN,8P8747T1,115/22,25,2004.0,2022-09-03,2022-09-15,7484,51732,2117.0,64.0,27.0,128.0,0.0,12.0,428.0,0.0,214.0,873.0,65,11,
SLB,KT1A,SLBKT1A,MEIDEN,8P8747T1,115/22,25,2004.0,2023-06-16,2023-07-02,5220,64830,2897.0,69.0,1.0,133.0,0.0,7.0,480.0,27.0,361.0,1078.0,56,10,
SLB,KT2A,SLBKT2A,TOSHIBA,890900044,115/22,35,2003.0,2019-08-10,2019-08-18,6093,37005,2955.0,137.0,16.0,85.0,0.0,4.0,61.0,1.0,30.0,334.0,51,20,-
SLB,KT2A,SLBKT2A,TOSHIBA,890900044,115/22,35,2003.0,2020-10-18,2020-11-13,6224,45522,2465.0,151.0,35.0,76.0,0.0,1.0,54.0,0.0,42.0,359.0,32,26,
SLB,KT2A,SLBKT2A,TOSHIBA,890900044,115/22,35,2003.0,2021-08-01,2021-10-03,14375,45398,2111.0,147.0,16.0,74.0,0.0,7.0,64.0,0.0,0.0,308.0,40,25,
SLB,KT2A,SLBKT2A,TOSHIBA,890900044,115/22,35,2003.0,2022-09-03,2022-09-15,7027,40058,2060.0,158.0,16.0,37.0,0.0,6.0,69.0,0.0,26.0,312.0,38,16,
SLB,KT2A,SLBKT2A,TOSHIBA,890900044,115/22,35,2003.0,2023-06-16,2023-07-03,4143,47367,3401.0,271.0,17.0,132.0,0.0,6.0,77.0,6.0,24.0,533.0,52,21,
SLB,KT3A,SLBKT3A,FUJI,AN69001T11,115/22,25,1998.0,2019-08-10,2019-08-18,5676,30780,1094.0,158.0,9.0,23.0,0.0,2.0,21.0,5.0,8.0,226.0,50,11,-
SLB,KT3A,SLBKT3A,FUJI,AN69001T11,115/22,25,1998.0,2020-03-13,2020-05-09,7183,48641,905.0,172.0,3.0,21.0,0.0,3.0,17.0,3.0,15.0,234.0,50,29,research
SLB,KT3A,SLBKT3A,FUJI,AN69001T11,115/22,25,1998.0,2020-10-18,2020-11-13,6485,49256,1088.0,171.0,34.0,18.0,0.0,1.0,11.0,5.0,7.0,247.0,51,12,
SLB,KT3A,SLBKT3A,FUJI,AN69001T11,115/22,25,1998.0,2021-08-01,2021-10-03,19278,41483,850.0,129.0,6.0,13.0,0.0,5.0,20.0,0.0,0.0,173.0,52,29,
SLB,KT3A,SLBKT3A,FUJI,AN69001T11,115/22,25,1998.0,2022-09-03,2022-09-15,5255,30812,1170.0,172.0,9.0,2.0,0.0,0.0,19.0,0.0,0.0,202.0,54,12,
SLB,KT3A,SLBKT3A,FUJI,AN69001T11,115/22,25,1998.0,2023-06-16,2023-07-02,4230,41680,2474.0,183.0,11.0,34.0,0.0,1.0,20.0,8.0,12.0,269.0,50,14,
SM,KT1A,SMKT1A,MEIDENSHA,5F9902T1,115/22,25,1993.0,2022-03-24,2022-04-01,8774,41005,3544.0,195.0,6.0,35.0,0.0,2.0,5.0,2.0,3.0,248.0,55,14,
SM,KT1A,SMKT1A,MEIDENSHA,5F9902T1,115/22,25,1993.0,2023-03-23,2023-04-03,6951,29185,3793.0,218.0,5.0,3.0,0.0,1.0,2.0,0.0,2.0,231.0,51,16,
SM,KT1A,SMKT1A,MEIDENSHA,5F9902T1,115/22,25,1993.0,2024-03-16,2024-04-19,11071,36806,3444.0,167.0,26.0,29.0,0.0,16.0,6.0,6.0,3.0,253.0,50,16,
SM,KT2A,SMKT2A,FUJI,AN69001T12,115/22,25,1998.0,2019-04-05,2019-04-12,6048,42388,3415.0,351.0,6.0,30.0,0.0,5.0,25.0,5.0,11.0,433.0,30,20,-
SM,KT2A,SMKT2A,FUJI,AN69001T12,115/22,25,1998.0,2023-03-23,2023-04-06,5974,48482,4144.0,393.0,3.0,56.0,0.0,2.0,29.0,0.0,21.0,504.0,52,21,
SM,KT2A,SMKT2A,FUJI,AN69001T12,115/22,25,1998.0,2024-03-16,2024-04-19,8477,53089,4539.0,376.0,8.0,56.0,0.0,26.0,36.0,9.0,16.0,527.0,0,17,
SM,KT3A,SMKT3A,MEIDEN,8R8399T1,115/22,50,2006.0,2021-03-14,2021-05-11,5421,43308,876.0,94.0,22.0,36.0,0.0,2.0,68.0,4.0,62.0,288.0,58,21,
SM,KT3A,SMKT3A,MEIDEN,8R8399T1,115/22,50,2006.0,2022-03-24,2022-04-01,5496,29891,1386.0,119.0,6.0,57.0,0.0,4.0,111.0,0.0,62.0,419.0,53,9,
SM,KT3A,SMKT3A,MEIDEN,8R8399T1,115/22,50,2006.0,2023-03-23,2023-04-06,18768,83579,1538.0,135.0,3.0,47.0,0.0,2.0,118.0,0.0,96.0,401.0,51,8,
SM,KT3A,SMKT3A,MEIDEN,8R8399T1,115/22,50,2006.0,2024-03-16,2024-04-09,14020,40310,1579.0,127.0,6.0,80.0,0.0,183.0,240.0,323.0,186.0,1145.0,50,12,
SN1,KT1A,SN1KT1A,TOSHIBA,890900048,115/22,50,2003.0,2021-06-12,2021-09-05,4352,36542,7419.0,308.0,43.0,56.0,0.0,9.0,679.0,0.0,42.0,1137.0,68,20,
SN1,KT1A,SN1KT1A,TOSHIBA,890900048,115/22,50,2003.0,2022-06-24,2022-07-03,32205,73747,6625.0,312.0,44.0,59.0,0.0,11.0,546.0,18.0,213.0,1203.0,58,14,
SN1,KT1A,SN1KT1A,TOSHIBA,890900048,115/22,50,2003.0,2023-06-11,2023-07-02,3939,78512,7015.0,291.0,20.0,101.0,0.0,9.0,535.0,27.0,227.0,1210.0,60,19,
SN1,KT1A,SN1KT1A,TOSHIBA,890900048,115/22,50,2003.0,2024-06-02,2024-06-07,7746,55504,5181.0,121.0,36.0,356.0,0.0,15.0,724.0,59.0,686.0,1997.0,48,11,
SN1,KT2A,SN1KT2A,TOSHIBA,890900051,115/22,50,2003.0,2021-06-12,2021-09-05,14486,53390,5776.0,154.0,20.0,49.0,0.0,4.0,30.0,0.0,5.0,262.0,73,21,
SN1,KT2A,SN1KT2A,TOSHIBA,890900051,115/22,50,2003.0,2022-06-24,2022-07-02,8040,56900,7557.0,101.0,32.0,47.0,0.0,3.0,26.0,0.0,29.0,238.0,60,25,
SN1,KT2A,SN1KT2A,TOSHIBA,890900051,115/22,50,2003.0,2023-05-21,2023-05-27,13078,69511,5077.0,96.0,22.0,25.0,0.0,3.0,21.0,0.0,22.0,189.0,0,55,เนื่องจากมี OLTC เสียหาย
SN1,KT3A,SN1KT3A,MEIDEN,8N5451T4,115/22,50,2012.0,2022-06-24,2022-07-02,14420,71950,2345.0,698.0,6.0,2.0,0.0,15.0,1.0,46.0,2.0,770.0,53,8,
SN1,KT3A,SN1KT3A,MEIDEN,8N5451T4,115/22,50,2012.0,2023-06-11,2023-07-02,18589,59613,2519.0,713.0,9.0,7.0,0.0,4.0,6.0,0.0,0.0,739.0,52,10,
SN1,KT3A,SN1KT3A,MEIDEN,8N5451T4,115/22,50,2012.0,2024-06-02,2024-06-05,6453,56777,3823.0,1126.0,24.0,19.0,0.0,8.0,4.0,6.0,2.0,1189.0,55,5,
SN2,KT1A,SN2KT1A,MEIDEN,8T9668T1,115/22,25,1998.0,2021-06-12,2021-09-05,17080,67034,3105.0,966.0,8.0,0.0,0.0,9.0,0.0,0.0,0.0,983.0,60,10,
SN2,KT1A,SN2KT1A,MEIDEN,8T9668T1,115/22,25,1998.0,2022-06-16,2022-06-25,7160,82450,3068.0,832.0,4.0,6.0,0.0,6.0,3.0,5.0,1.0,857.0,66,8,
SN2,KT1A,SN2KT1A,MEIDEN,8T9668T1,115/22,25,1998.0,2023-06-11,2023-07-09,41139,63622,3262.0,827.0,1.0,5.0,0.0,2.0,1.0,1.0,1.0,838.0,52,13,
SN2,KT1A,SN2KT1A,MEIDEN,8T9668T1,115/22,25,1998.0,2024-06-03,2024-06-05,5345,62839,4797.0,941.0,7.0,13.0,0.0,7.0,5.0,2.0,3.0,978.0,64,7,
SN2,KT2A,SN2KT2A,MEIDEN,8T9668T2,115/22,50,1998.0,2021-06-12,2021-09-05,30243,80819,698.0,67.0,11.0,6.0,0.0,1.0,0.0,2.0,10.0,97.0,61,19,
SN2,KT2A,SN2KT2A,MEIDEN,8T9668T2,115/22,50,1998.0,2022-06-16,2022-06-25,10380,76630,1872.0,422.0,3.0,6.0,0.0,20.0,3.0,1.0,2.0,457.0,56,10,
SN2,KT2A,SN2KT2A,MEIDEN,8T9668T2,115/22,50,1998.0,2023-06-11,2023-07-01,10715,68312,2053.0,609.0,4.0,8.0,0.0,2.0,5.0,0.0,5.0,633.0,66,17,
SN2,KT2A,SN2KT2A,MEIDEN,8T9668T2,115/22,50,1998.0,2024-06-03,2024-06-07,10285,52873,3348.0,996.0,6.0,25.0,0.0,12.0,8.0,9.0,6.0,1062.0,0,5,
SN2,KT3A,SN2KT3A,MEIDEN,8R8401T1,115/22,50,,2021-06-12,2021-09-12,28615,76951,559.0,13.0,17.0,29.0,0.0,0.0,284.0,11.0,236.0,590.0,61,8,
SN2,KT3A,SN2KT3A,MEIDEN,8R8401T1,115/22,50,,2022-06-16,2022-06-25,3270,66710,1291.0,112.0,10.0,109.0,0.0,18.0,387.0,6.0,304.0,946.0,58,7,
SN2,KT3A,SN2KT3A,MEIDEN,8R8401T1,115/22,50,,2023-05-11,2023-07-01,7849,57133,1794.0,127.0,11.0,113.0,0.0,3.0,465.0,0.0,433.0,1152.0,64,16,
SN2,KT3A,SN2KT3A,MEIDEN,8R8401T1,115/22,50,,2024-06-03,2024-06-07,9856,30296,1731.0,120.0,5.0,140.0,0.0,8.0,475.0,63.0,474.0,1285.0,58,6,
SN3,KT1A,SN3KT1A,ABB,57030,115/22,50,,2019-03-24,2019-03-30,8302,45472,2479.0,278.0,7.0,9.0,0.0,0.0,0.0,0.0,0.0,294.0,41,6,-
SN3,KT1A,SN3KT1A,ABB,57030,115/22,50,,2021-03-12,2021-05-08,4298,38084,2447.0,251.0,40.0,0.0,0.0,1.0,2.0,2.0,1.0,297.0,42,19,
SN3,KT1A,SN3KT1A,ABB,57030,115/22,50,,2022-03-10,2022-04-01,8181,38914,3355.0,268.0,12.0,10.0,0.0,3.0,3.0,1.0,3.0,300.0,48,17,
SN3,KT1A,SN3KT1A,ABB,57030,115/22,50,,2023-03-16,2023-04-06,7884,43186,3763.0,284.0,5.0,7.0,0.0,0.0,1.0,0.0,0.0,297.0,45,9,
SN3,KT1A,SN3KT1A,ABB,57030,115/22,50,,2024-03-17,2024-04-19,14380,50866,3500.0,272.0,2.0,20.0,0.0,3.0,1.0,2.0,2.0,302.0,54,11,
SN3,KT2A,SN3KT2A,MEIDEN,8P9091T2,115/22,50,2004.0,2019-03-24,2019-03-30,6532,38140,5913.0,146.0,11.0,137.0,0.0,0.0,398.0,0.0,159.0,851.0,58,11,-
SN3,KT2A,SN3KT2A,MEIDEN,8P9091T2,115/22,50,2004.0,2021-03-13,2021-05-08,7843,40073,3346.0,150.0,50.0,105.0,0.0,2.0,348.0,0.0,267.0,922.0,60,20,
SN3,KT2A,SN3KT2A,MEIDEN,8P9091T2,115/22,50,2004.0,2022-03-10,2022-04-01,7197,72292,5331.0,147.0,21.0,158.0,0.0,3.0,552.0,0.0,239.0,1401.0,62,19,
SN3,KT2A,SN3KT2A,MEIDEN,8P9091T2,115/22,50,2004.0,2023-02-19,2023-02-20,23727,79294,3470.0,79.0,1.0,91.0,0.0,4.0,427.0,0.0,239.0,841.0,62,15, Diff Trip
SN3,KT2A,SN3KT2A,MEIDEN,8P9091T2,115/22,50,2004.0,2023-03-16,2023-04-03,6362,62375,3824.0,105.0,5.0,114.0,0.0,10.0,396.0,0.0,239.0,869.0,62,17,
SN3,KT2A,SN3KT2A,MEIDEN,8P9091T2,115/22,50,2004.0,2024-03-17,2024-04-19,14655,58295,1766.0,141.0,25.0,29.0,0.0,0.0,0.0,2.0,15.0,212.0,78,15,
SN4,KT1A,SN4KT1A,TOSHIBA,98900013,230/121,200,2012.0,2019-03-22,2019-03-30,8542,46260,3071.0,387.0,7.0,26.0,0.0,15.0,6.0,0.0,0.0,441.0,59,17,-
SN4,KT1A,SN4KT1A,TOSHIBA,98900013,230/121,200,2012.0,2020-03-14,2020-04-04,8890,52910,1354.0,239.0,73.0,48.0,0.0,5.0,11.0,41.0,11.0,428.0,64,18,
SN4,KT1A,SN4KT1A,TOSHIBA,98900013,230/121,200,2012.0,2021-03-13,2021-05-09,7995,51197,1960.0,327.0,47.0,49.0,0.0,2.0,8.0,0.0,12.0,445.0,62,24,
SN4,KT1A,SN4KT1A,TOSHIBA,98900013,230/121,200,2012.0,2022-03-24,2022-04-02,6458,39256,2286.0,378.0,29.0,25.0,0.0,17.0,11.0,0.0,0.0,460.0,62,10,
SN4,KT1A,SN4KT1A,TOSHIBA,98900013,230/121,200,2012.0,2022-10-14,2022-11-10,13402,22444,3922.0,382.0,38.0,36.0,0.0,13.0,9.0,0.0,2.0,480.0,62,18,
SN4,KT1A,SN4KT1A,TOSHIBA,98900013,230/121,200,2012.0,2023-03-09,2023-04-03,5060,49880,3945.0,343.0,21.0,53.0,0.0,6.0,11.0,17.0,11.0,462.0,63,21,
SN4,KT1A,SN4KT1A,TOSHIBA,98900013,230/121,200,2012.0,2023-09-10,2023-09-28,7200,34780,3984.0,356.0,37.0,59.0,0.0,63.0,19.0,19.0,10.0,563.0,60,11,
SN4,KT1A,SN4KT1A,TOSHIBA,98900013,230/121,200,2012.0,2024-03-10,2024-04-09,7467,54455,5941.0,399.0,45.0,54.0,0.0,53.0,22.0,21.0,11.0,605.0,62,15,
SN4,KT2A,SN4KT2A,TOSHIBA,98900014,230/121,200,2012.0,2019-03-22,2019-03-30,9286,35874,3186.0,325.0,7.0,15.0,0.0,0.0,5.0,0.0,0.0,352.0,65,21,-
SN4,KT2A,SN4KT2A,TOSHIBA,98900014,230/121,200,2012.0,2020-03-14,2020-04-04,7070,44660,2088.0,254.0,80.0,37.0,0.0,0.0,4.0,21.0,0.0,2.0,69,25,
SN4,KT2A,SN4KT2A,TOSHIBA,98900014,230/121,200,2012.0,2021-03-13,2021-05-08,3972,49835,2577.0,235.0,56.0,0.0,0.0,0.0,3.0,0.0,7.0,301.0,67,21,
SN4,KT2A,SN4KT2A,TOSHIBA,98900014,230/121,200,2012.0,2022-03-24,2022-04-02,7618,30856,3167.0,291.0,38.0,10.0,0.0,2.0,5.0,0.0,0.0,346.0,68,9,
SN4,KT2A,SN4KT2A,TOSHIBA,98900014,230/121,200,2012.0,2022-10-14,2022-11-10,15584,14608,5405.0,307.0,10.0,22.0,0.0,2.0,7.0,0.0,4.0,352.0,62,13,
SN4,KT2A,SN4KT2A,TOSHIBA,98900014,230/121,200,2012.0,2023-03-09,2023-04-03,3210,45300,4419.0,281.0,35.0,51.0,0.0,0.0,5.0,2.0,7.0,381.0,62,20,
SN4,KT2A,SN4KT2A,TOSHIBA,98900014,230/121,200,2012.0,2023-09-10,2023-09-28,7600,39222,4484.0,298.0,27.0,39.0,0.0,19.0,4.0,4.0,19.0,410.0,60,14,
SN4,KT2A,SN4KT2A,TOSHIBA,98900014,230/121,200,2012.0,2024-03-10,2024-04-09,5428,44073,7726.0,356.0,16.0,41.0,0.0,43.0,18.0,4.0,7.0,485.0,59,13,
SN4,KT3A,SN4KT3A,TOSHIBA,98900015,230/115,200,,2019-03-22,2019-03-30,8277,45860,3657.0,483.0,8.0,14.0,0.0,0.0,0.0,0.0,0.0,505.0,65,19,-
SN4,KT3A,SN4KT3A,TOSHIBA,98900015,230/115,200,,2020-03-14,2020-04-04,17380,50000,2281.0,252.0,73.0,38.0,0.0,0.0,5.0,9.0,8.0,385.0,72,25,
SN4,KT3A,SN4KT3A,TOSHIBA,98900015,230/115,200,,2021-03-13,2021-05-08,4176,40105,3144.0,261.0,50.0,22.0,0.0,0.0,6.0,0.0,10.0,349.0,67,23,
SN4,KT3A,SN4KT3A,TOSHIBA,98900015,230/115,200,,2022-03-24,2022-04-02,3664,35602,4416.0,371.0,38.0,17.0,0.0,3.0,8.0,0.0,0.0,437.0,70,9,
SN4,KT3A,SN4KT3A,TOSHIBA,98900015,230/115,200,,2022-10-14,2022-11-10,18718,15094,5878.0,402.0,38.0,17.0,0.0,3.0,7.0,0.0,4.0,471.0,62,17,
SN4,KT3A,SN4KT3A,TOSHIBA,98900015,230/115,200,,2023-03-09,2023-04-03,4940,48240,5762.0,369.0,24.0,45.0,0.0,0.0,7.0,12.0,10.0,467.0,62,21,
SN4,KT3A,SN4KT3A,TOSHIBA,98900015,230/115,200,,2023-09-10,2023-09-28,6170,36960,5830.0,373.0,28.0,50.0,0.0,50.0,15.0,8.0,8.0,532.0,60,15,
SN4,KT3A,SN4KT3A,TOSHIBA,98900015,230/115,200,,2024-03-10,2024-04-09,7848,52621,9996.0,367.0,14.0,45.0,0.0,6.0,10.0,5.0,8.0,455.0,57,15,
SN4,KT4A,SN4KT4A,ABB,508032,230/115,200,2022.0,2023-08-10,2023-08-12,8205,14993,102.0,8.0,9.0,0.0,0.0,23.0,2.0,5.0,0.0,47.0,35,5,ก่อนเข้าใช้งาน
SN4,KT4A,SN4KT4A,ABB,508032,230/115,200,2022.0,2024-03-10,2024-04-09,11268,26083,473.0,79.0,23.0,2.0,0.0,0.0,3.0,1.0,1.0,109.0,52,8,
SNO,KT1A,SNOKT1A,TRAFO UNION,N408032,230/121/22,300,2008.0,2019-05-24,2019-08-09,6498,41612,3518.0,341.0,24.0,10.0,0.0,0.0,2.0,0.0,3.0,380.0,68,13,-
SNO,KT1A,SNOKT1A,TRAFO UNION,N408032,230/121/22,300,2008.0,2019-11-03,2019-12-06,5704,36648,5495.0,416.0,27.0,21.0,0.0,0.0,0.0,0.0,0.0,464.0,70,11,-
SNO,KT1A,SNOKT1A,TRAFO UNION,N408032,230/121/22,300,2008.0,2020-06-06,2020-08-04,9230,32185,4138.0,262.0,21.0,0.0,0.0,0.0,0.0,0.0,0.0,283.0,68,9,
SNO,KT1A,SNOKT1A,TRAFO UNION,N408032,230/121/22,300,2008.0,2020-11-21,2020-11-30,6631,43897,5211.0,280.0,14.0,0.0,0.0,0.0,3.0,2.0,7.0,306.0,69,14,
SNO,KT1A,SNOKT1A,TRAFO UNION,N408032,230/121/22,300,2008.0,2021-06-13,2021-08-28,7405,31835,4180.0,270.0,20.0,10.0,0.0,0.0,5.0,0.0,0.0,305.0,65,13,
SNO,KT1A,SNOKT1A,TRAFO UNION,N408032,230/121/22,300,2008.0,2021-11-14,2021-11-20,6160,37470,5476.0,794.0,4.0,9.0,0.0,0.0,7.0,0.0,3.0,817.0,64,7,
SNO,KT1A,SNOKT1A,TRAFO UNION,N408032,230/121/22,300,2008.0,2022-05-26,2022-05-30,4205,31098,6226.0,352.0,26.0,10.0,0.0,2.0,9.0,0.0,0.0,399.0,62,7,
SNO,KT1A,SNOKT1A,TRAFO UNION,N408032,230/121/22,300,2008.0,2022-11-25,2022-11-28,5836,39146,6220.0,350.0,27.0,19.0,0.0,1.0,5.0,2.0,12.0,416.0,60,4,
SNO,KT1A,SNOKT1A,TRAFO UNION,N408032,230/121/22,300,2008.0,2023-05-20,2023-05-25,5873,37204,6122.0,368.0,18.0,19.0,0.0,0.0,4.0,0.0,7.0,416.0,60,5,
SNO,KT1A,SNOKT1A,TRAFO UNION,N408032,230/121/22,300,2008.0,2023-11-27,2023-12-28,29250,42530,6037.0,362.0,13.0,21.0,0.0,1.0,6.0,33.0,19.0,465.0,60,8,
SNO,KT2A,SNOKT2A,DAIHEN,GBK600001,230/115,300,,2019-05-24,2019-08-09,8061,40181,2214.0,741.0,6.0,5.0,0.0,0.0,2.0,0.0,1.0,755.0,60,9,-
SNO,KT2A,SNOKT2A,DAIHEN,GBK600001,230/115,300,,2019-11-03,2019-12-06,7432,49551,3942.0,982.0,25.0,6.0,0.0,0.0,0.0,0.0,0.0,1013.0,53,9,-
SNO,KT2A,SNOKT2A,DAIHEN,GBK600001,230/115,300,,2020-06-06,2020-08-04,10936,44132,3660.0,752.0,13.0,0.0,0.0,0.0,4.0,0.0,0.0,769.0,62,17,
SNO,KT2A,SNOKT2A,DAIHEN,GBK600001,230/115,300,,2020-11-21,2020-11-30,6736,51515,4678.0,933.0,11.0,0.0,0.0,3.0,3.0,3.0,4.0,957.0,58,8,
SNO,KT2A,SNOKT2A,DAIHEN,GBK600001,230/115,300,,2021-06-13,2021-08-28,6074,41052,4330.0,799.0,15.0,0.0,0.0,0.0,0.0,0.0,0.0,814.0,62,16,
SNO,KT2A,SNOKT2A,DAIHEN,GBK600001,230/115,300,,2021-11-14,2021-11-20,5310,46180,7241.0,836.0,9.0,7.0,0.0,0.0,4.0,0.0,5.0,861.0,54,8,
SNO,KT2A,SNOKT2A,DAIHEN,GBK600001,230/115,300,,2022-05-26,2022-05-29,10999,62932,5307.0,520.0,9.0,6.0,0.0,6.0,3.0,2.0,7.0,573.0,58,10,
SNO,KT2A,SNOKT2A,DAIHEN,GBK600001,230/115,300,,2022-11-25,2022-11-28,7662,57969,5410.0,907.0,12.0,16.0,0.0,2.0,5.0,2.0,5.0,949.0,50,7,
SNO,KT2A,SNOKT2A,DAIHEN,GBK600001,230/115,300,,2023-05-20,2023-05-25,9832,59054,5205.0,883.0,7.0,28.0,0.0,1.0,4.0,3.0,6.0,932.0,53,6,
SNO,KT2A,SNOKT2A,DAIHEN,GBK600001,230/115,300,,2023-11-27,2023-12-28,41690,53470,4766.0,765.0,2.0,11.0,0.0,1.0,5.0,4.0,8.0,796.0,51,8,
SNO,KT5AA,SNOKT5AA,ABB,11135210,500,300,2009.0,2019-05-24,2019-08-09,10383,35098,2897.0,658.0,3.0,7.0,0.0,0.0,3.0,0.0,4.0,675.0,60,14,-
SNO,KT5AA,SNOKT5AA,ABB,11135210,500,300,2009.0,2019-11-30,2019-12-08,8893,38557,3564.0,826.0,17.0,6.0,0.0,0.0,3.0,0.0,2.0,854.0,60,8,-
SNO,KT5AA,SNOKT5AA,ABB,11135210,500,300,2009.0,2020-06-06,2020-08-04,6797,44755,3772.0,802.0,11.0,12.0,0.0,0.0,0.0,0.0,0.0,825.0,63,15,
SNO,KT5AA,SNOKT5AA,ABB,11135210,500,300,2009.0,2020-11-21,2020-11-30,7868,42432,3889.0,822.0,8.0,0.0,0.0,0.0,3.0,0.0,0.0,833.0,62,8,
SNO,KT5AA,SNOKT5AA,ABB,11135210,500,300,2009.0,2021-06-13,2021-08-28,10332,37002,2923.0,703.0,12.0,0.0,0.0,4.0,23.0,0.0,0.0,742.0,65,17,
SNO,KT5AA,SNOKT5AA,ABB,11135210,500,300,2009.0,2021-11-14,2021-11-20,2830,30790,5159.0,801.0,15.0,8.0,0.0,0.0,4.0,0.0,4.0,832.0,56,6,
SNO,KT5AA,SNOKT5AA,ABB,11135210,500,300,2009.0,2022-05-26,2022-05-30,4215,48295,5247.0,782.0,23.0,10.0,0.0,9.0,10.0,40.0,6.0,900.0,60,7,
SNO,KT5AA,SNOKT5AA,ABB,11135210,500,300,2009.0,2022-11-25,2022-11-28,9053,34228,5370.0,981.0,20.0,15.0,0.0,3.0,3.0,0.0,0.0,1022.0,52,5,
SNO,KT5AA,SNOKT5AA,ABB,11135210,500,300,2009.0,2023-05-20,2023-05-25,4812,45426,4806.0,893.0,13.0,17.0,0.0,3.0,7.0,0.0,4.0,937.0,57,11,
SNO,KT5AA,SNOKT5AA,ABB,11135210,500,300,2009.0,2023-11-27,2023-12-28,30060,45240,4346.0,741.0,8.0,13.0,0.0,5.0,5.0,96.0,3.0,871.0,52,8,
SNO,KT5AB,SNOKT5AB,ABB,11135211,500,300,2009.0,2019-05-24,2019-08-09,9669,39352,2873.0,664.0,3.0,6.0,0.0,0.0,2.0,0.0,1.0,676.0,60,14,-
SNO,KT5AB,SNOKT5AB,ABB,11135211,500,300,2009.0,2019-11-30,2019-12-08,11623,41709,3018.0,698.0,19.0,5.0,0.0,0.0,2.0,0.0,1.0,725.0,60,8,-
SNO,KT5AB,SNOKT5AB,ABB,11135211,500,300,2009.0,2020-06-06,2020-08-04,8649,42532,3124.0,686.0,14.0,8.0,0.0,1.0,0.0,2.0,1.0,712.0,63,11,
SNO,KT5AB,SNOKT5AB,ABB,11135211,500,300,2009.0,2020-11-21,2020-11-30,7413,39903,3328.0,757.0,9.0,0.0,0.0,0.0,2.0,3.0,1.0,772.0,62,6,
SNO,KT5AB,SNOKT5AB,ABB,11135211,500,300,2009.0,2021-06-13,2021-08-28,6932,32118,2640.0,693.0,16.0,0.0,0.0,0.0,0.0,0.0,0.0,709.0,65,18,
SNO,KT5AB,SNOKT5AB,ABB,11135211,500,300,2009.0,2021-11-14,2021-11-20,13840,64600,7935.0,225.0,9.0,10.0,0.0,0.0,5.0,19.0,15.0,283.0,54,5,
SNO,KT5AB,SNOKT5AB,ABB,11135211,500,300,2009.0,2022-05-26,2022-05-30,4645,43377,4248.0,683.0,22.0,8.0,0.0,3.0,10.0,30.0,2.0,788.0,58,11,
SNO,KT5AB,SNOKT5AB,ABB,11135211,500,300,2009.0,2022-11-25,2022-11-28,7436,38821,4561.0,876.0,18.0,12.0,0.0,12.0,2.0,3.0,2.0,925.0,50,13,
SNO,KT5AB,SNOKT5AB,ABB,11135211,500,300,2009.0,2023-05-20,2023-05-25,5758,41362,4488.0,802.0,16.0,17.0,0.0,1.0,3.0,0.0,1.0,840.0,55,8,
SNO,KT5AB,SNOKT5AB,ABB,11135211,500,300,2009.0,2023-11-27,2023-12-28,40940,47050,3028.0,670.0,7.0,8.0,0.0,2.0,3.0,53.0,2.0,545.0,51,9,
SNO,KT5AC,SNOKT5AC,ABB,11135212,500,300,2009.0,2019-05-24,2019-08-09,9423,40113,2718.0,630.0,4.0,10.0,0.0,0.0,3.0,0.0,2.0,649.0,61,9,-
SNO,KT5AC,SNOKT5AC,ABB,11135212,500,300,2009.0,2019-11-30,2019-12-08,10821,40985,2873.0,651.0,19.0,9.0,0.0,0.0,4.0,0.0,4.0,687.0,60,14,-
SNO,KT5AC,SNOKT5AC,ABB,11135212,500,300,2009.0,2020-06-06,2020-08-04,8762,33951,2902.0,626.0,14.0,12.0,0.0,0.0,6.0,0.0,0.0,658.0,64,11,
SNO,KT5AC,SNOKT5AC,ABB,11135212,500,300,2009.0,2020-11-21,2020-11-30,6336,31134,3223.0,648.0,19.0,13.0,0.0,0.0,9.0,0.0,0.0,689.0,64,7,
SNO,KT5AC,SNOKT5AC,ABB,11135212,500,300,2009.0,2021-06-13,2021-08-28,7480,34837,2746.0,628.0,18.0,13.0,0.0,5.0,7.0,0.0,0.0,671.0,66,12,
SNO,KT5AC,SNOKT5AC,ABB,11135212,500,300,2009.0,2021-11-14,2021-11-20,4510,36510,5497.0,768.0,8.0,9.0,0.0,0.0,6.0,0.0,3.0,794.0,55,6,
SNO,KT5AC,SNOKT5AC,ABB,11135212,500,300,2009.0,2022-05-26,2022-05-29,8835,45182,3375.0,465.0,16.0,8.0,0.0,4.0,10.0,23.0,6.0,552.0,60,8,
SNO,KT5AC,SNOKT5AC,ABB,11135212,500,300,2009.0,2022-11-25,2022-11-28,4463,38499,3476.0,468.0,26.0,18.0,0.0,4.0,7.0,7.0,3.0,533.0,50,8,
SNO,KT5AC,SNOKT5AC,ABB,11135212,500,300,2009.0,2023-05-20,2023-05-25,5094,42041,3619.0,464.0,23.0,22.0,0.0,2.0,6.0,6.0,3.0,526.0,55,12,
SNO,KT5AC,SNOKT5AC,ABB,11135212,500,300,2009.0,2023-11-27,2023-12-26,5110,25890,4517.0,832.0,24.0,16.0,0.0,3.0,7.0,0.0,2.0,884.0,51,9,
SNO,KT6AA,SNOKT6AA,ABB,11155008,500,300,2009.0,2019-05-24,2019-08-09,4936,36228,3291.0,634.0,7.0,12.0,0.0,3.0,4.0,0.0,0.0,660.0,62,13,-
SNO,KT6AA,SNOKT6AA,ABB,11155008,500,300,2009.0,2019-11-03,2019-12-06,4837,36849,4766.0,993.0,19.0,15.0,0.0,0.0,9.0,0.0,0.0,1036.0,62,10,-
SNO,KT6AA,SNOKT6AA,ABB,11155008,500,300,2009.0,2020-06-06,2020-08-04,7606,41388,3579.0,631.0,25.0,15.0,0.0,0.0,1.0,3.0,5.0,680.0,64,16,
SNO,KT6AA,SNOKT6AA,ABB,11155008,500,300,2009.0,2020-11-21,2020-11-30,8017,38508,4106.0,692.0,22.0,0.0,0.0,0.0,2.0,4.0,1.0,721.0,62,5,
SNO,KT6AA,SNOKT6AA,ABB,11155008,500,300,2009.0,2021-06-13,2021-08-28,5811,33952,2158.0,303.0,34.0,27.0,0.0,9.0,73.0,0.0,7.0,453.0,64,14,
SNO,KT6AA,SNOKT6AA,ABB,11155008,500,300,2009.0,2021-11-14,2021-11-20,2760,31600,6290.0,710.0,43.0,8.0,0.0,0.0,5.0,0.0,2.0,768.0,56,6,
SNO,KT6AA,SNOKT6AA,ABB,11155008,500,300,2009.0,2022-05-26,2022-05-29,6771,43074,4433.0,515.0,38.0,6.0,0.0,8.0,3.0,25.0,1.0,606.0,57,10,
SNO,KT6AA,SNOKT6AA,ABB,11155008,500,300,2009.0,2022-11-25,2022-11-28,7236,38668,4557.0,593.0,41.0,14.0,0.0,2.0,4.0,4.0,2.0,660.0,55,5,
SNO,KT6AA,SNOKT6AA,ABB,11155008,500,300,2009.0,2023-05-20,2023-05-25,5451,40769,4738.0,581.0,34.0,17.0,0.0,1.0,0.0,3.0,1.0,637.0,58,6,
SNO,KT6AA,SNOKT6AA,ABB,11155008,500,300,2009.0,2023-11-27,2023-12-28,34230,49800,4223.0,499.0,18.0,13.0,0.0,2.0,6.0,61.0,4.0,603.0,52,9,
SNO,KT6AB,SNOKT6AB,ABB,11155009,500,300,2009.0,2019-05-24,2019-08-09,5350,24212,1698.0,208.0,7.0,13.0,0.0,10.0,4.0,8.0,0.0,250.0,64,10,-
SNO,KT6AB,SNOKT6AB,ABB,11155009,500,300,2009.0,2019-11-03,2019-12-02,5845,28545,2215.0,265.0,9.0,54.0,0.0,11.0,5.0,8.0,1.0,353.0,62,7,-
SNO,KT6AB,SNOKT6AB,ABB,11155009,500,300,2009.0,2020-06-06,2020-08-04,12451,28373,1843.0,224.0,17.0,13.0,0.0,9.0,10.0,0.0,0.0,273.0,63,21,
SNO,KT6AB,SNOKT6AB,ABB,11155009,500,300,2009.0,2020-11-21,2020-11-30,5608,27195,2515.0,303.0,23.0,2.0,0.0,8.0,5.0,8.0,1.0,350.0,62,6,
SNO,KT6AB,SNOKT6AB,ABB,11155009,500,300,2009.0,2021-06-13,2021-08-28,13279,33640,1829.0,249.0,19.0,13.0,0.0,10.0,21.0,0.0,0.0,312.0,64,20,
SNO,KT6AB,SNOKT6AB,ABB,11155009,500,300,2009.0,2021-11-14,2021-11-20,3840,21290,3949.0,330.0,34.0,13.0,0.0,3.0,6.0,0.0,3.0,389.0,58,7,
SNO,KT6AB,SNOKT6AB,ABB,11155009,500,300,2009.0,2022-05-26,2022-06-04,15559,49613,2125.0,76.0,6.0,2.0,0.0,0.0,8.0,0.0,0.0,100.0,,11,
SNO,KT6AB,SNOKT6AB,ABB,11155009,500,300,2009.0,2022-11-25,2022-11-28,3392,18159,2736.0,430.0,40.0,22.0,0.0,13.0,8.0,6.0,3.0,522.0,55,6,
SNO,KT6AB,SNOKT6AB,ABB,11155009,500,300,2009.0,2023-05-20,2023-05-25,7349,30857,2851.0,379.0,22.0,22.0,0.0,18.0,6.0,7.0,1.0,455.0,58,7,
SNO,KT6AB,SNOKT6AB,ABB,11155009,500,300,2009.0,2023-11-27,2023-12-28,35290,45470,2261.0,289.0,13.0,33.0,0.0,7.0,88.0,42.0,68.0,540.0,52,8,
SNO,KT6AC,SNOKT6AC,ABB,11155010,500,300,2010.0,2019-05-24,2019-08-09,8856,42907,2083.0,309.0,6.0,26.0,0.0,10.0,47.0,9.0,24.0,431.0,64,20,-
SNO,KT6AC,SNOKT6AC,ABB,11155010,500,300,2010.0,2019-11-03,2019-12-06,8403,39530,2720.0,373.0,22.0,34.0,0.0,3.0,56.0,23.0,36.0,547.0,64,6,-
SNO,KT6AC,SNOKT6AC,ABB,11155010,500,300,2010.0,2020-06-06,2020-08-04,7493,42158,2551.0,316.0,29.0,27.0,0.0,8.0,54.0,8.0,29.0,471.0,63,10,
SNO,KT6AC,SNOKT6AC,ABB,11155010,500,300,2010.0,2020-11-21,2020-11-30,4075,29094,2591.0,331.0,32.0,29.0,0.0,10.0,90.0,18.0,0.0,510.0,62,5,
SNO,KT6AC,SNOKT6AC,ABB,11155010,500,300,2010.0,2021-06-13,2021-08-29,9968,41218,2879.0,550.0,34.0,0.0,0.0,0.0,16.0,0.0,0.0,600.0,62,21,
SNO,KT6AC,SNOKT6AC,ABB,11155010,500,300,2010.0,2021-11-14,2021-11-20,4780,32720,4588.0,641.0,12.0,9.0,0.0,0.0,5.0,0.0,4.0,671.0,58,5,
SNO,KT6AC,SNOKT6AC,ABB,11155010,500,300,2010.0,2022-05-26,2022-05-30,4126,31621,2990.0,384.0,44.0,27.0,0.0,11.0,95.0,0.0,28.0,589.0,56,5,
SNO,KT6AC,SNOKT6AC,ABB,11155010,500,300,2010.0,2022-11-25,2022-11-28,6730,43198,2948.0,388.0,44.0,45.0,0.0,11.0,84.0,10.0,60.0,642.0,56,12,
SNO,KT6AC,SNOKT6AC,ABB,11155010,500,300,2010.0,2023-05-20,2023-05-25,2347,43915,3129.0,406.0,44.0,46.0,0.0,22.0,86.0,15.0,56.0,675.0,58,5,
SNO,KT6AC,SNOKT6AC,ABB,11155010,500,300,2010.0,2023-11-27,2023-12-28,59840,53930,2148.0,348.0,6.0,16.0,0.0,8.0,10.0,37.0,6.0,431.0,52,10,
SNO,KT7AA,SNOKT7AA,GEC ASTHOM,21784115,525/242/22,250,,2019-05-24,2019-08-09,8443,39018,2413.0,618.0,5.0,13.0,0.0,0.0,7.0,0.0,3.0,646.0,62,13,-
SNO,KT7AA,SNOKT7AA,GEC ASTHOM,21784115,525/242/22,250,,2019-11-03,2019-12-06,7065,42068,3043.0,839.0,16.0,9.0,0.0,0.0,4.0,0.0,0.0,868.0,60,13,-
SNO,KT7AA,SNOKT7AA,GEC ASTHOM,21784115,525/242/22,250,,2020-06-06,2020-08-04,26205,57734,2025.0,340.0,10.0,0.0,0.0,0.0,6.0,0.0,0.0,356.0,61,21,
SNO,KT7AA,SNOKT7AA,GEC ASTHOM,21784115,525/242/22,250,,2020-11-21,2020-11-30,20626,66626,3312.0,670.0,14.0,0.0,0.0,0.0,0.0,0.0,0.0,684.0,60,6,
SNO,KT7AA,SNOKT7AA,GEC ASTHOM,21784115,525/242/22,250,,2021-06-13,2021-08-28,13898,44396,2464.0,613.0,11.0,0.0,0.0,0.0,7.0,0.0,0.0,631.0,62,17,
SNO,KT7AA,SNOKT7AA,GEC ASTHOM,21784115,525/242/22,250,,2021-11-14,2021-11-20,5280,33020,3778.0,253.0,30.0,40.0,0.0,2.0,73.0,0.0,55.0,453.0,57,7,
SNO,KT7AA,SNOKT7AA,GEC ASTHOM,21784115,525/242/22,250,,2022-05-26,2022-05-30,2064,34518,4236.0,1004.0,13.0,12.0,0.0,0.0,9.0,0.0,0.0,1038.0,63,9,
SNO,KT7AA,SNOKT7AA,GEC ASTHOM,21784115,525/242/22,250,,2022-11-25,2022-11-28,7976,47532,4247.0,1044.0,9.0,19.0,0.0,1.0,8.0,2.0,3.0,1086.0,56,5,
SNO,KT7AA,SNOKT7AA,GEC ASTHOM,21784115,525/242/22,250,,2023-05-20,2023-05-25,7674,45402,4157.0,957.0,4.0,30.0,0.0,0.0,6.0,0.0,3.0,1000.0,58,7,
SNO,KT7AA,SNOKT7AA,GEC ASTHOM,21784115,525/242/22,250,,2023-11-27,2023-12-26,5540,30260,5492.0,973.0,6.0,19.0,0.0,0.0,9.0,87.0,3.0,1097.0,54,10,
SNO,KT7AB,SNOKT7AB,GEC ALSTHOM,21784116,525/242/22,250,,2019-05-24,2019-08-09,7751,35712,2864.0,712.0,4.0,0.0,0.0,0.0,4.0,0.0,1.0,721.0,53,13,-
SNO,KT7AB,SNOKT7AB,GEC ALSTHOM,21784116,525/242/22,250,,2019-11-03,2019-12-02,18687,37696,3048.0,746.0,3.0,38.0,0.0,1.0,2.0,1.0,2.0,793.0,62,19,-
SNO,KT7AB,SNOKT7AB,GEC ALSTHOM,21784116,525/242/22,250,,2020-06-06,2020-08-04,12988,42296,3147.0,639.0,12.0,0.0,0.0,0.0,0.0,0.0,0.0,651.0,62,17,
SNO,KT7AB,SNOKT7AB,GEC ALSTHOM,21784116,525/242/22,250,,2020-11-21,2020-11-30,8417,36278,3859.0,734.0,11.0,11.0,0.0,0.0,8.0,0.0,0.0,764.0,62,9,
SNO,KT7AB,SNOKT7AB,GEC ALSTHOM,21784116,525/242/22,250,,2021-06-13,2021-08-29,17011,48439,2754.0,558.0,10.0,0.0,0.0,0.0,21.0,0.0,0.0,589.0,64,20,
SNO,KT7AB,SNOKT7AB,GEC ALSTHOM,21784116,525/242/22,250,,2021-11-14,2021-11-20,3520,34160,6805.0,909.0,8.0,10.0,0.0,0.0,7.0,0.0,3.0,937.0,58,7,
SNO,KT7AB,SNOKT7AB,GEC ALSTHOM,21784116,525/242/22,250,,2022-05-26,2022-05-30,1812,37126,5084.0,1006.0,10.0,12.0,0.0,0.0,15.0,0.0,3.0,1046.0,62,12,
SNO,KT7AB,SNOKT7AB,GEC ALSTHOM,21784116,525/242/22,250,,2022-11-25,2022-11-28,9896,51101,5066.0,1008.0,7.0,19.0,0.0,1.0,8.0,2.0,3.0,1048.0,57,7,
SNO,KT7AB,SNOKT7AB,GEC ALSTHOM,21784116,525/242/22,250,,2023-05-20,2023-05-25,8407,43362,5164.0,977.0,3.0,18.0,0.0,0.0,6.0,0.0,2.0,1006.0,60,8,
SNO,KT7AB,SNOKT7AB,GEC ALSTHOM,21784116,525/242/22,250,,2023-11-27,2023-12-28,37400,50000,4459.0,882.0,1.0,17.0,0.0,0.0,9.0,98.0,4.0,1011.0,54,11,
SNO,KT7AC,SNOKT7AC,GEC ALSTHOM,21784117,525/242/22,250,,2019-05-24,2019-08-09,9243,37462,2865.0,877.0,6.0,11.0,0.0,0.0,5.0,0.0,2.0,901.0,61,8,-
SNO,KT7AC,SNOKT7AC,GEC ALSTHOM,21784117,525/242/22,250,,2019-11-03,2019-12-06,10993,51078,3872.0,1064.0,17.0,11.0,0.0,0.0,6.0,0.0,0.0,1098.0,62,18,-
SNO,KT7AC,SNOKT7AC,GEC ALSTHOM,21784117,525/242/22,250,,2020-06-06,2020-08-04,9020,51079,3758.0,913.0,9.0,16.0,0.0,0.0,0.0,3.0,3.0,944.0,62,15,
SNO,KT7AC,SNOKT7AC,GEC ALSTHOM,21784117,525/242/22,250,,2020-11-21,2020-11-30,8137,38879,3895.0,904.0,13.0,12.0,0.0,0.0,0.0,0.0,0.0,929.0,,6,
SNO,KT7AC,SNOKT7AC,GEC ALSTHOM,21784117,525/242/22,250,,2021-06-13,2021-08-29,8643,58095,3389.0,801.0,14.0,13.0,0.0,0.0,9.0,0.0,0.0,837.0,64,25,
SNO,KT7AC,SNOKT7AC,GEC ALSTHOM,21784117,525/242/22,250,,2021-11-14,2021-11-20,6120,34140,4800.0,679.0,5.0,8.0,0.0,0.0,5.0,0.0,3.0,700.0,58,5,
SNO,KT7AC,SNOKT7AC,GEC ALSTHOM,21784117,525/242/22,250,,2022-05-26,2022-05-30,3926,42052,5093.0,1214.0,14.0,14.0,0.0,2.0,8.0,0.0,0.0,1252.0,62,8,
SNO,KT7AC,SNOKT7AC,GEC ALSTHOM,21784117,525/242/22,250,,2022-11-25,2022-11-28,3552,38476,5087.0,1210.0,14.0,27.0,0.0,3.0,11.0,4.0,6.0,1275.0,55,5,
SNO,KT7AC,SNOKT7AC,GEC ALSTHOM,21784117,525/242/22,250,,2023-05-20,2023-05-25,3531,49895,5238.0,973.0,7.0,36.0,0.0,0.0,8.0,0.0,3.0,1027.0,58,10,
SNO,KT7AC,SNOKT7AC,GEC ALSTHOM,21784117,525/242/22,250,,2023-11-27,2023-12-26,6050,33500,6297.0,1191.0,5.0,22.0,0.0,0.0,11.0,23.0,4.0,1256.0,54,11,
SNO1,KT1A,SNO1KT1A,ABB,7128901701,230/121/22,300,2023.0,2023-06-16,2023-06-19,4413,9975,71.0,17.0,5.0,10.0,0.0,0.0,0.0,0.0,0.0,32.0,31,4,ก่อนใช้งาน
SNR-P,KT1A,SNR-PKT1A,MEIDENSHA,5J8777TI,230/115,100,1992.0,2019-07-14,2019-08-17,4908,35136,1317.0,92.0,12.0,20.0,0.0,0.0,62.0,0.0,25.0,211.0,47,13,-
SNR-P,KT1A,SNR-PKT1A,MEIDENSHA,5J8777TI,230/115,100,1992.0,2019-10-06,2019-10-17,6060,34630,1202.0,71.0,18.0,24.0,0.0,0.0,57.0,0.0,36.0,206.0,45,10,ROUTINE TEST
SNR-P,KT1A,SNR-PKT1A,MEIDENSHA,5J8777TI,230/115,100,1992.0,2021-04-17,2021-06-04,4905,45017,942.0,56.0,36.0,18.0,0.0,1.0,43.0,2.0,35.0,191.0,50,10,
SNR-P,KT1A,SNR-PKT1A,MEIDENSHA,5J8777TI,230/115,100,1992.0,2022-03-01,2022-03-07,4890,26418,1301.0,90.0,8.0,58.0,0.0,4.0,74.0,0.0,38.0,272.0,45,6,
SNR-P,KT1A,SNR-PKT1A,MEIDENSHA,5J8777TI,230/115,100,1992.0,2022-04-17,2022-04-21,3099,32387,1335.0,93.0,6.0,25.0,0.0,3.0,71.0,0.0,41.0,239.0,51,8,CVT ระเบิด
SNR-P,KT1A,SNR-PKT1A,MEIDENSHA,5J8777TI,230/115,100,1992.0,2023-02-16,2023-02-21,6720,34990,1401.0,92.0,3.0,18.0,0.0,1.0,53.0,4.0,37.0,208.0,45,3,
SNR-P,KT1A,SNR-PKT1A,MEIDENSHA,5J8777TI,230/115,100,1992.0,2023-04-23,2023-04-30,4436,37510,1344.0,93.0,6.0,14.0,0.0,5.0,63.0,2.0,36.0,219.0,45,8,
SNR-P,KT1A,SNR-PKT1A,MEIDENSHA,5J8777TI,230/115,100,1992.0,2024-02-15,2024-03-17,6767,30812,1310.0,83.0,6.0,11.0,0.0,2.0,65.0,0.0,33.0,200.0,48,13,
SNR-P,KT2A,SNR-PKT2A,OSAKA,528571,115/11,4,1979.0,2019-07-14,2019-08-17,4919,45982,4182.0,74.0,14.0,13.0,0.0,0.0,32.0,0.0,9.0,142.0,45,23,-
SNR-P,KT2A,SNR-PKT2A,OSAKA,528571,115/11,4,1979.0,2020-05-08,2020-05-27,4998,68639,4381.0,65.0,16.0,16.0,0.0,0.0,32.0,0.0,0.0,129.0,45,19,
SNR-P,KT2A,SNR-PKT2A,OSAKA,528571,115/11,4,1979.0,2021-04-14,2021-06-05,5437,71954,4563.0,69.0,15.0,14.0,0.0,0.0,71.0,0.0,16.0,185.0,49,18,
SNR-P,KT2A,SNR-PKT2A,OSAKA,528571,115/11,4,1979.0,2022-04-17,2022-04-21,3540,86076,5452.0,74.0,9.0,41.0,0.0,4.0,54.0,3.0,27.0,212.0,38,14,CVT ระเบิด
SNR-P,KT2A,SNR-PKT2A,OSAKA,528571,115/11,4,1979.0,2023-04-23,2023-05-04,4860,84006,4478.0,64.0,5.0,34.0,0.0,5.0,48.0,6.0,29.0,191.0,45,18,
SNR-P,KT2A,SNR-PKT2A,OSAKA,528571,115/11,4,1979.0,2024-02-15,2024-03-17,12856,45226,4220.0,91.0,8.0,31.0,0.0,13.0,5.0,0.0,0.0,148.0,50,24,
SNR-P,KT3A,SNR-PKT3A,TUSCO TRAFO,421036,22/11,2,2013.0,2022-04-17,2022-04-21,7480,74202,1911.0,183.0,4.0,2.0,0.0,15.0,1.0,4.0,2.0,211.0,51,8,CVT ระเบิด
SNR-P,KT3A,SNR-PKT3A,TUSCO TRAFO,421036,22/11,2,2013.0,2022-06-02,2022-06-03,8576,74537,1839.0,208.0,146.0,0.0,0.0,11.0,0.0,2.0,0.0,367.0,55,8,หม้อแปลง Trip ด้วย Buchholz Relay (เนื่องจากกระรอกขึ้นไปบน Line และทำให้ PT Trip ลง Ground)
SO1,KT1A,SO1KT1A,DAIHEN,8T9792T3,115/22/11,50,2002.0,2019-02-11,2019-05-12,14208,49834,1626.0,809.0,2.0,8.0,0.0,3.0,1.0,2.0,1.0,826.0,48,18,-
SO1,KT1A,SO1KT1A,DAIHEN,8T9792T3,115/22/11,50,2002.0,2020-04-11,2020-05-17,13591,67304,1815.0,923.0,15.0,8.0,0.0,0.0,2.0,0.0,2.0,950.0,57,19,
SO1,KT1A,SO1KT1A,DAIHEN,8T9792T3,115/22/11,50,2002.0,2021-02-11,2021-06-14,14096,51876,2180.0,582.0,24.0,5.0,0.0,1.0,1.0,0.0,2.0,615.0,49,7,
SO1,KT1A,SO1KT1A,DAIHEN,8T9792T3,115/22/11,50,2002.0,2022-01-25,2022-02-06,10235,69453,2918.0,777.0,5.0,6.0,0.0,1.0,2.0,0.0,2.0,793.0,41,6,
SO1,KT1A,SO1KT1A,DAIHEN,8T9792T3,115/22/11,50,2002.0,2023-01-22,2023-02-04,11280,55546,2466.0,1008.0,9.0,8.0,0.0,6.0,0.0,0.0,0.0,1031.0,47,6,
SO1,KT1A,SO1KT1A,DAIHEN,8T9792T3,115/22/11,50,2002.0,2024-01-21,2024-02-10,4260,28980,2820.0,826.0,5.0,8.0,0.0,28.0,7.0,1.0,1.0,876.0,47,10,
SO1,KT3A,SO1KT3A,DAIHEN,8T9792T4,115/22/11,50,2002.0,2019-02-11,2019-05-10,13807,60719,1937.0,806.0,8.0,10.0,0.0,0.0,0.0,0.0,0.0,824.0,52,17,-
SO1,KT3A,SO1KT3A,DAIHEN,8T9792T4,115/22/11,50,2002.0,2020-04-11,2020-05-24,14956,56720,2316.0,834.0,11.0,0.0,0.0,0.0,0.0,0.0,0.0,845.0,60,17,
SO1,KT3A,SO1KT3A,DAIHEN,8T9792T4,115/22/11,50,2002.0,2021-02-11,2021-05-24,14901,54263,4321.0,816.0,75.0,12.0,0.0,1.0,4.0,0.0,4.0,912.0,53,20,
SO1,KT3A,SO1KT3A,DAIHEN,8T9792T4,115/22/11,50,2002.0,2022-01-25,2022-02-06,7961,72750,3274.0,605.0,31.0,7.0,0.0,5.0,4.0,2.0,5.0,659.0,44,9,
SO1,KT3A,SO1KT3A,DAIHEN,8T9792T4,115/22/11,50,2002.0,2023-01-22,2023-02-06,30233,80570,3501.0,700.0,8.0,11.0,0.0,5.0,3.0,3.0,3.0,733.0,49,6,
SO1,KT3A,SO1KT3A,DAIHEN,8T9792T4,115/22/11,50,2002.0,2024-01-21,2024-02-05,24620,62815,3884.0,704.0,3.0,3.0,0.0,2.0,1.0,29.0,0.0,742.0,50,9,
SO2,KT2A,SO2KT2A,DAIHEN,5BK014202,230/121/22,120/160/200,2010.0,2019-02-10,2019-05-12,10938,26610,707.0,161.0,19.0,0.0,0.0,0.0,0.0,0.0,0.0,180.0,42,15,-
SO2,KT2A,SO2KT2A,DAIHEN,5BK014202,230/121/22,120/160/200,2010.0,2019-08-31,2019-09-28,10591,51024,846.0,164.0,29.0,7.0,0.0,0.0,6.0,0.0,2.0,208.0,48,12,-
SO2,KT2A,SO2KT2A,DAIHEN,5BK014202,230/121/22,120/160/200,2010.0,2020-04-12,2020-05-17,6072,23267,1027.0,364.0,16.0,2.0,0.0,0.0,1.0,0.0,0.0,383.0,50,9,
SO2,KT2A,SO2KT2A,DAIHEN,5BK014202,230/121/22,120/160/200,2010.0,2020-07-05,2020-08-15,9890,42100,805.0,137.0,38.0,0.0,0.0,0.0,0.0,0.0,0.0,175.0,46,24,
SO2,KT2A,SO2KT2A,DAIHEN,5BK014202,230/121/22,120/160/200,2010.0,2021-02-11,2021-05-24,16659,44661,1929.0,486.0,20.0,2.0,0.0,0.0,1.0,1.0,1.0,511.0,43,25,
SO2,KT2A,SO2KT2A,DAIHEN,5BK014202,230/121/22,120/160/200,2010.0,2021-09-03,2021-11-06,14943,31864,985.0,280.0,20.0,0.0,0.0,0.0,13.0,0.0,0.0,313.0,46,25,
SO2,KT2A,SO2KT2A,DAIHEN,5BK014202,230/121/22,120/160/200,2010.0,2022-01-21,2022-02-06,12848,69831,1253.0,286.0,32.0,3.0,0.0,1.0,1.0,1.0,1.0,325.0,43,7,
SO2,KT2A,SO2KT2A,DAIHEN,5BK014202,230/121/22,120/160/200,2010.0,2022-07-28,2022-08-20,2290,25607,1047.0,410.0,6.0,7.0,0.0,1.0,1.0,0.0,0.0,425.0,48,17,
SO2,KT2A,SO2KT2A,DAIHEN,5BK014202,230/121/22,120/160/200,2010.0,2023-01-23,2023-02-04,6249,21579,1052.0,436.0,20.0,5.0,0.0,0.0,0.0,0.0,0.0,461.0,39,9,
SO2,KT2A,SO2KT2A,DAIHEN,5BK014202,230/121/22,120/160/200,2010.0,2023-07-15,2023-08-05,13076,21119,1330.0,543.0,2.0,2.0,0.0,0.0,1.0,1.0,1.0,550.0,48,12,
SO2,KT2A,SO2KT2A,DAIHEN,5BK014202,230/121/22,120/160/200,2010.0,2024-01-22,2024-02-05,12250,23340,1043.0,377.0,12.0,10.0,0.0,1.0,1.0,2.0,1.0,404.0,42,10,
SO2,KT3A,SO2KT3A,DAIHEN,5BK014203,230/121/22,120/160/200,2010.0,2019-02-10,2019-05-12,10943,25610,706.0,159.0,21.0,0.0,0.0,0.0,0.0,0.0,0.0,180.0,42,21,-
SO2,KT3A,SO2KT3A,DAIHEN,5BK014203,230/121/22,120/160/200,2010.0,2019-08-31,2019-09-28,7032,21587,934.0,267.0,28.0,2.0,0.0,0.0,0.0,0.0,0.0,297.0,48,10,-
SO2,KT3A,SO2KT3A,DAIHEN,5BK014203,230/121/22,120/160/200,2010.0,2020-04-12,2020-05-17,6634,28895,1009.0,372.0,15.0,2.0,0.0,0.0,1.0,0.0,0.0,390.0,49,9,
SO2,KT3A,SO2KT3A,DAIHEN,5BK014203,230/121/22,120/160/200,2010.0,2020-07-05,2020-08-15,8770,40600,1114.0,190.0,31.0,1.0,0.0,0.0,0.0,0.0,0.0,222.0,46,13,
SO2,KT3A,SO2KT3A,DAIHEN,5BK014203,230/121/22,120/160/200,2010.0,2021-02-11,2021-05-24,9042,46806,893.0,172.0,17.0,0.0,0.0,0.0,0.0,0.0,0.0,189.0,42,38,
SO2,KT3A,SO2KT3A,DAIHEN,5BK014203,230/121/22,120/160/200,2010.0,2021-09-03,2021-11-06,13188,30079,991.0,283.0,16.0,0.0,0.0,0.0,5.0,0.0,0.0,304.0,46,33,
SO2,KT3A,SO2KT3A,DAIHEN,5BK014203,230/121/22,120/160/200,2010.0,2022-01-24,2022-02-05,7754,28196,1287.0,272.0,20.0,1.0,0.0,0.0,1.0,0.0,0.0,294.0,42,13,
SO2,KT3A,SO2KT3A,DAIHEN,5BK014203,230/121/22,120/160/200,2010.0,2022-07-28,2022-08-19,2575,29441,1058.0,383.0,4.0,2.0,0.0,1.0,1.0,0.0,0.0,391.0,46,14,
SO2,KT3A,SO2KT3A,DAIHEN,5BK014203,230/121/22,120/160/200,2010.0,2023-01-23,2023-02-04,6039,26447,652.0,253.0,13.0,2.0,0.0,1.0,1.0,1.0,0.0,271.0,39,8,
SO2,KT3A,SO2KT3A,DAIHEN,5BK014203,230/121/22,120/160/200,2010.0,2023-07-15,2023-08-05,11374,21395,793.0,294.0,3.0,19.0,0.0,17.0,5.0,17.0,3.0,358.0,47,11,
SO2,KT3A,SO2KT3A,DAIHEN,5BK014203,230/121/22,120/160/200,2010.0,2024-01-22,2024-02-05,13420,23390,1165.0,383.0,11.0,10.0,0.0,1.0,1.0,2.0,1.0,409.0,42,8,
SP,KT1A,SPKT1A,MEIDEN,8P9093T1,115/22,50,2004.0,2019-02-14,2019-03-02,5760,49931,2599.0,169.0,57.0,118.0,0.0,4.0,367.0,0.0,211.0,926.0,58,11,-
SP,KT1A,SPKT1A,MEIDEN,8P9093T1,115/22,50,2004.0,2021-02-16,2021-04-27,9540,53000,1212.0,54.0,28.0,83.0,0.0,0.0,272.0,9.0,194.0,640.0,56,14,
SP,KT1A,SPKT1A,MEIDEN,8P9093T1,115/22,50,2004.0,2022-01-30,2022-02-05,3500,69590,2810.0,109.0,16.0,79.0,0.0,1.0,307.0,14.0,200.0,726.0,57,12,
SP,KT1A,SPKT1A,MEIDEN,8P9093T1,115/22,50,2004.0,2023-03-24,2023-04-06,6955,49094,3012.0,165.0,5.0,66.0,0.0,1.0,240.0,6.0,172.0,655.0,57,9,
SP,KT1A,SPKT1A,MEIDEN,8P9093T1,115/22,50,2004.0,2024-02-18,2024-03-17,8156,45575,2954.0,153.0,14.0,75.0,0.0,0.0,314.0,0.0,177.0,733.0,57,11,
SP,KT2A,SPKT2A,MEIDEN,8P9093T2,115/22,50,2004.0,2019-02-14,2019-03-02,9570,47961,2746.0,153.0,45.0,98.0,0.0,15.0,279.0,0.0,156.0,746.0,58,9,-
SP,KT2A,SPKT2A,MEIDEN,8P9093T2,115/22,50,2004.0,2021-02-16,2021-04-27,17221,74938,2449.0,150.0,13.0,88.0,0.0,10.0,319.0,0.0,185.0,765.0,60,23,
SP,KT2A,SPKT2A,MEIDEN,8P9093T2,115/22,50,2004.0,2022-01-30,2022-02-05,3500,69590,3746.0,167.0,16.0,82.0,0.0,3.0,267.0,7.0,173.0,715.0,60,15,
SP,KT2A,SPKT2A,MEIDEN,8P9093T2,115/22,50,2004.0,2023-03-24,2023-04-06,6264,69691,5144.0,207.0,9.0,106.0,0.0,3.0,322.0,8.0,200.0,855.0,62,6,
SP,KT2A,SPKT2A,MEIDEN,8P9093T2,115/22,50,2004.0,2024-02-18,2024-03-17,10253,52650,5203.0,193.0,13.0,97.0,0.0,7.0,330.0,0.0,182.0,822.0,58,13,
SR1,KT1A,SR1KT1A,OSAKA,8S9483T1,115/22,50,2007.0,2019-12-20,2020-01-10,6654,58492,1646.0,169.0,26.0,75.0,0.0,0.0,215.0,0.0,126.0,611.0,42,9,-
SR1,KT1A,SR1KT1A,OSAKA,8S9483T1,115/22,50,2007.0,2020-06-27,2020-08-15,9630,10268,2046.0,79.0,32.0,36.0,0.0,0.0,148.0,53.0,101.0,449.0,58,17,
SR1,KT1A,SR1KT1A,OSAKA,8S9483T1,115/22,50,2007.0,2022-07-03,2022-07-14,5740,65850,2062.0,72.0,8.0,53.0,0.0,0.0,163.0,56.0,115.0,467.0,55,7,
SR1,KT1A,SR1KT1A,OSAKA,8S9483T1,115/22,50,2007.0,2023-02-10,2023-02-25,7449,48104,2127.0,87.0,9.0,73.0,0.0,0.0,194.0,0.0,80.0,443.0,50,6,color 1.5
SR1,KT1A,SR1KT1A,OSAKA,8S9483T1,115/22,50,2007.0,2024-03-22,2024-04-20,19453,88233,2053.0,107.0,5.0,69.0,0.0,6.0,212.0,6.0,140.0,545.0,59,13,
SR1,KT2A,SR1KT2A,MEIDEN,8R8400T1,115/22,50,2009.0,2019-12-20,2020-01-10,1770,73312,1594.0,117.0,2.0,98.0,0.0,2.0,414.0,1.0,397.0,1031.0,48,6,-
SR1,KT2A,SR1KT2A,MEIDEN,8R8400T1,115/22,50,2009.0,2020-06-27,2020-05-18,8120,123410,2990.0,112.0,35.0,113.0,0.0,2.0,482.0,69.0,350.0,1163.0,58,21,
SR1,KT2A,SR1KT2A,MEIDEN,8R8400T1,115/22,50,2009.0,2022-07-03,2022-07-14,8290,68080,2958.0,113.0,37.0,108.0,0.0,3.0,405.0,23.0,347.0,1036.0,62,13,
SR1,KT2A,SR1KT2A,MEIDEN,8R8400T1,115/22,50,2009.0,2023-02-10,2023-02-25,6551,53212,3089.0,125.0,10.0,168.0,0.0,9.0,521.0,0.0,324.0,1157.0,58,5,color 1.5
SR1,KT2A,SR1KT2A,MEIDEN,8R8400T1,115/22,50,2009.0,2024-03-22,2024-04-20,9932,72613,3077.0,168.0,8.0,189.0,0.0,12.0,607.0,19.0,424.0,1427.0,66,10,
SR2,KT1A,SR2KT1A,MITSUBISHI,573077,115/22,40,1998.0,2020-02-10,2020-02-22,4125,23868,2565.0,113.0,302.0,278.0,893.0,276.0,557.0,73.0,335.0,2827.0,-,23,Research เก็บน้ำมันก่อนที่จะทำการตัดกระดาษ
SR2,KT1A,SR2KT1A,MITSUBISHI,573077,115/22,40,1998.0,2020-03-07,2020-03-14,4423,53453,2046.0,54.0,85.0,80.0,296.0,90.0,235.0,19.0,119.0,978.0,62,23,ตามผลเนื่องจากพบC2H2
SR2,KT1A,SR2KT1A,MITSUBISHI,573077,115/22,40,1998.0,2020-03-18,2020-03-18,3636,39804,2305.0,52.0,112.0,92.0,363.0,89.0,259.0,19.0,124.0,1110.0,58,20,"ตามผล C2H2
C2H2"
SR2,KT1A,SR2KT1A,MITSUBISHI,573077,115/22,40,1998.0,2020-03-20,2020-03-21,5253,50568,2013.0,49.0,78.0,76.0,320.0,70.0,226.0,0.0,118.0,937.0,62,21,ตามผล C2H2
SR2,KT1A,SR2KT1A,MITSUBISHI,573077,115/22,40,1998.0,2020-09-18,2020-10-05,12535,22903,232.0,5.0,7.0,0.0,0.0,0.0,37.0,0.0,0.0,49.0,38,10,หลังกรองน้ำมันMaintank และเปลี่ยน Cylinder OLTC
SR2,KT1A,SR2KT1A,MITSUBISHI,573077,115/22,40,1998.0,2021-12-15,2021-12-20,2800,67471,2365.0,135.0,58.0,55.0,23.0,6.0,66.0,9.0,36.0,388.0,56,21,repeat
SR2,KT1A,SR2KT1A,MITSUBISHI,573077,115/22,40,1998.0,2022-06-18,2022-06-24,7248,68524,708.0,50.0,52.0,42.0,25.0,17.0,66.0,11.0,42.0,305.0,58,19,
SR2,KT1A,SR2KT1A,MITSUBISHI,573077,115/22,40,1998.0,2022-12-22,2023-01-14,5165,22518,209.0,12.0,2.0,2.0,0.0,1.0,16.0,1.0,21.0,55.0,34,12,after replace seal
SR2,KT1A,SR2KT1A,MITSUBISHI,573077,115/22,40,1998.0,2023-06-11,2023-06-16,1500,339940,1437.0,146.0,27.0,31.0,0.0,5.0,42.0,6.0,24.0,281.0,58,20,
SR2,KT1A,SR2KT1A,MITSUBISHI,573077,115/22,40,1998.0,2024-03-24,2024-04-19,5617,47665,1581.0,160.0,21.0,80.0,0.0,9.0,110.0,7.0,57.0,444.0,58,18,
SR2,KT2A,SR2KT2A,DAIHEN,GBK604201,230/115,300,2019.0,2019-12-22,2020-01-04,12849,28281,312.0,27.0,7.0,0.0,0.0,0.0,0.0,0.0,0.0,34.0,32,13,นำเข้าใช้งานใหม่
SR2,KT2A,SR2KT2A,DAIHEN,GBK604201,230/115,300,2019.0,2020-06-29,2020-08-15,7158,31099,606.0,87.0,21.0,4.0,0.0,1.0,2.0,1.0,1.0,117.0,54,12,
SR2,KT2A,SR2KT2A,DAIHEN,GBK604201,230/115,300,2019.0,2021-06-21,2021-07-02,8480,32511,1122.0,176.0,38.0,6.0,0.0,1.0,3.0,2.0,2.0,228.0,55,28,
SR2,KT2A,SR2KT2A,DAIHEN,GBK604201,230/115,300,2019.0,2022-06-18,2022-06-25,4020,21865,1389.0,207.0,47.0,3.0,0.0,0.0,6.0,0.0,0.0,263.0,56,7,
SR2,KT2A,SR2KT2A,DAIHEN,GBK604201,230/115,300,2019.0,2023-06-11,2023-06-16,2841,19266,1929.0,292.0,67.0,11.0,0.0,1.0,5.0,0.0,0.0,376.0,57,6,
SR2,KT2A,SR2KT2A,DAIHEN,GBK604201,230/115,300,2019.0,2023-11-18,2023-12-28,12521,36092,2049.0,283.0,57.0,10.0,0.0,0.0,4.0,11.0,0.0,365.0,42,7,
SR2,KT2A,SR2KT2A,DAIHEN,GBK604201,230/115,300,2019.0,2024-03-24,2024-04-19,7542,36344,1568.0,213.0,33.0,14.0,0.0,2.0,5.0,3.0,3.0,273.0,58,13,
SR2,KT3A,SR2KT3A,DAIHEN,GBK604202,230/115,300,2019.0,2019-11-01,2019-11-10,19861,66010,105.0,14.0,19.0,2.0,0.0,0.0,2.0,0.0,2.0,39.0,42,7,เข้าใช้งานครั้งแรก 9/10/48
SR2,KT3A,SR2KT3A,DAIHEN,GBK604202,230/115,300,2019.0,2019-12-22,2020-01-04,12096,28111,429.0,49.0,14.0,0.0,0.0,0.0,0.0,0.0,0.0,63.0,33,13,ตามผลหลังเข้าใช้งานมากกว่า1เดือน
SR2,KT3A,SR2KT3A,DAIHEN,GBK604202,230/115,300,2019.0,2020-06-29,2020-08-15,7890,37770,899.0,83.0,44.0,12.0,0.0,0.0,2.0,1.0,2.0,144.0,54,15,
SR2,KT3A,SR2KT3A,DAIHEN,GBK604202,230/115,300,2019.0,2021-06-21,2021-07-02,7282,34725,1110.0,169.0,52.0,9.0,0.0,1.0,5.0,1.0,3.0,240.0,54,6,
SR2,KT3A,SR2KT3A,DAIHEN,GBK604202,230/115,300,2019.0,2022-06-18,2022-06-25,4309,21842,1311.0,177.0,66.0,5.0,0.0,0.0,4.0,0.0,0.0,252.0,54,8,
SR2,KT3A,SR2KT3A,DAIHEN,GBK604202,230/115,300,2019.0,2023-06-11,2023-06-16,2759,23241,1860.0,256.0,82.0,15.0,0.0,2.0,5.0,0.0,0.0,360.0,55,11,
SR2,KT3A,SR2KT3A,DAIHEN,GBK604202,230/115,300,2019.0,2023-11-18,2023-12-28,10693,34236,1798.0,237.0,64.0,10.0,0.0,0.0,5.0,4.0,6.0,326.0,41,9,
SR2,KT3A,SR2KT3A,DAIHEN,GBK604202,230/115,300,2019.0,2024-03-24,2024-04-19,4923,34882,1408.0,182.0,45.0,15.0,0.0,3.0,5.0,3.0,3.0,256.0,56,11,
SR2,KT4A,SR2KT4A,TRAFO-UNION,408030,230/115,300,2009.0,2019-11-01,2019-11-10,8510,34130,155.0,23.0,9.0,0.0,0.0,0.0,0.0,0.0,0.0,32.0,57,12,เข้าใช้งานครั้งแรก 19/10/48
SR2,KT4A,SR2KT4A,TRAFO-UNION,408030,230/115,300,2009.0,2019-12-22,2020-01-04,24102,42882,767.0,72.0,4.0,0.0,0.0,0.0,0.0,0.0,0.0,76.0,46,15,ตามผลหลังเข้าใช้งานมากกว่า1เดือน
SR2,KT4A,SR2KT4A,TRAFO-UNION,408030,230/115,300,2009.0,2020-06-28,2020-08-15,8559,28254,1559.0,144.0,19.0,2.0,0.0,1.0,1.0,0.0,2.0,169.0,62,13,
SR2,KT4A,SR2KT4A,TRAFO-UNION,408030,230/115,300,2009.0,2021-06-21,2021-07-02,6221,29876,3338.0,310.0,31.0,6.0,0.0,0.0,0.0,1.0,4.0,352.0,62,12,
SR2,KT4A,SR2KT4A,TRAFO-UNION,408030,230/115,300,2009.0,2022-06-18,2022-06-25,3490,21048,4418.0,374.0,38.0,2.0,0.0,1.0,5.0,0.0,0.0,420.0,58,13,
SR2,KT4A,SR2KT4A,TRAFO-UNION,408030,230/115,300,2009.0,2023-06-11,2023-06-16,2754,19778,4937.0,435.0,38.0,10.0,0.0,0.0,5.0,0.0,0.0,488.0,60,10,
SR2,KT4A,SR2KT4A,TRAFO-UNION,408030,230/115,300,2009.0,2023-11-18,2023-12-28,12026,35077,5120.0,437.0,32.0,8.0,0.0,0.0,4.0,0.0,10.0,491.0,57,10,
SR2,KT4A,SR2KT4A,TRAFO-UNION,408030,230/115,300,2009.0,2024-03-24,2024-04-19,4977,34308,4525.0,387.0,12.0,16.0,0.0,2.0,12.0,1.0,9.0,439.0,60,10,
SR2,KT5A,SR2KT5A,MITSUBISHI,573068,115/22,40,1997.0,2019-12-21,2020-01-10,4485,57812,5921.0,276.0,27.0,137.0,0.0,18.0,307.0,26.0,169.0,960.0,25,10,-
SR2,KT5A,SR2KT5A,MITSUBISHI,573068,115/22,40,1997.0,2020-06-28,2020-08-15,7000,130840,8660.0,183.0,32.0,112.0,0.0,0.0,246.0,84.0,212.0,869.0,58,23,
SR3,KT1A,SR3KT1A,ELECTRO-BAU,136698,115/22,50,2000.0,2021-12-04,2022-01-15,20790,49980,443.0,4.0,0.0,1.0,0.0,0.0,1.0,1.0,2.0,9.0,36,11,
SR4,KT1A,SR4KT1A,MEIDEN,8N5451T2,115/22,50,2014.0,2019-12-19,2020-01-10,14523,79174,3319.0,1379.0,26.0,5.0,0.0,0.0,1.0,1.0,2.0,1414.0,45,8,-
SR4,KT1A,SR4KT1A,MEIDEN,8N5451T2,115/22,50,2014.0,2020-06-26,2020-08-15,15406,74546,2850.0,966.0,4.0,7.0,0.0,5.0,0.0,1.0,0.0,983.0,54,13,
SR4,KT1A,SR4KT1A,MEIDEN,8N5451T2,115/22,50,2014.0,2022-07-30,2022-08-07,2837,79484,3413.0,817.0,2.0,10.0,0.0,9.0,2.0,2.0,1.0,843.0,48,8,
SR4,KT1A,SR4KT1A,MEIDEN,8N5451T2,115/22,50,2014.0,2023-02-03,2023-02-26,16170,65856,3270.0,842.0,7.0,10.0,0.0,13.0,7.0,0.0,0.0,879.0,53,15,
SR4,KT1A,SR4KT1A,MEIDEN,8N5451T2,115/22,50,2014.0,2024-05-11,2024-05-18,4604,36109,3630.0,1477.0,10.0,10.0,0.0,17.0,8.0,0.0,0.0,1522.0,54,8,
SR4,KT2A,SR4KT2A,MEIDEN,8R8403T2,115/22,50,2007.0,2019-12-19,2020-01-12,21324,80421,1020.0,79.0,9.0,70.0,0.0,7.0,336.0,1.0,333.0,835.0,50,8,-
SR4,KT2A,SR4KT2A,MEIDEN,8R8403T2,115/22,50,2007.0,2020-06-26,2020-08-15,10960,126060,1576.0,101.0,11.0,92.0,0.0,1.0,291.0,126.0,232.0,854.0,58,19,
SR4,KT2A,SR4KT2A,MEIDEN,8R8403T2,115/22,50,2007.0,2022-07-30,2022-08-07,12150,61302,1204.0,121.0,3.0,150.0,0.0,10.0,546.0,0.0,340.0,1170.0,52,8,
SR4,KT2A,SR4KT2A,MEIDEN,8R8403T2,115/22,50,2007.0,2023-02-03,2023-02-26,5293,51622,1300.0,154.0,10.0,145.0,0.0,9.0,488.0,0.0,280.0,1086.0,57,11,
SR4,KT2A,SR4KT2A,MEIDEN,8R8403T2,115/22,50,2007.0,2024-05-11,2024-05-18,1837,29171,1354.0,197.0,13.0,144.0,0.0,11.0,548.0,10.0,333.0,1256.0,56,5,
SRD,KT1A,SRDKT1A,VOLTA WERKE,60542-001,115/22,25,1993.0,2019-02-09,2019-03-11,10244,44658,921.0,99.0,5.0,7.0,0.0,0.0,11.0,0.0,3.0,125.0,-,26,Tx.Trip over current relay ด้านHV&LV
SRD,KT1A,SRDKT1A,VOLTA WERKE,60542-001,115/22,25,1993.0,2019-03-12,2019-04-26,7658,29731,975.0,118.0,21.0,19.0,0.0,0.0,11.0,0.0,0.0,169.0,51,17,-
SRD,KT1A,SRDKT1A,VOLTA WERKE,60542-001,115/22,25,1993.0,2020-03-11,2020-03-28,3627,62547,882.0,176.0,13.0,60.0,0.0,1.0,87.0,0.0,61.0,398.0,40,11,
SRD,KT1A,SRDKT1A,VOLTA WERKE,60542-001,115/22,25,1993.0,2020-06-02,2020-06-16,15229,37629,1091.0,91.0,17.0,17.0,0.0,51.0,37.0,0.0,0.0,213.0,,11,
SRD,KT1A,SRDKT1A,VOLTA WERKE,60542-001,115/22,25,1993.0,2021-02-27,2021-05-21,9167,39809,372.0,82.0,20.0,25.0,0.0,3.0,18.0,2.0,9.0,159.0,47,23,
SRD,KT1A,SRDKT1A,VOLTA WERKE,60542-001,115/22,25,1993.0,2022-02-16,2022-03-26,17165,54181,1085.0,176.0,13.0,0.0,0.0,6.0,22.0,0.0,0.0,217.0,45,9,
SRD,KT1A,SRDKT1A,VOLTA WERKE,60542-001,115/22,25,1993.0,2023-02-16,2023-03-05,29831,64716,1571.0,355.0,15.0,8.0,0.0,16.0,11.0,6.0,7.0,418.0,48,8,
SRD,KT1A,SRDKT1A,VOLTA WERKE,60542-001,115/22,25,1993.0,2024-02-14,2024-03-18,13852,65558,2037.0,444.0,24.0,7.0,0.0,27.0,8.0,10.0,8.0,528.0,48,10,
SRD,KT2A,SRDKT2A,VOLTA WERKE,60492-001,115/22/11,25,1993.0,2019-02-09,2019-03-11,9277,44793,1151.0,106.0,2.0,24.0,0.0,2.0,51.0,0.0,23.0,208.0,-,24,Tx.Trip over current relayด้านHV&LV
SRD,KT2A,SRDKT2A,VOLTA WERKE,60492-001,115/22/11,25,1993.0,2020-06-02,2020-06-19,5139,62060,1698.0,202.0,25.0,29.0,0.0,9.0,67.0,0.0,19.0,351.0,,10,
SRD,KT2A,SRDKT2A,VOLTA WERKE,60492-001,115/22/11,25,1993.0,2021-02-27,2021-05-20,9937,63831,1011.0,132.0,23.0,14.0,0.0,0.0,101.0,0.0,23.0,293.0,47,27,
SRD,KT2A,SRDKT2A,VOLTA WERKE,60492-001,115/22/11,25,1993.0,2022-02-16,2022-03-26,7052,62843,1184.0,26.0,23.0,26.0,0.0,2.0,58.0,10.0,56.0,201.0,46,12,
SRD,KT2A,SRDKT2A,VOLTA WERKE,60492-001,115/22/11,25,1993.0,2023-02-16,2023-03-05,5869,65461,1434.0,76.0,19.0,47.0,0.0,5.0,79.0,1.0,50.0,277.0,48,7,
SRD,KT2A,SRDKT2A,VOLTA WERKE,60492-001,115/22/11,25,1993.0,2024-02-14,2024-03-18,6660,64573,1889.0,270.0,22.0,63.0,0.0,10.0,152.0,10.0,75.0,602.0,48,7,
SRT,KT1A,SRTKT1A,FUJI,AV69090T11,230/121/33,100,1999.0,2019-05-27,2019-07-25,6039,40004,3885.0,49.0,20.0,71.0,0.0,0.0,134.0,0.0,66.0,340.0,64,31,-
SRT,KT1A,SRTKT1A,FUJI,AV69090T11,230/121/33,100,1999.0,2019-11-02,2019-12-26,6240,43080,4333.0,49.0,28.0,42.0,0.0,0.0,175.0,0.0,114.0,408.0,59,19,-
SRT,KT1A,SRTKT1A,FUJI,AV69090T11,230/121/33,100,1999.0,2020-03-28,2020-04-11,10451,39682,4134.0,45.0,24.0,23.0,0.0,0.0,112.0,0.0,81.0,285.0,,8,research
SRT,KT1A,SRTKT1A,FUJI,AV69090T11,230/121/33,100,1999.0,2020-05-10,2020-05-31,9845,40215,1784.0,32.0,27.0,44.0,0.0,0.0,161.0,19.0,101.0,384.0,63,12,
SRT,KT1A,SRTKT1A,FUJI,AV69090T11,230/121/33,100,1999.0,2020-10-30,2020-11-29,14045,40410,2724.0,41.0,28.0,86.0,0.0,0.0,185.0,0.0,110.0,450.0,63,10,
SRT,KT1A,SRTKT1A,FUJI,AV69090T11,230/121/33,100,1999.0,2021-05-04,2021-07-25,7680,29905,2896.0,40.0,17.0,26.0,0.0,0.0,114.0,0.0,28.0,225.0,66,30,
SRT,KT1A,SRTKT1A,FUJI,AV69090T11,230/121/33,100,1999.0,2021-11-10,2021-11-23,2990,28810,4014.0,29.0,13.0,29.0,0.0,0.0,125.0,9.0,97.0,302.0,55,12,
SRT,KT1A,SRTKT1A,FUJI,AV69090T11,230/121/33,100,1999.0,2022-05-06,2022-05-15,9171,32904,3564.0,30.0,22.0,24.0,0.0,2.0,127.0,0.0,39.0,244.0,53,9,
SRT,KT1A,SRTKT1A,FUJI,AV69090T11,230/121/33,100,1999.0,2022-12-08,2023-01-13,6070,32580,2643.0,25.0,7.0,20.0,0.0,1.0,97.0,5.0,4.0,159.0,53,13,
SRT,KT1A,SRTKT1A,FUJI,AV69090T11,230/121/33,100,1999.0,2023-05-06,2023-05-15,2920,34730,3842.0,21.0,27.0,33.0,0.0,0.0,127.0,6.0,98.0,312.0,60,15,
SRT,KT1A,SRTKT1A,FUJI,AV69090T11,230/121/33,100,1999.0,2023-12-08,2024-01-25,6942,37338,4253.0,50.0,22.0,36.0,0.0,2.0,145.0,5.0,79.0,339.0,59,13,
SRT,KT2A,SRTKT2A,FUJI,AV69090T12,230/121/33,100,1999.0,2019-05-27,2019-07-25,7545,37903,3147.0,46.0,18.0,41.0,0.0,0.0,151.0,0.0,62.0,318.0,60,19,-
SRT,KT2A,SRTKT2A,FUJI,AV69090T12,230/121/33,100,1999.0,2019-11-02,2019-12-26,13600,74760,3604.0,52.0,28.0,48.0,0.0,0.0,207.0,0.0,137.0,472.0,57,19,-
SRT,KT2A,SRTKT2A,FUJI,AV69090T12,230/121/33,100,1999.0,2020-03-29,2020-04-11,10310,41892,3799.0,50.0,26.0,42.0,0.0,0.0,135.0,0.0,92.0,345.0,,9,research
SRT,KT2A,SRTKT2A,FUJI,AV69090T12,230/121/33,100,1999.0,2020-05-10,2020-05-31,11025,65217,1510.0,34.0,25.0,52.0,0.0,0.0,187.0,20.0,119.0,437.0,,13,
SRT,KT2A,SRTKT2A,FUJI,AV69090T12,230/121/33,100,1999.0,2020-10-30,2020-11-27,3604,24610,1984.0,38.0,22.0,38.0,0.0,0.0,195.0,0.0,124.0,417.0,60,15,
SRT,KT2A,SRTKT2A,FUJI,AV69090T12,230/121/33,100,1999.0,2021-05-04,2021-07-25,6220,34153,2736.0,39.0,22.0,36.0,0.0,0.0,151.0,0.0,39.0,287.0,65,15,
SRT,KT2A,SRTKT2A,FUJI,AV69090T12,230/121/33,100,1999.0,2021-11-10,2021-11-23,3590,33600,3433.0,33.0,12.0,37.0,0.0,0.0,151.0,11.0,109.0,353.0,53,10,
SRT,KT2A,SRTKT2A,FUJI,AV69090T12,230/121/33,100,1999.0,2022-05-06,2022-05-15,4938,34850,3284.0,45.0,22.0,36.0,0.0,2.0,160.0,0.0,48.0,313.0,52,10,
SRT,KT2A,SRTKT2A,FUJI,AV69090T12,230/121/33,100,1999.0,2022-12-08,2023-01-12,2540,33830,3388.0,53.0,13.0,29.0,0.0,0.0,114.0,7.0,79.0,295.0,50,12,
SRT,KT2A,SRTKT2A,FUJI,AV69090T12,230/121/33,100,1999.0,2023-05-06,2023-05-18,4285,40594,2614.0,62.0,41.0,34.0,0.0,4.0,124.0,3.0,68.0,336.0,58,6,
SRT,KT2A,SRTKT2A,FUJI,AV69090T12,230/121/33,100,1999.0,2023-12-08,2024-01-26,9032,44200,3371.0,72.0,35.0,42.0,0.0,3.0,154.0,6.0,87.0,399.0,56,19,
SRT,KT3A,SRTKT3A,TAKAOKA,8545956,230/121/33,100,2000.0,2019-05-27,2019-07-25,9845,44328,4370.0,222.0,13.0,20.0,0.0,0.0,7.0,0.0,0.0,262.0,67,21,-
SRT,KT3A,SRTKT3A,TAKAOKA,8545956,230/121/33,100,2000.0,2019-11-02,2019-12-23,6781,46158,4918.0,223.0,12.0,21.0,0.0,0.0,0.0,3.0,4.0,263.0,62,13,-
SRT,KT3A,SRTKT3A,TAKAOKA,8545956,230/121/33,100,2000.0,2020-05-10,2020-05-31,7012,47521,2293.0,193.0,10.0,43.0,0.0,0.0,9.0,4.0,5.0,264.0,64,11,
SRT,KT3A,SRTKT3A,TAKAOKA,8545956,230/121/33,100,2000.0,2020-10-30,2020-11-29,14148,54916,2720.0,197.0,17.0,51.0,0.0,0.0,24.0,0.0,10.0,299.0,67,16,
SRT,KT3A,SRTKT3A,TAKAOKA,8545956,230/121/33,100,2000.0,2021-05-14,2021-07-24,9586,40529,4584.0,223.0,17.0,19.0,0.0,0.0,9.0,0.0,0.0,268.0,65,17,
SRT,KT3A,SRTKT3A,TAKAOKA,8545956,230/121/33,100,2000.0,2021-11-10,2021-11-23,3310,39150,4959.0,234.0,16.0,39.0,0.0,0.0,9.0,0.0,6.0,304.0,,12,
SRT,KT3A,SRTKT3A,TAKAOKA,8545956,230/121/33,100,2000.0,2022-05-06,2022-05-15,6413,39777,6495.0,246.0,15.0,22.0,0.0,2.0,12.0,0.0,0.0,297.0,58,11,
SRT,KT3A,SRTKT3A,TAKAOKA,8545956,230/121/33,100,2000.0,2022-12-08,2023-01-13,6070,47050,5060.0,157.0,7.0,31.0,0.0,0.0,9.0,0.0,5.0,209.0,56,11,
SRT,KT3A,SRTKT3A,TAKAOKA,8545956,230/121/33,100,2000.0,2023-05-06,2023-05-18,21360,62020,1733.0,23.0,5.0,19.0,0.0,0.0,7.0,284.0,6.0,344.0,64,10,
SRT,KT3A,SRTKT3A,TAKAOKA,8545956,230/121/33,100,2000.0,2023-12-08,2024-01-23,6587,49327,6900.0,143.0,20.0,32.0,0.0,3.0,11.0,2.0,5.0,216.0,68,12,
SS,KT1A,SSKT1A,MEIDEN,8P9098T1,115/22,50,2004.0,2019-03-14,2019-04-26,7731,50249,1497.0,90.0,46.0,60.0,0.0,2.0,170.0,0.0,70.0,438.0,54,18,-
SS,KT1A,SSKT1A,MEIDEN,8P9098T1,115/22,50,2004.0,2020-03-15,2020-03-29,6965,44673,1634.0,98.0,94.0,64.0,0.0,0.0,176.0,0.0,56.0,488.0,51,13,
SS,KT1A,SSKT1A,MEIDEN,8P9098T1,115/22,50,2004.0,2021-01-28,2021-04-25,9255,49167,1255.0,83.0,94.0,53.0,0.0,5.0,194.0,0.0,82.0,511.0,42,9,
SS,KT1A,SSKT1A,MEIDEN,8P9098T1,115/22,50,2004.0,2022-02-18,2022-03-27,9049,45730,1487.0,86.0,49.0,62.0,0.0,5.0,163.0,0.0,77.0,442.0,52,11,
SS,KT1A,SSKT1A,MEIDEN,8P9098T1,115/22,50,2004.0,2023-02-16,2023-03-09,12753,43762,1432.0,83.0,44.0,49.0,0.0,3.0,148.0,0.0,71.0,398.0,57,10,
SS,KT1A,SSKT1A,MEIDEN,8P9098T1,115/22,50,2004.0,2024-02-15,2024-03-19,4760,40473,1697.0,106.0,64.0,56.0,0.0,4.0,180.0,0.0,84.0,494.0,64,9,
SS,KT2A,SSKT2A,MEIDEN,8P9098T2,115/22,50,2004.0,2019-03-14,2019-04-28,10362,45173,1335.0,75.0,23.0,45.0,0.0,0.0,131.0,0.0,51.0,325.0,54,12,-
SS,KT2A,SSKT2A,MEIDEN,8P9098T2,115/22,50,2004.0,2020-03-15,2020-03-28,5416,57704,1531.0,85.0,32.0,82.0,0.0,0.0,233.0,0.0,133.0,565.0,50,8,
SS,KT2A,SSKT2A,MEIDEN,8P9098T2,115/22,50,2004.0,2021-01-28,2021-04-20,7399,48093,1053.0,53.0,81.0,66.0,0.0,1.0,165.0,6.0,121.0,493.0,42,20,
SS,KT2A,SSKT2A,MEIDEN,8P9098T2,115/22,50,2004.0,2022-03-18,2022-03-27,9714,55536,1790.0,86.0,54.0,65.0,0.0,5.0,197.0,0.0,88.0,495.0,52,12,
SS,KT2A,SSKT2A,MEIDEN,8P9098T2,115/22,50,2004.0,2023-02-16,2023-03-05,8673,47642,1838.0,106.0,61.0,70.0,0.0,5.0,169.0,0.0,78.0,489.0,57,8,
SS,KT2A,SSKT2A,MEIDEN,8P9098T2,115/22,50,2004.0,2024-02-15,2024-03-18,9711,49615,1806.0,102.0,52.0,61.0,0.0,0.0,192.0,0.0,89.0,496.0,64,16,
ST,KT1A,STKT1A,ABB,57026,115/22,50,2011.0,2019-04-20,2019-05-16,8322,26605,1899.0,122.0,27.0,0.0,0.0,0.0,0.0,0.0,0.0,149.0,41,13,-
ST,KT1A,STKT1A,ABB,57026,115/22,50,2011.0,2020-03-22,2020-04-07,5267,27301,558.0,140.0,54.0,3.0,0.0,0.0,0.0,0.0,0.0,197.0,40,11,
ST,KT1A,STKT1A,ABB,57026,115/22,50,2011.0,2021-04-10,2021-06-25,15662,33854,2401.0,198.0,23.0,2.0,0.0,0.0,0.0,0.0,0.0,223.0,47,21,
ST,KT1A,STKT1A,ABB,57026,115/22,50,2011.0,2022-05-21,2022-06-05,3466,26102,2623.0,209.0,13.0,2.0,0.0,0.0,0.0,0.0,0.0,224.0,44,17,
ST,KT1A,STKT1A,ABB,57026,115/22,50,2011.0,2023-04-08,2023-04-30,7360,36110,2652.0,256.0,2.0,2.0,0.0,0.0,0.0,0.0,0.0,260.0,47,14,
ST,KT1A,STKT1A,ABB,57026,115/22,50,2011.0,2024-04-24,2024-04-27,14266,41433,3014.0,356.0,26.0,11.0,0.0,7.0,12.0,1.0,5.0,418.0,52,8,
ST,KT2A,STKT2A,ABB,57027,115/22,50,2011.0,2019-04-20,2019-05-16,8262,42068,1579.0,368.0,12.0,0.0,0.0,4.0,0.0,0.0,0.0,384.0,45,18,-
ST,KT2A,STKT2A,ABB,57027,115/22,50,2011.0,2020-04-27,2020-05-28,13639,77112,1778.0,417.0,5.0,4.0,0.0,5.0,1.0,2.0,2.0,436.0,50,10,
ST,KT2A,STKT2A,ABB,57027,115/22,50,2011.0,2021-04-10,2021-06-25,14065,57322,4146.0,638.0,36.0,3.0,0.0,3.0,1.0,1.0,1.0,683.0,50,22,
ST,KT2A,STKT2A,ABB,57027,115/22,50,2011.0,2022-05-21,2022-06-05,8366,60987,2651.0,612.0,23.0,6.0,0.0,9.0,7.0,0.0,0.0,657.0,44,16,
ST,KT2A,STKT2A,ABB,57027,115/22,50,2011.0,2023-04-08,2023-04-30,12290,53530,2973.0,608.0,11.0,3.0,0.0,19.0,1.0,9.0,1.0,652.0,50,15,
ST,KT2A,STKT2A,ABB,57027,115/22,50,2011.0,2024-04-22,2024-04-27,22847,73137,2891.0,681.0,5.0,9.0,0.0,20.0,2.0,6.0,7.0,730.0,56,5,
STB,KT1A,STBKT1A,TAKAOKA,9047125,230,200,2005.0,2019-05-12,2019-05-24,7378,38800,6095.0,57.0,33.0,36.0,0.0,0.0,142.0,0.0,75.0,343.0,67,15,-
STB,KT1A,STBKT1A,TAKAOKA,9047125,230,200,2005.0,2019-11-15,2019-12-01,6907,47896,6659.0,254.0,39.0,80.0,0.0,0.0,148.0,0.0,87.0,608.0,59,11,-
STB,KT1A,STBKT1A,TAKAOKA,9047125,230,200,2005.0,2020-05-28,2020-07-03,10030,29659,5959.0,52.0,28.0,36.0,0.0,0.0,139.0,0.0,63.0,318.0,58,28,
STB,KT1A,STBKT1A,TAKAOKA,9047125,230,200,2005.0,2020-11-16,2020-11-22,6081,39469,6769.0,55.0,40.0,39.0,0.0,0.0,194.0,0.0,77.0,405.0,60,9,
STB,KT1A,STBKT1A,TAKAOKA,9047125,230,200,2005.0,2021-07-10,2021-09-14,7173,40831,5792.0,55.0,42.0,36.0,0.0,4.0,158.0,0.0,19.0,314.0,62,15,
STB,KT1A,STBKT1A,TAKAOKA,9047125,230,200,2005.0,2021-11-13,2021-11-20,6705,40717,6203.0,60.0,41.0,38.0,0.0,0.0,173.0,0.0,39.0,351.0,55,10,
STB,KT1A,STBKT1A,TAKAOKA,9047125,230,200,2005.0,2022-05-23,2022-05-30,4958,58991,8955.0,50.0,57.0,37.0,0.0,4.0,143.0,4.0,99.0,414.0,59,8,
STB,KT1A,STBKT1A,TAKAOKA,9047125,230,200,2005.0,2022-11-24,2022-11-28,5090,47140,6659.0,54.0,33.0,37.0,0.0,26.0,148.0,0.0,108.0,406.0,59,9,
STB,KT1A,STBKT1A,TAKAOKA,9047125,230,200,2005.0,2023-05-19,2023-05-22,7270,46450,6244.0,53.0,30.0,35.0,0.0,0.0,135.0,0.0,111.0,364.0,61,8,
STB,KT1A,STBKT1A,TAKAOKA,9047125,230,200,2005.0,2023-06-02,2023-06-03,1723,48464,6570.0,66.0,64.0,55.0,0.0,6.0,192.0,11.0,89.0,483.0,0,10,น้ำมัน Maintank รั่วซึมเข้าห้อง OLTC .
STB,KT1A,STBKT1A,TAKAOKA,9047125,230,200,2005.0,2023-11-23,2023-12-19,12415,46484,6341.0,52.0,42.0,38.0,0.0,1.0,152.0,0.0,81.0,366.0,48,9,
STB,KT2A,STBKT2A,TAKAOKA,9047126,230,200,2005.0,2019-05-12,2019-05-24,11002,53260,3684.0,85.0,25.0,31.0,0.0,0.0,123.0,0.0,51.0,315.0,32,12,"de-energize.
De-energize."
STB,KT2A,STBKT2A,TAKAOKA,9047126,230,200,2005.0,2019-11-15,2019-12-01,8901,52611,4500.0,73.0,18.0,35.0,0.0,0.0,130.0,0.0,82.0,338.0,57,10,-
STB,KT2A,STBKT2A,TAKAOKA,9047126,230,200,2005.0,2020-05-28,2020-07-03,7108,57179,5446.0,86.0,26.0,38.0,0.0,0.0,116.0,0.0,80.0,346.0,57,16,
STB,KT2A,STBKT2A,TAKAOKA,9047126,230,200,2005.0,2020-11-16,2020-11-22,8611,42615,4599.0,72.0,29.0,34.0,0.0,0.0,167.0,0.0,45.0,347.0,60,9,
STB,KT2A,STBKT2A,TAKAOKA,9047126,230,200,2005.0,2021-07-10,2021-09-14,7840,46058,4325.0,78.0,35.0,32.0,0.0,0.0,147.0,0.0,20.0,312.0,60,15,
STB,KT2A,STBKT2A,TAKAOKA,9047126,230,200,2005.0,2021-11-13,2021-11-20,7263,43957,4673.0,87.0,36.0,33.0,0.0,0.0,150.0,0.0,40.0,346.0,51,9,
STB,KT2A,STBKT2A,TAKAOKA,9047126,230,200,2005.0,2022-05-23,2022-05-30,3438,42811,5637.0,79.0,35.0,31.0,0.0,2.0,157.0,0.0,50.0,354.0,58,9,
STB,KT2A,STBKT2A,TAKAOKA,9047126,230,200,2005.0,2022-11-24,2022-11-28,3640,50580,5074.0,69.0,34.0,38.0,0.0,28.0,141.0,0.0,98.0,408.0,58,7,
STB,KT2A,STBKT2A,TAKAOKA,9047126,230,200,2005.0,2023-05-19,2023-05-22,3750,53710,5222.0,72.0,43.0,43.0,0.0,1.0,149.0,9.0,114.0,431.0,60,13,
STB,KT2A,STBKT2A,TAKAOKA,9047126,230,200,2005.0,2023-11-23,2023-12-19,9891,60293,5533.0,96.0,60.0,53.0,0.0,0.0,172.0,0.0,97.0,478.0,48,7,
STB,KT3A,STBKT3A,TAKAOKA,9047372,230/72/11,200,2004.0,2019-05-12,2019-05-25,6070,44365,5536.0,406.0,44.0,154.0,0.0,31.0,70.0,30.0,23.0,758.0,65,17,-
STB,KT3A,STBKT3A,TAKAOKA,9047372,230/72/11,200,2004.0,2019-11-15,2019-12-01,5810,72097,6076.0,328.0,46.0,145.0,0.0,27.0,72.0,38.0,28.0,684.0,59,11,-
STB,KT3A,STBKT3A,TAKAOKA,9047372,230/72/11,200,2004.0,2020-05-28,2020-07-03,6991,61229,5809.0,342.0,45.0,140.0,0.0,28.0,80.0,0.0,22.0,657.0,55,17,
STB,KT3A,STBKT3A,TAKAOKA,9047372,230/72/11,200,2004.0,2020-11-16,2020-11-22,6078,58958,5601.0,328.0,44.0,139.0,0.0,27.0,121.0,19.0,28.0,706.0,62,9,
STB,KT3A,STBKT3A,TAKAOKA,9047372,230/72/11,200,2004.0,2021-07-10,2021-09-14,6341,59687,4860.0,342.0,49.0,139.0,0.0,27.0,94.0,0.0,7.0,658.0,64,16,
STB,KT3A,STBKT3A,TAKAOKA,9047372,230/72/11,200,2004.0,2021-11-13,2021-11-19,5570,50510,6989.0,235.0,28.0,119.0,0.0,7.0,77.0,45.0,45.0,556.0,63,7,
STB,KT3A,STBKT3A,TAKAOKA,9047372,230/72/11,200,2004.0,2022-05-23,2022-05-30,3374,65501,8177.0,308.0,81.0,140.0,0.0,10.0,84.0,43.0,42.0,708.0,59,12,
STB,KT3A,STBKT3A,TAKAOKA,9047372,230/72/11,200,2004.0,2022-11-24,2022-11-28,3440,73160,6779.0,242.0,52.0,161.0,0.0,16.0,94.0,34.0,40.0,639.0,55,11,
STB,KT3A,STBKT3A,TAKAOKA,9047372,230/72/11,200,2004.0,2023-05-19,2023-05-22,4570,44410,6700.0,254.0,25.0,105.0,0.0,40.0,73.0,61.0,44.0,602.0,57,5,
STB,KT3A,STBKT3A,TAKAOKA,9047372,230/72/11,200,2004.0,2023-11-23,2023-12-19,9120,49741,6183.0,242.0,42.0,132.0,0.0,22.0,88.0,31.0,33.0,590.0,49,9,
STB,KT4A,STBKT4A,FUJI,AG69005T2,230/72.5/11,200,,2019-05-12,2019-05-25,6261,39200,2892.0,268.0,18.0,16.0,0.0,3.0,9.0,2.0,5.0,321.0,51,19,-
STB,KT4A,STBKT4A,FUJI,AG69005T2,230/72.5/11,200,,2019-11-15,2019-12-01,5710,36846,2426.0,151.0,24.0,16.0,0.0,1.0,11.0,2.0,10.0,215.0,36,9,-
STB,KT4A,STBKT4A,FUJI,AG69005T2,230/72.5/11,200,,2020-05-28,2020-07-03,5911,30141,2578.0,186.0,28.0,22.0,0.0,0.0,24.0,0.0,0.0,260.0,55,16,
STB,KT4A,STBKT4A,FUJI,AG69005T2,230/72.5/11,200,,2020-11-16,2020-11-22,9464,33327,2723.0,153.0,26.0,23.0,0.0,0.0,70.0,0.0,10.0,282.0,62,9,
STB,KT4A,STBKT4A,FUJI,AG69005T2,230/72.5/11,200,,2021-07-10,2021-09-14,7871,34407,2601.0,219.0,34.0,25.0,0.0,4.0,34.0,0.0,3.0,319.0,67,20,
STB,KT4A,STBKT4A,FUJI,AG69005T2,230/72.5/11,200,,2021-11-13,2021-11-19,4500,31340,4830.0,169.0,35.0,40.0,0.0,0.0,36.0,11.0,24.0,315.0,58,12,
STB,KT4A,STBKT4A,FUJI,AG69005T2,230/72.5/11,200,,2022-05-23,2022-06-04,6833,47971,1318.0,15.0,2.0,6.0,0.0,2.0,15.0,7.0,16.0,73.0,,21,
STB,KT4A,STBKT4A,FUJI,AG69005T2,230/72.5/11,200,,2022-11-24,2022-11-28,4900,37060,2250.0,115.0,24.0,38.0,0.0,1.0,39.0,10.0,21.0,248.0,55,9,
STB,KT4A,STBKT4A,FUJI,AG69005T2,230/72.5/11,200,,2023-05-19,2023-05-22,7540,41700,2291.0,128.0,27.0,39.0,0.0,2.0,40.0,0.0,28.0,264.0,56,9,
STB,KT4A,STBKT4A,FUJI,AG69005T2,230/72.5/11,200,,2023-11-23,2023-12-19,9557,63710,4013.0,247.0,41.0,47.0,0.0,0.0,69.0,0.0,34.0,438.0,56,12,
STU,KT1A,STUKT1A,MEIDEN,8T9788T1,115/33/11,50,2015.0,2019-07-08,2019-09-05,8647,34136,438.0,170.0,4.0,1.0,0.0,1.0,1.0,1.0,1.0,179.0,57,31,-
STU,KT1A,STUKT1A,MEIDEN,8T9788T1,115/33/11,50,2015.0,2020-07-27,2020-08-24,8842,43743,2583.0,634.0,31.0,3.0,0.0,0.0,2.0,0.0,1.0,671.0,53,11,
STU,KT1A,STUKT1A,MEIDEN,8T9788T1,115/33/11,50,2015.0,2021-07-19,2021-11-04,16411,61590,3024.0,957.0,9.0,0.0,0.0,4.0,28.0,0.0,0.0,998.0,58,17,
STU,KT1A,STUKT1A,MEIDEN,8T9788T1,115/33/11,50,2015.0,2022-07-30,2022-08-26,15948,63345,2962.0,1067.0,9.0,0.0,0.0,7.0,7.0,0.0,0.0,1090.0,55,15,
STU,KT1A,STUKT1A,MEIDEN,8T9788T1,115/33/11,50,2015.0,2023-07-30,2023-11-06,21879,78434,2903.0,1022.0,15.0,15.0,0.0,30.0,3.0,3.0,5.0,1093.0,53,13,
STU,KT2A,STUKT2A,MEIDEN,8T9788T2,115/33/11,50,2015.0,2019-07-08,2019-09-05,10952,50581,2083.0,769.0,17.0,0.0,0.0,0.0,7.0,0.0,0.0,793.0,63,29,-
STU,KT2A,STUKT2A,MEIDEN,8T9788T2,115/33/11,50,2015.0,2020-07-27,2020-08-24,8008,53994,3213.0,856.0,23.0,0.0,0.0,0.0,3.0,0.0,1.0,883.0,54,12,
STU,KT2A,STUKT2A,MEIDEN,8T9788T2,115/33/11,50,2015.0,2021-07-19,2021-11-05,10973,62337,3878.0,1268.0,12.0,13.0,0.0,0.0,7.0,0.0,0.0,1300.0,64,18,
STU,KT2A,STUKT2A,MEIDEN,8T9788T2,115/33/11,50,2015.0,2022-07-30,2022-08-26,14343,62803,3853.0,1401.0,10.0,0.0,0.0,5.0,5.0,0.0,0.0,1421.0,56,13,
STU,KT2A,STUKT2A,MEIDEN,8T9788T2,115/33/11,50,2015.0,2023-07-30,2023-11-06,21406,76455,2774.0,1090.0,15.0,16.0,0.0,25.0,11.0,4.0,2.0,1163.0,54,24,
SU1,KT1A,SU1KT1A,MEIDEN,8P9099T1,115/22/11,50,2004.0,2019-03-15,2019-04-27,9124,44052,2547.0,144.0,55.0,68.0,0.0,0.0,167.0,0.0,65.0,499.0,67,13,-
SU1,KT1A,SU1KT1A,MEIDEN,8P9099T1,115/22/11,50,2004.0,2020-03-12,2020-03-28,4003,64391,2621.0,148.0,31.0,104.0,0.0,0.0,260.0,0.0,141.0,684.0,64,9,
SU1,KT1A,SU1KT1A,MEIDEN,8P9099T1,115/22/11,50,2004.0,2021-01-30,2021-04-24,17096,61434,2778.0,156.0,82.0,56.0,0.0,5.0,155.0,5.0,120.0,579.0,49,21,
SU1,KT1A,SU1KT1A,MEIDEN,8P9099T1,115/22/11,50,2004.0,2022-02-21,2022-03-26,7589,51927,1684.0,88.0,49.0,35.0,0.0,1.0,109.0,11.0,78.0,371.0,55,10,
SU1,KT1A,SU1KT1A,MEIDEN,8P9099T1,115/22/11,50,2004.0,2023-02-21,2023-02-05,7499,40026,2266.0,127.0,61.0,60.0,0.0,3.0,149.0,0.0,66.0,466.0,63,7,
SU1,KT1A,SU1KT1A,MEIDEN,8P9099T1,115/22/11,50,2004.0,2024-02-18,2024-03-19,8107,28354,1423.0,57.0,40.0,29.0,0.0,2.0,108.0,5.0,56.0,297.0,63,9,
SU1,KT2A,SU1KT2A,MEIDEN,8P9099T2,115/22/11,50,2004.0,2020-03-12,2020-03-27,5064,62643,2296.0,159.0,156.0,105.0,0.0,0.0,258.0,0.0,138.0,816.0,64,15,
SU1,KT2A,SU1KT2A,MEIDEN,8P9099T2,115/22/11,50,2004.0,2021-01-30,2021-04-25,13849,66669,2452.0,191.0,15.0,19.0,0.0,4.0,151.0,0.0,86.0,466.0,49,24,
SU1,KT2A,SU1KT2A,MEIDEN,8P9099T2,115/22/11,50,2004.0,2022-02-21,2022-03-26,7449,52143,1764.0,102.0,98.0,35.0,0.0,1.0,111.0,17.0,81.0,445.0,54,16,
SU1,KT2A,SU1KT2A,MEIDEN,8P9099T2,115/22/11,50,2004.0,2023-02-21,2023-03-05,8445,39342,2034.0,120.0,548.0,60.0,0.0,2.0,132.0,0.0,71.0,933.0,59,13,
SU1,KT2A,SU1KT2A,MEIDEN,8P9099T2,115/22/11,50,2004.0,2023-08-14,2023-09-08,4500,22030,1982.0,127.0,366.0,27.0,0.0,1.0,85.0,0.0,65.0,671.0,62,14,
SU1,KT2A,SU1KT2A,MEIDEN,8P9099T2,115/22/11,50,2004.0,2024-02-18,2024-03-19,6353,27006,1407.0,111.0,183.0,31.0,0.0,3.0,103.0,2.0,60.0,493.0,57,10,
SU2,KT1A,SU2KT1A,FUJI,A1Z69040T4-1,230/115,200,2007.0,2019-03-26,2019-04-18,5789,34757,1730.0,94.0,32.0,32.0,0.0,0.0,98.0,0.0,42.0,298.0,55,17,-
SU2,KT1A,SU2KT1A,FUJI,A1Z69040T4-1,230/115,200,2007.0,2019-08-30,2019-09-28,5457,34328,1596.0,84.0,29.0,34.0,0.0,0.0,120.0,0.0,82.0,349.0,55,10,-
SU2,KT1A,SU2KT1A,FUJI,A1Z69040T4-1,230/115,200,2007.0,2020-04-06,2020-05-18,5442,46731,1329.0,92.0,40.0,41.0,0.0,0.0,138.0,0.0,92.0,403.0,34,15,
SU2,KT1A,SU2KT1A,FUJI,A1Z69040T4-1,230/115,200,2007.0,2021-01-30,2021-04-25,9097,24585,695.0,54.0,18.0,0.0,0.0,0.0,47.0,0.0,0.0,119.0,45,16,
SU2,KT1A,SU2KT1A,FUJI,A1Z69040T4-1,230/115,200,2007.0,2021-09-06,2021-11-06,14763,26939,943.0,60.0,14.0,0.0,0.0,0.0,26.0,0.0,0.0,100.0,41,18,
SU2,KT1A,SU2KT1A,FUJI,A1Z69040T4-1,230/115,200,2007.0,2022-02-22,2022-03-26,6917,27086,1009.0,62.0,11.0,9.0,0.0,0.0,24.0,33.0,17.0,156.0,47,6,
SU2,KT1A,SU2KT1A,FUJI,A1Z69040T4-1,230/115,200,2007.0,2022-07-31,2022-08-19,1971,19297,1076.0,92.0,3.0,16.0,0.0,1.0,36.0,0.0,26.0,174.0,52,16,
SU2,KT1A,SU2KT1A,FUJI,A1Z69040T4-1,230/115,200,2007.0,2023-02-20,2023-03-10,6134,15945,1173.0,96.0,13.0,16.0,0.0,0.0,36.0,0.0,21.0,182.0,52,10,
SU2,KT1A,SU2KT1A,FUJI,A1Z69040T4-1,230/115,200,2007.0,2023-08-14,2023-09-08,4430,13860,1840.0,120.0,9.0,15.0,0.0,0.0,37.0,22.0,23.0,226.0,53,13,
SU2,KT1A,SU2KT1A,FUJI,A1Z69040T4-1,230/115,200,2007.0,2024-02-18,2024-03-18,6128,18938,1160.0,91.0,14.0,16.0,0.0,0.0,52.0,0.0,28.0,201.0,49,10,
SUK,KT1A,SUKKT1A,HYUNDAI,T943037,115/33/11,50,2009.0,2019-08-24,2019-10-18,9896,46705,329.0,11.0,11.0,30.0,0.0,1.0,87.0,0.0,66.0,206.0,55,25,-
SUK,KT1A,SUKKT1A,HYUNDAI,T943037,115/33/11,50,2009.0,2020-07-18,2020-08-24,6828,46031,551.0,23.0,7.0,31.0,0.0,2.0,82.0,0.0,68.0,213.0,52,16,
SUK,KT1A,SUKKT1A,HYUNDAI,T943037,115/33/11,50,2009.0,2021-07-11,2021-11-04,6296,39452,577.0,17.0,7.0,29.0,0.0,0.0,111.0,0.0,13.0,177.0,52,20,
SUK,KT1A,SUKKT1A,HYUNDAI,T943037,115/33/11,50,2009.0,2022-07-03,2022-07-25,5182,42903,684.0,32.0,11.0,29.0,0.0,2.0,112.0,0.0,36.0,222.0,49,11,
SUK,KT1A,SUKKT1A,HYUNDAI,T943037,115/33/11,50,2009.0,2023-08-26,2023-11-18,10920,35350,1046.0,33.0,10.0,23.0,0.0,2.0,80.0,3.0,77.0,228.0,53,25,
SUK,KT2A,SUKKT2A,ABB,56047,115/33/11,50,,2019-08-24,2019-10-18,9931,51394,2492.0,346.0,17.0,9.0,0.0,0.0,26.0,0.0,14.0,412.0,45,-25,
SUK,KT2A,SUKKT2A,ABB,56047,115/33/11,50,,2020-07-18,2020-08-24,13424,45770,2497.0,543.0,9.0,0.0,0.0,9.0,34.0,0.0,10.0,605.0,42,13,
SUK,KT2A,SUKKT2A,ABB,56047,115/33/11,50,,2021-07-11,2021-11-04,20289,50263,1745.0,504.0,10.0,0.0,0.0,10.0,9.0,0.0,0.0,533.0,40,24,
SUK,KT2A,SUKKT2A,ABB,56047,115/33/11,50,,2022-07-03,2022-07-24,12050,65240,2754.0,514.0,5.0,2.0,0.0,3.0,3.0,8.0,0.0,535.0,40,17,
SUK,KT2A,SUKKT2A,ABB,56047,115/33/11,50,,2023-08-26,2023-11-18,16810,40790,4263.0,544.0,5.0,14.0,0.0,13.0,2.0,5.0,3.0,586.0,40,27,
TA1,KT1A,TA1KT1A,MITSUBISHI,574414,115/22,25,1999.0,2019-07-18,2019-08-18,8265,56028,3561.0,124.0,15.0,114.0,0.0,9.0,330.0,0.0,139.0,731.0,57,24,-
TA1,KT1A,TA1KT1A,MITSUBISHI,574414,115/22,25,1999.0,2020-03-13,2020-05-10,6369,52908,3062.0,132.0,12.0,120.0,0.0,6.0,347.0,0.0,163.0,780.0,55,22,research
TA1,KT1A,TA1KT1A,MITSUBISHI,574414,115/22,25,1999.0,2020-07-25,2020-08-22,5064,39085,2099.0,38.0,37.0,22.0,0.0,0.0,120.0,13.0,110.0,340.0,55,18,
TA1,KT1A,TA1KT1A,MITSUBISHI,574414,115/22,25,1999.0,2021-07-16,2021-10-09,6031,30888,2195.0,96.0,17.0,35.0,0.0,0.0,170.0,0.0,85.0,403.0,57,28,
TA1,KT1A,TA1KT1A,MITSUBISHI,574414,115/22,25,1999.0,2022-07-31,2022-08-04,1981,34719,2633.0,94.0,8.0,62.0,0.0,4.0,225.0,9.0,136.0,538.0,56,13,
TA1,KT1A,TA1KT1A,MITSUBISHI,574414,115/22,25,1999.0,2023-02-02,2023-02-12,4490,37350,2755.0,79.0,17.0,55.0,0.0,1.0,200.0,10.0,157.0,519.0,57,13,
TA1,KT2A,TA1KT2A,OSAKA,5BA159008,115/22,25,1990.0,2019-07-18,2019-08-18,10087,46394,1624.0,74.0,11.0,5.0,0.0,0.0,17.0,0.0,0.0,107.0,59,17,-
TA1,KT2A,TA1KT2A,OSAKA,5BA159008,115/22,25,1990.0,2020-07-25,2020-08-22,7935,49842,1564.0,49.0,35.0,13.0,0.0,0.0,16.0,1.0,10.0,124.0,53,15,
TA1,KT2A,TA1KT2A,OSAKA,5BA159008,115/22,25,1990.0,2021-07-16,2021-10-09,7094,30201,1793.0,81.0,13.0,5.0,0.0,0.0,28.0,0.0,0.0,127.0,55,19,
TA1,KT2A,TA1KT2A,OSAKA,5BA159008,115/22,25,1990.0,2022-07-31,2022-08-04,1801,30407,2028.0,112.0,5.0,13.0,0.0,1.0,26.0,0.0,15.0,172.0,52,10,
TA1,KT2A,TA1KT2A,OSAKA,5BA159008,115/22,25,1990.0,2023-02-02,2023-02-12,5333,33791,2467.0,129.0,13.0,16.0,0.0,2.0,28.0,0.0,15.0,203.0,56,9,
TA1,KT3A,TA1KT3A,DAIHEN,5A0179001,115/22,13,,2021-08-23,2021-10-05,34271,64704,2433.0,150.0,5.0,0.0,0.0,5.0,14.0,0.0,0.0,174.0,,14,ปลดอยู่
TA2,KT1A,TA2KT1A,TAKAOKA,8044721,230/115/22,100,,2019-05-09,2019-09-13,4735,40218,1278.0,202.0,2.0,41.0,0.0,26.0,34.0,0.0,0.0,305.0,50,22,-
TA2,KT1A,TA2KT1A,TAKAOKA,8044721,230/115/22,100,,2019-11-11,2019-12-20,9138,52539,1152.0,171.0,4.0,40.0,0.0,24.0,41.0,15.0,14.0,309.0,40,13,-
TA2,KT1A,TA2KT1A,TAKAOKA,8044721,230/115/22,100,,2020-06-22,2020-08-02,8738,44483,1158.0,191.0,10.0,37.0,0.0,21.0,35.0,0.0,13.0,307.0,49,16,
TA2,KT1A,TA2KT1A,TAKAOKA,8044721,230/115/22,100,,2020-11-09,2020-12-07,4390,104930,59.0,47.0,20.0,43.0,0.0,22.0,20.0,11.0,11.0,174.0,50,9,
TA2,KT1A,TA2KT1A,TAKAOKA,8044721,230/115/22,100,,2021-03-07,2021-04-20,7282,59583,991.0,111.0,46.0,39.0,0.0,3.0,103.0,13.0,118.0,433.0,48,23,
TA2,KT1A,TA2KT1A,TAKAOKA,8044721,230/115/22,100,,2021-09-13,2021-11-05,5622,60659,1493.0,182.0,26.0,41.0,0.0,22.0,38.0,12.0,19.0,340.0,,13,
TA2,KT1A,TA2KT1A,TAKAOKA,8044721,230/115/22,100,,2022-03-12,2022-03-19,3170,55120,1351.0,137.0,95.0,47.0,0.0,18.0,27.0,14.0,17.0,355.0,,16,
TA2,KT1A,TA2KT1A,TAKAOKA,8044721,230/115/22,100,,2022-09-11,2022-09-22,2312,49238,1558.0,157.0,13.0,40.0,0.0,17.0,31.0,12.0,14.0,284.0,46,9,
TA2,KT1A,TA2KT1A,TAKAOKA,8044721,230/115/22,100,,2023-03-13,2023-03-16,8449,40241,2073.0,114.0,5.0,45.0,0.0,17.0,33.0,0.0,0.0,214.0,45,5,
TA2,KT1A,TA2KT1A,TAKAOKA,8044721,230/115/22,100,,2023-09-16,2023-10-09,63620,50880,66.0,27.0,1.0,0.0,0.0,1.0,0.0,0.0,0.0,29.0,55,12,หลังนำเข้าใช้งานแทน TA2KT1A เดิม S/N 7412505301
TA2,KT1A,TA2KT1A,TAKAOKA,8044721,230/115/22,100,,2024-01-19,2024-01-30,2950,10070,529.0,71.0,4.0,6.0,0.0,2.0,2.0,1.0,1.0,87.0,49,9,
TE,KT1A,TEKT1A,ALSTHOM,H67440-03,115/22,25,1995.0,2019-05-17,2019-06-07,4890,51440,1270.0,160.0,2.0,230.0,0.0,10.0,219.0,0.0,102.0,723.0,57,16,-
TE,KT1A,TEKT1A,ALSTHOM,H67440-03,115/22,25,1995.0,2019-11-10,2019-12-26,9811,72427,2155.0,217.0,11.0,97.0,0.0,67.0,210.0,0.0,88.0,690.0,-49,-25,-
TE,KT1A,TEKT1A,ALSTHOM,H67440-03,115/22,25,1995.0,2020-05-16,2020-06-05,1977,81673,1622.0,248.0,17.0,176.0,0.0,8.0,282.0,0.0,138.0,869.0,48,13,
TE,KT1A,TEKT1A,ALSTHOM,H67440-03,115/22,25,1995.0,2022-03-13,2022-03-19,8712,68397,2179.0,203.0,12.0,0.0,0.0,8.0,252.0,0.0,77.0,552.0,60,20,
TE,KT1A,TEKT1A,ALSTHOM,H67440-03,115/22,25,1995.0,2023-04-20,2023-04-29,3487,85003,2502.0,243.0,11.0,134.0,0.0,4.0,257.0,12.0,163.0,824.0,60,15,
TE,KT1A,TEKT1A,ALSTHOM,H67440-03,115/22,25,1995.0,2024-04-07,2024-04-20,7260,89110,2406.0,257.0,12.0,159.0,0.0,7.0,276.0,12.0,153.0,876.0,59,12,
TH,KT1A,THKT1A,VOLTA WERKE,60492-003,115/22,31,1993.0,2020-02-25,2020-03-30,11043,26328,846.0,59.0,26.0,22.0,0.0,0.0,56.0,0.0,12.0,175.0,44,18,
TH,KT1A,THKT1A,VOLTA WERKE,60492-003,115/22,31,1993.0,2020-03-31,2020-05-10,7394,47161,784.0,58.0,26.0,21.0,0.0,3.0,51.0,0.0,31.0,190.0,,16,
TH,KT1A,THKT1A,VOLTA WERKE,60492-003,115/22,31,1993.0,2021-02-24,2021-05-20,11050,28236,822.0,49.0,30.0,22.0,0.0,5.0,120.0,0.0,15.0,241.0,45,30,
TH,KT1A,THKT1A,VOLTA WERKE,60492-003,115/22,31,1993.0,2022-02-02,2022-02-19,5981,31148,947.0,41.0,54.0,20.0,0.0,1.0,50.0,0.0,34.0,200.0,32,15,
TH,KT1A,THKT1A,VOLTA WERKE,60492-003,115/22,31,1993.0,2023-01-31,2023-02-13,3120,25020,979.0,53.0,49.0,29.0,0.0,3.0,65.0,3.0,37.0,239.0,42,6,
TH,KT1A,THKT1A,VOLTA WERKE,60492-003,115/22,31,1993.0,2024-01-30,2024-03-09,4738,22165,1036.0,66.0,44.0,35.0,0.0,8.0,87.0,2.0,41.0,283.0,46,9,
TH,KT2A,THKT2A,VOLTA WERKE,60547-001,115/22,25,1993.0,2020-02-25,2020-03-29,7052,29816,618.0,50.0,56.0,47.0,0.0,0.0,80.0,0.0,50.0,283.0,52,8,
TH,KT2A,THKT2A,VOLTA WERKE,60547-001,115/22,25,1993.0,2021-02-24,2021-05-20,9283,28875,1096.0,71.0,20.0,44.0,0.0,0.0,157.0,0.0,48.0,340.0,53,12,
TH,KT2A,THKT2A,VOLTA WERKE,60547-001,115/22,25,1993.0,2022-02-02,2022-02-20,4305,24085,1238.0,82.0,24.0,48.0,0.0,5.0,99.0,0.0,34.0,292.0,40,18,
TH,KT2A,THKT2A,VOLTA WERKE,60547-001,115/22,25,1993.0,2023-01-31,2023-02-13,3776,30267,1560.0,115.0,51.0,69.0,0.0,7.0,121.0,6.0,56.0,425.0,51,6,
TH,KT2A,THKT2A,VOLTA WERKE,60547-001,115/22,25,1993.0,2024-01-30,2024-03-09,12253,31780,1277.0,95.0,17.0,51.0,0.0,3.0,35.0,2.0,43.0,246.0,56,9,
THG,KT1A,THGKT1A,ABB,57021,115/22,50,2024.0,2020-04-04,2020-04-12,3837,66472,1025.0,274.0,49.0,4.0,0.0,0.0,4.0,0.0,0.0,331.0,,13,
THG,KT1A,THGKT1A,ABB,57021,115/22,50,2024.0,2021-06-21,2021-08-30,9896,46941,1476.0,324.0,6.0,0.0,0.0,0.0,0.0,0.0,0.0,330.0,,31,
THG,KT1A,THGKT1A,ABB,57021,115/22,50,2024.0,2022-06-18,2022-06-20,15762,66887,1147.0,236.0,8.0,17.0,0.0,16.0,18.0,5.0,29.0,329.0,,10,
THG,KT1A,THGKT1A,ABB,57021,115/22,50,2024.0,2023-06-01,2023-06-10,5595,62186,2026.0,570.0,6.0,15.0,0.0,0.0,4.0,1.0,2.0,598.0,,19,
THG,KT1A,THGKT1A,ABB,57021,115/22,50,2024.0,2024-04-22,2024-05-26,4321,62450,3496.0,949.0,5.0,8.0,0.0,3.0,5.0,1.0,6.0,977.0,50,21,
TK2,KT1A,TK2KT1A,FUJI,AN69001T31,115/69/22,25,1998.0,2019-08-09,2019-08-23,19281,54201,1402.0,109.0,31.0,277.0,0.0,501.0,131.0,270.0,34.0,1353.0,48,16,ไม่น่าจะเป็นข้อมูลที่ได้จากเครื่อง DGA ที่ตรงกับใบแนบ (มั่วมา)
TK2,KT1A,TK2KT1A,FUJI,AN69001T31,115/69/22,25,1998.0,2020-08-16,2020-08-30,5082,54856,1451.0,119.0,35.0,58.0,0.0,5.0,180.0,0.0,45.0,442.0,50,26,
TK2,KT1A,TK2KT1A,FUJI,AN69001T31,115/69/22,25,1998.0,2021-08-02,2021-10-31,8839,62956,1298.0,195.0,10.0,64.0,0.0,16.0,196.0,0.0,29.0,510.0,52,26,
TK2,KT1A,TK2KT1A,FUJI,AN69001T31,115/69/22,25,1998.0,2022-09-04,2022-09-15,5245,62192,1775.0,230.0,6.0,22.0,0.0,18.0,197.0,6.0,116.0,595.0,57,17,
TK2,KT1A,TK2KT1A,FUJI,AN69001T31,115/69/22,25,1998.0,2023-05-03,2023-05-22,4503,60075,1881.0,199.0,2.0,56.0,0.0,14.0,248.0,21.0,143.0,683.0,35,14,
TK2,KT1A,TK2KT1A,FUJI,AN69001T31,115/69/22,25,1998.0,2024-05-24,2024-06-08,5921,77354,1518.0,291.0,2.0,128.0,0.0,17.0,246.0,20.0,175.0,879.0,60,15,
TK2,KT2A,TK2KT2A,FUJI,AN69003T4-1,115/22,25,1998.0,2019-08-09,2019-08-18,4356,32740,2473.0,122.0,8.0,28.0,0.0,0.0,68.0,0.0,32.0,258.0,48,12,-
TK2,KT2A,TK2KT2A,FUJI,AN69003T4-1,115/22,25,1998.0,2020-08-16,2020-08-30,3592,50123,2247.0,79.0,20.0,36.0,0.0,0.0,68.0,0.0,49.0,252.0,51,16,
TK2,KT2A,TK2KT2A,FUJI,AN69003T4-1,115/22,25,1998.0,2021-08-02,2021-11-01,8321,37860,2120.0,113.0,5.0,27.0,0.0,0.0,74.0,0.0,10.0,229.0,54,29,
TK2,KT2A,TK2KT2A,FUJI,AN69003T4-1,115/22,25,1998.0,2022-09-04,2022-09-15,6342,38263,1262.0,20.0,7.0,1.0,0.0,0.0,11.0,0.0,0.0,39.0,61,14,
TK2,KT2A,TK2KT2A,FUJI,AN69003T4-1,115/22,25,1998.0,2023-06-09,2023-06-16,7905,27626,1771.0,125.0,1.0,27.0,0.0,1.0,19.0,9.0,15.0,197.0,60,15,
TK2,KT2A,TK2KT2A,FUJI,AN69003T4-1,115/22,25,1998.0,2024-05-24,2024-06-08,9328,32490,1462.0,76.0,2.0,18.0,0.0,4.0,43.0,2.0,35.0,180.0,63,13,
TL1,KT1A,TL1KT1A,MEIDEN,8N5446T2,115/22,50,,2019-10-11,2019-11-14,7948,48246,3418.0,574.0,17.0,11.0,0.0,0.0,21.0,0.0,2.0,625.0,57,-14,-
TL1,KT1A,TL1KT1A,MEIDEN,8N5446T2,115/22,50,,2022-07-14,2022-07-30,13548,73623,3697.0,1238.0,8.0,1.0,0.0,13.0,7.0,0.0,0.0,1267.0,69,12,
TL1,KT1A,TL1KT1A,MEIDEN,8N5446T2,115/22,50,,2023-01-28,2023-02-02,12160,59470,3234.0,1142.0,2.0,4.0,0.0,5.0,2.0,3.0,3.0,1161.0,68,7,
TL1,KT1A,TL1KT1A,MEIDEN,8N5446T2,115/22,50,,2024-01-20,2024-02-15,12870,44930,2985.0,1190.0,2.0,6.0,0.0,6.0,2.0,5.0,8.0,1219.0,64,11,
TL3,KT1A,TL3KT1A,FUJI,AQ69008T1-2,230/121/22,200,2006.0,2019-10-11,2019-11-14,7135,37654,1642.0,82.0,11.0,21.0,0.0,0.0,79.0,0.0,57.0,250.0,63,11,-
TL3,KT1A,TL3KT1A,FUJI,AQ69008T1-2,230/121/22,200,2006.0,2021-01-16,2021-03-23,5250,62360,1700.0,100.0,58.0,0.0,0.0,0.0,93.0,0.0,0.0,251.0,61,21,
TL3,KT1A,TL3KT1A,FUJI,AQ69008T1-2,230/121/22,200,2006.0,2022-01-22,2022-01-29,9570,45910,1658.0,79.0,22.0,19.0,0.0,0.0,85.0,74.0,83.0,362.0,74,15,
TL3,KT1A,TL3KT1A,FUJI,AQ69008T1-2,230/121/22,200,2006.0,2023-01-22,2023-01-30,4774,45420,1796.0,103.0,39.0,41.0,0.0,3.0,146.0,49.0,79.0,460.0,56,5,
TL3,KT1A,TL3KT1A,FUJI,AQ69008T1-2,230/121/22,200,2006.0,2024-02-15,2024-03-22,9151,46500,2187.0,110.0,27.0,56.0,0.0,4.0,196.0,0.0,110.0,503.0,65,21,
TL3,KT2A,TL3KT2A,DAIHEN,5BK012702,230/121,200,2004.0,2019-10-11,2019-11-14,8231,50476,3814.0,159.0,21.0,73.0,0.0,0.0,152.0,0.0,61.0,466.0,72,17,-
TL3,KT2A,TL3KT2A,DAIHEN,5BK012702,230/121,200,2004.0,2021-01-30,2021-03-26,5880,86870,4000.0,160.0,53.0,80.0,0.0,0.0,152.0,14.0,101.0,560.0,68,18,
TL3,KT2A,TL3KT2A,DAIHEN,5BK012702,230/121,200,2004.0,2022-01-22,2022-01-29,7809,40410,4646.0,543.0,30.0,11.0,0.0,55.0,41.0,0.0,0.0,680.0,40,14,AFTER CORRECT OIL LEAK
TL3,KT2A,TL3KT2A,DAIHEN,5BK012702,230/121,200,2004.0,2023-01-22,2023-01-30,4576,50285,5122.0,183.0,57.0,95.0,0.0,4.0,208.0,0.0,109.0,656.0,58,6,
TL3,KT2A,TL3KT2A,DAIHEN,5BK012702,230/121,200,2004.0,2024-02-15,2024-03-21,8436,55043,6179.0,212.0,45.0,102.0,0.0,7.0,310.0,0.0,134.0,810.0,68,11,
TL3,KT3A,TL3KT3A,DAIHEN,5BK012701,230/121/22,200,2004.0,2019-10-11,2019-11-14,10345,47097,3554.0,103.0,46.0,121.0,0.0,9.0,311.0,0.0,164.0,754.0,70,17,-
TL3,KT3A,TL3KT3A,DAIHEN,5BK012701,230/121/22,200,2004.0,2021-01-16,2021-03-21,5060,50000,3560.0,120.0,48.0,120.0,0.0,0.0,568.0,0.0,0.0,856.0,60,13,
TL3,KT3A,TL3KT3A,DAIHEN,5BK012701,230/121/22,200,2004.0,2022-01-22,2022-01-29,6379,72967,5945.0,232.0,38.0,198.0,0.0,9.0,578.0,0.0,52.0,1107.0,77,12,
TL3,KT3A,TL3KT3A,DAIHEN,5BK012701,230/121/22,200,2004.0,2023-01-22,2023-01-30,4945,75588,4862.0,151.0,110.0,208.0,0.0,11.0,635.0,0.0,327.0,1442.0,56,21,
TL3,KT3A,TL3KT3A,DAIHEN,5BK012701,230/121/22,200,2004.0,2024-02-15,2024-03-21,7768,76542,6532.0,193.0,41.0,213.0,0.0,13.0,656.0,0.0,336.0,1452.0,63,11,
TL3,KT4A,TL3KT4A,FUJI,A1E69002T3-2,230/121/22,200,2011.0,2019-10-11,2019-11-14,10385,43186,2604.0,471.0,22.0,14.0,0.0,0.0,11.0,0.0,5.0,523.0,60,13,-
TL3,KT4A,TL3KT4A,FUJI,A1E69002T3-2,230/121/22,200,2011.0,2021-01-16,2021-03-21,5410,73940,2600.0,500.0,32.0,15.0,0.0,0.0,5.0,0.0,0.0,552.0,51,17,
TL3,KT4A,TL3KT4A,FUJI,A1E69002T3-2,230/121/22,200,2011.0,2022-01-22,2022-01-29,6027,30811,2969.0,724.0,15.0,12.0,0.0,7.0,44.0,0.0,0.0,802.0,68,19,
TL3,KT4A,TL3KT4A,FUJI,A1E69002T3-2,230/121/22,200,2011.0,2023-01-22,2023-01-30,5786,49631,4430.0,683.0,52.0,21.0,0.0,3.0,14.0,0.0,38.0,811.0,51,5,
TL3,KT4A,TL3KT4A,FUJI,A1E69002T3-2,230/121/22,200,2011.0,2024-02-15,2024-03-22,5566,39289,4581.0,690.0,31.0,19.0,0.0,5.0,21.0,0.0,0.0,766.0,58,9,
TM,KT1A,TMKT1A,TOSHIBA,840900018,115/22,40,1998.0,2019-04-08,2019-06-21,10280,43643,9238.0,481.0,15.0,36.0,0.0,0.0,23.0,0.0,16.0,571.0,70,26,-
TM,KT1A,TMKT1A,TOSHIBA,840900018,115/22,40,1998.0,2021-04-23,2021-06-11,7400,45000,1698.0,164.0,58.0,10.0,0.0,1.0,19.0,0.0,16.0,268.0,65,16,
TM,KT1A,TMKT1A,TOSHIBA,840900018,115/22,40,1998.0,2022-04-29,2022-05-06,7088,49201,3742.0,371.0,19.0,41.0,0.0,5.0,41.0,0.0,1.0,478.0,64,9,
TM,KT1A,TMKT1A,TOSHIBA,840900018,115/22,40,1998.0,2023-04-21,2023-05-06,5850,55490,3839.0,381.0,16.0,71.0,0.0,1.0,23.0,8.0,15.0,515.0,65,19,
TM,KT1A,TMKT1A,TOSHIBA,840900018,115/22,40,1998.0,2024-04-27,2024-05-06,5074,44438,10599.0,739.0,23.0,65.0,0.0,6.0,24.0,0.0,18.0,875.0,63,14,
TM,KT2A,TMKT2A,VOLTA WERKE,60841-001,115/22,40,1999.0,2019-04-08,2019-06-21,11652,37230,2094.0,146.0,14.0,47.0,0.0,7.0,62.0,0.0,41.0,317.0,61,21,-
TM,KT2A,TMKT2A,VOLTA WERKE,60841-001,115/22,40,1999.0,2020-02-10,2020-02-22,10461,40513,1432.0,106.0,23.0,51.0,0.0,0.0,65.0,0.0,45.0,290.0,,11,Research
TM,KT2A,TMKT2A,VOLTA WERKE,60841-001,115/22,40,1999.0,2021-04-23,2021-06-07,4500,50000,6251.0,362.0,50.0,54.0,0.0,0.0,14.0,7.0,9.0,496.0,61,15,
TM,KT2A,TMKT2A,VOLTA WERKE,60841-001,115/22,40,1999.0,2022-04-29,2022-05-06,6803,62958,6051.0,368.0,29.0,5.0,0.0,8.0,22.0,0.0,2.0,434.0,56,7,
TM,KT2A,TMKT2A,VOLTA WERKE,60841-001,115/22,40,1999.0,2023-04-21,2023-05-06,9030,65110,6053.0,304.0,16.0,16.0,0.0,16.0,12.0,7.0,15.0,386.0,54,9,
TM,KT2A,TMKT2A,VOLTA WERKE,60841-001,115/22,40,1999.0,2024-04-27,2024-05-06,12492,63941,6579.0,416.0,38.0,9.0,0.0,13.0,14.0,0.0,24.0,514.0,52,7,
TN500KV,KT1AA,TN500KVKT1AA,ABB,607025,500,1,2022.0,2022-01-02,2022-01-07,7420,15555,134.0,6.0,0.0,1.0,0.0,0.0,0.0,0.0,0.0,7.0,27,4,ก่อนทดสอบ HV TEST
TN500KV,KT1AA,TN500KVKT1AA,ABB,607025,500,1,2022.0,2022-01-15,2022-01-16,3169,9224,69.0,11.0,0.0,0.0,0.0,0.0,2.0,0.0,5.0,18.0,,5,ทดสอบหลัง HV TEST
TN500KV,KT1AA,TN500KVKT1AA,ABB,607025,500,1,2022.0,2022-01-15,2022-01-16,3003,4998,67.0,2.0,8.0,0.0,0.0,0.0,2.0,0.0,5.0,17.0,30,5,
TN500KV,KT1AA,TN500KVKT1AA,ABB,607025,500,1,2022.0,2022-01-17,2022-01-18,3863,17594,84.0,12.0,0.0,1.0,0.0,0.0,5.0,0.0,15.0,38.0,30,5,ทดสอบหลัง Temperature rise test
TN500KV,KT1AA,TN500KVKT1AA,ABB,607025,500,1,2022.0,2022-03-21,2022-03-25,6502,13046,97.0,8.0,1.0,1.0,0.0,0.0,0.0,0.0,0.0,10.0,,6,COMMISIONING TEST.
TN500KV,KT1AA,TN500KVKT1AA,ABB,607025,500,1,2022.0,2023-05-08,2023-05-15,3684,17135,38.0,5.0,0.0,4.0,0.0,0.0,3.0,0.0,1.0,13.0,40,14,ทดสอบก่อนทำน้ำมัน
TN500KV,KT1AA,TN500KVKT1AA,ABB,607025,500,1,2022.0,2023-05-10,2023-05-19,18376,46519,25.0,2.0,0.0,0.0,0.0,0.0,0.0,0.0,0.0,2.0,46,6,ทดสอบหลังทำน้ำมัน
TN500KV,KT1AB,TN500KVKT1AB,ABB,608021,500,1,2022.0,2022-09-02,2022-09-04,1962,9887,182.0,9.0,1.0,0.0,0.0,0.0,0.0,0.0,0.0,10.0,31,9,ก่อนทดสอบ HV.
TN500KV,KT1AB,TN500KVKT1AB,ABB,608021,500,1,2022.0,2022-09-03,2022-09-04,3952,9312,121.0,8.0,0.0,0.0,0.0,0.0,0.0,0.0,0.0,8.0,30,11,หลังทดสอบ IMPULSE .
TN500KV,KT1AB,TN500KVKT1AB,ABB,608021,500,1,2022.0,2023-03-24,2023-03-31,11063,17375,230.0,17.0,5.0,1.0,0.0,0.0,5.0,0.0,5.0,33.0,31,5,Before High Voltage Test
TN500KV,KT1AB,TN500KVKT1AB,ABB,608021,500,1,2022.0,2023-03-31,2023-04-06,6283,15325,358.0,17.0,1.0,1.0,0.0,0.0,1.0,0.0,1.0,21.0,32,5,หลัง High VoltageTest .
TN500KV,KT1AB,TN500KVKT1AB,ABB,608021,500,1,2022.0,2023-05-06,2023-05-09,2796,15617,37.0,4.0,0.0,1.0,0.0,0.0,0.0,0.0,0.0,5.0,41,9,หลังทดสอบทางไฟฟ้า ก่อนนำเข้าใช้งาน
TN500KV,KT1AC,TN500KVKT1AC,ABB,608022,500,1,2022.0,2022-11-05,2022-11-07,13408,38062,187.0,23.0,0.0,0.0,0.0,0.0,2.0,0.0,1.0,26.0,30,8,ก่อนทดสอบ High Voltage Test
TN500KV,KT1AC,TN500KVKT1AC,ABB,608022,500,1,2022.0,2022-11-07,2022-11-10,11948,31949,172.0,25.0,0.0,0.0,0.0,1.0,0.0,1.0,0.0,27.0,32,6,หลังการทดสอบ high voltage test
TN500KV,KT1AC,TN500KVKT1AC,ABB,608022,500,1,2022.0,2022-12-23,2022-12-24,2902,8745,90.0,7.0,9.0,2.0,0.0,0.0,1.0,0.0,0.0,19.0,,10,ทดสอบหลังการติดตั้ง
TN500KV,KT1AC,TN500KVKT1AC,ABB,608022,500,1,2022.0,2023-05-10,2023-05-19,4753,15917,21.0,2.0,0.0,1.0,0.0,0.0,0.0,0.0,0.0,3.0,46,7,หลังทดสอบทางไฟฟ้า ก่อนนำเข้าใช้งาน
TN-P,KT1A,TN-PKT1A,HOKURIKU,A01644T1,13.8/22,1,1995.0,2020-10-31,2020-12-13,38395,63977,1440.0,33.0,8.0,0.0,0.0,0.0,10.0,0.0,0.0,51.0,40,21,
TN-P,KT1A,TN-PKT1A,HOKURIKU,A01644T1,13.8/22,1,1995.0,2021-05-03,2021-06-11,15205,62187,1029.0,34.0,73.0,1.0,0.0,0.0,1.0,1.0,1.0,111.0,,21,
TN-P,KT2A,TN-PKT2A,ABB,57020,115/22,50,1991.0,2019-07-26,2019-08-16,10656,18486,2506.0,241.0,14.0,0.0,0.0,7.0,7.0,0.0,0.0,269.0,39,19,-
TN-P,KT2A,TN-PKT2A,ABB,57020,115/22,50,1991.0,2022-03-01,2022-03-07,10749,46206,2576.0,266.0,16.0,4.0,0.0,11.0,4.0,7.0,3.0,311.0,40,7,
TN-P,KT2A,TN-PKT2A,ABB,57020,115/22,50,1991.0,2022-04-29,2022-05-12,14699,46662,2360.0,362.0,9.0,22.0,0.0,11.0,23.0,0.0,1.0,428.0,45,14,
TN-P,KT2A,TN-PKT2A,ABB,57020,115/22,50,1991.0,2023-02-17,2023-02-21,9460,42940,2395.0,376.0,2.0,3.0,0.0,5.0,3.0,9.0,3.0,401.0,36,6,
TN-P,KT2A,TN-PKT2A,ABB,57020,115/22,50,1991.0,2023-04-23,2023-04-29,28630,69940,2388.0,393.0,2.0,7.0,0.0,16.0,3.0,8.0,3.0,432.0,45,21,
TN-P,KT2A,TN-PKT2A,ABB,57020,115/22,50,1991.0,2023-08-29,2023-09-15,21260,41120,2179.0,345.0,4.0,43.0,0.0,19.0,3.0,8.0,4.0,426.0,40,10,
TN-P,KT2A,TN-PKT2A,ABB,57020,115/22,50,1991.0,2024-02-15,2024-03-17,4908,65478,2350.0,340.0,8.0,34.0,0.0,5.0,59.0,0.0,31.0,377.0,40,17,
TP,KT1A,TPKT1A,MITSUBISHI,574405,115/33/11,25,1999.0,2019-03-31,2019-08-26,9758,42997,2612.0,69.0,15.0,22.0,0.0,0.0,66.0,0.0,22.0,194.0,49,26,-
TP,KT1A,TPKT1A,MITSUBISHI,574405,115/33/11,25,1999.0,2019-07-16,2019-09-26,12410,39820,1860.0,49.0,15.0,22.0,0.0,0.0,69.0,0.0,39.0,194.0,28,-,Surge arester LV.phase B ระเบิด
TP,KT1A,TPKT1A,MITSUBISHI,574405,115/33/11,25,1999.0,2019-11-24,2019-12-23,8061,32389,2835.0,62.0,11.0,28.0,0.0,1.0,0.0,0.0,41.0,143.0,41,17,-
TP,KT1A,TPKT1A,MITSUBISHI,574405,115/33/11,25,1999.0,2020-03-03,2020-03-13,15388,34467,2425.0,60.0,11.0,41.0,0.0,0.0,85.0,0.0,19.0,216.0,,39,research
TP,KT1A,TPKT1A,MITSUBISHI,574405,115/33/11,25,1999.0,2020-11-01,2020-11-27,8235,46239,2682.0,64.0,22.0,25.0,0.0,1.0,74.0,0.0,26.0,212.0,43,24,
TP,KT1A,TPKT1A,MITSUBISHI,574405,115/33/11,25,1999.0,2021-11-07,2021-11-22,4660,24740,3099.0,72.0,11.0,26.0,0.0,0.0,88.0,18.0,61.0,276.0,31,17,
TP,KT1A,TPKT1A,MITSUBISHI,574405,115/33/11,25,1999.0,2022-11-19,2023-01-08,5321,21267,3148.0,79.0,120.0,25.0,0.0,2.0,88.0,42.0,41.0,397.0,54,18,
TP,KT1A,TPKT1A,MITSUBISHI,574405,115/33/11,25,1999.0,2023-11-26,2024-01-26,11922,36131,2414.0,77.0,22.0,24.0,0.0,3.0,88.0,5.0,51.0,270.0,50,25,
TP,KT2A,TPKT2A,MEIDENSHA,5G8588T1,115/33,25,1994.0,2019-03-31,2019-08-26,10738,45786,2257.0,74.0,11.0,14.0,0.0,0.0,26.0,0.0,0.0,125.0,58,28,-
TP,KT2A,TPKT2A,MEIDENSHA,5G8588T1,115/33,25,1994.0,2019-11-24,2019-12-27,18350,50290,1611.0,41.0,30.0,11.0,0.0,0.0,30.0,0.0,22.0,134.0,54,7,-
TP,KT2A,TPKT2A,MEIDENSHA,5G8588T1,115/33,25,1994.0,2020-11-01,2020-11-29,11953,66478,2154.0,58.0,21.0,9.0,0.0,0.0,33.0,0.0,23.0,144.0,49,16,
TP,KT2A,TPKT2A,MEIDENSHA,5G8588T1,115/33,25,1994.0,2021-11-07,2021-11-23,3900,26250,3055.0,89.0,10.0,27.0,0.0,0.0,50.0,7.0,34.0,217.0,58,10,
TP,KT2A,TPKT2A,MEIDENSHA,5G8588T1,115/33,25,1994.0,2022-11-19,2023-01-08,4458,25819,2692.0,117.0,17.0,28.0,0.0,2.0,60.0,23.0,16.0,263.0,49,12,
TP,KT2A,TPKT2A,MEIDENSHA,5G8588T1,115/33,25,1994.0,2023-11-26,2024-01-25,9079,39088,2938.0,118.0,16.0,26.0,0.0,2.0,61.0,5.0,32.0,260.0,60,14,
TPR,KT1A,TPRKT1A,DAIHEN,GBK600002,230/121/22,300,2013.0,2019-07-27,2019-08-30,9905,43552,2004.0,786.0,10.0,8.0,0.0,1.0,3.0,1.0,4.0,813.0,61,17,-
TPR,KT1A,TPRKT1A,DAIHEN,GBK600002,230/121/22,300,2013.0,2019-11-09,2019-11-11,4092,54984,1776.0,867.0,22.0,7.0,0.0,0.0,3.0,0.0,3.0,902.0,58,9,-
TPR,KT1A,TPRKT1A,DAIHEN,GBK600002,230/121/22,300,2013.0,2020-05-15,2020-05-29,12423,60422,1544.0,753.0,45.0,6.0,0.0,0.0,4.0,3.0,4.0,815.0,55,14,
TPR,KT1A,TPRKT1A,DAIHEN,GBK600002,230/121/22,300,2013.0,2020-12-20,2020-12-25,12782,61297,3809.0,1205.0,46.0,0.0,0.0,0.0,2.0,1.0,2.0,1256.0,42,8,
TPR,KT1A,TPRKT1A,DAIHEN,GBK600002,230/121/22,300,2013.0,2021-05-21,2021-07-10,3984,56081,4520.0,650.0,30.0,4.0,0.0,0.0,2.0,0.0,3.0,689.0,57,21,
TPR,KT1A,TPRKT1A,DAIHEN,GBK600002,230/121/22,300,2013.0,2021-11-09,2021-11-19,9962,48054,2801.0,866.0,19.0,0.0,0.0,0.0,7.0,0.0,0.0,892.0,50,15,
TPR,KT1A,TPRKT1A,DAIHEN,GBK600002,230/121/22,300,2013.0,2022-05-28,2022-06-02,4483,50231,4913.0,1631.0,17.0,21.0,0.0,3.0,7.0,8.0,13.0,1700.0,,8,
TPR,KT1A,TPRKT1A,DAIHEN,GBK600002,230/121/22,300,2013.0,2022-11-14,2022-11-20,8607,46068,4931.0,0.0,0.0,0.0,0.0,0.0,0.0,0.0,0.0,0.0,,,
TPR,KT1A,TPRKT1A,DAIHEN,GBK600002,230/121/22,300,2013.0,2022-12-15,2023-01-06,5010,53530,5229.0,1277.0,13.0,5.0,0.0,0.0,3.0,1.0,3.0,1302.0,44,7,
TPR,KT1A,TPRKT1A,DAIHEN,GBK600002,230/121/22,300,2013.0,2023-05-22,2023-05-26,4637,56712,5454.0,1326.0,17.0,34.0,0.0,1.0,3.0,1.0,3.0,1385.0,57,5,
TPR,KT1A,TPRKT1A,DAIHEN,GBK600002,230/121/22,300,2013.0,2023-11-12,2023-12-11,4697,43160,5164.0,1275.0,3.0,11.0,0.0,6.0,3.0,5.0,3.0,1306.0,54,10,
TPR,KT2A,TPRKT2A,DAIHEN,GBK600003,230/121/22,300,2013.0,2019-05-31,2019-06-29,8161,55345,2770.0,900.0,18.0,0.0,0.0,0.0,8.0,0.0,0.0,926.0,61,18,-
TPR,KT2A,TPRKT2A,DAIHEN,GBK600003,230/121/22,300,2013.0,2019-11-09,2019-11-12,6211,44248,2418.0,872.0,21.0,3.0,0.0,0.0,7.0,0.0,0.0,903.0,57,9,-
TPR,KT2A,TPRKT2A,DAIHEN,GBK600003,230/121/22,300,2013.0,2020-05-15,2020-05-30,12271,68071,2819.0,753.0,26.0,7.0,0.0,0.0,4.0,0.0,5.0,795.0,53,16,
TPR,KT2A,TPRKT2A,DAIHEN,GBK600003,230/121/22,300,2013.0,2020-11-22,2020-12-04,7680,57320,3469.0,1144.0,11.0,0.0,0.0,0.0,3.0,2.0,3.0,1163.0,60,13,
TPR,KT2A,TPRKT2A,DAIHEN,GBK600003,230/121/22,300,2013.0,2021-05-21,2021-07-09,14470,60815,2635.0,702.0,11.0,9.0,0.0,1.0,5.0,1.0,2.0,731.0,56,19,
TPR,KT2A,TPRKT2A,DAIHEN,GBK600003,230/121/22,300,2013.0,2021-11-09,2021-11-19,6203,40118,2857.0,742.0,18.0,0.0,0.0,0.0,5.0,0.0,0.0,765.0,55,13,
TPR,KT2A,TPRKT2A,DAIHEN,GBK600003,230/121/22,300,2013.0,2022-05-28,2022-06-02,8458,49114,3421.0,929.0,13.0,13.0,0.0,2.0,5.0,4.0,0.0,966.0,,6,
TPR,KT2A,TPRKT2A,DAIHEN,GBK600003,230/121/22,300,2013.0,2022-11-14,2022-11-20,6149,41342,3920.0,957.0,17.0,9.0,0.0,6.0,5.0,1.0,1.0,996.0,43,10,
TPR,KT2A,TPRKT2A,DAIHEN,GBK600003,230/121/22,300,2013.0,2023-05-22,2023-05-26,6354,52743,4395.0,1217.0,20.0,7.0,0.0,1.0,2.0,1.0,3.0,1251.0,57,9,
TPR,KT2A,TPRKT2A,DAIHEN,GBK600003,230/121/22,300,2013.0,2023-11-12,2023-12-10,6430,53564,4267.0,1267.0,4.0,16.0,0.0,1.0,2.0,1.0,4.0,1295.0,52,30,
TPR,KT3A,TPRKT3A,TOSHIBA,98900011,230/72.5,300,2013.0,2019-05-31,2019-06-29,9093,31977,1820.0,471.0,26.0,10.0,0.0,0.0,5.0,0.0,0.0,512.0,48,24,-
TPR,KT3A,TPRKT3A,TOSHIBA,98900011,230/72.5,300,2013.0,2019-11-09,2019-11-12,13054,48146,1694.0,461.0,19.0,8.0,0.0,0.0,9.0,0.0,2.0,499.0,48,10,-
TPR,KT3A,TPRKT3A,TOSHIBA,98900011,230/72.5,300,2013.0,2020-05-15,2020-05-29,7405,51064,1686.0,373.0,26.0,21.0,0.0,0.0,22.0,0.0,15.0,457.0,45,11,
TPR,KT3A,TPRKT3A,TOSHIBA,98900011,230/72.5,300,2013.0,2021-05-21,2021-07-06,7450,45958,2192.0,629.0,31.0,9.0,0.0,4.0,0.0,2.0,1.0,676.0,52,16,
TPR,KT3A,TPRKT3A,TOSHIBA,98900011,230/72.5,300,2013.0,2021-11-09,2021-11-19,10992,47681,2032.0,515.0,29.0,0.0,0.0,0.0,5.0,0.0,0.0,549.0,50,10,
TPR,KT3A,TPRKT3A,TOSHIBA,98900011,230/72.5,300,2013.0,2022-05-28,2022-06-02,7688,33096,3059.0,767.0,19.0,15.0,0.0,1.0,2.0,0.0,0.0,804.0,,7,
TPR,KT3A,TPRKT3A,TOSHIBA,98900011,230/72.5,300,2013.0,2022-11-14,2022-11-25,13035,49119,3182.0,798.0,20.0,7.0,0.0,4.0,1.0,2.0,2.0,834.0,44,11,
TPR,KT3A,TPRKT3A,TOSHIBA,98900011,230/72.5,300,2013.0,2023-05-22,2023-05-26,7476,41803,3002.0,820.0,24.0,21.0,0.0,2.0,1.0,1.0,2.0,871.0,50,7,
TPR,KT3A,TPRKT3A,TOSHIBA,98900011,230/72.5,300,2013.0,2023-11-12,2023-12-16,14888,48328,2955.0,635.0,32.0,6.0,0.0,5.0,2.0,2.0,3.0,685.0,50,11,
TPR,KT4A,TPRKT4A,TOSHIBA,98900012,230/72.5,300,2013.0,2019-05-31,2019-06-29,8111,32932,1787.0,448.0,24.0,0.0,0.0,0.0,0.0,0.0,0.0,472.0,50,15,-
TPR,KT4A,TPRKT4A,TOSHIBA,98900012,230/72.5,300,2013.0,2019-11-09,2019-11-11,3694,32008,1195.0,486.0,26.0,12.0,0.0,0.0,1.0,0.0,2.0,527.0,48,10,-
TPR,KT4A,TPRKT4A,TOSHIBA,98900012,230/72.5,300,2013.0,2020-05-15,2020-05-29,7144,39885,1153.0,487.0,39.0,6.0,0.0,0.0,2.0,0.0,3.0,537.0,48,11,
TPR,KT4A,TPRKT4A,TOSHIBA,98900012,230/72.5,300,2013.0,2020-11-22,2020-12-04,8938,40890,1989.0,527.0,17.0,0.0,0.0,2.0,1.0,3.0,2.0,552.0,50,7,
TPR,KT4A,TPRKT4A,TOSHIBA,98900012,230/72.5,300,2013.0,2020-12-20,2020-12-22,7149,52024,4892.0,700.0,32.0,4.0,0.0,0.0,1.0,0.0,2.0,739.0,41,6,
TPR,KT4A,TPRKT4A,TOSHIBA,98900012,230/72.5,300,2013.0,2021-05-21,2021-07-10,8137,51171,3951.0,566.0,17.0,3.0,0.0,0.0,1.0,0.0,2.0,589.0,53,11,
TPR,KT4A,TPRKT4A,TOSHIBA,98900012,230/72.5,300,2013.0,2021-11-09,2021-11-19,7685,32783,2016.0,537.0,20.0,0.0,0.0,4.0,8.0,0.0,0.0,569.0,48,7,
TPR,KT4A,TPRKT4A,TOSHIBA,98900012,230/72.5,300,2013.0,2022-05-28,2022-06-02,6080,42833,3125.0,844.0,21.0,11.0,0.0,5.0,2.0,3.0,3.0,889.0,,7,
TPR,KT4A,TPRKT4A,TOSHIBA,98900012,230/72.5,300,2013.0,2022-11-14,2022-11-25,15187,50098,2547.0,499.0,14.0,7.0,0.0,0.0,0.0,3.0,5.0,528.0,44,14,
TPR,KT4A,TPRKT4A,TOSHIBA,98900012,230/72.5,300,2013.0,2023-05-22,2023-05-26,9994,47826,3139.0,604.0,20.0,19.0,0.0,2.0,1.0,1.0,3.0,650.0,51,11,
TPR,KT4A,TPRKT4A,TOSHIBA,98900012,230/72.5,300,2013.0,2023-11-12,2023-12-10,5580,30860,3240.0,599.0,11.0,20.0,0.0,2.0,1.0,1.0,4.0,638.0,50,26,
TR,KT1A,TRKT1A,ABB,57022,115/22,50,2014.0,2020-03-14,2020-03-22,12138,46161,1175.0,330.0,2.0,1.0,0.0,0.0,0.0,0.0,0.0,333.0,42,15,
TR,KT1A,TRKT1A,ABB,57022,115/22,50,2014.0,2022-02-25,2022-03-06,27198,54766,1742.0,446.0,8.0,0.0,0.0,0.0,0.0,0.0,0.0,454.0,40,8,
TR,KT1A,TRKT1A,ABB,57022,115/22,50,2014.0,2022-09-09,2022-09-16,20437,74185,1809.0,437.0,6.0,3.0,0.0,1.0,1.0,0.0,0.0,448.0,50,12,
TR,KT1A,TRKT1A,ABB,57022,115/22,50,2014.0,2023-04-07,2023-04-20,28190,66105,2168.0,612.0,3.0,7.0,0.0,2.0,0.0,0.0,0.0,624.0,50,13,
TR,KT1A,TRKT1A,ABB,57022,115/22,50,2014.0,2024-03-08,2024-04-11,5170,47130,2335.0,496.0,3.0,5.0,0.0,4.0,1.0,24.0,1.0,534.0,45,11,
TR,KT2A,TRKT2A,ABB,57019,115/22,50,2014.0,2020-03-14,2020-03-22,16214,47098,1751.0,489.0,9.0,4.0,0.0,6.0,5.0,0.0,5.0,518.0,63,17,
TR,KT2A,TRKT2A,ABB,57019,115/22,50,2014.0,2022-02-25,2022-03-06,21288,57397,2132.0,696.0,7.0,0.0,0.0,19.0,5.0,0.0,0.0,727.0,40,5,
TR,KT2A,TRKT2A,ABB,57019,115/22,50,2014.0,2022-09-09,2022-09-16,20531,86261,1835.0,678.0,7.0,4.0,0.0,23.0,3.0,4.0,3.0,722.0,50,10,
TR,KT2A,TRKT2A,ABB,57019,115/22,50,2014.0,2023-04-07,2023-04-20,25561,75594,2750.0,1012.0,2.0,9.0,0.0,18.0,3.0,5.0,2.0,1051.0,50,10,
TR,KT2A,TRKT2A,ABB,57019,115/22,50,2014.0,2024-03-08,2024-04-11,34330,54860,3717.0,1076.0,15.0,20.0,0.0,42.0,3.0,5.0,3.0,1164.0,50,14,
TS,KT1A,TSKT1A,ABB,55013,230/121/33,200,2013.0,2019-03-16,2019-06-30,13286,45043,1550.0,264.0,11.0,4.0,0.0,1.0,1.0,0.0,0.0,281.0,38,20,-
TS,KT1A,TSKT1A,ABB,55013,230/121/33,200,2013.0,2019-09-15,2019-11-22,9370,32390,0.0,0.0,19.0,7.0,0.0,0.0,0.0,0.0,0.0,26.0,-,30,-
TS,KT1A,TSKT1A,ABB,55013,230/121/33,200,2013.0,2020-04-24,2020-05-26,16351,48451,1181.0,239.0,38.0,3.0,0.0,0.0,1.0,0.0,1.0,282.0,54,25,
TS,KT1A,TSKT1A,ABB,55013,230/121/33,200,2013.0,2020-09-05,2020-11-10,6495,29511,2687.0,361.0,12.0,0.0,0.0,0.0,1.0,0.0,0.0,374.0,53,18,
TS,KT1A,TSKT1A,ABB,55013,230/121/33,200,2013.0,2021-03-06,2021-05-11,5351,29985,2063.0,312.0,28.0,4.0,0.0,0.0,1.0,0.0,1.0,346.0,53,19,
TS,KT1A,TSKT1A,ABB,55013,230/121/33,200,2013.0,2021-09-12,2021-11-16,10644,30313,3969.0,348.0,15.0,0.0,0.0,0.0,0.0,0.0,0.0,363.0,60,12,
TS,KT1A,TSKT1A,ABB,55013,230/121/33,200,2013.0,2022-03-26,2022-04-25,5295,16919,4343.0,500.0,12.0,3.0,0.0,1.0,1.0,1.0,1.0,519.0,44,15,
TS,KT1A,TSKT1A,ABB,55013,230/121/33,200,2013.0,2022-09-09,2022-10-09,5465,31614,4544.0,591.0,13.0,5.0,0.0,0.0,1.0,0.0,1.0,611.0,48,10,
TS,KT1A,TSKT1A,ABB,55013,230/121/33,200,2013.0,2023-03-05,2023-04-09,9177,27915,4752.0,528.0,15.0,22.0,0.0,0.0,0.0,0.0,0.0,565.0,51,13,
TS,KT1A,TSKT1A,ABB,55013,230/121/33,200,2013.0,2023-10-06,2023-10-29,5542,27917,3647.0,461.0,21.0,7.0,0.0,1.0,5.0,0.0,7.0,502.0,47,11,
TS,KT1A,TSKT1A,ABB,55013,230/121/33,200,2013.0,2024-03-04,2024-04-09,8628,26379,3237.0,418.0,13.0,8.0,0.0,0.0,0.0,0.0,0.0,439.0,60,12,
TS,KT2A,TSKT2A,MITSUBISHI,9711291103,230/121/33,200,2013.0,2019-03-16,2019-07-05,15147,56682,1290.0,289.0,2.0,5.0,0.0,0.0,2.0,0.0,1.0,299.0,66,24,-
TS,KT2A,TSKT2A,MITSUBISHI,9711291103,230/121/33,200,2013.0,2019-09-15,2019-11-23,14080,53110,0.0,0.0,16.0,11.0,0.0,0.0,0.0,0.0,0.0,27.0,-,40,-
TS,KT2A,TSKT2A,MITSUBISHI,9711291103,230/121/33,200,2013.0,2020-06-10,2020-08-11,8351,48921,3705.0,446.0,21.0,7.0,0.0,0.0,3.0,0.0,1.0,478.0,64,23,
TS,KT2A,TSKT2A,MITSUBISHI,9711291103,230/121/33,200,2013.0,2020-09-05,2020-11-13,12718,60234,2069.0,103.0,5.0,62.0,0.0,1.0,210.0,0.0,112.0,493.0,54,23,
TS,KT2A,TSKT2A,MITSUBISHI,9711291103,230/121/33,200,2013.0,2021-03-06,2021-05-23,9369,62137,2628.0,190.0,8.0,14.0,0.0,0.0,3.0,5.0,6.0,226.0,56,18,
TS,KT2A,TSKT2A,MITSUBISHI,9711291103,230/121/33,200,2013.0,2021-09-12,2021-11-16,10406,40388,846.0,33.0,6.0,32.0,0.0,0.0,51.0,0.0,5.0,127.0,58,13,
TS,KT2A,TSKT2A,MITSUBISHI,9711291103,230/121/33,200,2013.0,2022-03-26,2022-04-25,5482,56684,2656.0,288.0,8.0,8.0,0.0,15.0,3.0,0.0,2.0,324.0,58,13,
TS,KT2A,TSKT2A,MITSUBISHI,9711291103,230/121/33,200,2013.0,2022-09-09,2022-10-09,5641,55076,2558.0,318.0,8.0,18.0,0.0,6.0,4.0,2.0,4.0,360.0,49,8,
TS,KT2A,TSKT2A,MITSUBISHI,9711291103,230/121/33,200,2013.0,2023-03-05,2023-04-09,7950,43634,3585.0,481.0,7.0,15.0,0.0,0.0,5.0,0.0,0.0,508.0,70,13,
TS,KT2A,TSKT2A,MITSUBISHI,9711291103,230/121/33,200,2013.0,2023-10-06,2023-10-29,11517,57269,4401.0,584.0,14.0,14.0,0.0,1.0,5.0,2.0,5.0,625.0,50,14,
TS,KT2A,TSKT2A,MITSUBISHI,9711291103,230/121/33,200,2013.0,2024-03-04,2024-04-09,21310,41690,4584.0,387.0,3.0,26.0,0.0,32.0,11.0,32.0,4.0,495.0,62,12,
TS,KT3A,TSKT3A,MEIDEN,8P8743T1,115/33/11,50,2004.0,2019-09-19,2019-11-23,11870,50870,0.0,0.0,41.0,66.0,0.0,0.0,199.0,0.0,114.0,420.0,0,24,-
TS,KT3A,TSKT3A,MEIDEN,8P8743T1,115/33/11,50,2004.0,2020-09-05,2020-11-10,7548,44164,2399.0,102.0,26.0,54.0,0.0,2.0,172.0,0.0,81.0,437.0,46,17,
TS,KT3A,TSKT3A,MEIDEN,8P8743T1,115/33/11,50,2004.0,2021-09-12,2021-11-16,7511,40097,3437.0,102.0,24.0,63.0,0.0,0.0,206.0,0.0,38.0,433.0,58,12,
TS,KT3A,TSKT3A,MEIDEN,8P8743T1,115/33/11,50,2004.0,2022-09-09,2022-10-08,7330,56490,3241.0,92.0,25.0,77.0,0.0,1.0,235.0,9.0,156.0,595.0,56,8,
TS,KT3A,TSKT3A,MEIDEN,8P8743T1,115/33/11,50,2004.0,2023-10-06,2023-10-29,8494,45720,2672.0,106.0,12.0,81.0,0.0,2.0,276.0,0.0,111.0,588.0,56,11,
TS,KT4A,TSKT4A,MEIDEN,8P9106T1,115/33/11,50,,2019-09-15,2019-11-23,10740,52660,0.0,0.0,16.0,46.0,0.0,0.0,121.0,0.0,71.0,254.0,-,17,-
TS,KT4A,TSKT4A,MEIDEN,8P9106T1,115/33/11,50,,2020-09-05,2020-11-10,8916,40999,1819.0,85.0,11.0,45.0,0.0,0.0,146.0,0.0,27.0,314.0,60,17,
TS,KT4A,TSKT4A,MEIDEN,8P9106T1,115/33/11,50,,2021-09-12,2021-11-16,6160,40126,1939.0,93.0,11.0,47.0,0.0,0.0,148.0,0.0,30.0,329.0,59,12,
TS,KT4A,TSKT4A,MEIDEN,8P9106T1,115/33/11,50,,2022-09-09,2022-10-08,6240,58000,2002.0,78.0,8.0,64.0,0.0,1.0,172.0,25.0,110.0,458.0,55,9,
TS,KT4A,TSKT4A,MEIDEN,8P9106T1,115/33/11,50,,2023-10-06,2023-10-29,9679,47378,1750.0,94.0,9.0,63.0,0.0,1.0,160.0,0.0,74.0,401.0,50,13,
TTK,KT1AA,TTKKT1AA,FUJI,AE69040T1-1,525/242/22,200,2002.0,2019-02-15,2019-03-24,5068,46408,1744.0,59.0,11.0,51.0,0.0,0.0,202.0,0.0,108.0,431.0,56,11,-
TTK,KT1AA,TTKKT1AA,FUJI,AE69040T1-1,525/242/22,200,2002.0,2019-05-18,2019-06-01,8712,39614,1581.0,87.0,11.0,41.0,0.0,2.0,176.0,0.0,93.0,410.0,62,11,-
TTK,KT1AA,TTKKT1AA,FUJI,AE69040T1-1,525/242/22,200,2002.0,2019-08-30,2019-09-23,8654,52933,1531.0,46.0,11.0,43.0,0.0,0.0,214.0,0.0,152.0,466.0,66,11,-
TTK,KT1AA,TTKKT1AA,FUJI,AE69040T1-1,525/242/22,200,2002.0,2020-06-22,2020-07-05,7887,49774,1983.0,55.0,15.0,53.0,0.0,0.0,244.0,0.0,118.0,485.0,58,8,
TTK,KT1AA,TTKKT1AA,FUJI,AE69040T1-1,525/242/22,200,2002.0,2020-09-25,2020-11-13,5257,51350,1773.0,40.0,21.0,49.0,0.0,0.0,195.0,0.0,146.0,451.0,56,18,
TTK,KT1AA,TTKKT1AA,FUJI,AE69040T1-1,525/242/22,200,2002.0,2020-12-26,2021-01-26,6814,57902,2072.0,228.0,37.0,54.0,0.0,0.0,228.0,0.0,158.0,705.0,47,10,
TTK,KT1AA,TTKKT1AA,FUJI,AE69040T1-1,525/242/22,200,2002.0,2021-05-22,2021-07-23,9441,47777,1311.0,49.0,13.0,46.0,0.0,4.0,220.0,0.0,64.0,396.0,54,13,
TTK,KT1AA,TTKKT1AA,FUJI,AE69040T1-1,525/242/22,200,2002.0,2021-12-18,2022-01-18,3538,53906,1924.0,151.0,29.0,42.0,0.0,4.0,295.0,0.0,150.0,671.0,56,9,
TTK,KT1AA,TTKKT1AA,FUJI,AE69040T1-1,525/242/22,200,2002.0,2022-04-30,2022-05-13,3352,45320,1851.0,143.0,9.0,47.0,0.0,4.0,249.0,13.0,82.0,547.0,53,10,
TTK,KT1AA,TTKKT1AA,FUJI,AE69040T1-1,525/242/22,200,2002.0,2023-02-04,2023-02-12,2990,57920,1587.0,137.0,2.0,55.0,0.0,2.0,242.0,16.0,181.0,635.0,46,12,
TTK,KT1AA,TTKKT1AA,FUJI,AE69040T1-1,525/242/22,200,2002.0,2023-06-17,2023-07-02,3670,59880,2418.0,219.0,4.0,59.0,0.0,1.0,288.0,7.0,216.0,794.0,51,10,
TTK,KT1AA,TTKKT1AA,FUJI,AE69040T1-1,525/242/22,200,2002.0,2023-12-16,2024-01-28,10080,63780,1768.0,83.0,20.0,64.0,0.0,5.0,310.0,7.0,149.0,638.0,47,10,
TTK,KT1AB,TTKKT1AB,FUJI,AE69040T1-2,525/242/22,200,2002.0,2019-02-15,2019-03-17,8319,46741,1217.0,26.0,3.0,12.0,0.0,2.0,135.0,0.0,80.0,258.0,53,15,-
TTK,KT1AB,TTKKT1AB,FUJI,AE69040T1-2,525/242/22,200,2002.0,2019-05-18,2019-06-01,3280,39636,1983.0,76.0,6.0,44.0,0.0,3.0,159.0,0.0,76.0,364.0,60,15,-
TTK,KT1AB,TTKKT1AB,FUJI,AE69040T1-2,525/242/22,200,2002.0,2019-08-30,2019-09-23,6887,38135,1597.0,48.0,11.0,37.0,0.0,0.0,172.0,0.0,115.0,383.0,63,9,-
TTK,KT1AB,TTKKT1AB,FUJI,AE69040T1-2,525/242/22,200,2002.0,2020-06-22,2020-07-05,3820,35962,2027.0,55.0,13.0,39.0,0.0,0.0,166.0,0.0,79.0,352.0,57,11,
TTK,KT1AB,TTKKT1AB,FUJI,AE69040T1-2,525/242/22,200,2002.0,2020-09-25,2020-11-13,5024,45543,1552.0,36.0,22.0,39.0,0.0,0.0,155.0,0.0,115.0,367.0,56,16,
TTK,KT1AB,TTKKT1AB,FUJI,AE69040T1-2,525/242/22,200,2002.0,2020-12-26,2021-01-26,6341,51786,2232.0,39.0,30.0,40.0,0.0,0.0,159.0,0.0,115.0,383.0,46,9,
TTK,KT1AB,TTKKT1AB,FUJI,AE69040T1-2,525/242/22,200,2002.0,2021-05-22,2021-07-23,7444,40019,1339.0,48.0,12.0,36.0,0.0,4.0,174.0,0.0,49.0,323.0,51,16,
TTK,KT1AB,TTKKT1AB,FUJI,AE69040T1-2,525/242/22,200,2002.0,2021-12-18,2022-01-18,2827,41142,2285.0,154.0,25.0,41.0,0.0,5.0,232.0,0.0,121.0,578.0,58,9,
TTK,KT1AB,TTKKT1AB,FUJI,AE69040T1-2,525/242/22,200,2002.0,2022-04-30,2022-05-13,11602,49475,1864.0,128.0,3.0,22.0,0.0,6.0,121.0,11.0,104.0,395.0,50,8,
TTK,KT1AB,TTKKT1AB,FUJI,AE69040T1-2,525/242/22,200,2002.0,2023-02-03,2023-02-12,6551,43437,1848.0,121.0,5.0,55.0,0.0,4.0,230.0,0.0,125.0,540.0,46,11,
TTK,KT1AB,TTKKT1AB,FUJI,AE69040T1-2,525/242/22,200,2002.0,2023-06-17,2023-07-02,5400,42090,2856.0,193.0,11.0,41.0,0.0,1.0,204.0,6.0,173.0,629.0,50,7,
TTK,KT1AB,TTKKT1AB,FUJI,AE69040T1-2,525/242/22,200,2002.0,2023-12-16,2024-01-28,6413,44557,2050.0,57.0,33.0,47.0,0.0,4.0,241.0,5.0,105.0,492.0,47,12,
TTK,KT1AC,TTKKT1AC,FUJI,AE69040T1-3,525/242/22,200,2002.0,2019-02-15,2019-03-23,8044,37858,1711.0,42.0,11.0,32.0,0.0,0.0,134.0,0.0,63.0,282.0,56,10,-
TTK,KT1AC,TTKKT1AC,FUJI,AE69040T1-3,525/242/22,200,2002.0,2019-05-18,2019-06-01,7058,48347,1852.0,65.0,6.0,37.0,0.0,3.0,144.0,0.0,73.0,328.0,62,12,-
TTK,KT1AC,TTKKT1AC,FUJI,AE69040T1-3,525/242/22,200,2002.0,2019-08-30,2019-09-23,4126,40795,1948.0,58.0,8.0,39.0,0.0,0.0,170.0,0.0,106.0,381.0,65,18,-
TTK,KT1AC,TTKKT1AC,FUJI,AE69040T1-3,525/242/22,200,2002.0,2020-06-22,2020-07-05,8069,35514,1873.0,43.0,15.0,34.0,0.0,0.0,152.0,0.0,65.0,309.0,58,11,
TTK,KT1AC,TTKKT1AC,FUJI,AE69040T1-3,525/242/22,200,2002.0,2020-09-25,2020-11-13,6371,45210,1863.0,56.0,24.0,32.0,0.0,0.0,132.0,0.0,105.0,349.0,56,11,
TTK,KT1AC,TTKKT1AC,FUJI,AE69040T1-3,525/242/22,200,2002.0,2020-12-26,2021-01-29,6568,51867,2251.0,38.0,31.0,37.0,0.0,0.0,146.0,0.0,104.0,356.0,46,12,
TTK,KT1AC,TTKKT1AC,FUJI,AE69040T1-3,525/242/22,200,2002.0,2021-05-22,2021-08-15,19611,59418,1594.0,38.0,13.0,30.0,0.0,0.0,165.0,0.0,46.0,292.0,53,27,
TTK,KT1AC,TTKKT1AC,FUJI,AE69040T1-3,525/242/22,200,2002.0,2021-12-18,2022-01-22,8655,38843,1698.0,47.0,14.0,35.0,0.0,0.0,169.0,0.0,76.0,341.0,60,17,
TTK,KT1AC,TTKKT1AC,FUJI,AE69040T1-3,525/242/22,200,2002.0,2022-04-30,2022-05-13,12873,56774,1542.0,43.0,3.0,23.0,0.0,6.0,124.0,2.0,102.0,303.0,52,19,
TTK,KT1AC,TTKKT1AC,FUJI,AE69040T1-3,525/242/22,200,2002.0,2023-02-03,2023-02-12,5090,40330,1396.0,38.0,2.0,32.0,0.0,1.0,150.0,6.0,105.0,334.0,46,11,
TTK,KT1AC,TTKKT1AC,FUJI,AE69040T1-3,525/242/22,200,2002.0,2023-06-17,2023-07-02,2650,42200,2648.0,68.0,7.0,41.0,0.0,0.0,196.0,5.0,154.0,471.0,53,11,
TTK,KT1AC,TTKKT1AC,FUJI,AE69040T1-3,525/242/22,200,2002.0,2023-12-16,2024-01-28,5441,41612,1732.0,72.0,27.0,42.0,0.0,3.0,193.0,5.0,91.0,433.0,49,11,
TTK,KT2AA,TTKKT2AA,FUJI,AE69040T2-1,525/242/22,200,2002.0,2019-02-15,2019-03-23,9486,47678,1460.0,54.0,9.0,54.0,0.0,12.0,217.0,0.0,109.0,455.0,54,12,-
TTK,KT2AA,TTKKT2AA,FUJI,AE69040T2-1,525/242/22,200,2002.0,2019-05-18,2019-06-01,3071,39898,2334.0,76.0,8.0,69.0,0.0,40.0,174.0,0.0,110.0,477.0,60,15,-
TTK,KT2AA,TTKKT2AA,FUJI,AE69040T2-1,525/242/22,200,2002.0,2019-08-30,2019-09-26,9144,58984,2206.0,54.0,3.0,47.0,0.0,11.0,252.0,0.0,138.0,505.0,65,11,-
TTK,KT2AA,TTKKT2AA,FUJI,AE69040T2-1,525/242/22,200,2002.0,2020-06-22,2020-07-05,9105,42151,1529.0,49.0,10.0,52.0,0.0,9.0,218.0,0.0,101.0,439.0,58,10,
TTK,KT2AA,TTKKT2AA,FUJI,AE69040T2-1,525/242/22,200,2002.0,2020-09-27,2020-11-13,6492,49411,1437.0,40.0,16.0,56.0,0.0,4.0,213.0,2.0,143.0,474.0,52,13,
TTK,KT2AA,TTKKT2AA,FUJI,AE69040T2-1,525/242/22,200,2002.0,2020-12-26,2021-01-26,8692,71954,1358.0,28.0,27.0,42.0,0.0,3.0,188.0,15.0,141.0,444.0,47,8,
TTK,KT2AA,TTKKT2AA,FUJI,AE69040T2-1,525/242/22,200,2002.0,2021-05-22,2021-07-23,7506,45756,1163.0,55.0,10.0,52.0,0.0,9.0,238.0,0.0,71.0,435.0,53,15,
TTK,KT2AA,TTKKT2AA,FUJI,AE69040T2-1,525/242/22,200,2002.0,2021-12-18,2022-01-22,11218,47426,1067.0,53.0,11.0,49.0,0.0,9.0,237.0,0.0,120.0,479.0,53,14,
TTK,KT2AA,TTKKT2AA,FUJI,AE69040T2-1,525/242/22,200,2002.0,2022-04-29,2022-05-13,5761,45292,1637.0,63.0,9.0,56.0,0.0,13.0,275.0,3.0,26.0,445.0,48,7,
TTK,KT2AA,TTKKT2AA,FUJI,AE69040T2-1,525/242/22,200,2002.0,2023-04-22,2023-04-30,3300,53080,1724.0,92.0,3.0,65.0,0.0,17.0,254.0,17.0,175.0,623.0,56,6,
TTK,KT2AA,TTKKT2AA,FUJI,AE69040T2-1,525/242/22,200,2002.0,2023-12-16,2024-01-27,11427,59741,1629.0,57.0,22.0,64.0,0.0,11.0,334.0,17.0,148.0,653.0,49,13,
TTK,KT2AB,TTKKT2AB,FUJI,AE69040T2-2,525/242/22,200,2002.0,2019-02-15,2019-03-24,6237,57507,1697.0,62.0,12.0,41.0,0.0,2.0,187.0,0.0,73.0,377.0,55,10,-
TTK,KT2AB,TTKKT2AB,FUJI,AE69040T2-2,525/242/22,200,2002.0,2019-05-18,2019-06-02,3846,53462,1522.0,81.0,5.0,51.0,0.0,4.0,181.0,0.0,86.0,408.0,62,13,-
TTK,KT2AB,TTKKT2AB,FUJI,AE69040T2-2,525/242/22,200,2002.0,2019-08-30,2019-09-23,6907,48459,1287.0,56.0,11.0,43.0,0.0,0.0,194.0,0.0,126.0,430.0,66,9,-
TTK,KT2AB,TTKKT2AB,FUJI,AE69040T2-2,525/242/22,200,2002.0,2020-06-22,2020-07-05,4810,44266,1609.0,63.0,16.0,50.0,0.0,0.0,198.0,0.0,88.0,415.0,58,10,
TTK,KT2AB,TTKKT2AB,FUJI,AE69040T2-2,525/242/22,200,2002.0,2020-09-27,2020-11-13,7715,50511,1592.0,53.0,22.0,44.0,0.0,0.0,167.0,0.0,121.0,407.0,53,13,
TTK,KT2AB,TTKKT2AB,FUJI,AE69040T2-2,525/242/22,200,2002.0,2020-12-26,2021-01-29,4517,59883,2031.0,50.0,35.0,50.0,0.0,0.0,190.0,0.0,130.0,455.0,47,6,
TTK,KT2AB,TTKKT2AB,FUJI,AE69040T2-2,525/242/22,200,2002.0,2021-05-22,2021-07-23,10949,47614,1056.0,57.0,14.0,37.0,0.0,4.0,187.0,0.0,53.0,352.0,53,17,
TTK,KT2AB,TTKKT2AB,FUJI,AE69040T2-2,525/242/22,200,2002.0,2021-12-18,2022-01-22,11991,51074,1147.0,63.0,12.0,34.0,0.0,0.0,191.0,0.0,100.0,400.0,53,11,
TTK,KT2AB,TTKKT2AB,FUJI,AE69040T2-2,525/242/22,200,2002.0,2022-04-29,2022-05-13,10078,62650,1560.0,69.0,11.0,39.0,0.0,4.0,232.0,0.0,64.0,419.0,48,6,
TTK,KT2AB,TTKKT2AB,FUJI,AE69040T2-2,525/242/22,200,2002.0,2023-04-21,2023-04-30,3570,56340,1728.0,84.0,2.0,51.0,0.0,0.0,195.0,6.0,143.0,481.0,54,5,
TTK,KT2AB,TTKKT2AB,FUJI,AE69040T2-2,525/242/22,200,2002.0,2023-12-16,2024-01-21,10160,55957,1569.0,65.0,26.0,44.0,0.0,3.0,177.0,5.0,98.0,418.0,50,10,
TTK,KT2AC,TTKKT2AC,FUJI,AE69040T2-3,525/242/22,200,2002.0,2019-02-15,2019-03-23,9237,43851,1561.0,52.0,10.0,41.0,0.0,0.0,181.0,0.0,94.0,378.0,57,9,-
TTK,KT2AC,TTKKT2AC,FUJI,AE69040T2-3,525/242/22,200,2002.0,2019-05-18,2019-06-03,5061,36636,2139.0,62.0,14.0,51.0,0.0,9.0,248.0,0.0,85.0,469.0,63,15,-
TTK,KT2AC,TTKKT2AC,FUJI,AE69040T2-3,525/242/22,200,2002.0,2019-08-30,2019-09-24,10155,45118,2235.0,59.0,12.0,35.0,0.0,0.0,178.0,0.0,124.0,408.0,67,8,-
TTK,KT2AC,TTKKT2AC,FUJI,AE69040T2-3,525/242/22,200,2002.0,2020-06-22,2020-07-05,8246,43037,1727.0,56.0,14.0,43.0,0.0,0.0,197.0,0.0,95.0,405.0,59,26,
TTK,KT2AC,TTKKT2AC,FUJI,AE69040T2-3,525/242/22,200,2002.0,2020-09-27,2020-11-13,7648,48113,1495.0,41.0,16.0,45.0,0.0,0.0,181.0,0.0,132.0,415.0,56,13,
TTK,KT2AC,TTKKT2AC,FUJI,AE69040T2-3,525/242/22,200,2002.0,2020-12-26,2021-01-26,5886,57404,1598.0,36.0,28.0,40.0,0.0,0.0,176.0,0.0,129.0,409.0,47,9,
TTK,KT2AC,TTKKT2AC,FUJI,AE69040T2-3,525/242/22,200,2002.0,2021-05-22,2021-07-24,8227,40508,1970.0,57.0,10.0,41.0,0.0,0.0,201.0,0.0,62.0,371.0,54,21,
TTK,KT2AC,TTKKT2AC,FUJI,AE69040T2-3,525/242/22,200,2002.0,2021-12-18,2022-01-22,13880,48651,1861.0,54.0,10.0,36.0,0.0,0.0,202.0,0.0,133.0,435.0,54,20,
TTK,KT2AC,TTKKT2AC,FUJI,AE69040T2-3,525/242/22,200,2002.0,2022-04-29,2022-05-13,3434,39539,1827.0,64.0,10.0,48.0,0.0,5.0,229.0,0.0,72.0,428.0,50,7,
TTK,KT2AC,TTKKT2AC,FUJI,AE69040T2-3,525/242/22,200,2002.0,2023-04-21,2023-04-30,7890,46030,1599.0,86.0,2.0,39.0,0.0,1.0,179.0,5.0,141.0,453.0,56,10,
TTK,KT2AC,TTKKT2AC,FUJI,AE69040T2-3,525/242/22,200,2002.0,2023-12-16,2024-01-26,9418,52383,1687.0,70.0,17.0,53.0,0.0,5.0,83.0,6.0,119.0,353.0,50,14,
TTK,KT3AA,TTKKT3AA,JEUMONT,95768,500,200,2008.0,2019-02-15,2019-03-24,9628,42885,5228.0,697.0,7.0,29.0,0.0,0.0,14.0,0.0,0.0,747.0,53,10,-
TTK,KT3AA,TTKKT3AA,JEUMONT,95768,500,200,2008.0,2019-05-18,2019-06-01,5893,39016,5602.0,865.0,2.0,29.0,0.0,0.0,9.0,0.0,4.0,909.0,58,13,-
TTK,KT3AA,TTKKT3AA,JEUMONT,95768,500,200,2008.0,2019-07-28,2019-07-29,4077,37726,5033.0,864.0,3.0,32.0,0.0,0.0,8.0,1.0,3.0,911.0,50,5.5,Buchholz Trip
TTK,KT3AA,TTKKT3AA,JEUMONT,95768,500,200,2008.0,2019-08-30,2019-09-23,5584,34069,5064.0,932.0,6.0,48.0,0.0,0.0,10.0,0.0,0.0,996.0,58,9,-
TTK,KT3AA,TTKKT3AA,JEUMONT,95768,500,200,2008.0,2020-06-23,2020-07-05,6765,30817,5661.0,735.0,9.0,29.0,0.0,0.0,14.0,0.0,0.0,787.0,53,10,
TTK,KT3AA,TTKKT3AA,JEUMONT,95768,500,200,2008.0,2020-09-27,2020-11-13,6737,45973,5352.0,811.0,24.0,47.0,0.0,0.0,8.0,0.0,5.0,895.0,49,13,
TTK,KT3AA,TTKKT3AA,JEUMONT,95768,500,200,2008.0,2020-12-26,2021-01-26,6114,51048,5457.0,622.0,30.0,20.0,0.0,0.0,9.0,0.0,3.0,684.0,42,10,
TTK,KT3AA,TTKKT3AA,JEUMONT,95768,500,200,2008.0,2021-04-24,2021-06-04,17280,47940,3276.0,342.0,0.0,12.0,0.0,0.0,6.0,6.0,4.0,370.0,58,23,
TTK,KT3AA,TTKKT3AA,JEUMONT,95768,500,200,2008.0,2021-05-22,2021-07-24,10748,34150,4224.0,661.0,9.0,27.0,0.0,0.0,14.0,0.0,0.0,711.0,48,21,
TTK,KT3AA,TTKKT3AA,JEUMONT,95768,500,200,2008.0,2021-12-18,2022-01-18,4859,38011,6907.0,732.0,5.0,9.0,0.0,0.0,13.0,2.0,9.0,770.0,46,15,
TTK,KT3AA,TTKKT3AA,JEUMONT,95768,500,200,2008.0,2022-02-13,2022-02-18,3775,32645,7154.0,1099.0,2.0,57.0,0.0,0.0,11.0,2.0,5.0,1176.0,40,5,
TTK,KT3AA,TTKKT3AA,JEUMONT,95768,500,200,2008.0,2022-04-29,2022-05-13,14003,51447,3461.0,526.0,6.0,24.0,0.0,11.0,8.0,22.0,6.0,603.0,49,5,
TTK,KT3AA,TTKKT3AA,JEUMONT,95768,500,200,2008.0,2023-06-17,2023-07-02,5490,40330,7871.0,819.0,6.0,53.0,0.0,0.0,10.0,4.0,6.0,898.0,48,9,
TTK,KT3AA,TTKKT3AA,JEUMONT,95768,500,200,2008.0,2023-12-16,2024-01-28,30852,83491,6203.0,454.0,20.0,17.0,0.0,0.0,12.0,3.0,8.0,514.0,44,18,
TTK,KT3AB,TTKKT3AB,JEUMONT,95769,500,200,2008.0,2019-02-15,2019-03-24,9874,46098,5278.0,686.0,7.0,23.0,0.0,0.0,10.0,0.0,0.0,726.0,54,17,-
TTK,KT3AB,TTKKT3AB,JEUMONT,95769,500,200,2008.0,2019-05-18,2019-06-01,5610,44760,6223.0,865.0,3.0,28.0,0.0,0.0,7.0,0.0,4.0,907.0,61,9,-
TTK,KT3AB,TTKKT3AB,JEUMONT,95769,500,200,2008.0,2019-07-28,2019-07-29,4020,38395,4965.0,778.0,2.0,29.0,0.0,0.0,5.0,1.0,3.0,818.0,48,4.8,Buchholz Trip
TTK,KT3AB,TTKKT3AB,JEUMONT,95769,500,200,2008.0,2019-08-30,2019-09-23,4852,38614,5381.0,831.0,6.0,25.0,0.0,0.0,11.0,0.0,5.0,878.0,58,8,-
TTK,KT3AB,TTKKT3AB,JEUMONT,95769,500,200,2008.0,2020-06-23,2020-07-05,4054,33443,6083.0,740.0,9.0,27.0,0.0,0.0,10.0,0.0,0.0,786.0,54,38,
TTK,KT3AB,TTKKT3AB,JEUMONT,95769,500,200,2008.0,2020-09-27,2020-11-13,6264,37688,6373.0,772.0,22.0,45.0,0.0,0.0,6.0,0.0,6.0,851.0,49,13,
TTK,KT3AB,TTKKT3AB,JEUMONT,95769,500,200,2008.0,2020-12-26,2021-01-26,7613,64169,5693.0,586.0,31.0,19.0,0.0,0.0,7.0,0.0,5.0,648.0,42,9,
TTK,KT3AB,TTKKT3AB,JEUMONT,95769,500,200,2008.0,2021-04-24,2021-06-01,5430,51570,4964.0,530.0,24.0,15.0,0.0,0.0,6.0,1.0,10.0,586.0,58,18,
TTK,KT3AB,TTKKT3AB,JEUMONT,95769,500,200,2008.0,2021-05-22,2021-07-24,7012,34796,4684.0,669.0,8.0,26.0,0.0,0.0,9.0,0.0,0.0,712.0,50,16,
TTK,KT3AB,TTKKT3AB,JEUMONT,95769,500,200,2008.0,2021-12-18,2022-01-22,9164,56011,3685.0,554.0,8.0,15.0,0.0,0.0,9.0,0.0,0.0,586.0,46,15,
TTK,KT3AB,TTKKT3AB,JEUMONT,95769,500,200,2008.0,2022-02-13,2022-02-18,2893,36365,7012.0,1017.0,2.0,50.0,0.0,2.0,9.0,6.0,5.0,1091.0,40,7,
TTK,KT3AB,TTKKT3AB,JEUMONT,95769,500,200,2008.0,2022-04-29,2022-05-13,2217,30986,6003.0,788.0,8.0,23.0,0.0,4.0,13.0,0.0,0.0,836.0,46,9,
TTK,KT3AB,TTKKT3AB,JEUMONT,95769,500,200,2008.0,2023-06-17,2023-07-02,2910,42820,8966.0,893.0,4.0,49.0,0.0,0.0,8.0,10.0,11.0,975.0,48,12,
TTK,KT3AB,TTKKT3AB,JEUMONT,95769,500,200,2008.0,2023-12-16,2024-01-27,7902,51064,5596.0,783.0,29.0,33.0,0.0,4.0,10.0,6.0,5.0,870.0,44,9,
TTK,KT3AC,TTKKT3AC,JEUMONT,95770,500,200,2008.0,2019-02-15,2019-03-24,6023,38865,5673.0,733.0,7.0,21.0,0.0,0.0,7.0,0.0,0.0,768.0,56,13,-
TTK,KT3AC,TTKKT3AC,JEUMONT,95770,500,200,2008.0,2019-05-18,2019-06-03,11791,39742,5724.0,715.0,6.0,14.0,0.0,0.0,11.0,0.0,0.0,746.0,60,18,-
TTK,KT3AC,TTKKT3AC,JEUMONT,95770,500,200,2008.0,2019-07-28,2019-07-29,3514,34709,5060.0,803.0,6.0,21.0,0.0,0.0,5.0,1.0,3.0,839.0,50,4.7,"Buchholz Trip
Buchholz Trip"
TTK,KT3AC,TTKKT3AC,JEUMONT,95770,500,200,2008.0,2019-08-30,2019-09-23,5538,33574,5164.0,858.0,8.0,38.0,0.0,0.0,7.0,0.0,0.0,911.0,60,7,-
TTK,KT3AC,TTKKT3AC,JEUMONT,95770,500,200,2008.0,2020-06-23,2020-07-05,4648,29184,6276.0,753.0,9.0,23.0,0.0,0.0,13.0,0.0,0.0,798.0,56,13,
TTK,KT3AC,TTKKT3AC,JEUMONT,95770,500,200,2008.0,2020-09-27,2020-11-13,7605,36145,6390.0,761.0,16.0,16.0,0.0,0.0,6.0,0.0,5.0,804.0,50,15,
TTK,KT3AC,TTKKT3AC,JEUMONT,95770,500,200,2008.0,2020-12-26,2021-01-26,9013,57302,5338.0,476.0,71.0,185.0,0.0,362.0,40.0,142.0,16.0,1292.0,42,9,
TTK,KT3AC,TTKKT3AC,JEUMONT,95770,500,200,2008.0,2021-02-15,2021-03-29,6698,51072,6783.0,927.0,80.0,92.0,0.0,370.0,42.0,146.0,6.0,1663.0,50,16,
TTK,KT3AC,TTKKT3AC,JEUMONT,95770,500,200,2008.0,2021-04-24,2021-06-04,4790,41340,3830.0,371.0,91.0,121.0,5.0,180.0,26.0,107.0,10.0,911.0,59,12,
TTK,KT3AC,TTKKT3AC,JEUMONT,95770,500,200,2008.0,2021-05-22,2021-07-24,10211,35057,4787.0,668.0,36.0,175.0,0.0,226.0,45.0,30.0,0.0,1180.0,52,25,
TTK,KT3AC,TTKKT3AC,JEUMONT,95770,500,200,2008.0,2021-06-19,2021-06-21,3832,39405,7436.0,934.0,51.0,229.0,5.0,291.0,32.0,147.0,0.0,1689.0,55,12,
TTK,KT3AC,TTKKT3AC,JEUMONT,95770,500,200,2008.0,2021-08-31,2021-09-04,4156,37295,7483.0,872.0,38.0,219.0,2.8,267.0,24.0,149.0,0.0,1571.8,51,,ตามผล Overheat
TTK,KT3AC,TTKKT3AC,JEUMONT,95770,500,200,2008.0,2021-12-18,2022-01-18,3881,36042,7755.0,893.0,40.0,231.0,2.0,276.0,49.0,145.0,0.0,1636.0,52,10,
TTK,KT3AC,TTKKT3AC,JEUMONT,95770,500,200,2008.0,2022-02-13,2022-02-18,2322,27688,7346.0,907.0,80.0,359.0,1.9,270.0,46.0,125.0,0.0,1788.9,44,6,ตามผล Overheat  High temp
TTK,KT3AC,TTKKT3AC,JEUMONT,95770,500,200,2008.0,2022-04-10,2022-04-22,7615,35418,5960.0,598.0,9.0,175.0,1.6,190.0,35.0,110.0,11.0,1129.6,50,10,ตามผล
TTK,KT3AC,TTKKT3AC,JEUMONT,95770,500,200,2008.0,2022-04-29,2022-05-13,4346,33384,6070.0,740.0,12.0,111.0,0.0,180.0,41.0,69.0,3.0,1156.0,46,6,
TTK,KT3AC,TTKKT3AC,JEUMONT,95770,500,200,2008.0,2022-08-20,2022-08-26,19234,51094,5299.0,567.0,10.0,32.0,0.0,140.0,31.0,74.0,7.0,861.0,54,10,
TTK,KT3AC,TTKKT3AC,JEUMONT,95770,500,200,2008.0,2023-06-17,2023-07-09,22388,66921,1669.0,153.0,2.0,26.0,0.0,50.0,13.0,26.0,4.0,274.0,53,10,ปรับปรุงสภาพน้ำมัน
TTK,KT3AC,TTKKT3AC,JEUMONT,95770,500,200,2008.0,2023-12-16,2024-01-27,9006,44748,6287.0,912.0,30.0,114.0,0.0,152.0,34.0,94.0,14.0,1350.0,48,9,
TTK,KT3AC,TTKKT3AC,JEUMONT,95770,500,200,2008.0,2024-01-15,2024-01-20,2902,37401,8096.0,962.0,36.0,126.0,2.0,160.0,38.0,105.0,15.0,1444.0,55,6,Bushing ความชื้นสูง
TTK,KT4A,TTKKT4A,TOSHIBA,91900018,230/115/22,200,2005.0,2019-09-21,2019-10-04,6265,32910,2344.0,345.0,21.0,21.0,0.0,0.0,4.0,3.0,5.0,399.0,53,10,-
TTK,KT4A,TTKKT4A,TOSHIBA,91900018,230/115/22,200,2005.0,2020-06-23,2020-08-11,9125,57638,3106.0,414.0,24.0,4.0,0.0,0.0,1.0,26.0,0.0,469.0,55,25,
TTK,KT4A,TTKKT4A,TOSHIBA,91900018,230/115/22,200,2005.0,2020-12-18,2021-01-10,8325,51732,3325.0,266.0,30.0,10.0,0.0,0.0,5.0,0.0,4.0,315.0,48,8,
TTK,KT4A,TTKKT4A,TOSHIBA,91900018,230/115/22,200,2005.0,2021-06-28,2021-10-08,7760,34758,2793.0,227.0,17.0,0.0,0.0,0.0,0.0,0.0,0.0,244.0,53,13,
TTK,KT4A,TTKKT4A,TOSHIBA,91900018,230/115/22,200,2005.0,2021-12-18,2022-01-22,16020,40366,2390.0,191.0,17.0,8.0,0.0,0.0,11.0,0.0,0.0,227.0,61,16,
TTK,KT4A,TTKKT4A,TOSHIBA,91900018,230/115/22,200,2005.0,2022-06-10,2022-06-26,6855,44271,2537.0,209.0,25.0,19.0,0.0,19.0,4.0,3.0,3.0,282.0,60,11,
TTK,KT4A,TTKKT4A,TOSHIBA,91900018,230/115/22,200,2005.0,2023-06-17,2023-07-03,4548,37543,3303.0,308.0,13.0,29.0,0.0,2.0,6.0,4.0,6.0,368.0,53,13,
TTK,KT4A,TTKKT4A,TOSHIBA,91900018,230/115/22,200,2005.0,2023-12-16,2024-01-28,14299,53601,3851.0,223.0,27.0,11.0,0.0,3.0,10.0,3.0,11.0,288.0,59,19,
TTK,KT5A,TTKKT5A,ABB,103726,230/115/22,200,2007.0,2020-06-23,2020-08-11,9514,77752,3106.0,330.0,42.0,0.0,0.0,0.0,1.0,26.0,0.0,399.0,56,21,
TTK,KT5A,TTKKT5A,ABB,103726,230/115/22,200,2007.0,2020-12-18,2021-01-11,11981,50655,2512.0,207.0,35.0,3.0,0.0,0.0,1.0,0.0,1.0,247.0,51,9,
TTK,KT5A,TTKKT5A,ABB,103726,230/115/22,200,2007.0,2021-06-28,2021-10-08,11137,36310,1937.0,163.0,11.0,0.0,0.0,42.0,0.0,0.0,0.0,216.0,60,12,
TTK,KT5A,TTKKT5A,ABB,103726,230/115/22,200,2007.0,2021-12-18,2022-01-22,16324,43567,2210.0,187.0,14.0,0.0,0.0,0.0,5.0,0.0,0.0,206.0,56,13,
TTK,KT5A,TTKKT5A,ABB,103726,230/115/22,200,2007.0,2022-06-10,2022-06-26,11662,49642,2229.0,199.0,12.0,3.0,0.0,0.0,1.0,0.0,1.0,216.0,60,11,
TTK,KT5A,TTKKT5A,ABB,103726,230/115/22,200,2007.0,2023-06-17,2023-07-03,5975,39293,2344.0,490.0,15.0,14.0,0.0,2.0,3.0,1.0,1.0,526.0,58,7,
TTK,KT5A,TTKKT5A,ABB,103726,230/115/22,200,2007.0,2023-12-16,2024-01-27,15327,48957,2497.0,474.0,29.0,6.0,0.0,2.0,1.0,1.0,1.0,514.0,55,14,
TTK,KT6A,TTKKT6A,TOSHIBA,890900042,115/22,25,2003.0,2019-09-20,2019-10-04,8282,29501,2535.0,68.0,92.0,74.0,0.0,0.0,187.0,0.0,125.0,546.0,55,17,-
TTK,KT6A,TTKKT6A,TOSHIBA,890900042,115/22,25,2003.0,2020-12-18,2021-01-11,10779,47821,2991.0,44.0,43.0,47.0,0.0,0.0,144.0,0.0,121.0,399.0,49,18,
TTK,KT6A,TTKKT6A,TOSHIBA,890900042,115/22,25,2003.0,2021-12-18,2022-01-22,4612,41107,3082.0,165.0,67.0,52.0,0.0,6.0,258.0,0.0,150.0,698.0,56,22,
TTK,KT7A,TTKKT7A,TOSHIBA,890900045,115/22,25,2003.0,2020-12-18,2021-01-11,7685,36001,4364.0,53.0,71.0,57.0,0.0,0.0,165.0,25.0,132.0,503.0,48,83,
TTK,KT7A,TTKKT7A,TOSHIBA,890900045,115/22,25,2003.0,2021-02-15,2021-03-29,5218,63637,3641.0,55.0,53.0,47.0,0.0,0.0,178.0,0.0,146.0,479.0,54,31,
TTK,KT7A,TTKKT7A,TOSHIBA,890900045,115/22,25,2003.0,2021-12-18,2022-01-22,5933,42719,3553.0,161.0,60.0,51.0,0.0,7.0,170.0,0.0,162.0,611.0,55,28,
TTK,SR1A,TTKSR1A,HITACHI,712697-1,400-400/230,90,2000.0,2003-03-31,2003-04-04,5538,16427,165.0,25.0,6.0,0.0,0.0,0.0,5.0,0.0,0.0,36.0,60,-,-
TTK,SR1A,TTKSR1A,HITACHI,712697-1,400-400/230,90,2000.0,2003-06-14,2003-07-05,9030,11633,827.0,79.0,0.0,0.0,0.0,0.0,8.0,0.0,0.0,87.0,60,-,-
TTK,SR1A,TTKSR1A,HITACHI,712697-1,400-400/230,90,2000.0,2004-06-16,2004-07-30,20690,40096,693.0,30.0,12.0,9.0,0.0,0.0,15.0,0.0,0.0,66.0,55,-,-
TTK,SR1A,TTKSR1A,HITACHI,712697-1,400-400/230,90,2000.0,2005-07-12,2005-08-06,6433,25664,2301.0,81.0,12.0,21.0,0.0,0.0,40.0,0.0,0.0,154.0,63,22,-
TTK,SR1A,TTKSR1A,HITACHI,712697-1,400-400/230,90,2000.0,2006-03-01,2006-03-04,2666,21020,2944.0,120.0,10.0,28.0,0.0,0.0,47.0,0.0,0.0,205.0,61,-,-
TTK,SR1A,TTKSR1A,HITACHI,712697-1,400-400/230,90,2000.0,2006-10-25,2006-11-02,6521,30654,3335.0,118.0,18.0,32.0,0.0,0.0,49.0,0.0,24.0,241.0,48,17,-
TTK,SR1A,TTKSR1A,HITACHI,712697-1,400-400/230,90,2000.0,2006-10-31,2006-11-02,2252,22030,3156.0,122.0,15.0,34.0,0.0,0.0,46.0,0.0,22.0,239.0,49,12,-
TTK,SR1A,TTKSR1A,HITACHI,712697-1,400-400/230,90,2000.0,2007-06-10,2007-06-30,5359,30536,3769.0,164.0,8.0,39.0,0.0,0.0,76.0,0.0,20.0,307.0,50,12,-
TTK,SR1A,TTKSR1A,HITACHI,712697-1,400-400/230,90,2000.0,2007-12-08,2008-01-04,12067,32487,3125.0,147.0,15.0,57.0,0.0,1.0,77.0,0.0,41.0,338.0,50,23,-
TTK,SR1A,TTKSR1A,HITACHI,712697-1,400-400/230,90,2000.0,2009-03-20,2009-04-10,6830,40738,4252.0,161.0,6.0,51.0,0.0,1.0,54.0,0.0,41.0,314.0,49,18,-
TTK,SR1A,TTKSR1A,HITACHI,712697-1,400-400/230,90,2000.0,2010-03-08,2010-03-20,2670,32078,6211.0,299.0,6.0,86.0,0.0,0.0,96.0,0.0,62.0,549.0,49,16,-
TTK,SR1A,TTKSR1A,HITACHI,712697-1,400-400/230,90,2000.0,2011-03-11,2011-03-24,2720,32260,7915.0,360.0,8.0,155.0,0.0,1.0,117.0,0.0,64.0,705.0,80,17,-
TTK,SR1A,TTKSR1A,HITACHI,712697-1,400-400/230,90,2000.0,2012-03-03,2012-03-27,1536,37019,426.0,168.0,6.0,28.0,0.0,4.0,91.0,0.0,53.0,350.0,48,18,-
TTK,SR1A,TTKSR1A,HITACHI,712697-1,400-400/230,90,2000.0,2012-09-02,2012-09-23,4120,38968,10100.0,418.0,8.0,127.0,0.0,0.0,135.0,0.0,54.0,742.0,79,16,-
TTK,SR1A,TTKSR1A,HITACHI,712697-1,400-400/230,90,2000.0,2013-03-08,2013-03-12,8300,37548,6829.0,229.0,5.0,105.0,0.0,0.0,111.0,0.0,43.0,493.0,71,12,-
TTK,SR1A,TTKSR1A,HITACHI,712697-1,400-400/230,90,2000.0,2013-10-07,2013-11-04,6015,39779,6994.0,287.0,6.0,112.0,0.0,0.0,118.0,0.0,67.0,590.0,71,17,-
TTK,SR1A,TTKSR1A,HITACHI,712697-1,400-400/230,90,2000.0,2014-04-12,2014-09-07,9240,40786,6779.0,349.0,5.0,114.0,0.0,0.0,115.0,0.0,73.0,656.0,73,35,-
TTK,SR1A,TTKSR1A,HITACHI,712697-1,400-400/230,90,2000.0,2015-03-28,2015-04-12,10134,45466,8316.0,346.0,13.0,140.0,0.0,0.0,158.0,0.0,71.0,728.0,73,13,-
TTK,SR1A,TTKSR1A,HITACHI,712697-1,400-400/230,90,2000.0,2017-03-25,2017-04-21,7908,51021,8760.0,408.0,15.0,233.0,0.0,0.0,189.0,0.0,54.0,899.0,69,19,-
TTK,SR1A,TTKSR1A,HITACHI,712697-1,400-400/230,90,2000.0,2017-07-16,2017-07-18,8417,41494,8708.0,445.0,16.0,217.0,0.0,0.0,267.0,0.0,153.0,1098.0,74,11,-
TTK,SR1A,TTKSR1A,HITACHI,712697-1,400-400/230,90,2000.0,2018-01-14,2018-03-11,7939,48854,9803.0,593.0,12.0,177.0,0.0,1.0,221.0,0.0,131.0,1135.0,60,20,-
TTK,SR1A,TTKSR1A,HITACHI,712697-1,400-400/230,90,2000.0,2018-03-23,2018-04-07,6261,34242,9256.0,528.0,20.0,184.0,0.0,0.0,201.0,0.0,99.0,1032.0,77,13,-
TTK,SR1A,TTKSR1A,HITACHI,712697-1,400-400/230,90,2000.0,2018-06-15,2018-06-29,8472,48201,10817.0,640.0,15.0,209.0,0.0,1.0,223.0,0.0,104.0,1192.0,69,14,-
TTK,SR1A,TTKSR1A,HITACHI,712697-1,400-400/230,90,2000.0,2018-09-10,2018-09-16,8156,43649,10073.0,607.0,11.0,213.0,0.0,0.0,278.0,0.0,109.0,1218.0,68,14,-
TTK,SR1A,TTKSR1A,HITACHI,712697-1,400-400/230,90,2000.0,2018-12-20,2018-12-29,5964,43630,10810.0,654.0,11.0,235.0,0.0,0.0,214.0,0.0,106.0,1220.0,64,9,-
TTK,SR1A,TTKSR1A,HITACHI,712697-1,400-400/230,90,2000.0,2019-01-20,2019-01-26,4410,41807,10659.0,647.0,11.0,232.0,0.0,1.0,225.0,0.0,97.0,1213.0,69,9,-
TTK,SR1A,TTKSR1A,HITACHI,712697-1,400-400/230,90,2000.0,2019-02-17,2019-03-07,10202,44359,8438.0,491.0,8.0,180.0,0.0,0.0,195.0,0.0,94.0,968.0,71,18,-
TTK,SR1A,TTKSR1A,HITACHI,712697-1,400-400/230,90,2000.0,2019-03-21,2019-04-04,8482,46376,8716.0,501.0,4.0,196.0,0.0,0.0,218.0,0.0,85.0,1004.0,75,13,-
TTK,SR1A,TTKSR1A,HITACHI,712697-1,400-400/230,90,2000.0,2019-04-19,2019-04-22,8597,47208,8661.0,443.0,12.0,184.0,0.0,0.0,217.0,0.0,94.0,950.0,74,9,-
TTK,SR1A,TTKSR1A,HITACHI,712697-1,400-400/230,90,2000.0,2019-05-18,2019-06-01,4409,50048,9036.0,676.0,11.0,239.0,0.0,0.0,242.0,0.0,96.0,1264.0,74,14,-
TTK,SR1A,TTKSR1A,HITACHI,712697-1,400-400/230,90,2000.0,2019-06-23,2019-08-10,7523,48606,9012.0,538.0,10.0,212.0,0.0,0.0,267.0,0.0,117.0,1144.0,74,20,-
TTK,SR1A,TTKSR1A,HITACHI,712697-1,400-400/230,90,2000.0,2019-07-25,2019-08-31,10074,58486,7590.0,479.0,12.0,199.0,0.0,0.0,248.0,0.0,114.0,1052.0,66,14,-
TTK,SR1A,TTKSR1A,HITACHI,712697-1,400-400/230,90,2000.0,2019-08-30,2019-09-26,10634,55659,8213.0,631.0,6.0,212.0,0.0,1.0,266.0,0.0,128.0,1244.0,71,-17,-
TTK,SR1A,TTKSR1A,HITACHI,712697-1,400-400/230,90,2000.0,2019-11-03,2019-12-06,7696,53291,10145.0,752.0,14.0,197.0,0.0,0.0,248.0,0.0,104.0,1315.0,70,12,-
TTK,SR1A,TTKSR1A,HITACHI,712697-1,400-400/230,90,2000.0,2020-01-25,2020-02-01,7555,45714,9056.0,528.0,23.0,237.0,0.0,0.0,274.0,0.0,167.0,1229.0,60,8,
TTK,SR1A,TTKSR1A,HITACHI,712697-1,400-400/230,90,2000.0,2020-07-17,2020-08-21,8461,56514,9373.0,517.0,18.0,209.0,0.0,0.0,281.0,0.0,110.0,1135.0,70,13,
TTK,SR1A,TTKSR1A,HITACHI,712697-1,400-400/230,90,2000.0,2020-10-16,2020-11-03,9821,47757,8745.0,475.0,9.0,193.0,0.0,45.0,272.0,100.0,48.0,1142.0,74,24,
TTK,SR1A,TTKSR1A,HITACHI,712697-1,400-400/230,90,2000.0,2021-04-24,2021-06-01,4120,61720,6020.0,217.0,45.0,109.0,0.0,0.0,126.0,0.0,97.0,594.0,78,18,
TTK,SR1A,TTKSR1A,HITACHI,712697-1,400-400/230,90,2000.0,2022-10-13,2022-10-22,3940,36790,5672.0,267.0,11.0,125.0,0.0,21.0,202.0,13.0,162.0,801.0,73,11,
TTK,SR1A,TTKSR1A,HITACHI,712697-1,400-400/230,90,2000.0,2023-12-17,2024-01-28,9346,42686,7069.0,434.0,27.0,135.0,0.0,0.0,211.0,5.0,102.0,914.0,70,12,
TTK,SR1B,TTKSR1B,FUJI,AE69040T4,400-400/230,6,2002.0,2003-05-23,2003-05-26,2300,6969,166.0,39.0,0.0,0.0,0.0,0.0,0.0,0.0,0.0,39.0,33,-,-
TTK,SR1B,TTKSR1B,FUJI,AE69040T4,400-400/230,6,2002.0,2003-06-23,2003-09-26,5322,18012,157.0,40.0,0.0,0.0,0.0,6.0,0.0,0.0,0.0,46.0,36,-,-
TTK,SR1B,TTKSR1B,FUJI,AE69040T4,400-400/230,6,2002.0,2004-06-16,2004-07-27,8526,33826,287.0,58.0,3.0,0.0,0.0,1.0,1.0,0.0,0.0,63.0,35,-,-
TTK,SR1B,TTKSR1B,FUJI,AE69040T4,400-400/230,6,2002.0,2005-07-12,2005-07-31,593,20428,331.0,211.0,12.0,5.0,0.0,0.0,11.0,0.0,0.0,239.0,36,-,-
TTK,SR1B,TTKSR1B,FUJI,AE69040T4,400-400/230,6,2002.0,2006-03-01,2006-03-03,4706,21182,349.0,237.0,10.0,0.0,0.0,0.0,0.0,0.0,0.0,247.0,27,12,-
TTK,SR1B,TTKSR1B,FUJI,AE69040T4,400-400/230,6,2002.0,2007-06-10,2007-06-29,607,28956,417.0,282.0,4.0,8.0,0.0,1.0,36.0,0.0,0.0,331.0,35,27,-
TTK,SR1B,TTKSR1B,FUJI,AE69040T4,400-400/230,6,2002.0,2007-12-08,2007-12-30,1568,31160,592.0,240.0,5.0,17.0,0.0,3.0,55.0,3.0,28.0,351.0,28,14,-
TTK,SR1B,TTKSR1B,FUJI,AE69040T4,400-400/230,6,2002.0,2009-03-20,2009-04-11,1020,32392,413.0,205.0,7.0,22.0,0.0,4.0,76.0,0.0,42.0,356.0,40,20,-
TTK,SR1B,TTKSR1B,FUJI,AE69040T4,400-400/230,6,2002.0,2010-03-08,2010-03-19,1668,35799,411.0,209.0,3.0,24.0,0.0,3.0,82.0,0.0,45.0,366.0,31,16,-
TTK,SR1B,TTKSR1B,FUJI,AE69040T4,400-400/230,6,2002.0,2011-03-11,2011-03-21,972,35967,432.0,212.0,2.0,45.0,0.0,4.0,100.0,0.0,55.0,418.0,34,19,-
TTK,SR1B,TTKSR1B,FUJI,AE69040T4,400-400/230,6,2002.0,2012-03-03,2012-03-26,3556,36375,435.0,207.0,2.0,39.0,0.0,2.0,95.0,0.0,64.0,409.0,35,20,-
TTK,SR1B,TTKSR1B,FUJI,AE69040T4,400-400/230,6,2002.0,2013-03-03,2013-03-11,1649,38431,431.0,133.0,2.0,33.0,0.0,4.0,118.0,0.0,41.0,331.0,-,18,-
TTK,SR1B,TTKSR1B,FUJI,AE69040T4,400-400/230,6,2002.0,2013-07-10,2013-04-11,5059,43315,330.0,88.0,2.0,23.0,0.0,2.0,97.0,0.0,50.0,262.0,28,21,-
TTK,SR1B,TTKSR1B,FUJI,AE69040T4,400-400/230,6,2002.0,2015-03-28,2015-04-12,4352,49591,654.0,107.0,4.0,41.0,0.0,15.0,125.0,0.0,64.0,356.0,37,16,-
TTK,SR1B,TTKSR1B,FUJI,AE69040T4,400-400/230,6,2002.0,2017-03-25,2017-04-22,1838,45614,657.0,189.0,26.0,46.0,0.0,4.0,129.0,0.0,80.0,474.0,30,32,-
TTK,SR1B,TTKSR1B,FUJI,AE69040T4,400-400/230,6,2002.0,2017-07-16,2017-07-18,6791,43749,699.0,203.0,12.0,46.0,0.0,6.0,185.0,0.0,118.0,570.0,33,9,-
TTK,SR1B,TTKSR1B,FUJI,AE69040T4,400-400/230,6,2002.0,2018-01-14,2018-03-10,6964,40867,554.0,182.0,5.0,38.0,0.0,6.0,156.0,0.0,105.0,492.0,35,23,-
TTK,SR1B,TTKSR1B,FUJI,AE69040T4,400-400/230,6,2002.0,2018-09-07,2018-09-16,7908,56016,480.0,155.0,2.0,40.0,0.0,5.0,152.0,0.0,77.0,431.0,34,15,-
TTK,SR1B,TTKSR1B,FUJI,AE69040T4,400-400/230,6,2002.0,2019-02-15,2019-03-17,12968,50535,443.0,95.0,0.0,14.0,0.0,5.0,159.0,0.0,108.0,381.0,27,20,-
TTK,SR1B,TTKSR1B,FUJI,AE69040T4,400-400/230,6,2002.0,2020-12-19,2021-01-10,7360,53492,814.0,101.0,19.0,40.0,0.0,3.0,163.0,0.0,111.0,437.0,22,16,
TTK,SR1B,TTKSR1B,FUJI,AE69040T4,400-400/230,6,2002.0,2021-12-18,2022-01-22,8821,56960,940.0,117.0,7.0,28.0,0.0,7.0,186.0,0.0,89.0,434.0,34,16,
TTK,SR1B,TTKSR1B,FUJI,AE69040T4,400-400/230,6,2002.0,2022-10-13,2022-10-22,4310,71160,847.0,129.0,3.0,48.0,0.0,9.0,242.0,42.0,184.0,657.0,36,8,
TTK,SR1B,TTKSR1B,FUJI,AE69040T4,400-400/230,6,2002.0,2023-12-17,2024-01-28,7596,67789,704.0,928.0,6.0,67.0,0.0,7.0,244.0,15.0,129.0,1396.0,30,11,
TTK,SR2A,TTKSR2A,MITSUBISHI,9060620101,400-400/230,110,2005.0,2007-12-08,2007-12-30,7484,27657,3154.0,85.0,5.0,14.0,0.0,2.0,36.0,0.0,25.0,167.0,52,20,-
TTK,SR2A,TTKSR2A,MITSUBISHI,9060620101,400-400/230,110,2005.0,2009-04-13,2009-04-18,1499,26954,5748.0,120.0,26.0,22.0,0.0,1.0,36.0,0.0,34.0,239.0,74,10,-
TTK,SR2A,TTKSR2A,MITSUBISHI,9060620101,400-400/230,110,2005.0,2010-03-08,2010-03-19,1244,30602,6673.0,172.0,2.0,27.0,0.0,0.0,97.0,0.0,39.0,337.0,65,19,-
TTK,SR2A,TTKSR2A,MITSUBISHI,9060620101,400-400/230,110,2005.0,2011-03-11,2011-03-20,2628,35207,8627.0,186.0,2.0,49.0,0.0,1.0,81.0,0.0,53.0,372.0,65,13,-
TTK,SR2A,TTKSR2A,MITSUBISHI,9060620101,400-400/230,110,2005.0,2011-09-04,2011-09-16,2661,36432,9539.0,207.0,6.0,32.0,0.0,0.0,81.0,0.0,55.0,381.0,65,21,-
TTK,SR2A,TTKSR2A,MITSUBISHI,9060620101,400-400/230,110,2005.0,2012-03-03,2012-03-27,7853,38724,7292.0,321.0,6.0,54.0,0.0,0.0,120.0,0.0,68.0,569.0,69,21,-
TTK,SR2A,TTKSR2A,MITSUBISHI,9060620101,400-400/230,110,2005.0,2012-09-02,2012-09-23,6245,42265,7252.0,203.0,4.0,36.0,0.0,0.0,96.0,0.0,44.0,383.0,70,20,-
TTK,SR2A,TTKSR2A,MITSUBISHI,9060620101,400-400/230,110,2005.0,2013-03-03,2013-06-30,25952,64438,7322.0,250.0,0.0,36.0,0.0,0.0,75.0,2.0,56.0,419.0,62,24,-
TTK,SR2A,TTKSR2A,MITSUBISHI,9060620101,400-400/230,110,2005.0,2013-10-07,2013-11-09,17442,53275,6509.0,241.0,5.0,36.0,0.0,0.0,72.0,0.0,53.0,407.0,63,18,-
TTK,SR2A,TTKSR2A,MITSUBISHI,9060620101,400-400/230,110,2005.0,2014-04-12,2014-06-19,12526,10034,6047.0,221.0,5.0,39.0,0.0,0.0,72.0,0.0,53.0,390.0,65,38,-
TTK,SR2A,TTKSR2A,MITSUBISHI,9060620101,400-400/230,110,2005.0,2015-03-28,2015-04-09,5028,45686,6843.0,218.0,9.0,54.0,0.0,0.0,126.0,0.0,57.0,488.0,63,13,-
TTK,SR2A,TTKSR2A,MITSUBISHI,9060620101,400-400/230,110,2005.0,2015-11-14,2015-11-26,4976,47718,7291.0,212.0,5.0,32.0,0.0,0.0,129.0,0.0,75.0,453.0,-,24,-
TTK,SR2A,TTKSR2A,MITSUBISHI,9060620101,400-400/230,110,2005.0,2017-03-25,2017-03-25,7046,39912,7901.0,279.0,5.0,63.0,0.0,0.0,152.0,0.0,52.0,551.0,57,31,-
TTK,SR2A,TTKSR2A,MITSUBISHI,9060620101,400-400/230,110,2005.0,2017-07-16,2017-07-18,8785,43252,8681.0,324.0,16.0,62.0,0.0,0.0,189.0,0.0,131.0,722.0,61,21,-
TTK,SR2A,TTKSR2A,MITSUBISHI,9060620101,400-400/230,110,2005.0,2018-01-14,2018-03-11,8447,46743,8540.0,274.0,19.0,37.0,0.0,1.0,139.0,0.0,111.0,581.0,55,23,-
TTK,SR2A,TTKSR2A,MITSUBISHI,9060620101,400-400/230,110,2005.0,2018-03-23,2018-04-07,5680,35577,8701.0,243.0,15.0,58.0,0.0,0.0,159.0,0.0,79.0,554.0,69,18,-
TTK,SR2A,TTKSR2A,MITSUBISHI,9060620101,400-400/230,110,2005.0,2018-06-15,2018-06-29,3779,34117,10355.0,217.0,73.0,53.0,0.0,0.0,169.0,0.0,90.0,602.0,62,28,-
TTK,SR2A,TTKSR2A,MITSUBISHI,9060620101,400-400/230,110,2005.0,2018-09-10,2018-09-16,8890,45397,12534.0,223.0,39.0,52.0,0.0,0.0,213.0,0.0,87.0,614.0,60,24,-
TTK,SR2A,TTKSR2A,MITSUBISHI,9060620101,400-400/230,110,2005.0,2018-12-20,2018-12-29,4741,40133,4592.0,96.0,7.0,21.0,0.0,0.0,62.0,0.0,40.0,226.0,53,14,"กม-สสแก้ไข oil leak pocket bushing phase A,B,C 2/12/47"
TTK,SR2A,TTKSR2A,MITSUBISHI,9060620101,400-400/230,110,2005.0,2019-01-20,2019-01-26,3520,43560,6553.0,106.0,7.0,21.0,0.0,1.0,57.0,0.0,35.0,227.0,60,18,-
TTK,SR2A,TTKSR2A,MITSUBISHI,9060620101,400-400/230,110,2005.0,2019-02-17,2019-03-07,10005,39260,6442.0,94.0,11.0,20.0,0.0,0.0,56.0,0.0,38.0,219.0,61,23,-
TTK,SR2A,TTKSR2A,MITSUBISHI,9060620101,400-400/230,110,2005.0,2019-03-21,2019-04-05,6305,35740,5765.0,87.0,8.0,17.0,0.0,0.0,59.0,0.0,31.0,202.0,64,17,-
TTK,SR2A,TTKSR2A,MITSUBISHI,9060620101,400-400/230,110,2005.0,2019-04-19,2019-04-22,6311,34052,7006.0,95.0,8.0,25.0,0.0,0.0,72.0,0.0,39.0,239.0,63,11,-
TTK,SR2A,TTKSR2A,MITSUBISHI,9060620101,400-400/230,110,2005.0,2019-05-18,2019-06-01,8038,37341,6612.0,113.0,10.0,22.0,0.0,0.0,68.0,0.0,34.0,247.0,63,23,-
TTK,SR2A,TTKSR2A,MITSUBISHI,9060620101,400-400/230,110,2005.0,2019-06-23,2019-08-10,5727,40748,6906.0,101.0,5.0,23.0,0.0,0.0,59.0,0.0,49.0,237.0,64,22,-
TTK,SR2A,TTKSR2A,MITSUBISHI,9060620101,400-400/230,110,2005.0,2019-07-25,2019-08-31,9620,48972,5595.0,94.0,4.0,25.0,0.0,0.0,63.0,0.0,50.0,236.0,60,47,-
TTK,SR2A,TTKSR2A,MITSUBISHI,9060620101,400-400/230,110,2005.0,2019-08-30,2019-09-23,4058,34716,6583.0,132.0,7.0,32.0,0.0,0.0,92.0,0.0,69.0,332.0,61,13,-
TTK,SR2A,TTKSR2A,MITSUBISHI,9060620101,400-400/230,110,2005.0,2019-11-03,2019-12-06,9663,42090,7569.0,145.0,8.0,27.0,0.0,0.0,94.0,0.0,42.0,316.0,60,15,-
TTK,SR2A,TTKSR2A,MITSUBISHI,9060620101,400-400/230,110,2005.0,2020-01-25,2020-02-01,10315,45853,6678.0,122.0,7.0,29.0,0.0,0.0,86.0,0.0,75.0,319.0,52,13,
TTK,SR2A,TTKSR2A,MITSUBISHI,9060620101,400-400/230,110,2005.0,2020-07-17,2020-08-21,8585,52444,8826.0,95.0,19.0,25.0,0.0,0.0,98.0,0.0,49.0,286.0,62,61,
TTK,SR2A,TTKSR2A,MITSUBISHI,9060620101,400-400/230,110,2005.0,2020-10-16,2020-11-03,5324,48134,8944.0,133.0,8.0,17.0,0.0,0.0,88.0,0.0,51.0,297.0,53,24,
TTK,SR2A,TTKSR2A,MITSUBISHI,9060620101,400-400/230,110,2005.0,2021-04-27,2021-06-01,4080,80560,9394.0,76.0,56.0,20.0,0.0,0.0,83.0,7.0,62.0,304.0,66,69,
TTK,SR2A,TTKSR2A,MITSUBISHI,9060620101,400-400/230,110,2005.0,2022-10-13,2022-10-22,3640,51450,8318.0,105.0,5.0,46.0,0.0,0.0,150.0,11.0,122.0,439.0,62,10,
TTK,SR2A,TTKSR2A,MITSUBISHI,9060620101,400-400/230,110,2005.0,2023-04-02,2023-04-08,3732,61250,8869.0,119.0,5.0,45.0,0.0,0.0,116.0,6.0,102.0,393.0,54,9,
TTK,SR2A,TTKSR2A,MITSUBISHI,9060620101,400-400/230,110,2005.0,2023-06-18,2023-07-09,4321,43795,7830.0,190.0,6.0,51.0,0.0,1.0,137.0,1.0,76.0,462.0,65,15,
TTK,SR2B,TTKSR2B,MITSUBISHI,9060610103,400-400/230,3.2,2004.0,2007-10-19,2007-10-22,14101,52468,1000.0,170.0,14.0,0.0,0.0,0.0,1.0,0.0,0.0,185.0,-,15,-
TTK,SR2B,TTKSR2B,MITSUBISHI,9060610103,400-400/230,3.2,2004.0,2007-12-08,2007-12-30,12938,29545,700.0,145.0,11.0,1.0,0.0,1.0,1.0,0.0,0.0,159.0,42,31,-
TTK,SR2B,TTKSR2B,MITSUBISHI,9060610103,400-400/230,3.2,2004.0,2009-03-20,2009-04-11,8424,36759,536.0,141.0,23.0,2.0,0.0,1.0,1.0,1.0,0.0,169.0,37,25,-
TTK,SR2B,TTKSR2B,MITSUBISHI,9060610103,400-400/230,3.2,2004.0,2010-03-08,2010-03-19,2179,31864,683.0,266.0,13.0,0.0,0.0,0.0,0.0,0.0,0.0,279.0,31,21,-
TTK,SR2B,TTKSR2B,MITSUBISHI,9060610103,400-400/230,3.2,2004.0,2011-03-11,2011-03-20,1892,34960,763.0,284.0,4.0,8.0,0.0,0.0,0.0,0.0,0.0,296.0,32,19,-
TTK,SR2B,TTKSR2B,MITSUBISHI,9060610103,400-400/230,3.2,2004.0,2012-03-03,2012-03-26,6728,40086,787.0,292.0,11.0,2.0,0.0,1.0,1.0,1.0,0.0,308.0,34,25,-
TTK,SR2B,TTKSR2B,MITSUBISHI,9060610103,400-400/230,3.2,2004.0,2013-08-03,2013-03-11,3234,39052,852.0,252.0,9.0,0.0,0.0,0.0,0.0,0.0,0.0,261.0,-,17,-
TTK,SR2B,TTKSR2B,MITSUBISHI,9060610103,400-400/230,3.2,2004.0,2013-10-07,2013-10-30,4646,44678,629.0,218.0,7.0,2.0,0.0,0.0,0.0,0.0,0.0,227.0,-,36,-
TTK,SR2B,TTKSR2B,MITSUBISHI,9060610103,400-400/230,3.2,2004.0,2015-03-28,2015-04-10,3190,48299,993.0,291.0,7.0,0.0,0.0,6.0,0.0,0.0,0.0,304.0,36,16,-
TTK,SR2B,TTKSR2B,MITSUBISHI,9060610103,400-400/230,3.2,2004.0,2017-03-23,2017-04-23,7058,49528,1337.0,263.0,23.0,4.0,0.0,0.0,4.0,0.0,0.0,294.0,30,16,-
TTK,SR2B,TTKSR2B,MITSUBISHI,9060610103,400-400/230,3.2,2004.0,2017-07-16,2017-07-18,8349,37946,1258.0,294.0,10.0,7.0,0.0,2.0,4.0,2.0,3.0,322.0,32,14,-
TTK,SR2B,TTKSR2B,MITSUBISHI,9060610103,400-400/230,3.2,2004.0,2018-01-14,2018-03-09,4900,31957,1235.0,327.0,18.0,0.0,0.0,0.0,4.0,0.0,0.0,349.0,41,14,-
TTK,SR2B,TTKSR2B,MITSUBISHI,9060610103,400-400/230,3.2,2004.0,2018-09-07,2018-09-16,3545,33383,937.0,327.0,4.0,6.0,0.0,1.0,2.0,2.0,1.0,343.0,37,18,-
TTK,SR2B,TTKSR2B,MITSUBISHI,9060610103,400-400/230,3.2,2004.0,2019-02-15,2019-03-17,13478,40201,753.0,213.0,2.0,0.0,0.0,1.0,4.0,1.0,4.0,225.0,31,18,-
TTK,SR2B,TTKSR2B,MITSUBISHI,9060610103,400-400/230,3.2,2004.0,2020-12-19,2021-01-11,7805,41262,1192.0,148.0,38.0,3.0,0.0,0.0,3.0,4.0,4.0,200.0,24,10,
TTK,SR2B,TTKSR2B,MITSUBISHI,9060610103,400-400/230,3.2,2004.0,2021-12-19,2022-01-22,7844,56132,1482.0,274.0,12.0,0.0,0.0,0.0,4.0,0.0,0.0,290.0,30,13,
TTK,SR2B,TTKSR2B,MITSUBISHI,9060610103,400-400/230,3.2,2004.0,2022-10-13,2022-10-22,4150,75300,1570.0,281.0,7.0,6.0,0.0,1.0,5.0,4.0,3.0,307.0,35,15,
TTK,SR2B,TTKSR2B,MITSUBISHI,9060610103,400-400/230,3.2,2004.0,2023-04-02,2023-04-08,4510,62690,2092.0,243.0,3.0,5.0,0.0,0.0,4.0,4.0,3.0,262.0,36,15,
TTK,SR2B,TTKSR2B,MITSUBISHI,9060610103,400-400/230,3.2,2004.0,2023-06-18,2023-07-03,4784,53836,2156.0,250.0,11.0,5.0,0.0,3.0,3.0,0.0,0.0,272.0,34,13,
TTK,SR3A,TTKSR3A,ABB,1254-5253,400-400/230,150,2009.0,2009-08-11,2009-08-15,3483,21018,338.0,50.0,17.0,2.0,0.0,0.0,0.0,1.0,0.0,70.0,110,16,-
TTK,SR3A,TTKSR3A,ABB,1254-5253,400-400/230,150,2009.0,2009-09-13,2009-09-28,3110,12671,1570.0,205.0,14.0,5.0,0.0,0.0,2.0,0.0,0.0,226.0,89,13,-
TTK,SR3A,TTKSR3A,ABB,1254-5253,400-400/230,150,2009.0,2010-03-08,2010-03-19,2817,22386,3691.0,494.0,15.0,14.0,0.0,1.0,8.0,2.0,5.0,539.0,83,15,-
TTK,SR3A,TTKSR3A,ABB,1254-5253,400-400/230,150,2009.0,2010-09-12,2010-09-20,4276,25303,4091.0,603.0,6.0,12.0,0.0,8.0,6.0,2.0,5.0,642.0,88,20,-
TTK,SR3A,TTKSR3A,ABB,1254-5253,400-400/230,150,2009.0,2010-10-15,2010-10-17,3080,18374,4419.0,714.0,9.0,21.0,0.0,6.0,12.0,3.0,7.0,772.0,-,16,-
TTK,SR3A,TTKSR3A,ABB,1254-5253,400-400/230,150,2009.0,2010-11-04,2010-11-05,3174,16855,4772.0,867.0,10.0,22.0,0.0,8.0,10.0,2.0,5.0,924.0,60,16,-
TTK,SR3A,TTKSR3A,ABB,1254-5253,400-400/230,150,2009.0,2010-11-18,2010-11-21,4104,23414,5014.0,777.0,9.0,34.0,0.0,12.0,15.0,4.0,8.0,859.0,60,16,-
TTK,SR3A,TTKSR3A,ABB,1254-5253,400-400/230,150,2009.0,2010-11-29,2010-12-04,1919,15432,4497.0,700.0,13.0,27.0,0.0,11.0,14.0,4.0,8.0,777.0,67,17,-
TTK,SR3A,TTKSR3A,ABB,1254-5253,400-400/230,150,2009.0,2011-03-11,2011-03-24,1983,23348,4684.0,743.0,9.0,47.0,0.0,13.0,22.0,5.0,13.0,852.0,70,19,-
TTK,SR3A,TTKSR3A,ABB,1254-5253,400-400/230,150,2009.0,2011-09-04,2011-09-16,3882,19596,4571.0,720.0,7.0,21.0,0.0,13.0,13.0,4.0,8.0,786.0,70,17,-
TTK,SR3A,TTKSR3A,ABB,1254-5253,400-400/230,150,2009.0,2011-10-08,2011-10-15,1344,12558,4297.0,711.0,9.0,22.0,0.0,5.0,13.0,4.0,8.0,772.0,70,16,-
TTK,SR3A,TTKSR3A,ABB,1254-5253,400-400/230,150,2009.0,2011-12-15,2011-12-17,4793,23051,4378.0,648.0,6.0,21.0,0.0,11.0,13.0,4.0,8.0,711.0,70,18,-
TTK,SR3A,TTKSR3A,ABB,1254-5253,400-400/230,150,2009.0,2012-03-03,2012-04-01,13816,37627,3455.0,499.0,3.0,22.0,0.0,11.0,14.0,4.0,6.0,559.0,70,23,-
TTK,SR3A,TTKSR3A,ABB,1254-5253,400-400/230,150,2009.0,2012-09-02,2012-09-25,6774,26673,4935.0,602.0,4.0,25.0,0.0,13.0,16.0,2.0,2.0,664.0,70,12,-
TTK,SR3A,TTKSR3A,ABB,1254-5253,400-400/230,150,2009.0,2013-06-15,2013-06-18,3308,25227,4990.0,698.0,5.0,34.0,0.0,15.0,20.0,0.0,0.0,772.0,70,11,-
TTK,SR3A,TTKSR3A,ABB,1254-5253,400-400/230,150,2009.0,2013-08-03,2013-03-12,18310,55164,3881.0,350.0,3.0,24.0,0.0,11.0,15.0,0.0,0.0,403.0,30,10,-
TTK,SR3A,TTKSR3A,ABB,1254-5253,400-400/230,150,2009.0,2013-10-07,2013-11-06,5930,26594,4328.0,588.0,5.0,23.0,0.0,0.0,6.0,4.0,8.0,634.0,-,13,-
TTK,SR3A,TTKSR3A,ABB,1254-5253,400-400/230,150,2009.0,2014-04-12,2014-09-07,11237,33318,4402.0,453.0,4.0,30.0,0.0,2.0,11.0,4.0,8.0,512.0,72,34,-
TTK,SR3A,TTKSR3A,ABB,1254-5253,400-400/230,150,2009.0,2015-03-28,2015-04-11,4508,23652,4798.0,644.0,5.0,22.0,0.0,11.0,17.0,8.0,9.0,716.0,71,13,-
TTK,SR3A,TTKSR3A,ABB,1254-5253,400-400/230,150,2009.0,2015-11-14,2015-11-26,5404,27419,4153.0,493.0,6.0,30.0,0.0,6.0,17.0,5.0,10.0,567.0,68,19,-
TTK,SR3A,TTKSR3A,ABB,1254-5253,400-400/230,150,2009.0,2017-03-25,2017-04-21,7653,30178,5318.0,592.0,6.0,48.0,0.0,13.0,18.0,4.0,6.0,687.0,60,10,-
TTK,SR3A,TTKSR3A,ABB,1254-5253,400-400/230,150,2009.0,2017-07-16,2017-07-22,8137,40626,5490.0,574.0,6.0,50.0,0.0,10.0,26.0,8.0,17.0,691.0,65,9,-
TTK,SR3A,TTKSR3A,ABB,1254-5253,400-400/230,150,2009.0,2018-01-14,2018-03-10,9268,47914,4792.0,452.0,13.0,35.0,0.0,13.0,23.0,6.0,17.0,559.0,85,22,-
TTK,SR3A,TTKSR3A,ABB,1254-5253,400-400/230,150,2009.0,2018-03-23,2018-04-07,5852,41554,4716.0,469.0,21.0,44.0,0.0,17.0,29.0,0.0,13.0,593.0,62,10,-
TTK,SR3A,TTKSR3A,ABB,1254-5253,400-400/230,150,2009.0,2018-06-15,2018-06-29,4004,37683,4866.0,519.0,7.0,45.0,0.0,14.0,21.0,6.0,10.0,622.0,67,12,-
TTK,SR3A,TTKSR3A,ABB,1254-5253,400-400/230,150,2009.0,2018-09-10,2018-09-16,6162,33239,4437.0,451.0,3.0,42.0,0.0,13.0,22.0,0.0,0.0,531.0,63,13,-
TTK,SR3A,TTKSR3A,ABB,1254-5253,400-400/230,150,2009.0,2018-12-20,2018-12-29,7502,44028,3487.0,500.0,4.0,47.0,0.0,4.0,22.0,7.0,11.0,595.0,56,5,-
TTK,SR3A,TTKSR3A,ABB,1254-5253,400-400/230,150,2009.0,2019-01-20,2019-01-26,7473,44302,4395.0,483.0,4.0,44.0,0.0,14.0,21.0,6.0,10.0,582.0,62,7,-
TTK,SR3A,TTKSR3A,ABB,1254-5253,400-400/230,150,2009.0,2019-02-17,2019-03-07,10799,40703,3871.0,364.0,3.0,37.0,0.0,9.0,20.0,6.0,11.0,450.0,70,13,-
TTK,SR3A,TTKSR3A,ABB,1254-5253,400-400/230,150,2009.0,2019-03-21,2019-04-04,8232,35443,1229.0,256.0,2.0,38.0,0.0,15.0,20.0,0.0,7.0,338.0,40,8,De-energize
TTK,SR3A,TTKSR3A,ABB,1254-5253,400-400/230,150,2009.0,2019-04-19,2019-04-22,6232,31389,4442.0,397.0,10.0,47.0,0.0,15.0,30.0,0.0,10.0,509.0,66,5,-
TTK,SR3A,TTKSR3A,ABB,1254-5253,400-400/230,150,2009.0,2019-05-18,2019-06-02,3998,43622,4950.0,511.0,3.0,49.0,0.0,15.0,25.0,7.0,12.0,622.0,66,12,-
TTK,SR3A,TTKSR3A,ABB,1254-5253,400-400/230,150,2009.0,2019-06-23,2019-08-10,5230,37698,4858.0,414.0,9.0,44.0,0.0,16.0,25.0,0.0,0.0,508.0,64,11,-
TTK,SR3A,TTKSR3A,ABB,1254-5253,400-400/230,150,2009.0,2019-07-25,2019-08-31,6187,40350,3516.0,377.0,3.0,43.0,0.0,14.0,17.0,7.0,13.0,474.0,62,16,-
TTK,SR3A,TTKSR3A,ABB,1254-5253,400-400/230,150,2009.0,2019-08-30,2019-09-26,13264,49205,4521.0,460.0,3.0,46.0,0.0,15.0,25.0,7.0,14.0,570.0,74,21,-
TTK,SR3A,TTKSR3A,ABB,1254-5253,400-400/230,150,2009.0,2019-11-03,2019-12-06,7339,41955,4701.0,474.0,6.0,42.0,0.0,16.0,27.0,8.0,15.0,588.0,62,13,-
TTK,SR3A,TTKSR3A,ABB,1254-5253,400-400/230,150,2009.0,2020-01-25,2020-02-02,5394,33377,4169.0,385.0,8.0,29.0,0.0,15.0,27.0,0.0,0.0,464.0,64,9,
TTK,SR3A,TTKSR3A,ABB,1254-5253,400-400/230,150,2009.0,2020-07-17,2020-08-21,11862,48827,4099.0,344.0,7.0,39.0,0.0,10.0,19.0,6.0,11.0,436.0,68,20,
TTK,SR3A,TTKSR3A,ABB,1254-5253,400-400/230,150,2009.0,2020-10-16,2020-11-03,4866,38304,4663.0,428.0,2.0,37.0,0.0,7.0,23.0,9.0,14.0,520.0,67,18,
TTK,SR3A,TTKSR3A,ABB,1254-5253,400-400/230,150,2009.0,2021-04-24,2021-06-04,13490,46810,2619.0,139.0,36.0,33.0,0.0,3.0,14.0,7.0,11.0,243.0,60,17,
TTK,SR3A,TTKSR3A,ABB,1254-5253,400-400/230,150,2009.0,2023-06-18,2023-07-03,10852,54623,4493.0,343.0,7.0,60.0,0.0,16.0,27.0,12.0,14.0,479.0,66,9,
TTK,SR3A,TTKSR3A,ABB,1254-5253,400-400/230,150,2009.0,2023-12-17,2024-01-26,20869,71124,5435.0,369.0,14.0,46.0,0.0,22.0,37.0,8.0,19.0,515.0,67,11,
TTK,SR3B,TTKSR3B,ABB,1254-5254,400-400/230,1.3,2008.0,2009-08-11,2009-08-15,8677,30090,156.0,82.0,11.0,1.0,0.0,1.0,0.0,1.0,0.0,96.0,50,14,-
TTK,SR3B,TTKSR3B,ABB,1254-5254,400-400/230,1.3,2008.0,2009-09-13,2009-09-28,2894,29020,231.0,140.0,1.0,0.0,0.0,0.0,0.0,0.0,0.0,141.0,50,13,-
TTK,SR3B,TTKSR3B,ABB,1254-5254,400-400/230,1.3,2008.0,2010-03-08,2010-03-19,2962,34319,301.0,211.0,10.0,10.0,0.0,1.0,10.0,1.0,5.0,248.0,31,21,-
TTK,SR3B,TTKSR3B,ABB,1254-5254,400-400/230,1.3,2008.0,2011-03-11,2011-03-24,3848,39065,609.0,375.0,17.0,25.0,0.0,2.0,14.0,2.0,7.0,442.0,36,25,-
TTK,SR3B,TTKSR3B,ABB,1254-5254,400-400/230,1.3,2008.0,2012-03-03,2012-03-26,12332,40602,545.0,425.0,9.0,2.0,0.0,1.0,1.0,0.0,0.0,438.0,34,23,-
TTK,SR3B,TTKSR3B,ABB,1254-5254,400-400/230,1.3,2008.0,2013-03-08,2013-03-12,11556,41582,649.0,395.0,4.0,0.0,0.0,0.0,0.0,0.0,0.0,399.0,-,15,-
TTK,SR3B,TTKSR3B,ABB,1254-5254,400-400/230,1.3,2008.0,2013-10-07,2013-11-05,12922,49504,592.0,352.0,3.0,2.0,0.0,0.0,0.0,0.0,0.0,357.0,-,27,-
TTK,SR3B,TTKSR3B,ABB,1254-5254,400-400/230,1.3,2008.0,2015-03-28,2015-04-09,14623,52021,927.0,580.0,3.0,0.0,0.0,3.0,0.0,0.0,0.0,586.0,40,11,-
TTK,SR3B,TTKSR3B,ABB,1254-5254,400-400/230,1.3,2008.0,2017-03-25,2017-04-21,7109,41279,1007.0,670.0,6.0,8.0,0.0,3.0,0.0,1.0,0.0,688.0,-,19,-
TTK,SR3B,TTKSR3B,ABB,1254-5254,400-400/230,1.3,2008.0,2017-07-16,2017-07-22,6222,43914,923.0,653.0,6.0,10.0,0.0,5.0,10.0,3.0,6.0,693.0,33,19,-
TTK,SR3B,TTKSR3B,ABB,1254-5254,400-400/230,1.3,2008.0,2018-01-14,2018-03-10,9086,46959,1287.0,890.0,11.0,11.0,0.0,5.0,3.0,2.0,2.0,924.0,42,20,-
TTK,SR3B,TTKSR3B,ABB,1254-5254,400-400/230,1.3,2008.0,2018-09-07,2018-09-16,6036,39268,1245.0,934.0,6.0,5.0,0.0,3.0,1.0,0.0,0.0,949.0,36,13,-
TTK,SR3B,TTKSR3B,ABB,1254-5254,400-400/230,1.3,2008.0,2020-12-19,2021-01-10,8061,44333,2659.0,989.0,26.0,2.0,0.0,2.0,1.0,3.0,1.0,1024.0,31,23,
TTK,SR3B,TTKSR3B,ABB,1254-5254,400-400/230,1.3,2008.0,2021-12-19,2022-01-12,10355,63475,2966.0,998.0,24.0,2.0,0.0,7.0,1.0,1.0,1.0,1034.0,32,11,
TTK,SR3B,TTKSR3B,ABB,1254-5254,400-400/230,1.3,2008.0,2023-06-18,2023-07-03,13114,66923,2806.0,1063.0,1.0,10.0,0.0,12.0,2.0,1.0,2.0,1091.0,31,8,
TTK,SR3B,TTKSR3B,ABB,1254-5254,400-400/230,1.3,2008.0,2023-12-17,2024-01-26,22605,69044,2087.0,1041.0,20.0,0.0,0.0,1.0,2.0,1.0,3.0,1068.0,30,12,
TTK,SR4A,TTKSR4A,ABB,1253-5217,400-400/230,150,2008.0,2009-05-10,2009-05-11,4028,14034,282.0,68.0,63.0,0.0,0.0,0.0,20.0,0.0,0.0,151.0,32,15,FIRST ENERGIZE 06/15/96
TTK,SR4A,TTKSR4A,ABB,1253-5217,400-400/230,150,2008.0,2010-09-12,2010-09-20,5165,24744,17133.0,5214.0,755.0,1626.0,57.0,144.0,580.0,103.0,283.0,8762.0,100,24,OVERHEAT AT HIGH TEMP. TO PD.TO ARC DISCHARGE.
TTK,SR4A,TTKSR4A,ABB,1253-5217,400-400/230,150,2008.0,2010-10-08,2010-10-09,2652,28214,13302.0,6479.0,1221.0,2425.0,43.0,163.0,821.0,150.0,363.0,11665.0,96,17,-
TTK,SR4A,TTKSR4A,ABB,1253-5217,400-400/230,150,2008.0,2010-10-17,2010-10-17,1502,14573,14872.0,7049.0,1409.0,2946.0,48.0,168.0,852.0,153.0,368.0,12993.0,99,12,BEFORE INSTALLATION FAN 1 WEEK.
TTK,SR4A,TTKSR4A,ABB,1253-5217,400-400/230,150,2008.0,2010-11-11,2010-11-12,1411,17485,18790.0,6619.0,1326.0,2542.0,41.0,173.0,820.0,155.0,362.0,12038.0,74,12,AFTER INSTALLATION FAN 2 WEEK.
TTK,SR4A,TTKSR4A,ABB,1253-5217,400-400/230,150,2008.0,2010-11-18,2010-11-21,1661,16628,18052.0,6023.0,1172.0,3451.0,62.0,169.0,803.0,152.0,362.0,12194.0,68,21,AFTER INSTALLATION FAN 3 WEEK.
TTK,SR4A,TTKSR4A,ABB,1253-5217,400-400/230,150,2008.0,2010-11-29,2010-12-03,1062,14971,17839.0,5715.0,1119.0,2746.0,47.0,157.0,763.0,146.0,342.0,11035.0,76,12,-
TTK,SR4A,TTKSR4A,ABB,1253-5217,400-400/230,150,2008.0,2010-12-27,2011-01-03,1265,13691,17844.0,6087.0,1154.0,2634.0,50.0,171.0,818.0,156.0,366.0,11436.0,70,12,-
TTK,SR4A,TTKSR4A,ABB,1253-5217,400-400/230,150,2008.0,2011-01-28,2011-01-30,1540,18063,17478.0,5698.0,1008.0,1765.0,40.0,159.0,783.0,140.0,345.0,9938.0,79,12,-
TTK,SR4A,TTKSR4A,ABB,1253-5217,400-400/230,150,2008.0,2011-09-13,2011-09-15,1227,14814,13956.0,5081.0,1010.0,2589.0,251.0,179.0,835.0,158.0,377.0,10480.0,77,14,-
TTK,SR4A,TTKSR4A,ABB,1253-5217,400-400/230,150,2008.0,2011-09-25,2011-09-29,2496,20976,15044.0,4739.0,844.0,2440.0,267.0,178.0,821.0,162.0,383.0,9834.0,76,20,-
TTK,SR4A,TTKSR4A,ABB,1253-5217,400-400/230,150,2008.0,2011-10-08,2011-10-10,1393,16330,16340.0,5225.0,1037.0,2683.0,315.0,192.0,848.0,150.0,360.0,10810.0,78,19,-
TTK,SR4A,TTKSR4A,ABB,1253-5217,400-400/230,150,2008.0,2011-10-22,2011-10-27,3928,22272,16333.0,4384.0,805.0,2395.0,172.0,193.0,815.0,160.0,378.0,9302.0,80,18,-
TTK,SR4A,TTKSR4A,ABB,1253-5217,400-400/230,150,2008.0,2011-11-22,2011-11-24,4260,20606,16518.0,4433.0,824.0,2474.0,167.0,191.0,815.0,161.0,381.0,9446.0,72,33,-
TTK,SR4A,TTKSR4A,ABB,1253-5217,400-400/230,150,2008.0,2011-12-15,2011-12-16,4485,27238,16801.0,4176.0,712.0,2434.0,212.0,197.0,849.0,168.0,407.0,9155.0,80,19,-
TTK,SR4A,TTKSR4A,ABB,1253-5217,400-400/230,150,2008.0,2011-12-28,2011-12-29,1424,17322,17408.0,4467.0,818.0,2630.0,287.0,209.0,872.0,160.0,384.0,9827.0,76,36,-
TTK,SR4A,TTKSR4A,ABB,1253-5217,400-400/230,150,2008.0,2012-01-14,2012-01-19,1168,14734,16569.0,4327.0,1035.0,2588.0,326.0,204.0,826.0,174.0,400.0,9880.0,84,14,-
TTK,SR4A,TTKSR4A,ABB,1253-5217,400-400/230,150,2008.0,2012-01-29,2012-02-03,4946,23562,16366.0,3877.0,808.0,2428.0,311.0,207.0,834.0,174.0,401.0,9040.0,75,29,-
TTK,SR4A,TTKSR4A,ABB,1253-5217,400-400/230,150,2008.0,2012-02-18,2012-02-20,3314,19931,16835.0,4179.0,914.0,2604.0,353.0,215.0,853.0,172.0,404.0,9694.0,85,12,"KV LINE 520KV,BUS 527KV."
TTK,SR4A,TTKSR4A,ABB,1253-5217,400-400/230,150,2008.0,2012-02-27,2012-03-02,3589,20798,16370.0,3797.0,829.0,2431.0,331.0,197.0,815.0,171.0,407.0,8978.0,83,13,"KV.LINE 520 KV,BUS 527 KV."
TTK,SR4A,TTKSR4A,ABB,1253-5217,400-400/230,150,2008.0,2012-03-03,2012-03-26,2723,19589,16134.0,3952.0,833.0,2495.0,327.0,200.0,821.0,168.0,405.0,9201.0,80,34,-
TTK,SR4A,TTKSR4A,ABB,1253-5217,400-400/230,150,2008.0,2012-03-25,2012-03-31,3585,27623,16381.0,3713.0,760.0,2428.0,305.0,199.0,814.0,170.0,403.0,8792.0,78,20,BEFORE REPAIR.
TTK,SR4A,TTKSR4A,ABB,1253-5217,400-400/230,150,2008.0,2012-06-18,2012-06-22,6398,18738,74.0,11.0,0.0,0.0,0.0,0.0,0.0,0.0,0.0,11.0,-,15,"03/25/98BEFORE REPAIR,06/18/98AFTER REPAIR(DE-ENER"
TTK,SR4A,TTKSR4A,ABB,1253-5217,400-400/230,150,2008.0,2012-06-23,2012-06-30,14046,66137,563.0,58.0,10.0,3.0,0.0,1.0,1.0,1.0,1.0,75.0,-,-,ENERGIZE NO LOAD 24 HOUR.
TTK,SR4A,TTKSR4A,ABB,1253-5217,400-400/230,150,2008.0,2012-07-10,2012-07-13,19372,73663,861.0,91.0,22.0,12.0,0.0,0.0,4.0,2.0,3.0,43.0,71,11,AFTER ENERGIZE.
TTK,SR4A,TTKSR4A,ABB,1253-5217,400-400/230,150,2008.0,2012-07-29,2012-08-04,7422,26323,1352.0,149.0,34.0,23.0,0.0,0.0,7.0,2.0,5.0,220.0,-,12,"06/23/98 NO LOAD 24 HRS,07/29/98 ENERGIZE 1 MONTH."
TTK,SR4A,TTKSR4A,ABB,1253-5217,400-400/230,150,2008.0,2012-08-25,2012-08-26,7003,33702,1800.0,223.0,50.0,33.0,0.0,2.0,10.0,3.0,8.0,329.0,-,-,-
TTK,SR4A,TTKSR4A,ABB,1253-5217,400-400/230,150,2008.0,2012-09-24,2012-09-28,6182,24100,2264.0,280.0,58.0,37.0,1.0,1.0,12.0,3.0,9.0,401.0,72,19,-
TTK,SR4A,TTKSR4A,ABB,1253-5217,400-400/230,150,2008.0,2012-10-27,2012-10-30,3076,12542,2268.0,353.0,82.0,44.0,0.0,0.0,19.0,4.0,13.0,515.0,-,16,-
TTK,SR4A,TTKSR4A,ABB,1253-5217,400-400/230,150,2008.0,2012-11-20,2012-11-24,3072,14922,2864.0,517.0,106.0,52.0,0.0,3.0,14.0,5.0,17.0,714.0,90,9,-
TTK,SR4A,TTKSR4A,ABB,1253-5217,400-400/230,150,2008.0,2013-01-05,2013-01-14,12894,31341,3385.0,349.0,59.0,44.0,0.0,2.0,15.0,5.0,16.0,490.0,72,12,-
TTK,SR4A,TTKSR4A,ABB,1253-5217,400-400/230,150,2008.0,2013-02-25,2013-03-04,4378,16681,2507.0,441.0,119.0,67.0,1.0,29.0,30.0,6.0,20.0,713.0,74,18,-
TTK,SR4A,TTKSR4A,ABB,1253-5217,400-400/230,150,2008.0,2013-03-26,2013-03-29,10982,33450,4927.0,723.0,131.0,78.0,0.0,27.0,37.0,7.0,25.0,1028.0,76,8,-
TTK,SR4A,TTKSR4A,ABB,1253-5217,400-400/230,150,2008.0,2013-04-28,2013-04-30,3620,18275,3725.0,570.0,174.0,85.0,0.0,28.0,45.0,9.0,34.0,945.0,90,13,-
TTK,SR4A,TTKSR4A,ABB,1253-5217,400-400/230,150,2008.0,2013-05-26,2013-05-28,6778,21315,3908.0,602.0,180.0,88.0,0.0,25.0,48.0,0.0,30.0,973.0,72,17,-
TTK,SR4A,TTKSR4A,ABB,1253-5217,400-400/230,150,2008.0,2013-06-15,2013-06-18,3247,18196,4187.0,684.0,187.0,102.0,0.0,20.0,53.0,0.0,34.0,1080.0,73,13,-
TTK,SR4A,TTKSR4A,ABB,1253-5217,400-400/230,150,2008.0,2013-07-08,2013-07-12,1902,14757,4088.0,686.0,209.0,98.0,2.0,5.0,50.0,10.0,37.0,1097.0,74,21,-
TTK,SR4A,TTKSR4A,ABB,1253-5217,400-400/230,150,2008.0,2013-08-05,2013-08-10,5631,17772,4115.0,674.0,226.0,100.0,0.0,5.0,51.0,9.0,38.0,1103.0,90,13,-
TTK,SR4A,TTKSR4A,ABB,1253-5217,400-400/230,150,2008.0,2013-10-07,2013-11-03,4301,19567,4677.0,677.0,240.0,117.0,0.0,27.0,57.0,10.0,45.0,1173.0,69,18,-
TTK,SR4A,TTKSR4A,ABB,1253-5217,400-400/230,150,2008.0,2014-04-12,2014-09-08,9782,28165,4536.0,675.0,140.0,132.0,0.0,5.0,70.0,12.0,64.0,1098.0,76,37,-
TTK,SR4A,TTKSR4A,ABB,1253-5217,400-400/230,150,2008.0,2015-03-28,2015-04-01,8655,26978,5756.0,968.0,258.0,143.0,0.0,13.0,118.0,19.0,94.0,1613.0,71,14,-
TTK,SR4A,TTKSR4A,ABB,1253-5217,400-400/230,150,2008.0,2015-11-14,2015-11-26,18613,44530,5749.0,826.0,249.0,116.0,0.0,11.0,100.0,15.0,80.0,1197.0,70,23,-
TTK,SR4A,TTKSR4A,ABB,1253-5217,400-400/230,150,2008.0,2017-03-25,2017-04-22,11271,37819,6177.0,875.0,237.0,125.0,0.0,23.0,133.0,13.0,60.0,1466.0,66,16,-
TTK,SR4A,TTKSR4A,ABB,1253-5217,400-400/230,150,2008.0,2017-07-17,2017-07-22,8371,38845,6004.0,908.0,250.0,156.0,0.0,28.0,237.0,13.0,97.0,1689.0,67,11,-
TTK,SR4A,TTKSR4A,ABB,1253-5217,400-400/230,150,2008.0,2018-01-14,2018-03-11,6128,34980,7602.0,832.0,254.0,191.0,0.0,32.0,204.0,28.0,82.0,1623.0,90,18,-
TTK,SR4A,TTKSR4A,ABB,1253-5217,400-400/230,150,2008.0,2018-03-23,2018-04-07,5104,33918,8172.0,834.0,360.0,240.0,0.0,39.0,206.0,17.0,85.0,1781.0,-,11,-
TTK,SR4A,TTKSR4A,ABB,1253-5217,400-400/230,150,2008.0,2018-06-15,2018-06-29,8333,40873,7310.0,743.0,104.0,229.0,0.0,27.0,173.0,15.0,128.0,1219.0,65,21,-
TTK,SR4A,TTKSR4A,ABB,1253-5217,400-400/230,150,2008.0,2018-09-10,2018-09-16,5784,39530,8086.0,875.0,268.0,380.0,0.0,26.0,147.0,33.0,146.0,1875.0,72,14,-
TTK,SR4A,TTKSR4A,ABB,1253-5217,400-400/230,150,2008.0,2018-12-20,2018-12-29,9562,44158,7961.0,872.0,264.0,400.0,0.0,23.0,220.0,35.0,148.0,1962.0,47,9,-
TTK,SR4A,TTKSR4A,ABB,1253-5217,400-400/230,150,2008.0,2019-01-20,2019-01-26,7305,47282,7968.0,781.0,236.0,371.0,0.0,37.0,208.0,32.0,135.0,1800.0,68,9,-
TTK,SR4A,TTKSR4A,ABB,1253-5217,400-400/230,150,2008.0,2019-02-17,2019-03-07,10310,40302,7511.0,643.0,158.0,338.0,0.0,29.0,227.0,33.0,137.0,1565.0,78,11,-
TTK,SR4A,TTKSR4A,ABB,1253-5217,400-400/230,150,2008.0,2019-03-21,2019-04-04,7304,35749,6207.0,683.0,103.0,366.0,0.0,39.0,199.0,28.0,119.0,1537.0,75,12,-
TTK,SR4A,TTKSR4A,ABB,1253-5217,400-400/230,150,2008.0,2019-04-19,2019-04-22,9450,36479,8019.0,637.0,190.0,351.0,0.0,38.0,221.0,31.0,131.0,1599.0,71,9,-
TTK,SR4A,TTKSR4A,ABB,1253-5217,400-400/230,150,2008.0,2019-05-18,2019-06-01,9226,38137,7681.0,711.0,200.0,348.0,0.0,34.0,195.0,27.0,111.0,1626.0,70,15,-
TTK,SR4A,TTKSR4A,ABB,1253-5217,400-400/230,150,2008.0,2019-06-23,2019-08-10,7102,43711,6775.0,611.0,167.0,323.0,0.0,36.0,202.0,35.0,148.0,1522.0,70,23,-
TTK,SR4A,TTKSR4A,ABB,1253-5217,400-400/230,150,2008.0,2019-07-25,2019-08-31,6630,44853,6609.0,632.0,184.0,357.0,0.0,37.0,208.0,38.0,159.0,1615.0,70,14,-
TTK,SR4A,TTKSR4A,ABB,1253-5217,400-400/230,150,2008.0,2019-08-23,2019-08-23,5980,36920,4239.0,566.0,184.0,372.0,0.0,21.0,254.0,12.0,212.0,1621.0,70,16,-
TTK,SR4A,TTKSR4A,ABB,1253-5217,400-400/230,150,2008.0,2019-08-30,2019-09-23,6828,38209,6023.0,692.0,171.0,387.0,0.0,19.0,261.0,37.0,213.0,1780.0,71,12,-
TTK,SR4A,TTKSR4A,ABB,1253-5217,400-400/230,150,2008.0,2019-11-03,2019-12-06,13585,45207,7945.0,903.0,155.0,327.0,0.0,41.0,232.0,29.0,155.0,1842.0,70,19,-
TTK,SR4A,TTKSR4A,ABB,1253-5217,400-400/230,150,2008.0,2020-01-25,2020-02-01,10751,47390,6251.0,602.0,128.0,403.0,0.0,15.0,300.0,8.0,254.0,1710.0,70,6,
TTK,SR4A,TTKSR4A,ABB,1253-5217,400-400/230,150,2008.0,2020-07-17,2020-08-21,8816,43599,7378.0,542.0,196.0,335.0,0.0,32.0,194.0,35.0,157.0,1491.0,72,17,
TTK,SR4A,TTKSR4A,ABB,1253-5217,400-400/230,150,2008.0,2020-10-16,2020-11-03,5967,40452,8388.0,613.0,193.0,378.0,0.0,42.0,267.0,100.0,48.0,1641.0,73,18,
TTK,SR4A,TTKSR4A,ABB,1253-5217,400-400/230,150,2008.0,2021-04-24,2021-06-01,10000,30000,2956.0,26.0,12.0,45.0,0.0,0.0,90.0,0.0,0.0,173.0,78,24,อาจเกิดความผิดพลาดจากการทดสอบ เพราะตรวจสอบแล้วไม่มีการปรับปรุงน้ำมัน
TTK,SR4A,TTKSR4A,ABB,1253-5217,400-400/230,150,2008.0,2022-04-21,2022-04-29,8823,30768,9569.0,602.0,256.0,417.0,0.0,45.0,278.0,33.0,110.0,1839.0,71,9,
TTK,SR4A,TTKSR4A,ABB,1253-5217,400-400/230,150,2008.0,2023-06-18,2023-07-03,8962,33694,10454.0,790.0,266.0,490.0,0.0,52.0,343.0,63.0,114.0,2118.0,73,7,
TTK,SR4A,TTKSR4A,ABB,1253-5217,400-400/230,150,2008.0,2023-12-17,2024-01-27,9263,44847,9032.0,630.0,217.0,455.0,0.0,49.0,336.0,56.0,209.0,1952.0,70,11,
TTK,SR4B,TTKSR4B,ABB,1253-5220,400-400/230,1.3,2008.0,2009-05-05,2009-05-10,2020,11087,215.0,47.0,2.0,3.0,0.0,1.0,1.0,1.0,0.0,55.0,32,6,-
TTK,SR4B,TTKSR4B,ABB,1253-5220,400-400/230,1.3,2008.0,2011-03-11,2011-03-20,1997,21696,485.0,216.0,3.0,8.0,0.0,1.0,1.0,1.0,0.0,230.0,36,20,-
TTK,SR4B,TTKSR4B,ABB,1253-5220,400-400/230,1.3,2008.0,2012-03-03,2012-03-26,2837,26475,658.0,296.0,3.0,14.0,0.0,3.0,8.0,2.0,4.0,330.0,36,24,-
TTK,SR4B,TTKSR4B,ABB,1253-5220,400-400/230,1.3,2008.0,2013-03-08,2013-03-12,9971,35769,764.0,293.0,3.0,0.0,0.0,0.0,0.0,0.0,0.0,296.0,-,17,-
TTK,SR4B,TTKSR4B,ABB,1253-5220,400-400/230,1.3,2008.0,2013-11-04,2013-04-11,9408,34501,782.0,290.0,3.0,4.0,0.0,0.0,0.0,0.0,0.0,297.0,-,19,-
TTK,SR4B,TTKSR4B,ABB,1253-5220,400-400/230,1.3,2008.0,2015-03-28,2015-04-10,10771,35793,1032.0,603.0,2.0,3.0,0.0,0.0,2.0,2.0,0.0,612.0,42,14,-
TTK,SR4B,TTKSR4B,ABB,1253-5220,400-400/230,1.3,2008.0,2017-03-23,2017-04-21,9273,34990,1333.0,739.0,2.0,21.0,0.0,7.0,7.0,2.0,2.0,780.0,-,21,-
TTK,SR4B,TTKSR4B,ABB,1253-5220,400-400/230,1.3,2008.0,2017-07-16,2017-07-18,11043,36294,1295.0,752.0,3.0,8.0,0.0,7.0,2.0,3.0,2.0,777.0,35,10,-
TTK,SR4B,TTKSR4B,ABB,1253-5220,400-400/230,1.3,2008.0,2018-01-14,2018-03-11,8862,40647,1318.0,778.0,8.0,10.0,0.0,7.0,4.0,3.0,3.0,813.0,42,26,-
TTK,SR4B,TTKSR4B,ABB,1253-5220,400-400/230,1.3,2008.0,2018-09-07,2018-09-16,5229,39086,1166.0,603.0,8.0,4.0,0.0,6.0,1.0,3.0,1.0,626.0,33,22,-
TTK,SR4B,TTKSR4B,ABB,1253-5220,400-400/230,1.3,2008.0,2019-02-15,2019-03-24,8061,46271,1385.0,714.0,8.0,0.0,0.0,8.0,17.0,0.0,14.0,761.0,26,13,-
TTK,SR4B,TTKSR4B,ABB,1253-5220,400-400/230,1.3,2008.0,2019-02-17,2019-03-24,5718,43519,1253.0,111.0,12.0,182.0,0.0,20.0,583.0,0.0,383.0,1291.0,50,16,-
TTK,SR4B,TTKSR4B,ABB,1253-5220,400-400/230,1.3,2008.0,2020-12-19,2021-01-10,6152,41649,2786.0,913.0,19.0,3.0,0.0,3.0,2.0,4.0,2.0,946.0,30,12,
TTK,SR4B,TTKSR4B,ABB,1253-5220,400-400/230,1.3,2008.0,2021-12-19,2022-01-22,17617,53139,1875.0,604.0,8.0,6.0,0.0,9.0,7.0,0.0,0.0,634.0,36,23,
TTK,SR4B,TTKSR4B,ABB,1253-5220,400-400/230,1.3,2008.0,2023-06-18,2023-07-10,30052,70680,1977.0,627.0,1.0,16.0,0.0,10.0,2.0,1.0,1.0,658.0,34,10,
TTK,SR4B,TTKSR4B,ABB,1253-5220,400-400/230,1.3,2008.0,2023-12-17,2024-01-27,20759,63991,2058.0,932.0,20.0,5.0,0.0,13.0,2.0,2.0,2.0,976.0,35,13,
TTK,SR5A,TTKSR5A,ABB,8329751,400-400/230,110,2017.0,2018-09-10,2018-09-16,3987,29697,704.0,168.0,18.0,2.0,0.0,0.0,0.0,0.0,0.0,188.0,-,11,-
TTK,SR5A,TTKSR5A,ABB,8329751,400-400/230,110,2017.0,2018-11-04,2018-11-08,3374,24405,1256.0,304.0,23.0,3.0,0.0,1.0,1.0,1.0,0.0,333.0,69,7,-
TTK,SR5A,TTKSR5A,ABB,8329751,400-400/230,110,2017.0,2018-12-20,2018-12-29,6482,29712,1241.0,336.0,21.0,4.0,0.0,0.0,1.0,0.0,0.0,362.0,54,6,-
TTK,SR5A,TTKSR5A,ABB,8329751,400-400/230,110,2017.0,2019-01-20,2019-01-26,5633,28909,1550.0,357.0,20.0,4.0,0.0,0.0,0.0,0.0,0.0,381.0,66,8,-
TTK,SR5A,TTKSR5A,ABB,8329751,400-400/230,110,2017.0,2019-02-17,2019-03-07,10709,42442,1455.0,315.0,15.0,3.0,0.0,0.0,0.0,0.0,0.0,333.0,70,12,-
TTK,SR5A,TTKSR5A,ABB,8329751,400-400/230,110,2017.0,2019-03-21,2019-04-04,8172,35027,1565.0,287.0,7.0,6.0,0.0,0.0,0.0,0.0,0.0,300.0,71,6,-
TTK,SR5A,TTKSR5A,ABB,8329751,400-400/230,110,2017.0,2019-04-19,2019-04-22,9050,26643,1870.0,303.0,18.0,4.0,0.0,0.0,2.0,0.0,0.0,327.0,70,6,-
TTK,SR5A,TTKSR5A,ABB,8329751,400-400/230,110,2017.0,2019-05-18,2019-06-01,4937,28702,1927.0,411.0,17.0,5.0,0.0,0.0,2.0,0.0,1.0,436.0,70,11,-
TTK,SR5A,TTKSR5A,ABB,8329751,400-400/230,110,2017.0,2019-05-27,2019-06-02,8564,39289,1871.0,348.0,12.0,4.0,0.0,0.0,0.0,1.0,0.0,365.0,83,12,-
TTK,SR5A,TTKSR5A,ABB,8329751,400-400/230,110,2017.0,2019-06-23,2019-08-10,6035,25895,2093.0,369.0,16.0,0.0,0.0,0.0,4.0,0.0,0.0,389.0,70,17,-
TTK,SR5A,TTKSR5A,ABB,8329751,400-400/230,110,2017.0,2019-07-16,2019-07-26,5726,31276,1886.0,413.0,25.0,4.0,0.0,0.0,1.0,0.0,0.0,443.0,73,8,ก่อนเติม Passivator
TTK,SR5A,TTKSR5A,ABB,8329751,400-400/230,110,2017.0,2019-07-25,2019-08-31,9663,34656,1648.0,329.0,14.0,5.0,0.0,0.0,1.0,0.0,1.0,350.0,64,15,-
TTK,SR5A,TTKSR5A,ABB,8329751,400-400/230,110,2017.0,2019-07-30,2019-08-05,6755,24385,2134.0,390.0,19.0,0.0,0.0,0.0,0.0,0.0,0.0,409.0,65,7,หลังเติม Passivator
TTK,SR5A,TTKSR5A,ABB,8329751,400-400/230,110,2017.0,2019-08-23,2019-08-23,10220,29160,1428.0,288.0,20.0,9.0,0.0,0.0,1.0,0.0,0.0,318.0,70,7,-
TTK,SR5A,TTKSR5A,ABB,8329751,400-400/230,110,2017.0,2019-08-30,2019-09-23,8337,26125,1904.0,378.0,19.0,10.0,0.0,0.0,0.0,0.0,0.0,407.0,70,10,-
TTK,SR5A,TTKSR5A,ABB,8329751,400-400/230,110,2017.0,2019-11-03,2019-12-06,8356,26391,2362.0,461.0,16.0,0.0,0.0,0.0,15.0,0.0,0.0,492.0,70,14,-
TTK,SR5A,TTKSR5A,ABB,8329751,400-400/230,110,2017.0,2020-01-25,2020-02-02,5026,19875,2394.0,356.0,15.0,0.0,0.0,0.0,0.0,0.0,0.0,371.0,64,7,
TTK,SR5A,TTKSR5A,ABB,8329751,400-400/230,110,2017.0,2020-07-17,2020-08-21,8181,30981,2893.0,294.0,9.0,7.0,0.0,0.0,6.0,1.0,2.0,319.0,70,11,
TTK,SR5A,TTKSR5A,ABB,8329751,400-400/230,110,2017.0,2020-10-16,2020-11-03,5003,29043,3495.0,335.0,16.0,0.0,0.0,0.0,1.0,16.0,5.0,373.0,70,13,
TTK,SR5A,TTKSR5A,ABB,8329751,400-400/230,110,2017.0,2021-04-24,2021-06-04,8250,34330,2112.0,123.0,41.0,3.0,0.0,0.0,1.0,0.0,0.0,168.0,73,,
TTK,SR5A,TTKSR5A,ABB,8329751,400-400/230,110,2017.0,2022-10-13,2022-10-24,5970,29436,2505.0,235.0,1.0,12.0,0.0,1.0,2.0,2.0,1.0,254.0,72,11,
TTK,SR5A,TTKSR5A,ABB,8329751,400-400/230,110,2017.0,2023-09-22,2023-10-12,10724,27148,2352.0,228.0,3.0,9.0,0.0,0.0,2.0,2.0,1.0,245.0,54,10,
TTK,SR5B,TTKSR5B,MITSUBISHI,9060610104,400-400/230,3.2,,2007-10-19,2007-10-26,15115,47700,1624.0,136.0,10.0,8.0,0.0,3.0,31.0,3.0,21.0,212.0,-,22,-
TTK,SR5B,TTKSR5B,MITSUBISHI,9060610104,400-400/230,3.2,,2007-12-08,2007-12-27,15601,60402,453.0,99.0,10.0,0.0,0.0,0.0,0.0,0.0,0.0,109.0,28,18,-
TTK,SR5B,TTKSR5B,MITSUBISHI,9060610104,400-400/230,3.2,,2009-03-20,2009-04-11,4234,30770,471.0,124.0,21.0,3.0,0.0,1.0,2.0,2.0,1.0,154.0,38,39,-
TTK,SR5B,TTKSR5B,MITSUBISHI,9060610104,400-400/230,3.2,,2010-03-08,2010-03-18,1478,28579,544.0,184.0,9.0,1.0,0.0,0.0,1.0,0.0,0.0,195.0,31,16,-
TTK,SR5B,TTKSR5B,MITSUBISHI,9060610104,400-400/230,3.2,,2011-03-11,2011-03-24,4421,34084,559.0,179.0,10.0,1.0,0.0,0.0,0.0,0.0,0.0,190.0,34,22,-
TTK,SR5B,TTKSR5B,MITSUBISHI,9060610104,400-400/230,3.2,,2012-03-03,2012-03-26,8003,37188,661.0,226.0,7.0,3.0,0.0,1.0,2.0,2.0,1.0,242.0,35,24,-
TTK,SR5B,TTKSR5B,MITSUBISHI,9060610104,400-400/230,3.2,,2013-03-08,2013-03-11,13816,58073,739.0,210.0,6.0,0.0,0.0,0.0,0.0,0.0,0.0,216.0,30,19,-
TTK,SR5B,TTKSR5B,MITSUBISHI,9060610104,400-400/230,3.2,,2013-07-10,2013-02-11,11527,45588,670.0,195.0,3.0,3.0,0.0,0.0,1.0,1.0,0.0,203.0,28,35,-
TTK,SR5B,TTKSR5B,MITSUBISHI,9060610104,400-400/230,3.2,,2015-03-28,2015-04-11,8625,45682,963.0,320.0,6.0,1.0,0.0,4.0,3.0,0.0,0.0,334.0,37,14,-
TTK,SR5B,TTKSR5B,MITSUBISHI,9060610104,400-400/230,3.2,,2017-03-25,2017-04-22,6722,47278,1130.0,259.0,10.0,4.0,0.0,5.0,5.0,0.0,7.0,290.0,30,21,-
TTK,SR5B,TTKSR5B,MITSUBISHI,9060610104,400-400/230,3.2,,2017-07-28,2017-07-30,5175,42132,1200.0,362.0,9.0,6.0,0.0,1.0,2.0,2.0,1.0,383.0,32,14,-
TTK,SR5B,TTKSR5B,MITSUBISHI,9060610104,400-400/230,3.2,,2019-02-15,2019-03-24,9740,54261,1103.0,363.0,8.0,0.0,0.0,0.0,0.0,0.0,0.0,371.0,31,32,-
TTK,SR5B,TTKSR5B,MITSUBISHI,9060610104,400-400/230,3.2,,2020-12-19,2021-01-11,8060,52553,1557.0,302.0,38.0,6.0,0.0,76.0,16.0,13.0,2.0,453.0,24,12,
TTK,SR5B,TTKSR5B,MITSUBISHI,9060610104,400-400/230,3.2,,2021-12-19,2022-01-22,18567,56083,1261.0,343.0,10.0,0.0,0.0,0.0,0.0,0.0,0.0,353.0,30,21,
TTK,SR5B,TTKSR5B,MITSUBISHI,9060610104,400-400/230,3.2,,2022-10-13,2022-10-24,8885,65294,1170.0,399.0,3.0,1.0,0.0,8.0,6.0,3.0,2.0,422.0,35,17,
TTK,SR5B,TTKSR5B,MITSUBISHI,9060610104,400-400/230,3.2,,2023-09-22,2023-10-12,21784,57132,1306.0,364.0,7.0,12.0,0.0,5.0,2.0,3.0,1.0,394.0,32,31,
TTK,SR6A,TTKSR6A,MITSUBISHI,8821700101,400-400/230,75,2003.0,2004-10-07,2004-10-10,3568,31745,968.0,124.0,30.0,5.0,0.0,0.0,11.0,0.0,0.0,170.0,24,-,-
TTK,SR6A,TTKSR6A,MITSUBISHI,8821700101,400-400/230,75,2003.0,2004-11-08,2004-11-12,2393,67371,2376.0,357.0,37.0,8.0,0.0,1.0,24.0,0.0,0.0,427.0,58,-,-
TTK,SR6A,TTKSR6A,MITSUBISHI,8821700101,400-400/230,75,2003.0,2005-02-07,2005-02-12,2090,43281,2271.0,189.0,25.0,10.0,0.0,1.0,24.0,0.0,0.0,249.0,61,39,-
TTK,SR6A,TTKSR6A,MITSUBISHI,8821700101,400-400/230,75,2003.0,2005-07-12,2005-08-02,4290,30900,1117.0,67.0,53.0,12.0,0.0,0.0,46.0,0.0,25.0,203.0,60,-,-
TTK,SR6A,TTKSR6A,MITSUBISHI,8821700101,400-400/230,75,2003.0,2006-03-01,2006-03-04,3751,30932,1534.0,96.0,83.0,19.0,0.0,0.0,66.0,0.0,37.0,301.0,48,13,-
TTK,SR6A,TTKSR6A,MITSUBISHI,8821700101,400-400/230,75,2003.0,2007-06-10,2007-07-02,9578,48137,1900.0,170.0,42.0,20.0,0.0,1.0,105.0,0.0,55.0,393.0,62,29,-
TTK,SR6A,TTKSR6A,MITSUBISHI,8821700101,400-400/230,75,2003.0,2007-12-08,2007-12-27,11245,47307,3717.0,180.0,47.0,33.0,0.0,2.0,117.0,0.0,85.0,464.0,55,16,-
TTK,SR6A,TTKSR6A,MITSUBISHI,8821700101,400-400/230,75,2003.0,2009-03-20,2009-04-07,5506,55627,4124.0,227.0,32.0,44.0,0.0,2.0,146.0,0.0,104.0,555.0,56,23,N
TTK,SR6A,TTKSR6A,MITSUBISHI,8821700101,400-400/230,75,2003.0,2009-07-19,2009-07-25,10509,35367,175.0,16.0,0.0,0.0,0.0,0.0,0.0,1.0,0.0,17.0,31,-,-
TTK,SR6A,TTKSR6A,MITSUBISHI,8821700101,400-400/230,75,2003.0,2011-03-11,2011-03-21,3472,25296,846.0,115.0,1.0,1.0,0.0,0.0,6.0,0.0,0.0,123.0,32,23,-
TTK,SR6A,TTKSR6A,MITSUBISHI,8821700101,400-400/230,75,2003.0,2012-09-02,2012-09-23,3569,31560,3324.0,180.0,2.0,21.0,0.0,6.0,27.0,0.0,0.0,236.0,62,26,-
TTK,SR6A,TTKSR6A,MITSUBISHI,8821700101,400-400/230,75,2003.0,2013-03-03,2013-06-29,7601,70589,3921.0,307.0,5.0,24.0,0.0,0.0,31.0,0.0,0.0,367.0,57,28,-
TTK,SR6A,TTKSR6A,MITSUBISHI,8821700101,400-400/230,75,2003.0,2013-10-07,2013-11-01,2839,31667,3948.0,340.0,5.0,25.0,0.0,0.0,47.0,0.0,27.0,245.0,40,27,-
TTK,SR6A,TTKSR6A,MITSUBISHI,8821700101,400-400/230,75,2003.0,2014-04-12,2014-09-08,10689,45977,2229.0,148.0,3.0,27.0,0.0,0.0,52.0,0.0,33.0,264.0,66,24,-
TTK,SR6A,TTKSR6A,MITSUBISHI,8821700101,400-400/230,75,2003.0,2015-03-28,2015-04-10,3975,39636,5653.0,278.0,8.0,41.0,0.0,0.0,81.0,4.0,51.0,470.0,62,26,-
TTK,SR6A,TTKSR6A,MITSUBISHI,8821700101,400-400/230,75,2003.0,2015-11-14,2015-11-26,26679,66409,6038.0,149.0,0.0,15.0,0.0,0.0,52.0,0.0,42.0,258.0,62,39,-
TTK,SR6A,TTKSR6A,MITSUBISHI,8821700101,400-400/230,75,2003.0,2017-03-25,2017-04-21,9621,41231,6204.0,268.0,8.0,16.0,0.0,1.0,107.0,0.0,42.0,442.0,58,27,-
TTK,SR6A,TTKSR6A,MITSUBISHI,8821700101,400-400/230,75,2003.0,2017-07-16,2017-07-22,8641,46429,6570.0,312.0,8.0,16.0,0.0,0.0,113.0,0.0,42.0,491.0,62,14,-
TTK,SR6A,TTKSR6A,MITSUBISHI,8821700101,400-400/230,75,2003.0,2018-01-14,2018-03-11,11334,41959,6087.0,213.0,35.0,40.0,0.0,2.0,134.0,0.0,58.0,482.0,80,23,-
TTK,SR6A,TTKSR6A,MITSUBISHI,8821700101,400-400/230,75,2003.0,2018-03-23,2018-04-07,7191,30837,6018.0,251.0,50.0,55.0,0.0,0.0,136.0,0.0,72.0,564.0,65,19,-
TTK,SR6A,TTKSR6A,MITSUBISHI,8821700101,400-400/230,75,2003.0,2018-06-15,2018-06-29,9026,45703,3541.0,146.0,4.0,39.0,0.0,1.0,124.0,0.0,78.0,392.0,57,25,-
TTK,SR6A,TTKSR6A,MITSUBISHI,8821700101,400-400/230,75,2003.0,2018-09-10,2018-09-16,8153,45058,4759.0,242.0,7.0,61.0,0.0,0.0,163.0,0.0,86.0,559.0,55,30,-
TTK,SR6A,TTKSR6A,MITSUBISHI,8821700101,400-400/230,75,2003.0,2018-12-20,2018-12-29,6127,45593,5495.0,262.0,3.0,67.0,0.0,0.0,157.0,0.0,92.0,581.0,56,20,-
TTK,SR6A,TTKSR6A,MITSUBISHI,8821700101,400-400/230,75,2003.0,2019-01-20,2019-01-26,5079,46338,5962.0,278.0,7.0,67.0,0.0,3.0,157.0,0.0,87.0,599.0,55,23,-
TTK,SR6A,TTKSR6A,MITSUBISHI,8821700101,400-400/230,75,2003.0,2019-02-17,2019-03-07,8360,41731,4813.0,250.0,36.0,58.0,0.0,0.0,165.0,0.0,85.0,594.0,60,24,-
TTK,SR6A,TTKSR6A,MITSUBISHI,8821700101,400-400/230,75,2003.0,2019-03-21,2019-04-04,7265,37183,4621.0,227.0,5.0,55.0,0.0,0.0,159.0,0.0,76.0,522.0,59,16,-
TTK,SR6A,TTKSR6A,MITSUBISHI,8821700101,400-400/230,75,2003.0,2019-04-19,2019-04-22,5013,46404,4726.0,206.0,13.0,65.0,0.0,4.0,166.0,0.0,94.0,548.0,60,16,-
TTK,SR6A,TTKSR6A,MITSUBISHI,8821700101,400-400/230,75,2003.0,2019-05-18,2019-06-01,5948,45058,4784.0,244.0,8.0,65.0,0.0,3.0,165.0,0.0,92.0,577.0,58,22,-
TTK,SR6A,TTKSR6A,MITSUBISHI,8821700101,400-400/230,75,2003.0,2019-06-23,2019-08-10,5752,48971,4675.0,212.0,8.0,58.0,0.0,0.0,170.0,0.0,87.0,535.0,62,20,-
TTK,SR6A,TTKSR6A,MITSUBISHI,8821700101,400-400/230,75,2003.0,2019-07-25,2019-08-31,5974,52194,3924.0,200.0,4.0,63.0,0.0,2.0,161.0,0.0,102.0,532.0,56,19,-
TTK,SR6A,TTKSR6A,MITSUBISHI,8821700101,400-400/230,75,2003.0,2019-08-30,2019-09-26,6944,62631,4695.0,218.0,3.0,56.0,0.0,3.0,193.0,0.0,116.0,589.0,73,-21,-
TTK,SR6A,TTKSR6A,MITSUBISHI,8821700101,400-400/230,75,2003.0,2019-11-03,2019-12-06,8099,60984,5106.0,232.0,16.0,61.0,0.0,0.0,175.0,0.0,92.0,576.0,63,43,-
TTK,SR6A,TTKSR6A,MITSUBISHI,8821700101,400-400/230,75,2003.0,2020-01-25,2020-02-01,7211,48892,4151.0,222.0,20.0,75.0,0.0,0.0,206.0,0.0,159.0,682.0,52,17,
TTK,SR6A,TTKSR6A,MITSUBISHI,8821700101,400-400/230,75,2003.0,2020-07-17,2020-08-21,17133,67057,3971.0,101.0,5.0,7.0,0.0,0.0,25.0,0.0,7.0,145.0,58,30,
TTK,SR6A,TTKSR6A,MITSUBISHI,8821700101,400-400/230,75,2003.0,2020-10-16,2020-11-03,4193,21678,2159.0,82.0,7.0,9.0,0.0,0.0,34.0,0.0,0.0,132.0,63,12,
TTK,SR6A,TTKSR6A,MITSUBISHI,8821700101,400-400/230,75,2003.0,2021-04-24,2021-06-01,11280,30801,3505.0,142.0,36.0,20.0,0.0,0.0,18.0,0.0,17.0,233.0,62,40,
TTK,SR6A,TTKSR6A,MITSUBISHI,8821700101,400-400/230,75,2003.0,2023-06-18,2023-07-02,4740,43270,3019.0,102.0,12.0,36.0,0.0,0.0,90.0,3.0,70.0,313.0,59,14,
TTK,SR6A,TTKSR6A,MITSUBISHI,8821700101,400-400/230,75,2003.0,2023-12-17,2024-01-27,9908,43014,4600.0,154.0,16.0,32.0,0.0,2.0,150.0,2.0,50.0,406.0,59,14,
TTK,SR6B,TTKSR6B,MITSUBISHI,8821710101,400-400/230,6.046,2003.0,2004-10-07,2004-10-10,1300,26468,304.0,75.0,17.0,1.0,0.0,0.0,1.0,0.0,0.0,94.0,26,22,-
TTK,SR6B,TTKSR6B,MITSUBISHI,8821710101,400-400/230,6.046,2003.0,2004-11-08,2004-11-13,1971,26062,438.0,59.0,21.0,1.0,0.0,0.0,10.0,0.0,0.0,91.0,34,-,-
TTK,SR6B,TTKSR6B,MITSUBISHI,8821710101,400-400/230,6.046,2003.0,2005-02-07,2005-02-12,3912,32625,338.0,44.0,39.0,1.0,0.0,0.0,9.0,0.0,0.0,93.0,40,25,-
TTK,SR6B,TTKSR6B,MITSUBISHI,8821710101,400-400/230,6.046,2003.0,2005-07-12,2005-08-02,2859,34618,304.0,55.0,9.0,1.0,0.0,0.0,11.0,0.0,0.0,76.0,39,-,-
TTK,SR6B,TTKSR6B,MITSUBISHI,8821710101,400-400/230,6.046,2003.0,2006-03-01,2006-03-03,2059,40966,322.0,79.0,7.0,1.0,0.0,0.0,16.0,0.0,0.0,103.0,32,13,-
TTK,SR6B,TTKSR6B,MITSUBISHI,8821710101,400-400/230,6.046,2003.0,2007-06-10,2007-07-01,4499,51652,421.0,86.0,6.0,0.0,0.0,0.0,50.0,0.0,0.0,142.0,36,29,-
TTK,SR6B,TTKSR6B,MITSUBISHI,8821710101,400-400/230,6.046,2003.0,2007-12-08,2008-01-06,12969,54632,437.0,53.0,8.0,1.0,0.0,0.0,30.0,0.0,0.0,92.0,42,20,-
TTK,SR6B,TTKSR6B,MITSUBISHI,8821710101,400-400/230,6.046,2003.0,2009-03-20,2009-04-07,1749,56524,480.0,81.0,6.0,17.0,0.0,2.0,66.0,0.0,45.0,217.0,35,28,-
TTK,SR6B,TTKSR6B,MITSUBISHI,8821710101,400-400/230,6.046,2003.0,2011-03-11,2011-03-20,1581,22625,403.0,100.0,1.0,1.0,0.0,0.0,1.0,0.0,0.0,103.0,38,19,-
TTK,SR6B,TTKSR6B,MITSUBISHI,8821710101,400-400/230,6.046,2003.0,2013-03-03,2013-06-30,4479,37277,602.0,173.0,5.0,0.0,0.0,0.0,0.0,0.0,0.0,178.0,30,13,-
TTK,SR6B,TTKSR6B,MITSUBISHI,8821710101,400-400/230,6.046,2003.0,2013-10-07,2013-11-04,5776,47182,613.0,176.0,10.0,4.0,0.0,0.0,3.0,1.0,2.0,196.0,-,25,-
TTK,SR6B,TTKSR6B,MITSUBISHI,8821710101,400-400/230,6.046,2003.0,2015-03-28,2015-04-12,11255,55912,894.0,183.0,7.0,0.0,0.0,6.0,3.0,0.0,0.0,199.0,40,12,-
TTK,SR6B,TTKSR6B,MITSUBISHI,8821710101,400-400/230,6.046,2003.0,2017-03-25,2017-04-22,6542,59676,1080.0,202.0,10.0,7.0,0.0,0.0,6.0,0.0,2.0,227.0,34,18,-
TTK,SR6B,TTKSR6B,MITSUBISHI,8821710101,400-400/230,6.046,2003.0,2017-07-16,2017-07-22,10426,41637,1201.0,271.0,14.0,7.0,0.0,1.0,7.0,0.0,5.0,305.0,35,12,-
TTK,SR6B,TTKSR6B,MITSUBISHI,8821710101,400-400/230,6.046,2003.0,2018-01-14,2018-03-09,7541,34901,1081.0,300.0,17.0,5.0,0.0,0.0,7.0,0.0,3.0,332.0,46,22,-
TTK,SR6B,TTKSR6B,MITSUBISHI,8821710101,400-400/230,6.046,2003.0,2018-09-07,2018-09-16,6447,31024,1137.0,305.0,11.0,4.0,0.0,1.0,2.0,2.0,1.0,326.0,36,11,-
TTK,SR6B,TTKSR6B,MITSUBISHI,8821710101,400-400/230,6.046,2003.0,2018-12-31,2019-01-04,6137,68180,1177.0,293.0,7.0,6.0,0.0,5.0,5.0,0.0,0.0,316.0,38,8,-
TTK,SR6B,TTKSR6B,MITSUBISHI,8821710101,400-400/230,6.046,2003.0,2019-02-15,2019-03-24,4191,55480,1206.0,253.0,13.0,0.0,0.0,0.0,11.0,0.0,0.0,277.0,30,13,-
TTK,SR6B,TTKSR6B,MITSUBISHI,8821710101,400-400/230,6.046,2003.0,2020-12-19,2021-01-10,3852,46673,2091.0,303.0,15.0,3.0,0.0,0.0,3.0,4.0,1.0,329.0,32,9,
TTK,SR6B,TTKSR6B,MITSUBISHI,8821710101,400-400/230,6.046,2003.0,2021-12-19,2022-01-22,10801,50132,1394.0,232.0,13.0,0.0,0.0,0.0,8.0,0.0,0.0,253.0,32,20,
TTK,SR6B,TTKSR6B,MITSUBISHI,8821710101,400-400/230,6.046,2003.0,2023-06-18,2023-07-02,6720,70070,1524.0,254.0,14.0,3.0,0.0,0.0,4.0,5.0,4.0,284.0,34,10,
TTK,SR6B,TTKSR6B,MITSUBISHI,8821710101,400-400/230,6.046,2003.0,2023-12-17,2024-01-27,11725,69806,1348.0,341.0,24.0,6.0,0.0,3.0,8.0,6.0,11.0,399.0,34,11,
TW,KT1A,TWKT1A,TIRA THAI,4710127,230/121/22,200,2019.0,2019-11-14,2019-12-15,12049,27520,221.0,16.0,0.0,0.0,0.0,0.0,0.0,0.0,0.0,16.0,33,24,ยังไม่ได้จ่ายไฟ
TW,KT1A,TWKT1A,TIRA THAI,4710127,230/121/22,200,2019.0,2019-12-17,2019-12-28,17250,36940,318.0,19.0,10.0,0.0,0.0,0.0,0.0,0.0,0.0,29.0,39,9,-
TW,KT1A,TWKT1A,TIRA THAI,4710127,230/121/22,200,2019.0,2021-01-17,2021-03-21,5810,27340,400.0,46.0,23.0,0.0,0.0,0.0,0.0,0.0,0.0,69.0,41,8,
TW,KT1A,TWKT1A,TIRA THAI,4710127,230/121/22,200,2019.0,2022-01-21,2022-01-29,8620,22210,568.0,96.0,7.0,1.0,0.0,0.0,0.0,6.0,0.0,110.0,54,10,
TW,KT1A,TWKT1A,TIRA THAI,4710127,230/121/22,200,2019.0,2022-07-22,2022-07-31,5340,19440,748.0,139.0,8.0,0.0,0.0,0.0,0.0,0.0,0.0,147.0,53,11,
TW,KT1A,TWKT1A,TIRA THAI,4710127,230/121/22,200,2019.0,2023-01-28,2023-02-04,6640,19800,716.0,126.0,4.0,1.0,0.0,0.0,1.0,0.0,0.0,132.0,48,4,
TW,KT1A,TWKT1A,TIRA THAI,4710127,230/121/22,200,2019.0,2023-07-02,2023-07-14,8109,26339,720.0,131.0,12.0,19.0,0.0,2.0,1.0,13.0,13.0,191.0,51,5,
TW,KT1A,TWKT1A,TIRA THAI,4710127,230/121/22,200,2019.0,2024-02-17,2024-03-02,21227,46648,1081.0,235.0,19.0,0.0,0.0,0.0,1.0,1.0,0.0,256.0,46,6,
TW,KT2A,TWKT2A,TIRA THAI,4710128,230/121/22,200,2019.0,2019-11-14,2019-12-15,7745,26345,182.0,20.0,2.0,0.0,0.0,0.0,0.0,0.0,0.0,22.0,34,11,ยังไม่ได้จ่ายไฟ
TW,KT2A,TWKT2A,TIRA THAI,4710128,230/121/22,200,2019.0,2019-12-17,2020-01-04,35090,78030,535.0,35.0,16.0,0.0,0.0,0.0,0.0,0.0,0.0,51.0,40,10,-
TW,KT2A,TWKT2A,TIRA THAI,4710128,230/121/22,200,2019.0,2021-01-27,2021-03-26,20750,80000,650.0,40.0,17.0,0.0,0.0,0.0,0.0,0.0,0.0,57.0,44,21,
TW,KT2A,TWKT2A,TIRA THAI,4710128,230/121/22,200,2019.0,2022-01-21,2022-01-29,9410,24940,469.0,90.0,5.0,0.0,0.0,0.0,0.0,0.0,0.0,95.0,39,18,COLD STAND BY
TW,KT2A,TWKT2A,TIRA THAI,4710128,230/121/22,200,2019.0,2022-07-23,2022-07-31,5400,21650,468.0,117.0,8.0,0.0,0.0,0.0,0.0,0.0,0.0,125.0,,12,
TW,KT2A,TWKT2A,TIRA THAI,4710128,230/121/22,200,2019.0,2023-01-28,2023-02-04,8030,21860,449.0,112.0,9.0,10.0,0.0,30.0,7.0,7.0,0.0,175.0,38,5,
TW,KT2A,TWKT2A,TIRA THAI,4710128,230/121/22,200,2019.0,2023-07-02,2023-07-14,9921,25811,514.0,159.0,11.0,17.0,0.0,4.0,4.0,11.0,0.0,206.0,52,6,
TW,KT2A,TWKT2A,TIRA THAI,4710128,230/121/22,200,2019.0,2024-02-17,2024-03-02,24197,49849,644.0,169.0,8.0,1.0,0.0,0.0,1.0,1.0,0.0,180.0,48,5,
UB1,KT1A,UB1KT1A,TOSHIBA,890900053,115/22,50,2003.0,2019-04-27,2019-05-13,5598,49890,5790.0,506.0,41.0,13.0,0.0,4.0,3.0,6.0,5.0,578.0,36,19,Tx.Trip
UB1,KT1A,UB1KT1A,TOSHIBA,890900053,115/22,50,2003.0,2020-03-01,2020-04-03,11990,62143,1952.0,318.0,92.0,43.0,0.0,0.0,5.0,0.0,8.0,466.0,51,23,
UB1,KT1A,UB1KT1A,TOSHIBA,890900053,115/22,50,2003.0,2021-03-01,2021-05-20,19257,51172,4269.0,350.0,21.0,0.0,0.0,4.0,47.0,0.0,0.0,422.0,60,33,
UB1,KT1A,UB1KT1A,TOSHIBA,890900053,115/22,50,2003.0,2022-02-06,2022-02-20,9332,60681,4978.0,338.0,61.0,9.0,0.0,0.0,3.0,0.0,6.0,417.0,57,15,
UB1,KT1A,UB1KT1A,TOSHIBA,890900053,115/22,50,2003.0,2023-02-04,2023-02-18,15651,64207,6122.0,623.0,48.0,18.0,0.0,2.0,4.0,9.0,8.0,712.0,60,10,
UB1,KT1A,UB1KT1A,TOSHIBA,890900053,115/22,50,2003.0,2024-02-03,2024-03-08,20451,39378,6037.0,684.0,19.0,17.0,0.0,3.0,4.0,7.0,11.0,745.0,62,20,
UB1,KT2A,UB1KT2A,RADE KONCAR,338025,115/22,50,2004.0,2020-03-01,2020-04-03,5528,51574,5638.0,602.0,61.0,20.0,0.0,0.0,7.0,0.0,3.0,693.0,47,11,
UB1,KT2A,UB1KT2A,RADE KONCAR,338025,115/22,50,2004.0,2021-03-01,2021-05-21,10136,44862,8804.0,735.0,19.0,16.0,0.0,7.0,55.0,0.0,0.0,832.0,56,17,
UB1,KT2A,UB1KT2A,RADE KONCAR,338025,115/22,50,2004.0,2022-02-06,2022-02-19,4972,54359,8108.0,605.0,1.0,11.0,0.0,0.0,4.0,0.0,2.0,623.0,50,19,
UB1,KT2A,UB1KT2A,RADE KONCAR,338025,115/22,50,2004.0,2023-02-04,2023-02-18,12266,58395,9418.0,1036.0,14.0,22.0,0.0,1.0,6.0,10.0,3.0,1092.0,55,4,
UB1,KT2A,UB1KT2A,RADE KONCAR,338025,115/22,50,2004.0,2024-02-03,2024-03-08,12558,39316,9366.0,952.0,12.0,24.0,0.0,4.0,7.0,8.0,3.0,1010.0,55,12,
UB2,KT1A,UB2KT1A,MEIDEN,8R8199T1,115/22,50,2006.0,2020-03-02,2020-04-03,11531,46947,796.0,119.0,52.0,23.0,0.0,0.0,3.0,0.0,1.0,198.0,26,17,Tx. Cold stanby.
UB2,KT1A,UB2KT1A,MEIDEN,8R8199T1,115/22,50,2006.0,2021-03-02,2021-05-20,30599,61033,932.0,49.0,18.0,15.0,0.0,0.0,120.0,0.0,44.0,246.0,55,20,
UB2,KT1A,UB2KT1A,MEIDEN,8R8199T1,115/22,50,2006.0,2022-02-07,2022-02-18,4862,58126,1951.0,116.0,86.0,44.0,0.0,1.0,119.0,0.0,4.0,370.0,57,13,
UB2,KT1A,UB2KT1A,MEIDEN,8R8199T1,115/22,50,2006.0,2023-02-04,2023-02-18,9579,59175,1889.0,210.0,82.0,70.0,0.0,5.0,178.0,4.0,89.0,638.0,38,8,
UB2,KT1A,UB2KT1A,MEIDEN,8R8199T1,115/22,50,2006.0,2024-02-04,2024-03-08,5221,33443,1090.0,120.0,32.0,39.0,0.0,6.0,36.0,0.0,2.0,235.0,40,9,
UB2,KT2A,UB2KT2A,EKARAT DAIHEN,EDP011202,115/22/11,50,2011.0,2020-03-02,2020-04-03,15954,47106,916.0,449.0,35.0,3.0,0.0,0.0,2.0,0.0,2.0,491.0,36,13,
UB2,KT2A,UB2KT2A,EKARAT DAIHEN,EDP011202,115/22/11,50,2011.0,2021-03-02,2021-05-20,15523,54820,622.0,449.0,60.0,4.0,0.0,3.0,1.0,5.0,2.0,524.0,26,21,
UB2,KT2A,UB2KT2A,EKARAT DAIHEN,EDP011202,115/22/11,50,2011.0,2022-02-07,2022-02-18,10135,54876,1369.0,467.0,53.0,2.0,0.0,0.0,2.0,0.0,0.0,524.0,28,18,
UB2,KT2A,UB2KT2A,EKARAT DAIHEN,EDP011202,115/22/11,50,2011.0,2023-02-04,2023-02-18,15862,61511,1737.0,932.0,67.0,5.0,0.0,3.0,1.0,6.0,2.0,1016.0,0,7,
UB2,KT2A,UB2KT2A,EKARAT DAIHEN,EDP011202,115/22/11,50,2011.0,2024-02-04,2024-03-08,18125,43122,1670.0,620.0,35.0,6.0,0.0,3.0,2.0,6.0,4.0,676.0,52,7,
UB2,KT3A,UB2KT3A,FUJI,A1E69002T2,230/115/22,200,2011.0,2019-08-31,2019-09-28,18312,52054,1161.0,384.0,9.0,4.0,0.0,0.0,2.0,0.0,0.0,399.0,42,21,-
UB2,KT3A,UB2KT3A,FUJI,A1E69002T2,230/115/22,200,2011.0,2020-06-06,2020-06-21,10554,52452,1708.0,552.0,10.0,6.0,0.0,1.0,2.0,1.0,0.0,572.0,52,9,ทดสอบแทนหลอดแตก Job. ก่อน
UB2,KT3A,UB2KT3A,FUJI,A1E69002T2,230/115/22,200,2011.0,2020-07-30,2020-09-12,9817,46170,1565.0,583.0,15.0,7.0,0.0,1.0,3.0,0.0,9.0,618.0,49,15,
UB2,KT3A,UB2KT3A,FUJI,A1E69002T2,230/115/22,200,2011.0,2021-03-01,2021-05-20,11880,58726,928.0,470.0,21.0,8.0,0.0,1.0,3.0,1.0,4.0,508.0,53,18,
UB2,KT3A,UB2KT3A,FUJI,A1E69002T2,230/115/22,200,2011.0,2021-09-05,2021-11-06,6538,37503,2006.0,638.0,15.0,0.0,0.0,0.0,0.0,0.0,0.0,653.0,40,12,
UB2,KT3A,UB2KT3A,FUJI,A1E69002T2,230/115/22,200,2011.0,2022-02-07,2022-02-19,6693,49395,2036.0,487.0,15.0,4.0,0.0,0.0,2.0,0.0,5.0,513.0,45,14,
UB2,KT3A,UB2KT3A,FUJI,A1E69002T2,230/115/22,200,2011.0,2022-07-30,2022-08-19,2168,45899,1975.0,508.0,13.0,7.0,0.0,0.0,3.0,2.0,7.0,540.0,48,19,
UB2,KT3A,UB2KT3A,FUJI,A1E69002T2,230/115/22,200,2011.0,2023-02-04,2023-02-12,7890,45300,1981.0,617.0,8.0,5.0,0.0,0.0,3.0,41.0,7.0,681.0,48,4,
UB2,KT3A,UB2KT3A,FUJI,A1E69002T2,230/115/22,200,2011.0,2023-07-30,2023-08-06,13782,34519,2047.0,586.0,11.0,5.0,0.0,0.0,2.0,21.0,7.0,632.0,44,17,
UB2,KT3A,UB2KT3A,FUJI,A1E69002T2,230/115/22,200,2011.0,2024-02-04,2024-03-08,19129,36503,2542.0,679.0,4.0,9.0,0.0,1.0,3.0,0.0,8.0,704.0,54,13,
UB2,KT4A,UB2KT4A,TOSHIBA,98900016,230/132/22,200,2012.0,2019-08-31,2019-09-28,5032,31895,2355.0,587.0,16.0,6.0,0.0,0.0,2.0,0.0,3.0,614.0,47,21,-
UB2,KT4A,UB2KT4A,TOSHIBA,98900016,230/132/22,200,2012.0,2020-03-02,2020-04-03,18701,46375,2442.0,544.0,41.0,3.0,0.0,0.0,1.0,0.0,0.0,589.0,38,24,
UB2,KT4A,UB2KT4A,TOSHIBA,98900016,230/132/22,200,2012.0,2020-07-30,2020-09-12,8668,38789,2270.0,483.0,28.0,7.0,0.0,3.0,0.0,1.0,0.0,522.0,50,17,
UB2,KT4A,UB2KT4A,TOSHIBA,98900016,230/132/22,200,2012.0,2021-03-01,2021-05-20,33875,64533,1279.0,82.0,9.0,0.0,0.0,0.0,43.0,0.0,0.0,134.0,56,26,
UB2,KT4A,UB2KT4A,TOSHIBA,98900016,230/132/22,200,2012.0,2021-09-05,2021-11-06,14817,39024,2302.0,422.0,17.0,0.0,0.0,0.0,5.0,0.0,0.0,444.0,41,23,
UB2,KT4A,UB2KT4A,TOSHIBA,98900016,230/132/22,200,2012.0,2022-02-07,2022-02-19,9624,53761,3107.0,382.0,16.0,4.0,0.0,0.0,1.0,0.0,0.0,403.0,46,12,
UB2,KT4A,UB2KT4A,TOSHIBA,98900016,230/132/22,200,2012.0,2022-07-30,2022-08-19,2695,47821,2384.0,568.0,4.0,6.0,0.0,1.0,1.0,3.0,3.0,586.0,51,21,
UB2,KT4A,UB2KT4A,TOSHIBA,98900016,230/132/22,200,2012.0,2023-02-04,2023-02-18,10916,46764,3422.0,715.0,11.0,10.0,0.0,5.0,3.0,3.0,6.0,753.0,48,13,
UB2,KT4A,UB2KT4A,TOSHIBA,98900016,230/132/22,200,2012.0,2023-07-30,2023-08-11,17851,30856,2956.0,676.0,15.0,25.0,0.0,8.0,5.0,3.0,4.0,736.0,47,13,
UB2,KT4A,UB2KT4A,TOSHIBA,98900016,230/132/22,200,2012.0,2024-02-04,2024-03-08,21971,33709,3377.0,703.0,4.0,9.0,0.0,3.0,2.0,3.0,5.0,729.0,56,17,
UD1,KT1A,UD1KT1A,MEIDEN,8P9100T1,115/22,50,2004.0,2019-02-06,2019-05-12,7626,57477,1924.0,142.0,59.0,63.0,0.0,3.0,152.0,0.0,68.0,487.0,55,10,-
UD1,KT1A,UD1KT1A,MEIDEN,8P9100T1,115/22,50,2004.0,2019-03-10,2019-03-17,4046,45095,2190.0,129.0,93.0,69.0,0.0,0.0,170.0,0.0,68.0,529.0,59,9,Trip ด้วย Tx. Diff
UD1,KT1A,UD1KT1A,MEIDEN,8P9100T1,115/22,50,2004.0,2020-04-06,2020-05-09,16371,51100,1874.0,573.0,45.0,2.0,0.0,0.0,0.0,0.0,0.0,620.0,66,15,
UD1,KT1A,UD1KT1A,MEIDEN,8P9100T1,115/22,50,2004.0,2021-02-14,2021-05-24,10711,60492,3741.0,113.0,91.0,84.0,0.0,0.0,169.0,7.0,130.0,594.0,65,20,
UD1,KT1A,UD1KT1A,MEIDEN,8P9100T1,115/22,50,2004.0,2022-01-20,2022-02-07,6887,43382,1910.0,164.0,40.0,30.0,0.0,0.0,96.0,0.0,70.0,400.0,57,10,
UD1,KT1A,UD1KT1A,MEIDEN,8P9100T1,115/22,50,2004.0,2023-01-16,2023-02-04,4218,32131,1776.0,130.0,59.0,51.0,0.0,0.0,140.0,0.0,63.0,443.0,44,10,
UD1,KT1A,UD1KT1A,MEIDEN,8P9100T1,115/22,50,2004.0,2024-01-15,2024-02-11,7560,26620,1984.0,179.0,57.0,60.0,0.0,2.0,166.0,18.0,112.0,594.0,53,8,
UD1,KT2A,UD1KT2A,MEIDEN,8P9100T2,115/22,50,2004.0,2019-02-06,2019-05-12,8777,41009,2308.0,140.0,60.0,63.0,0.0,3.0,155.0,0.0,70.0,491.0,63,18,-
UD1,KT2A,UD1KT2A,MEIDEN,8P9100T2,115/22,50,2004.0,2020-04-06,2020-05-08,18462,52365,1574.0,340.0,53.0,2.0,0.0,2.0,1.0,0.0,0.0,398.0,74,16,
UD1,KT2A,UD1KT2A,MEIDEN,8P9100T2,115/22,50,2004.0,2021-02-14,2021-05-24,6162,51695,5638.0,139.0,98.0,101.0,0.0,0.0,184.0,7.0,141.0,670.0,67,17,
UD1,KT2A,UD1KT2A,MEIDEN,8P9100T2,115/22,50,2004.0,2022-01-20,2022-02-06,6947,56553,2997.0,103.0,65.0,51.0,0.0,0.0,145.0,13.0,100.0,477.0,55,5,
UD1,KT2A,UD1KT2A,MEIDEN,8P9100T2,115/22,50,2004.0,2023-01-16,2023-02-06,24659,68096,3236.0,111.0,40.0,58.0,0.0,2.0,189.0,0.0,103.0,503.0,45,9,
UD1,KT2A,UD1KT2A,MEIDEN,8P9100T2,115/22,50,2004.0,2024-01-15,2024-02-11,8180,37970,3635.0,186.0,26.0,72.0,0.0,2.0,213.0,22.0,145.0,666.0,53,7,
UD2,KT1A,UD2KT1A,ABB,52012,115/22,50,2004.0,2019-02-06,2019-05-12,8524,46216,1800.0,311.0,9.0,7.0,0.0,3.0,1.0,1.0,0.0,332.0,42,23,-
UD2,KT1A,UD2KT1A,ABB,52012,115/22,50,2004.0,2020-04-05,2020-05-15,7711,47441,2358.0,445.0,28.0,8.0,0.0,0.0,2.0,0.0,3.0,486.0,52,13,
UD2,KT1A,UD2KT1A,ABB,52012,115/22,50,2004.0,2021-02-15,2021-05-24,10981,56315,4581.0,590.0,13.0,10.0,0.0,2.0,0.0,3.0,1.0,619.0,50,17,
UD2,KT1A,UD2KT1A,ABB,52012,115/22,50,2004.0,2022-01-19,2022-02-06,5747,46958,3039.0,279.0,11.0,6.0,0.0,0.0,2.0,0.0,1.0,299.0,46,9,
UD2,KT1A,UD2KT1A,ABB,52012,115/22,50,2004.0,2023-02-17,2023-02-03,4556,44751,3177.0,281.0,6.0,18.0,0.0,1.0,3.0,3.0,1.0,313.0,42,11,
UD2,KT1A,UD2KT1A,ABB,52012,115/22,50,2004.0,2024-01-16,2024-02-11,9368,51236,2278.0,347.0,35.0,16.0,0.0,4.0,3.0,4.0,2.0,411.0,46,6,
UD2,KT2A,UD2KT2A,EKARAT DAIHEN,EDP001301,115/22,50,2007.0,2019-02-06,2019-05-12,13703,51898,1644.0,612.0,40.0,9.0,0.0,3.0,2.0,4.0,2.0,672.0,45,26,-
UD2,KT2A,UD2KT2A,EKARAT DAIHEN,EDP001301,115/22,50,2007.0,2020-04-05,2020-05-15,8674,46879,2572.0,1014.0,92.0,11.0,0.0,0.0,3.0,0.0,6.0,1126.0,54,8,
UD2,KT2A,UD2KT2A,EKARAT DAIHEN,EDP001301,115/22,50,2007.0,2021-02-15,2021-05-24,14254,57766,4540.0,1354.0,48.0,14.0,0.0,4.0,0.0,5.0,6.0,1431.0,51,27,
UD2,KT2A,UD2KT2A,EKARAT DAIHEN,EDP001301,115/22,50,2007.0,2022-01-19,2022-02-06,6574,45128,3010.0,699.0,75.0,7.0,0.0,1.0,2.0,3.0,4.0,791.0,48,7,
UD2,KT2A,UD2KT2A,EKARAT DAIHEN,EDP001301,115/22,50,2007.0,2023-02-17,2023-02-04,6398,43141,2700.0,568.0,49.0,9.0,0.0,3.0,3.0,10.0,4.0,646.0,44,10,
UD2,KT2A,UD2KT2A,EKARAT DAIHEN,EDP001301,115/22,50,2007.0,2024-01-16,2024-02-10,9658,45030,2294.0,842.0,77.0,0.0,0.0,8.0,4.0,6.0,7.0,944.0,46,6,
UD3,KT1A,UD3KT1A,DAIHEN,,230,300,2023.0,2024-03-31,2024-04-20,4967,51632,264.0,8.0,1.0,1.0,0.0,0.0,0.0,0.0,0.0,10.0,34,14,
UD3,KT2A,UD3KT2A,DAIHEN,,230,300,2023.0,2024-03-31,2024-04-20,2867,21046,118.0,5.0,2.0,1.0,0.0,0.0,0.0,0.0,0.0,8.0,34,12,
UD3,KT3A,UD3KT3A,DAIHEN,,230,300,2023.0,2024-04-01,2024-04-20,2911,36432,170.0,10.0,2.0,1.0,0.0,0.0,0.0,0.0,0.0,13.0,34,14,
UR-P,KT1A,UR-PKT1A,SIEMENS,T200762,115/22,5,,2019-07-11,2019-08-11,21778,60767,1520.0,148.0,7.0,0.0,0.0,10.0,0.0,0.0,0.0,165.0,46,21,-
UR-P,KT1A,UR-PKT1A,SIEMENS,T200762,115/22,5,,2020-06-05,2020-07-05,21051,77246,1454.0,183.0,0.0,0.0,0.0,11.0,0.0,2.0,0.0,196.0,46,22,
UR-P,KT1A,UR-PKT1A,SIEMENS,T200762,115/22,5,,2021-05-09,2021-07-11,24840,79420,3183.0,153.0,22.0,1.0,0.0,7.0,0.0,0.0,0.0,183.0,46,21,
UR-P,KT1A,UR-PKT1A,SIEMENS,T200762,115/22,5,,2022-03-28,2022-04-02,37967,66708,1520.0,159.0,8.0,61.0,0.0,13.0,0.0,0.0,0.0,241.0,46,21,
UR-P,KT1A,UR-PKT1A,SIEMENS,T200762,115/22,5,,2023-06-01,2023-06-10,35860,63953,1648.0,194.0,8.0,2.0,0.0,0.0,10.0,0.0,0.0,214.0,46,17,
UT,KT1A,UTKT1A,VOLTA WERKE,60545-001,115/22,25,1993.0,2021-10-24,2021-11-12,2791,54266,3459.0,323.0,24.0,100.0,0.0,15.0,377.0,0.0,95.0,934.0,76,11,
UT,KT1A,UTKT1A,VOLTA WERKE,60545-001,115/22,25,1993.0,2022-10-29,2022-11-06,12245,67431,2725.0,198.0,15.0,75.0,0.0,3.0,313.0,13.0,319.0,936.0,,12,
UT,KT1A,UTKT1A,VOLTA WERKE,60545-001,115/22,25,1993.0,2023-04-28,2023-05-07,9768,67756,2997.0,208.0,8.0,69.0,0.0,9.0,318.0,12.0,211.0,835.0,76,7,
UT,KT1A,UTKT1A,VOLTA WERKE,60545-001,115/22,25,1993.0,2024-04-20,2024-04-27,11053,71295,3121.0,215.0,10.0,155.0,0.0,17.0,389.0,12.0,259.0,1057.0,76,9,
UT,KT2A,UTKT2A,MITSUBISHI,573091,115/22,25,1998.0,2019-10-10,2019-10-20,3520,68250,3237.0,105.0,40.0,177.0,0.0,20.0,621.0,36.0,353.0,1352.0,63,19,-
UT,KT2A,UTKT2A,MITSUBISHI,573091,115/22,25,1998.0,2020-12-07,2021-01-11,5486,57568,7568.0,97.0,48.0,137.0,0.0,9.0,570.0,34.0,310.0,1205.0,61,20,
UT,KT2A,UTKT2A,MITSUBISHI,573091,115/22,25,1998.0,2021-10-24,2021-11-12,6514,59524,6619.0,114.0,30.0,140.0,0.0,28.0,520.0,0.0,110.0,942.0,64,19,
UT,KT2A,UTKT2A,MITSUBISHI,573091,115/22,25,1998.0,2021-11-12,2021-11-13,5143,74180,8088.0,343.0,51.0,285.0,0.0,27.0,644.0,0.0,301.0,1651.0,,21,Research
UT,KT2A,UTKT2A,MITSUBISHI,573091,115/22,25,1998.0,2021-12-17,2021-12-20,2495,28325,4846.0,39.0,11.0,45.0,0.0,3.0,239.0,21.0,192.0,550.0,60,20,repeat
UT,KT2A,UTKT2A,MITSUBISHI,573091,115/22,25,1998.0,2022-10-29,2022-11-07,1550,63067,2791.0,44.0,5.0,29.0,0.0,8.0,192.0,5.0,138.0,421.0,,28,
UT,KT2A,UTKT2A,MITSUBISHI,573091,115/22,25,1998.0,2023-04-28,2023-05-07,12377,47836,3294.0,50.0,9.0,39.0,0.0,7.0,193.0,8.0,150.0,456.0,66,20,
UT,KT2A,UTKT2A,MITSUBISHI,573091,115/22,25,1998.0,2024-04-20,2024-04-27,11453,48839,3203.0,88.0,34.0,80.0,0.0,29.0,273.0,8.0,208.0,720.0,66,22,
UT,KT3A,UTKT3A,ABB,57018,115/22,50,2011.0,2019-10-10,2019-10-20,8900,58520,1434.0,684.0,17.0,6.0,0.0,22.0,4.0,0.0,0.0,733.0,44,8,-
UT,KT3A,UTKT3A,ABB,57018,115/22,50,2011.0,2020-12-07,2021-01-11,11032,54420,2326.0,640.0,27.0,4.0,0.0,3.0,6.0,9.0,3.0,692.0,38,10,
UT,KT3A,UTKT3A,ABB,57018,115/22,50,2011.0,2021-10-24,2021-11-12,12851,55454,2914.0,793.0,10.0,0.0,0.0,16.0,17.0,0.0,0.0,836.0,46,12,
UT,KT3A,UTKT3A,ABB,57018,115/22,50,2011.0,2022-10-29,2022-11-06,11274,71054,3201.0,995.0,8.0,5.0,0.0,9.0,4.0,2.0,3.0,1026.0,,8,
UT,KT3A,UTKT3A,ABB,57018,115/22,50,2011.0,2023-04-28,2023-05-07,11812,72544,3219.0,943.0,5.0,7.0,0.0,14.0,5.0,5.0,7.0,986.0,50,10,
UT,KT3A,UTKT3A,ABB,57018,115/22,50,2011.0,2024-04-20,2024-04-27,16920,72716,3262.0,985.0,7.0,12.0,0.0,29.0,8.0,6.0,19.0,1066.0,54,7,
VRK,KT3A,VRKKT3A,OSAKA,5A1592001,115/22,25,1990.0,2021-10-16,2021-10-19,15705,61525,2771.0,223.0,19.0,4.0,0.0,7.0,12.0,31.0,15.0,311.0,,18,ก่อนย้ายเข้าโรงซ่อม เพื่อทำ refurbishment
VRK,KT3A,VRKKT3A,OSAKA,5A1592001,115/22,25,1990.0,2022-01-03,2022-01-04,6180,18196,161.0,26.0,1.0,0.0,0.0,13.0,0.0,6.0,0.0,46.0,,6,น้ำมันที่ใช้ทำเป็นน้ำมันHot oil
VRK,KT3A,VRKKT3A,OSAKA,5A1592001,115/22,25,1990.0,2022-01-21,2022-01-22,3070,10660,148.0,8.0,0.0,0.0,0.0,0.0,0.0,0.0,0.0,8.0,30,8,ก่อนการทดสอบ HV TEST
VRK,KT3A,VRKKT3A,OSAKA,5A1592001,115/22,25,1990.0,2022-01-30,2022-02-04,2251,58087,107.0,16.0,0.0,1.0,0.0,4.0,1.0,0.0,1.0,23.0,30,11,หลังทดสอบ HV LAB
VRK,KT3A,VRKKT3A,OSAKA,5A1592001,115/22,25,1990.0,2023-05-19,2023-06-10,6781,20761,223.0,71.0,6.0,7.0,0.0,1.0,3.0,1.0,3.0,92.0,30,18,ย้ายมาจาก สฟ.นครนายก KT2A .
VRK,KT3A,VRKKT3A,OSAKA,5A1592001,115/22,25,1990.0,2023-10-22,2023-12-01,6553,52662,237.0,108.0,10.0,12.0,0.0,8.0,1.0,2.0,0.0,141.0,,28,ตามผลหลังการใช้งาน3 เดือน
VRK-P,KT1A,VRK-PKT1A,MITSUBISHI,7212507001,220/115/22,66,1986.0,2019-08-26,2019-09-21,7694,29165,2010.0,113.0,11.0,6.0,0.0,0.0,0.0,0.0,0.0,130.0,34,24,-
VRK-P,KT1A,VRK-PKT1A,MITSUBISHI,7212507001,220/115/22,66,1986.0,2020-06-05,2020-07-04,2682,27658,2534.0,125.0,10.0,4.0,0.0,2.0,0.0,3.0,2.0,146.0,34,14,
VRK-P,KT1A,VRK-PKT1A,MITSUBISHI,7212507001,220/115/22,66,1986.0,2020-10-20,2020-10-31,4303,27630,1568.0,132.0,7.0,0.0,0.0,0.0,1.0,3.0,1.0,144.0,35,14,
VRK-P,KT1A,VRK-PKT1A,MITSUBISHI,7212507001,220/115/22,66,1986.0,2021-04-20,2021-06-05,3309,33941,1054.0,64.0,51.0,3.0,0.0,0.0,1.0,0.0,0.0,119.0,39,18,
VRK-P,KT1A,VRK-PKT1A,MITSUBISHI,7212507001,220/115/22,66,1986.0,2022-02-24,2022-03-07,9669,33242,1708.0,101.0,42.0,3.0,0.0,2.0,2.0,4.0,2.0,156.0,37,12,
VRK-P,KT1A,VRK-PKT1A,MITSUBISHI,7212507001,220/115/22,66,1986.0,2022-11-17,2022-12-04,5669,30602,1897.0,117.0,9.0,5.0,0.0,2.0,4.0,4.0,5.0,146.0,38,16,
VRK-P,KT1A,VRK-PKT1A,MITSUBISHI,7212507001,220/115/22,66,1986.0,2023-05-20,2023-06-10,6792,32863,2076.0,136.0,9.0,15.0,0.0,2.0,2.0,2.0,1.0,167.0,40,16,
VRK-P,KT1A,VRK-PKT1A,MITSUBISHI,7212507001,220/115/22,66,1986.0,2023-11-24,2023-12-29,7032,30985,2059.0,129.0,18.0,5.0,0.0,2.0,9.0,3.0,14.0,180.0,30,8,
VRK-P,KT1A,VRK-PKT1A,MITSUBISHI,7212507001,220/115/22,66,1986.0,2024-04-08,2024-04-20,12136,42818,2243.0,130.0,22.0,19.0,0.0,2.0,4.0,4.0,1.0,182.0,0,15,
VRK-P,KT2A,VRK-PKT2A,OSAKA,5A0178001,115/22,12,1984.0,2019-08-26,2019-09-21,7281,42910,5482.0,426.0,12.0,21.0,0.0,13.0,51.0,5.0,39.0,567.0,51,21,-
VRK-P,KT2A,VRK-PKT2A,OSAKA,5A0178001,115/22,12,1984.0,2020-06-05,2020-07-04,11431,54618,3136.0,175.0,20.0,25.0,0.0,7.0,24.0,0.0,0.0,251.0,44,24,
VRK-P,KT2A,VRK-PKT2A,OSAKA,5A0178001,115/22,12,1984.0,2020-10-20,2020-10-31,4024,79916,6078.0,412.0,9.0,16.0,0.0,8.0,34.0,43.0,56.0,578.0,46,31,
VRK-P,KT2A,VRK-PKT2A,OSAKA,5A0178001,115/22,12,1984.0,2021-04-04,2021-04-19,5492,60781,2161.0,177.0,40.0,43.0,0.0,6.0,35.0,74.0,95.0,470.0,30,19,สีผิดปกติ
VRK-P,KT2A,VRK-PKT2A,OSAKA,5A0178001,115/22,12,1984.0,2021-04-20,2021-06-05,5410,48222,2192.0,199.0,45.0,9.0,0.0,4.0,17.0,38.0,45.0,357.0,40,22,
VRK-P,KT2A,VRK-PKT2A,OSAKA,5A0178001,115/22,12,1984.0,2022-02-25,2022-03-07,4792,17704,2626.0,201.0,40.0,32.0,0.0,56.0,20.0,61.0,19.0,429.0,36,11,
VRK-P,KT2A,VRK-PKT2A,OSAKA,5A0178001,115/22,12,1984.0,2023-05-11,2023-06-09,6397,39725,2979.0,379.0,18.0,8.0,0.0,37.0,13.0,3.0,5.0,463.0,55,21,
VRK-P,KT2A,VRK-PKT2A,OSAKA,5A0178001,115/22,12,1984.0,2024-04-08,2024-04-20,5021,25072,2681.0,394.0,22.0,10.0,0.0,5.0,5.0,6.0,14.0,456.0,50,10,
VRK-P,KT4A,VRK-PKT4A,MITSUBISHI,550269,230/115/22,66,1977.0,2019-08-26,2019-09-21,6914,36394,6688.0,216.0,138.0,93.0,0.0,5.0,196.0,0.0,145.0,793.0,40,23,-
VRK-P,KT4A,VRK-PKT4A,MITSUBISHI,550269,230/115/22,66,1977.0,2020-06-05,2020-07-04,3897,44654,1845.0,166.0,15.0,83.0,0.0,19.0,166.0,0.0,88.0,537.0,40,30,
VRK-P,KT4A,VRK-PKT4A,MITSUBISHI,550269,230/115/22,66,1977.0,2020-10-20,2020-10-31,5222,52358,1865.0,180.0,12.0,73.0,0.0,16.0,164.0,31.0,94.0,570.0,42,26,
VRK-P,KT4A,VRK-PKT4A,MITSUBISHI,550269,230/115/22,66,1977.0,2021-04-20,2021-06-05,7120,55071,1215.0,91.0,50.0,58.0,0.0,7.0,100.0,33.0,76.0,415.0,46,26,
VRK-P,KT4A,VRK-PKT4A,MITSUBISHI,550269,230/115/22,66,1977.0,2022-02-24,2022-03-07,6629,51042,1853.0,180.0,41.0,41.0,0.0,19.0,178.0,30.0,98.0,587.0,44,23,
VRK-P,KT4A,VRK-PKT4A,MITSUBISHI,550269,230/115/22,66,1977.0,2022-11-17,2022-12-04,5291,54379,1953.0,197.0,49.0,106.0,0.0,23.0,213.0,35.0,132.0,755.0,45,14,
VRK-P,KT4A,VRK-PKT4A,MITSUBISHI,550269,230/115/22,66,1977.0,2023-05-20,2023-06-09,5264,44810,2037.0,203.0,13.0,87.0,0.0,21.0,190.0,26.0,60.0,600.0,45,18,
VRK-P,KT4A,VRK-PKT4A,MITSUBISHI,550269,230/115/22,66,1977.0,2023-11-24,2023-12-29,3381,55121,2345.0,226.0,44.0,103.0,0.0,27.0,242.0,40.0,118.0,800.0,46,19,
VRK-P,KT4A,VRK-PKT4A,MITSUBISHI,550269,230/115/22,66,1977.0,2024-04-08,2024-04-20,4543,65699,2350.0,231.0,35.0,96.0,0.0,21.0,283.0,35.0,121.0,822.0,47,28,
WN,KT1AA,WNKT1AA,GEC ALSTHOM,217841-04,525/242,250,2011.0,2019-06-16,2019-06-23,7245,41527,3038.0,624.0,10.0,33.0,0.0,36.0,22.0,0.0,0.0,725.0,60,18,-
WN,KT1AA,WNKT1AA,GEC ALSTHOM,217841-04,525/242,250,2011.0,2019-12-07,2020-01-09,18725,74894,2304.0,453.0,30.0,14.0,0.0,4.0,10.0,0.0,3.0,514.0,40,14,
WN,KT1AA,WNKT1AA,GEC ALSTHOM,217841-04,525/242,250,2011.0,2020-04-10,2020-05-15,11662,52093,2911.0,715.0,12.0,24.0,0.0,14.0,11.0,0.0,0.0,776.0,57,16,
WN,KT1AA,WNKT1AA,GEC ALSTHOM,217841-04,525/242,250,2011.0,2020-10-03,2020-10-31,197077,58509,2243.0,493.0,8.0,6.0,0.0,8.0,7.0,15.0,0.0,537.0,53,19,
WN,KT1AA,WNKT1AA,GEC ALSTHOM,217841-04,525/242,250,2011.0,2020-10-26,2020-11-16,13358,54103,3522.0,750.0,16.0,27.0,0.0,15.0,48.0,0.0,0.0,856.0,57,10,
WN,KT1AA,WNKT1AA,GEC ALSTHOM,217841-04,525/242,250,2011.0,2021-02-10,2021-03-26,14000,55000,3600.0,756.0,95.0,0.0,0.0,0.0,3.0,0.0,0.0,854.0,51,26,
WN,KT1AA,WNKT1AA,GEC ALSTHOM,217841-04,525/242,250,2011.0,2021-03-26,2021-05-03,6682,46627,3412.0,678.0,33.0,64.0,0.0,4.0,8.0,0.0,1.0,788.0,57,15,
WN,KT1AA,WNKT1AA,GEC ALSTHOM,217841-04,525/242,250,2011.0,2021-09-17,2021-11-11,10795,40123,3124.0,737.0,11.0,20.0,0.0,12.0,15.0,0.0,0.0,795.0,57,14,
WN,KT1AA,WNKT1AA,GEC ALSTHOM,217841-04,525/242,250,2011.0,2022-01-24,2022-01-29,5491,39612,3623.0,840.0,8.0,26.0,0.0,14.0,15.0,0.0,0.0,903.0,45,9,
WN,KT1AA,WNKT1AA,GEC ALSTHOM,217841-04,525/242,250,2011.0,2022-05-20,2022-06-10,28347,66101,3698.0,876.0,8.0,29.0,0.0,14.0,19.0,0.0,0.0,946.0,48,27,
WN,KT1AA,WNKT1AA,GEC ALSTHOM,217841-04,525/242,250,2011.0,2022-07-10,2022-07-30,15014,63792,3754.0,892.0,5.0,31.0,0.0,10.0,12.0,20.0,1.0,971.0,50,16,
WN,KT1AA,WNKT1AA,GEC ALSTHOM,217841-04,525/242,250,2011.0,2023-02-16,2023-02-26,8687,49583,3964.0,933.0,14.0,78.0,0.0,47.0,29.0,0.0,0.0,1101.0,63,12,
WN,KT1AA,WNKT1AA,GEC ALSTHOM,217841-04,525/242,250,2011.0,2023-05-27,2023-06-05,16638,67206,3856.0,912.0,11.0,29.0,0.0,15.0,20.0,3.0,7.0,997.0,53,13,
WN,KT1AA,WNKT1AA,GEC ALSTHOM,217841-04,525/242,250,2011.0,2023-09-29,2023-10-11,13206,36759,3935.0,932.0,4.0,86.0,0.0,34.0,21.0,68.0,6.0,1151.0,57,9,
WN,KT1AA,WNKT1AA,GEC ALSTHOM,217841-04,525/242,250,2011.0,2024-03-24,2024-04-21,4551,55140,3987.0,920.0,42.0,126.0,0.0,174.0,49.0,99.0,11.0,1421.0,54,12,
WN,KT1AB,WNKT1AB,GEC ALSTHOM,217841-02,525/242,250,2011.0,2019-06-16,2019-06-23,10050,40853,2246.0,574.0,36.0,0.0,0.0,0.0,5.0,0.0,0.0,615.0,60,25,-
WN,KT1AB,WNKT1AB,GEC ALSTHOM,217841-02,525/242,250,2011.0,2019-12-07,2020-01-09,13282,64094,2643.0,736.0,53.0,5.0,0.0,0.0,3.0,0.0,8.0,805.0,40,24,
WN,KT1AB,WNKT1AB,GEC ALSTHOM,217841-02,525/242,250,2011.0,2020-04-10,2020-05-29,24989,70400,2601.0,560.0,12.0,0.0,0.0,0.0,5.0,0.0,0.0,577.0,57,17,
WN,KT1AB,WNKT1AB,GEC ALSTHOM,217841-02,525/242,250,2011.0,2020-10-03,2020-10-27,4705,39205,2889.0,727.0,7.0,0.0,0.0,0.0,4.0,2.0,2.0,742.0,54,13,
WN,KT1AB,WNKT1AB,GEC ALSTHOM,217841-02,525/242,250,2011.0,2020-10-26,2020-11-16,13970,55235,2855.0,682.0,14.0,0.0,0.0,0.0,0.0,0.0,0.0,696.0,58,16,
WN,KT1AB,WNKT1AB,GEC ALSTHOM,217841-02,525/242,250,2011.0,2021-01-10,2021-03-21,10740,60000,3000.0,650.0,36.0,5.0,0.0,0.0,2.0,0.0,0.0,693.0,53,17,
WN,KT1AB,WNKT1AB,GEC ALSTHOM,217841-02,525/242,250,2011.0,2021-03-26,2021-05-03,6563,42135,2814.0,655.0,39.0,8.0,0.0,0.0,4.0,0.0,2.0,708.0,57,16,
WN,KT1AB,WNKT1AB,GEC ALSTHOM,217841-02,525/242,250,2011.0,2021-09-17,2021-11-11,9157,47223,3493.0,165.0,28.0,4.0,0.0,7.0,5.0,10.0,2.0,221.0,57,12,
WN,KT1AB,WNKT1AB,GEC ALSTHOM,217841-02,525/242,250,2011.0,2022-01-24,2022-01-29,7591,41161,3483.0,763.0,12.0,8.0,0.0,0.0,10.0,0.0,0.0,793.0,44,16,
WN,KT1AB,WNKT1AB,GEC ALSTHOM,217841-02,525/242,250,2011.0,2022-05-20,2022-06-10,28293,74193,3880.0,745.0,11.0,2.0,0.0,7.0,8.0,0.0,0.0,773.0,48,30,
WN,KT1AB,WNKT1AB,GEC ALSTHOM,217841-02,525/242,250,2011.0,2022-07-10,2022-07-30,8793,52701,3909.0,783.0,8.0,9.0,0.0,1.0,4.0,7.0,1.0,813.0,47,15,
WN,KT1AB,WNKT1AB,GEC ALSTHOM,217841-02,525/242,250,2011.0,2023-02-16,2023-02-26,10479,45259,3494.0,710.0,10.0,18.0,0.0,7.0,7.0,0.0,0.0,752.0,66,11,
WN,KT1AB,WNKT1AB,GEC ALSTHOM,217841-02,525/242,250,2011.0,2023-05-27,2023-06-04,6283,38529,3542.0,751.0,8.0,15.0,0.0,7.0,6.0,5.0,1.0,793.0,53,9,
WN,KT1AB,WNKT1AB,GEC ALSTHOM,217841-02,525/242,250,2011.0,2023-09-29,2023-10-14,7466,53972,3636.0,775.0,1.0,40.0,0.0,2.0,2.0,20.0,2.0,842.0,58,9,
WN,KT1AB,WNKT1AB,GEC ALSTHOM,217841-02,525/242,250,2011.0,2024-03-29,2024-04-21,7512,32551,3310.0,822.0,9.0,15.0,0.0,0.0,0.0,0.0,0.0,846.0,54,10,
WN,KT1AC,WNKT1AC,GEC ALSTHOM,217841-05,525/242,250,2011.0,2019-06-16,2019-06-23,9255,46779,2099.0,689.0,7.0,0.0,0.0,0.0,8.0,0.0,0.0,704.0,60,23,-
WN,KT1AC,WNKT1AC,GEC ALSTHOM,217841-05,525/242,250,2011.0,2019-12-07,2020-01-09,7286,50840,2991.0,1144.0,19.0,7.0,0.0,0.0,4.0,0.0,4.0,1178.0,40,14,
WN,KT1AC,WNKT1AC,GEC ALSTHOM,217841-05,525/242,250,2011.0,2020-04-10,2020-05-15,23366,58943,2203.0,478.0,9.0,0.0,0.0,0.0,0.0,0.0,0.0,487.0,58,17,
WN,KT1AC,WNKT1AC,GEC ALSTHOM,217841-05,525/242,250,2011.0,2020-10-03,2020-10-31,16215,55836,2372.0,612.0,2.0,0.0,0.0,0.0,3.0,2.0,1.0,620.0,53,14,
WN,KT1AC,WNKT1AC,GEC ALSTHOM,217841-05,525/242,250,2011.0,2020-10-26,2020-11-16,23816,68606,3207.0,573.0,9.0,0.0,0.0,0.0,43.0,0.0,0.0,625.0,58,12,
WN,KT1AC,WNKT1AC,GEC ALSTHOM,217841-05,525/242,250,2011.0,2021-01-10,2021-03-23,5940,58140,3300.0,600.0,20.0,0.0,0.0,0.0,10.0,0.0,0.0,630.0,52,15,
WN,KT1AC,WNKT1AC,GEC ALSTHOM,217841-05,525/242,250,2011.0,2021-03-26,2021-05-03,17682,47314,2958.0,563.0,31.0,8.0,0.0,0.0,3.0,0.0,0.0,605.0,57,7,
WN,KT1AC,WNKT1AC,GEC ALSTHOM,217841-05,525/242,250,2011.0,2021-09-17,2021-11-11,13992,50804,2831.0,761.0,9.0,7.0,0.0,0.0,5.0,0.0,0.0,782.0,57,14,
WN,KT1AC,WNKT1AC,GEC ALSTHOM,217841-05,525/242,250,2011.0,2022-01-24,2022-01-29,9810,65240,3215.0,683.0,4.0,5.0,0.0,0.0,3.0,95.0,95.0,885.0,43,10,
WN,KT1AC,WNKT1AC,GEC ALSTHOM,217841-05,525/242,250,2011.0,2022-05-20,2022-06-09,4270,61806,3592.0,988.0,5.0,5.0,0.0,0.0,4.0,1.0,0.0,1003.0,48,18,
WN,KT1AC,WNKT1AC,GEC ALSTHOM,217841-05,525/242,250,2011.0,2022-07-10,2022-07-30,13402,62539,3815.0,996.0,3.0,5.0,0.0,0.0,3.0,5.0,2.0,1014.0,49,17,
WN,KT1AC,WNKT1AC,GEC ALSTHOM,217841-05,525/242,250,2011.0,2023-02-16,2023-02-26,21676,53122,3236.0,813.0,4.0,10.0,0.0,0.0,5.0,0.0,0.0,832.0,64,8,
WN,KT1AC,WNKT1AC,GEC ALSTHOM,217841-05,525/242,250,2011.0,2023-05-27,2023-06-03,7541,47593,3491.0,841.0,2.0,8.0,0.0,0.0,3.0,0.0,1.0,855.0,52,8,
WN,KT1AC,WNKT1AC,GEC ALSTHOM,217841-05,525/242,250,2011.0,2023-09-29,2023-10-14,6525,52163,3603.0,862.0,1.0,37.0,0.0,0.0,2.0,0.0,4.0,906.0,58,7,
WN,KT1AC,WNKT1AC,GEC ALSTHOM,217841-05,525/242,250,2011.0,2024-03-29,2024-04-21,8919,39429,3218.0,918.0,10.0,11.0,0.0,0.0,0.0,0.0,0.0,939.0,54,12,
WN,KT2AA,WNKT2AA,GEC ALSTHOM,217841-03,525/242,250,2011.0,2019-06-16,2019-06-23,6935,36395,2185.0,525.0,28.0,203.0,0.0,243.0,87.0,240.0,6.0,1332.0,56,15,-
WN,KT2AA,WNKT2AA,GEC ALSTHOM,217841-03,525/242,250,2011.0,2019-08-05,2019-08-23,9671,46980,1886.0,619.0,19.0,196.0,0.0,266.0,48.0,164.0,0.0,1312.0,50,10,-
WN,KT2AA,WNKT2AA,GEC ALSTHOM,217841-03,525/242,250,2011.0,2019-12-07,2020-01-09,17738,83475,2077.0,759.0,41.0,249.0,0.0,366.0,66.0,0.0,27.0,1508.0,38,14,
WN,KT2AA,WNKT2AA,GEC ALSTHOM,217841-03,525/242,250,2011.0,2020-04-10,2020-05-15,12186,43363,2047.0,560.0,14.0,166.0,0.0,219.0,50.0,105.0,0.0,1114.0,54,16,
WN,KT2AA,WNKT2AA,GEC ALSTHOM,217841-03,525/242,250,2011.0,2020-10-03,2020-10-27,6573,40985,2503.0,743.0,12.0,199.0,0.0,266.0,50.0,175.0,0.0,1445.0,55,19,
WN,KT2AA,WNKT2AA,GEC ALSTHOM,217841-03,525/242,250,2011.0,2020-10-26,2020-11-16,18228,58246,2600.0,602.0,17.0,189.0,0.0,254.0,89.0,112.0,0.0,1263.0,53,11,
WN,KT2AA,WNKT2AA,GEC ALSTHOM,217841-03,525/242,250,2011.0,2021-03-26,2021-05-03,5613,45438,1364.0,375.0,47.0,270.0,0.0,316.0,68.0,225.0,29.0,1330.0,60,21,
WN,KT2AA,WNKT2AA,GEC ALSTHOM,217841-03,525/242,250,2011.0,2021-04-18,2021-05-11,26489,76850,481.0,281.0,13.0,239.0,0.0,366.0,71.0,231.0,0.0,1201.0,64,13,
WN,KT2AA,WNKT2AA,GEC ALSTHOM,217841-03,525/242,250,2011.0,2021-09-17,2021-11-11,10326,53954,3472.0,513.0,28.0,307.0,0.0,285.0,59.0,195.0,21.0,1408.0,60,16,
WN,KT2AA,WNKT2AA,GEC ALSTHOM,217841-03,525/242,250,2011.0,2022-01-24,2022-01-29,7028,46270,3734.0,682.0,20.0,244.0,0.0,298.0,118.0,172.0,15.0,1549.0,52,16,
WN,KT2AA,WNKT2AA,GEC ALSTHOM,217841-03,525/242,250,2011.0,2022-05-20,2022-06-10,10049,41610,3081.0,777.0,10.0,171.0,0.0,243.0,81.0,112.0,76.0,1470.0,50,16,
WN,KT2AA,WNKT2AA,GEC ALSTHOM,217841-03,525/242,250,2011.0,2022-07-10,2022-07-31,12883,62674,3255.0,786.0,11.0,179.0,0.0,255.0,54.0,213.0,19.0,1517.0,54,18,
WN,KT2AA,WNKT2AA,GEC ALSTHOM,217841-03,525/242,250,2011.0,2023-02-16,2023-02-26,19535,62494,3882.0,865.0,6.0,227.0,0.0,278.0,67.0,222.0,25.0,1690.0,65,19,
WN,KT2AA,WNKT2AA,GEC ALSTHOM,217841-03,525/242,250,2011.0,2023-05-27,2023-06-03,7202,46026,3575.0,790.0,4.0,182.0,0.0,237.0,52.0,208.0,15.0,1488.0,56,18,
WN,KT2AA,WNKT2AA,GEC ALSTHOM,217841-03,525/242,250,2011.0,2023-09-29,2023-10-14,5650,49035,2559.0,561.0,1.0,120.0,0.0,114.0,34.0,154.0,14.0,998.0,50,11,
WN,KT2AA,WNKT2AA,GEC ALSTHOM,217841-03,525/242,250,2011.0,2024-03-29,2024-04-21,6119,49887,3103.0,839.0,26.0,261.0,0.0,457.0,75.0,227.0,21.0,1906.0,57,13,
WN,KT2AB,WNKT2AB,GEC ALSTHOM,217841-01,525/242,250,2011.0,2019-06-16,2019-06-23,6206,37949,2387.0,620.0,21.0,0.0,0.0,0.0,5.0,0.0,0.0,646.0,56,15,-
WN,KT2AB,WNKT2AB,GEC ALSTHOM,217841-01,525/242,250,2011.0,2019-12-07,2020-01-09,12208,82383,2502.0,744.0,132.0,5.0,0.0,0.0,4.0,0.0,14.0,899.0,38,27,
WN,KT2AB,WNKT2AB,GEC ALSTHOM,217841-01,525/242,250,2011.0,2020-04-10,2020-05-29,11407,36363,2347.0,665.0,11.0,0.0,0.0,0.0,8.0,0.0,0.0,684.0,6,6,
WN,KT2AB,WNKT2AB,GEC ALSTHOM,217841-01,525/242,250,2011.0,2020-10-03,2020-10-31,15400,59195,2192.0,566.0,3.0,0.0,0.0,0.0,3.0,3.0,1.0,576.0,55,14,
WN,KT2AB,WNKT2AB,GEC ALSTHOM,217841-01,525/242,250,2011.0,2020-10-26,2020-11-16,18169,54864,2914.0,624.0,21.0,0.0,0.0,0.0,45.0,0.0,0.0,690.0,54,16,
WN,KT2AB,WNKT2AB,GEC ALSTHOM,217841-01,525/242,250,2011.0,2021-01-10,2021-03-26,19520,98210,0.0,0.0,54.0,0.0,0.0,0.0,0.0,0.0,0.0,0.0,,,
WN,KT2AB,WNKT2AB,GEC ALSTHOM,217841-01,525/242,250,2011.0,2021-03-26,2021-05-03,3458,45759,2637.0,543.0,48.0,13.0,0.0,0.0,6.0,0.0,4.0,614.0,61,18,
WN,KT2AB,WNKT2AB,GEC ALSTHOM,217841-01,525/242,250,2011.0,2021-07-16,2021-10-08,8605,42892,2525.0,120.0,7.0,0.0,0.0,0.0,0.0,0.0,0.0,127.0,56,17,
WN,KT2AB,WNKT2AB,GEC ALSTHOM,217841-01,525/242,250,2011.0,2021-09-17,2021-11-11,10102,51107,3417.0,892.0,13.0,0.0,0.0,0.0,14.0,0.0,0.0,919.0,60,12,
WN,KT2AB,WNKT2AB,GEC ALSTHOM,217841-01,525/242,250,2011.0,2022-01-24,2022-01-29,25270,78000,2178.0,588.0,19.0,3.0,0.0,0.0,2.0,4.0,5.0,621.0,54,10,
WN,KT2AB,WNKT2AB,GEC ALSTHOM,217841-01,525/242,250,2011.0,2022-05-20,2022-06-10,16785,64835,3256.0,815.0,17.0,4.0,0.0,1.0,10.0,0.0,5.0,842.0,53,15,
WN,KT2AB,WNKT2AB,GEC ALSTHOM,217841-01,525/242,250,2011.0,2022-07-10,2022-07-30,11365,60987,3413.0,849.0,18.0,5.0,0.0,0.0,4.0,0.0,3.0,879.0,56,18,
WN,KT2AB,WNKT2AB,GEC ALSTHOM,217841-01,525/242,250,2011.0,2023-02-16,2023-02-26,14177,54538,3724.0,970.0,20.0,13.0,0.0,5.0,9.0,0.0,0.0,1017.0,66,8,
WN,KT2AB,WNKT2AB,GEC ALSTHOM,217841-01,525/242,250,2011.0,2023-05-27,2023-06-05,16493,63332,3367.0,854.0,12.0,15.0,0.0,1.0,4.0,5.0,4.0,895.0,56,9,
WN,KT2AB,WNKT2AB,GEC ALSTHOM,217841-01,525/242,250,2011.0,2023-09-29,2023-10-14,16037,50492,2613.0,653.0,1.0,40.0,0.0,0.0,3.0,2.0,2.0,701.0,52,8,
WN,KT2AB,WNKT2AB,GEC ALSTHOM,217841-01,525/242,250,2011.0,2024-03-29,2024-04-21,6744,54621,2696.0,899.0,10.0,32.0,0.0,5.0,8.0,11.0,3.0,968.0,60,10,
WN,KT2AC,WNKT2AC,GEC ALSTHOM,217841-06,525/242,250,2011.0,2019-06-16,2019-06-23,10770,50072,2084.0,599.0,18.0,0.0,0.0,0.0,7.0,0.0,0.0,624.0,56,22,-
WN,KT2AC,WNKT2AC,GEC ALSTHOM,217841-06,525/242,250,2011.0,2019-12-07,2020-01-09,13486,80724,2506.0,880.0,267.0,6.0,0.0,0.0,4.0,0.0,8.0,1165.0,40,25,
WN,KT2AC,WNKT2AC,GEC ALSTHOM,217841-06,525/242,250,2011.0,2020-04-10,2020-05-15,12493,48073,2059.0,672.0,21.0,0.0,0.0,0.0,5.0,0.0,0.0,698.0,54,16,
WN,KT2AC,WNKT2AC,GEC ALSTHOM,217841-06,525/242,250,2011.0,2020-10-03,2020-10-30,2774,39907,2497.0,871.0,5.0,0.0,0.0,0.0,4.0,4.0,1.0,885.0,56,15,
WN,KT2AC,WNKT2AC,GEC ALSTHOM,217841-06,525/242,250,2011.0,2020-10-26,2020-11-16,17439,58413,2648.0,717.0,21.0,0.0,0.0,0.0,50.0,0.0,0.0,788.0,56,11,
WN,KT2AC,WNKT2AC,GEC ALSTHOM,217841-06,525/242,250,2011.0,2021-03-26,2021-05-03,3869,44947,1280.0,444.0,35.0,11.0,0.0,0.0,6.0,0.0,4.0,500.0,62,14,
WN,KT2AC,WNKT2AC,GEC ALSTHOM,217841-06,525/242,250,2011.0,2021-04-18,2021-05-11,37109,89016,487.0,211.0,7.0,0.0,0.0,2.5,7.0,7.0,2.0,236.5,65,11,
WN,KT2AC,WNKT2AC,GEC ALSTHOM,217841-06,525/242,250,2011.0,2021-09-17,2021-11-11,7006,38841,3371.0,906.0,8.0,9.0,0.0,0.0,11.0,0.0,0.0,934.0,60,10,
WN,KT2AC,WNKT2AC,GEC ALSTHOM,217841-06,525/242,250,2011.0,2022-01-24,2022-01-29,14139,46767,4283.0,908.0,35.0,70.0,0.0,5.0,182.0,0.0,12.0,1212.0,54,7,
WN,KT2AC,WNKT2AC,GEC ALSTHOM,217841-06,525/242,250,2011.0,2022-05-20,2022-06-09,14311,73620,4128.0,1087.0,34.0,65.0,0.0,0.0,8.0,0.0,4.0,1198.0,53,11,
WN,KT2AC,WNKT2AC,GEC ALSTHOM,217841-06,525/242,250,2011.0,2022-07-10,2022-07-30,18453,79924,4316.0,1063.0,7.0,6.0,0.0,0.0,5.0,0.0,1.0,1082.0,55,15,
WN,KT2AC,WNKT2AC,GEC ALSTHOM,217841-06,525/242,250,2011.0,2023-02-16,2023-02-26,8794,43100,3838.0,922.0,7.0,15.0,0.0,0.0,9.0,0.0,0.0,953.0,65,9,
WN,KT2AC,WNKT2AC,GEC ALSTHOM,217841-06,525/242,250,2011.0,2023-05-27,2023-06-03,5068,74072,3779.0,989.0,4.0,11.0,0.0,0.0,6.0,0.0,3.0,1013.0,57,11,
WN,KT2AC,WNKT2AC,GEC ALSTHOM,217841-06,525/242,250,2011.0,2023-09-29,2023-10-11,11612,63524,3149.0,821.0,3.0,48.0,0.0,1.0,4.0,27.0,4.0,908.0,50,9,
WN,KT2AC,WNKT2AC,GEC ALSTHOM,217841-06,525/242,250,2011.0,2024-03-29,2024-04-21,6695,49754,3147.0,939.0,5.0,19.0,0.0,0.0,11.0,2.0,4.0,980.0,60,11,
WNK,KT1A,WNKKT1A,MITSUBISHI,574415,115/22,25,2000.0,2020-02-22,2020-04-10,13455,70836,3786.0,66.0,9.0,142.0,0.0,24.0,385.0,0.0,126.0,752.0,54,10,
WNK,KT1A,WNKKT1A,MITSUBISHI,574415,115/22,25,2000.0,2021-01-10,2021-03-26,26530,484230,0.0,192.0,96.0,0.0,0.0,0.0,80.0,67.0,2.0,437.0,51,26,
WNK,KT1A,WNKKT1A,MITSUBISHI,574415,115/22,25,2000.0,2022-02-14,2022-02-20,7076,59277,2896.0,100.0,10.0,105.0,0.0,18.0,467.0,193.0,37.0,930.0,26,10,
WNK,KT1A,WNKKT1A,MITSUBISHI,574415,115/22,25,2000.0,2022-08-14,2022-09-03,6373,73210,2862.0,112.0,3.0,123.0,0.0,17.0,523.0,0.0,266.0,1044.0,,21,
WNK,KT1A,WNKKT1A,MITSUBISHI,574415,115/22,25,2000.0,2023-03-16,2023-03-25,17365,63316,4321.0,83.0,11.0,109.0,0.0,12.0,514.0,0.0,201.0,930.0,58,15,
WNK,KT1A,WNKKT1A,MITSUBISHI,574415,115/22,25,2000.0,2024-06-24,2024-06-29,2153,62074,7991.0,132.0,128.0,159.0,0.0,64.0,694.0,14.0,272.0,1463.0,0,16,
WNK,KT2A,WNKKT2A,MITSUBISHI,573080,115/22,25,1997.0,2020-01-23,2020-01-23,3144,21185,3317.0,113.0,16.0,26.0,0.0,177.0,260.0,0.0,18.0,610.0,,11,research
WNK,KT2A,WNKKT2A,MITSUBISHI,573080,115/22,25,1997.0,2020-02-22,2020-04-10,13209,69775,1543.0,58.0,11.0,12.0,0.0,6.0,46.0,0.0,6.0,139.0,48,15,
WNK,KT2A,WNKKT2A,MITSUBISHI,573080,115/22,25,1997.0,2021-11-29,2021-12-03,16334,22523,4730.0,90.0,24.0,37.0,0.0,0.0,83.0,8.0,50.0,292.0,55,13,repeat
WNK,KT2A,WNKKT2A,MITSUBISHI,573080,115/22,25,1997.0,2022-02-14,2022-02-20,21597,54307,2930.0,70.0,16.0,21.0,0.0,3.0,94.0,41.0,6.0,251.0,59,14,
WNK,KT2A,WNKKT2A,MITSUBISHI,573080,115/22,25,1997.0,2022-08-14,2022-09-03,12191,38587,3127.0,113.0,9.0,46.0,0.0,2.0,108.0,0.0,57.0,335.0,66,20,
WNK,KT2A,WNKKT2A,MITSUBISHI,573080,115/22,25,1997.0,2023-03-16,2023-03-25,18736,38680,3054.0,115.0,15.0,32.0,0.0,2.0,104.0,0.0,40.0,308.0,40,10,
WNK,KT2A,WNKKT2A,MITSUBISHI,573080,115/22,25,1997.0,2024-06-24,2024-06-28,8630,25590,3088.0,170.0,17.0,92.0,0.0,16.0,187.0,15.0,107.0,604.0,36,14,
YL1,KT1A,YL1KT1A,FUJI,69001T21-2,115/33/11,25,1998.0,2019-09-02,2019-10-18,8884,54613,567.0,54.0,17.0,37.0,0.0,11.0,126.0,14.0,81.0,340.0,44,24,-
YL1,KT1A,YL1KT1A,FUJI,69001T21-2,115/33/11,25,1998.0,2020-07-26,2020-08-24,6652,50412,772.0,52.0,36.0,39.0,0.0,1.0,109.0,2.0,69.0,308.0,57,12,
YL1,KT1A,YL1KT1A,FUJI,69001T21-2,115/33/11,25,1998.0,2021-07-12,2021-11-04,13606,41795,973.0,86.0,12.0,36.0,0.0,7.0,136.0,0.0,18.0,295.0,53,28,
YL1,KT1A,YL1KT1A,FUJI,69001T21-2,115/33/11,25,1998.0,2022-07-15,2022-07-24,6066,41651,1312.0,93.0,14.0,31.0,0.0,6.0,173.0,0.0,43.0,360.0,54,15,
YL1,KT1A,YL1KT1A,FUJI,69001T21-2,115/33/11,25,1998.0,2023-07-14,2023-12-04,6005,50641,1488.0,134.0,30.0,62.0,0.0,7.0,197.0,8.0,80.0,518.0,52,12,
YL1,KT2A,YL1KT2A,FUJI,AG69095T321,115/33/11,25,1997.0,2019-04-06,2019-08-26,15510,44729,1227.0,105.0,13.0,35.0,0.0,9.0,128.0,0.0,69.0,359.0,50,26,-
YL1,KT2A,YL1KT2A,FUJI,AG69095T321,115/33/11,25,1997.0,2019-09-02,2019-10-18,6714,61982,1187.0,96.0,28.0,56.0,0.0,22.0,186.0,22.0,97.0,507.0,48,28,-
YL1,KT2A,YL1KT2A,FUJI,AG69095T321,115/33/11,25,1997.0,2020-07-26,2020-08-24,6682,51582,1754.0,74.0,33.0,55.0,0.0,6.0,187.0,1.0,109.0,465.0,49,14,
YL1,KT2A,YL1KT2A,FUJI,AG69095T321,115/33/11,25,1997.0,2021-07-12,2021-11-04,14716,56806,1468.0,110.0,69.0,60.0,0.0,11.0,213.0,0.0,30.0,493.0,44,20,
YL1,KT2A,YL1KT2A,FUJI,AG69095T321,115/33/11,25,1997.0,2022-07-15,2022-07-24,8877,53738,1970.0,121.0,77.0,41.0,0.0,15.0,237.0,0.0,59.0,550.0,44,16,
YL1,KT2A,YL1KT2A,FUJI,AG69095T321,115/33/11,25,1997.0,2023-07-14,2023-12-04,12449,74398,2161.0,135.0,16.0,78.0,0.0,16.0,269.0,10.0,96.0,620.0,39,10,
YL1,KT3A,YL1KT3A,VOLTA WERKE,60494002,115/33/11,25,1993.0,2019-04-06,2019-08-26,9211,46333,1184.0,157.0,20.0,35.0,0.0,5.0,79.0,0.0,51.0,347.0,52,24,-
YL1,KT3A,YL1KT3A,VOLTA WERKE,60494002,115/33/11,25,1993.0,2019-09-02,2019-10-18,3694,50164,981.0,155.0,38.0,45.0,0.0,0.0,100.0,0.0,72.0,410.0,48,17,-
YL1,KT3A,YL1KT3A,VOLTA WERKE,60494002,115/33/11,25,1993.0,2020-07-26,2020-08-24,5403,51157,1253.0,127.0,23.0,21.0,0.0,1.0,79.0,0.0,68.0,319.0,50,12,
YL1,KT3A,YL1KT3A,VOLTA WERKE,60494002,115/33/11,25,1993.0,2021-07-12,2021-11-04,8028,54589,1065.0,152.0,16.0,23.0,0.0,0.0,43.0,0.0,0.0,234.0,42,30,
YL1,KT3A,YL1KT3A,VOLTA WERKE,60494002,115/33/11,25,1993.0,2022-07-15,2022-07-24,2650,78060,2019.0,162.0,61.0,44.0,0.0,2.0,64.0,17.0,54.0,404.0,45,24,
YL1,KT3A,YL1KT3A,VOLTA WERKE,60494002,115/33/11,25,1993.0,2023-07-14,2023-12-04,3390,75399,2251.0,200.0,46.0,29.0,0.0,6.0,40.0,9.0,31.0,361.0,40,22,
YL2,KT1A,YL2KT1A,MITSUBISHI,9711291101,230/121/33,200,1993.0,2019-04-06,2019-07-05,12065,46490,995.0,250.0,2.0,3.0,0.0,0.0,2.0,0.0,2.0,259.0,52,24,-
YL2,KT1A,YL2KT1A,MITSUBISHI,9711291101,230/121/33,200,1993.0,2019-09-06,2019-10-18,17064,56054,812.0,227.0,20.0,18.0,0.0,1.0,12.0,0.0,5.0,283.0,52,16,-
YL2,KT1A,YL2KT1A,MITSUBISHI,9711291101,230/121/33,200,1993.0,2020-03-01,2020-05-15,15401,49540,1305.0,268.0,5.0,0.0,0.0,0.0,0.0,0.0,0.0,273.0,55,28,
YL2,KT1A,YL2KT1A,MITSUBISHI,9711291101,230/121/33,200,1993.0,2020-07-25,2020-08-24,7885,37863,1630.0,363.0,7.0,0.0,0.0,0.0,10.0,0.0,0.0,380.0,50,13,
YL2,KT1A,YL2KT1A,MITSUBISHI,9711291101,230/121/33,200,1993.0,2021-07-12,2021-11-05,15911,43488,1316.0,271.0,6.0,0.0,0.0,0.0,20.0,0.0,0.0,297.0,49,28,
YL2,KT1A,YL2KT1A,MITSUBISHI,9711291101,230/121/33,200,1993.0,2022-01-15,2022-02-14,8001,42420,1851.0,417.0,7.0,0.0,0.0,0.0,20.0,0.0,0.0,444.0,52,13,
YL2,KT1A,YL2KT1A,MITSUBISHI,9711291101,230/121/33,200,1993.0,2022-08-15,2022-07-24,6400,54940,2506.0,473.0,3.0,5.0,0.0,0.0,3.0,0.0,2.0,486.0,48,12,
YL2,KT1A,YL2KT1A,MITSUBISHI,9711291101,230/121/33,200,1993.0,2023-01-15,2023-03-11,6752,41749,2620.0,529.0,7.0,9.0,0.0,2.0,4.0,0.0,0.0,551.0,45,12,
YL2,KT1A,YL2KT1A,MITSUBISHI,9711291101,230/121/33,200,1993.0,2023-07-16,2023-11-18,20784,35642,3027.0,483.0,5.0,9.0,0.0,0.0,3.0,0.0,2.0,502.0,0,24,
YL2,KT1A,YL2KT1A,MITSUBISHI,9711291101,230/121/33,200,1993.0,2024-01-12,2024-04-09,11326,62221,2290.0,457.0,3.0,11.0,0.0,0.0,3.0,2.0,2.0,478.0,46,19,
YL2,KT2A,YL2KT2A,MITSUBISHI,9711291102,230/121/33,200,1993.0,2019-04-06,2019-06-30,9586,40542,1307.0,342.0,2.0,6.0,0.0,0.0,1.0,0.0,0.0,351.0,57,25,-
YL2,KT2A,YL2KT2A,MITSUBISHI,9711291102,230/121/33,200,1993.0,2019-09-06,2019-10-19,8886,38335,1404.0,235.0,2.0,0.0,0.0,0.0,0.0,0.0,0.0,237.0,54,24,-
YL2,KT2A,YL2KT2A,MITSUBISHI,9711291102,230/121/33,200,1993.0,2020-01-27,2020-05-15,12189,44560,1340.0,211.0,1.0,1.0,0.0,1.0,0.0,1.0,0.0,215.0,51,27,
YL2,KT2A,YL2KT2A,MITSUBISHI,9711291102,230/121/33,200,1993.0,2020-07-25,2020-08-24,14280,42160,1621.0,334.0,7.0,0.0,0.0,0.0,11.0,0.0,0.0,352.0,50,16,
YL2,KT2A,YL2KT2A,MITSUBISHI,9711291102,230/121/33,200,1993.0,2021-07-12,2021-04-11,18151,45568,1440.0,295.0,11.0,0.0,0.0,0.0,18.0,0.0,0.0,324.0,50,18,
YL2,KT2A,YL2KT2A,MITSUBISHI,9711291102,230/121/33,200,1993.0,2022-01-10,2022-02-14,5817,40466,1904.0,451.0,6.0,0.0,0.0,0.0,6.0,0.0,0.0,463.0,54,15,
YL2,KT2A,YL2KT2A,MITSUBISHI,9711291102,230/121/33,200,1993.0,2022-07-15,2022-07-24,6541,45289,2300.0,516.0,10.0,2.0,0.0,0.0,8.0,0.0,0.0,536.0,50,9,
YL2,KT2A,YL2KT2A,MITSUBISHI,9711291102,230/121/33,200,1993.0,2023-01-15,2023-03-11,12954,43531,2580.0,581.0,5.0,7.0,0.0,0.0,4.0,0.0,0.0,597.0,45,16,
YL2,KT2A,YL2KT2A,MITSUBISHI,9711291102,230/121/33,200,1993.0,2023-07-16,2023-11-18,14996,33428,2936.0,438.0,8.0,11.0,0.0,0.0,2.0,0.0,1.0,460.0,49,13,
YL2,KT2A,YL2KT2A,MITSUBISHI,9711291102,230/121/33,200,1993.0,2024-01-12,2024-04-09,7134,39475,1958.0,515.0,10.0,9.0,0.0,0.0,3.0,0.0,1.0,538.0,46,18,
YT,KT1A,YTKT1A,ABB,56037,115/22,50,2011.0,2019-03-11,2019-04-26,8162,40386,1502.0,331.0,26.0,6.0,0.0,18.0,0.0,0.0,0.0,381.0,47,16,-
YT,KT1A,YTKT1A,ABB,56037,115/22,50,2011.0,2020-03-10,2020-03-27,19357,74192,1528.0,336.0,9.0,2.0,0.0,68.0,1.0,7.0,1.0,424.0,41,12,
YT,KT1A,YTKT1A,ABB,56037,115/22,50,2011.0,2021-01-27,2021-04-20,7423,55530,1595.0,303.0,29.0,1.0,0.0,49.0,1.0,1.0,1.0,385.0,45,23,
YT,KT1A,YTKT1A,ABB,56037,115/22,50,2011.0,2022-02-15,2022-03-31,30157,62456,2017.0,346.0,15.0,0.0,0.0,32.0,0.0,0.0,0.0,393.0,37,21,
YT,KT1A,YTKT1A,ABB,56037,115/22,50,2011.0,2023-02-15,2023-03-09,29059,81994,2187.0,772.0,5.0,5.0,0.0,46.0,8.0,28.0,1.0,865.0,45,8,
YT,KT1A,YTKT1A,ABB,56037,115/22,50,2011.0,2024-02-13,2024-03-18,19853,61293,2694.0,908.0,17.0,8.0,0.0,49.0,11.0,12.0,5.0,1010.0,45,13,
YT,KT2A,YTKT2A,ABB,56038,115/22,50,2011.0,2020-01-23,2020-01-24,15165,53115,2191.0,564.0,5.0,5.0,0.0,0.0,2.0,0.0,0.0,576.0,,,หม้อแปลง Trip ด้วย Overcurrent Relay ด้าน LV. (เนื่องจาก Cable ของ PEA.ระเบิด)
YT,KT2A,YTKT2A,ABB,56038,115/22,50,2011.0,2020-03-10,2020-03-25,15859,51921,2248.0,582.0,10.0,3.0,0.0,0.0,0.0,0.0,0.0,595.0,40,13,
YT,KT2A,YTKT2A,ABB,56038,115/22,50,2011.0,2021-01-27,2021-04-25,19364,54010,2278.0,600.0,13.0,0.0,0.0,8.0,36.0,0.0,0.0,657.0,44,17,
YT,KT2A,YTKT2A,ABB,56038,115/22,50,2011.0,2022-04-28,2022-05-20,22482,51000,2772.0,596.0,5.0,1.0,0.0,9.0,11.0,4.0,2.0,628.0,46,11,
YT,KT2A,YTKT2A,ABB,56038,115/22,50,2011.0,2023-02-15,2023-03-07,24373,71940,3302.0,852.0,2.0,5.0,0.0,4.0,2.0,2.0,2.0,869.0,46,6,
YT,KT2A,YTKT2A,ABB,56038,115/22,50,2011.0,2024-02-13,2024-03-18,13696,54901,4510.0,595.0,10.0,5.0,0.0,4.0,1.0,6.0,1.0,622.0,46,15,
YT,KT3A,YTKT3A,ABB,504006,230,200,2018.0,2019-07-07,2019-07-08,8231,37288,126.0,2.0,0.0,0.0,0.0,0.0,0.0,0.0,0.0,2.0,-,26,Purify Oil Before Filling in the Transformer
YT,KT3A,YTKT3A,ABB,504006,230,200,2018.0,2020-03-10,2020-03-25,4298,33187,225.0,38.0,250.0,602.0,0.0,486.0,170.0,375.0,40.0,1961.0,61,6,
YT,KT3A,YTKT3A,ABB,504006,230,200,2018.0,2020-05-09,2020-05-18,2424,17841,591.0,93.0,176.0,641.0,1.8,579.0,176.0,343.0,42.0,2051.8,65,10,
YT,KT3A,YTKT3A,ABB,504006,230,200,2018.0,2020-05-25,2020-05-29,2339,21312,623.0,103.0,184.0,699.0,1.4,591.0,178.0,353.0,79.0,2188.4,61,10,
YT,KT3A,YTKT3A,ABB,504006,230,200,2018.0,2020-06-07,2020-06-19,3892,19242,686.0,98.0,146.0,579.0,1.3,527.0,160.0,360.0,46.0,1917.3,66,8,Increased load about 120MW
YT,KT3A,YTKT3A,ABB,504006,230,200,2018.0,2020-06-08,2020-06-19,3445,18084,694.0,99.0,151.0,576.0,1.4,522.0,158.0,351.0,45.0,1903.4,70,8,Increased load
YT,KT3A,YTKT3A,ABB,504006,230,200,2018.0,2020-06-23,2020-07-06,2902,15661,734.0,136.0,153.0,591.0,1.2,521.0,155.0,335.0,41.0,1933.2,64,7,
YT,KT3A,YTKT3A,ABB,504006,230,200,2018.0,2020-07-30,2020-09-12,7873,21650,559.0,78.0,142.0,481.0,0.5,449.0,139.0,313.0,0.0,1602.5,56,15,
YT,KT3A,YTKT3A,ABB,504006,230,200,2018.0,2020-09-23,2020-09-29,9367,25977,202.0,20.0,11.0,26.0,0.0,75.0,70.0,0.0,0.0,202.0,35,8,ติดตามผลหลังตรวจภายใน
YT,KT3A,YTKT3A,ABB,504006,230,200,2018.0,2020-09-29,2020-10-04,13302,26431,231.0,5.0,8.0,26.0,0.0,75.0,73.0,0.0,0.0,183.0,42,21,หลังจาก Inspect ภายใน แล้วนำเข้าใช้งาน 1 อาทิตย์
YT,KT3A,YTKT3A,ABB,504006,230,200,2018.0,2020-10-10,2020-10-12,8873,30722,259.0,41.0,3.0,22.0,0.1,82.0,33.0,122.0,0.0,303.1,56,10,ตามผลทุก 1 สัปดาห์
YT,KT3A,YTKT3A,ABB,504006,230,200,2018.0,2020-10-16,2020-10-25,3471,33020,336.0,50.0,15.0,23.0,0.2,79.0,31.0,113.0,0.0,311.2,62,11,ตามผลทุก 1 สัปดาห์
YT,KT3A,YTKT3A,ABB,504006,230,200,2018.0,2020-10-24,2020-11-07,11294,36692,362.0,55.0,2.0,18.0,0.2,78.0,30.0,113.0,0.0,296.2,58,9,ตามผลทุก 1 สัปดาห์
YT,KT3A,YTKT3A,ABB,504006,230,200,2018.0,2021-01-26,2021-04-23,7499,37932,375.0,62.0,15.0,27.0,0.0,71.0,30.0,123.0,14.0,342.0,,22,
YT,KT3A,YTKT3A,ABB,504006,230,200,2018.0,2021-09-05,2021-11-06,14442,33089,889.0,182.0,22.0,36.0,0.0,79.0,41.0,156.0,0.0,516.0,54,19,
YT,KT3A,YTKT3A,ABB,504006,230,200,2018.0,2022-02-15,2022-03-26,13048,41725,1047.0,125.0,10.0,31.0,0.0,69.0,27.0,111.0,12.0,385.0,48,14,
YT,KT3A,YTKT3A,ABB,504006,230,200,2018.0,2022-07-29,2022-08-19,2852,40476,1376.0,324.0,5.0,56.0,0.0,97.0,40.0,134.0,17.0,673.0,58,13,
YT,KT3A,YTKT3A,ABB,504006,230,200,2018.0,2023-02-14,2023-03-05,13280,32164,1622.0,254.0,12.0,51.0,0.0,90.0,41.0,123.0,4.0,575.0,62,6,
YT,KT3A,YTKT3A,ABB,504006,230,200,2018.0,2023-08-07,2023-09-08,6610,26800,2732.0,441.0,14.0,60.0,0.0,98.0,34.0,110.0,13.0,770.0,58,9,
YT,KT3A,YTKT3A,ABB,504006,230,200,2018.0,2024-02-13,2024-03-18,15321,31514,3724.0,562.0,11.0,78.0,1.3,128.0,53.0,236.0,21.0,1090.3,66,13,
YT,KT3A,YTKT3A,ABB,504006,230,200,2018.0,2024-04-10,2024-04-22,9820,42941,1805.0,506.0,16.0,70.0,0.0,131.0,51.0,139.0,12.0,925.0,65,11,
YT,KT4A,YTKT4A,MITSUBISHI,9711290101,230/121/22,200,2012.0,2019-03-09,2019-04-27,8336,42822,2096.0,311.0,7.0,0.0,0.0,0.0,0.0,0.0,0.0,318.0,60,16,-
YT,KT4A,YTKT4A,MITSUBISHI,9711290101,230/121/22,200,2012.0,2019-09-01,2019-09-28,5224,41912,2062.0,408.0,8.0,8.0,0.0,0.0,3.0,0.0,0.0,427.0,48,14,-
YT,KT4A,YTKT4A,MITSUBISHI,9711290101,230/121/22,200,2012.0,2020-03-09,2020-03-24,9473,52014,2108.0,416.0,7.0,7.0,0.0,0.0,3.0,0.0,0.0,433.0,53,8,
YT,KT4A,YTKT4A,MITSUBISHI,9711290101,230/121/22,200,2012.0,2020-07-14,2020-08-22,13548,53997,1917.0,264.0,4.0,7.0,0.0,0.0,3.0,1.0,2.0,281.0,50,14,
YT,KT4A,YTKT4A,MITSUBISHI,9711290101,230/121/22,200,2012.0,2020-11-24,2020-11-29,5059,10440,134.0,0.0,4.0,0.0,0.0,0.0,0.0,0.0,0.0,4.0,32,14,ย้ายมาจาก RE-KT5A  หลังจากทดสอบทางไฟฟ้าก่อนนำเข้าใช้งาน
YT,KT4A,YTKT4A,MITSUBISHI,9711290101,230/121/22,200,2012.0,2021-01-24,2021-04-23,6268,45488,2045.0,401.0,16.0,1.0,0.0,0.0,0.0,1.0,1.0,420.0,43,29,
YT,KT4A,YTKT4A,MITSUBISHI,9711290101,230/121/22,200,2012.0,2021-09-05,2021-11-06,10836,23810,1403.0,124.0,10.0,0.0,0.0,0.0,0.0,0.0,0.0,134.0,50,15,
YT,KT4A,YTKT4A,MITSUBISHI,9711290101,230/121/22,200,2012.0,2022-02-15,2022-03-31,9471,22560,1939.0,142.0,6.0,0.0,0.0,0.0,5.0,0.0,0.0,153.0,46,12,
YT,KT4A,YTKT4A,MITSUBISHI,9711290101,230/121/22,200,2012.0,2022-07-29,2022-08-19,6423,28327,1728.0,132.0,2.0,2.0,0.0,0.0,1.0,0.0,0.0,137.0,58,9,
YT,KT4A,YTKT4A,MITSUBISHI,9711290101,230/121/22,200,2012.0,2023-02-14,2023-03-09,24418,25235,2098.0,158.0,2.0,3.0,0.0,0.0,1.0,0.0,0.0,164.0,63,8,
YT,KT4A,YTKT4A,MITSUBISHI,9711290101,230/121/22,200,2012.0,2023-08-07,2023-09-08,4720,17510,3585.0,251.0,1.0,14.0,0.0,0.0,2.0,3.0,1.0,272.0,56,15,
YT,KT4A,YTKT4A,MITSUBISHI,9711290101,230/121/22,200,2012.0,2024-02-13,2024-03-18,11379,24745,4138.0,250.0,7.0,10.0,0.0,0.0,2.0,0.0,1.0,270.0,74,13,
