Tr.,MFG,KV,MVA,Age,Year Test,O2,N2,CO2,CO,H2,CH4,C2H2,C2H4,C2H6,C3H6,C3H8,TCG,TEMP,WATER,Unnamed: 20,Unnamed: 21
1.0,ABB,115/22,50,17,2020.0,5405,55119,1851.0,202.0,10.0,16,20.0,2.0,1.0,2.0,1.0,234.0,47,10,,
1.0,ABB,115/22,50,17,2021.0,16174,64807,684.0,121.0,14.0,10,20.0,2.0,2.0,2.0,1.0,152.0,46,38,,
1.0,ABB,115/22,50,17,2022.0,10316,46537,1196.0,163.0,9.0,9,20.0,2.0,2.0,1.0,2.0,184.0,48,17,,
1.0,ABB,115/22,50,17,2023.0,10547,46745,2075.0,243.0,13.0,15,20.0,3.0,3.0,3.0,2.0,282.0,45,6,,
1.0,ABB,115/22,50,17,2024.0,5642,30749,2084.0,200.0,16.0,10,20.0,15.0,3.0,14.0,2.0,260.0,49,11,,
2.0,DAIHEN,115/22,50,11,2020.0,11354,68371,1004.0,617.0,27.0,4,20.0,2.0,2.0,25.0,3.0,655.0,49,15,,
2.0,DAIHEN,115/22,50,11,2021.0,14386,65964,854.0,544.0,42.0,7,20.0,8.0,2.0,6.0,3.0,612.0,50,29,,
2.0,DAIHEN,115/22,50,11,2022.0,10351,35195,755.0,158.0,4.0,2,20.0,2.0,55.0,2.0,37.0,735.0,49,26,,
2.0,DAIHEN,115/22,50,11,2023.0,10570,56560,1642.0,592.0,14.0,3,20.0,5.0,1.0,28.0,3.0,646.0,46,6,,
2.0,DAIHEN,115/22,50,11,2024.0,19766,47492,1625.0,641.0,17.0,8,20.0,12.0,2.0,4.0,5.0,689.0,50,10,,
3.0,MEIDENSHA,115/22,50,12,2019.0,10461,41192,2800.0,875.0,7.0,60,20.0,4.0,15.0,25.0,37.0,901.0,60,12,,
3.0,MEIDENSHA,115/22,50,12,2020.0,12241,76965,1426.0,731.0,63.0,7,20.0,5.0,2.0,1.0,1.0,810.0,36,12,,
3.0,MEIDENSHA,115/22,50,12,2021.0,11517,55087,1265.0,652.0,32.0,2,20.0,1.0,1.0,25.0,1.0,689.0,36,14,,
3.0,MEIDENSHA,115/22,50,12,2022.0,18452,68867,1514.0,686.0,1.0,3,20.0,2.0,1.0,25.0,2.0,695.0,60,9,,
3.0,MEIDENSHA,115/22,50,12,2023.0,18816,84032,2084.0,715.0,45.0,9,20.0,35.0,2.0,25.0,2.0,728.0,57,7,,
3.0,MEIDENSHA,115/22,50,12,2024.0,13561,82156,3385.0,1334.0,4.0,13,20.0,43.0,14.0,3.0,5.0,1416.0,53,9,,
4.0,MEIDENSHA,115/22,50,12,2019.0,10848,51862,2958.0,1068.0,8.0,2,20.0,4.0,55.0,25.0,37.0,1082.0,55,15,,
4.0,MEIDENSHA,115/22,50,12,2020.0,13054,71682,1277.0,715.0,36.0,5,20.0,5.0,2.0,2.0,4.0,769.0,54,12,,
4.0,MEIDENSHA,115/22,50,12,2021.0,10285,56741,1275.0,649.0,42.0,1,20.0,1.0,1.0,25.0,3.0,697.0,36,18,,
4.0,MEIDENSHA,115/22,50,12,2022.0,19258,76153,1871.0,752.0,1.0,14,20.0,15.0,2.0,25.0,5.0,789.0,61,11,,
4.0,MEIDENSHA,115/22,50,12,2023.0,10601,77523,2230.0,771.0,3.0,7,20.0,7.0,2.0,25.0,5.0,795.0,59,7,,
4.0,MEIDENSHA,115/22,50,12,2024.0,14828,80302,3746.0,1575.0,3.0,13,20.0,49.0,19.0,3.0,10.0,1672.0,52,9,,
5.0,ABB,115/22,50,13,2021.0,22472,63915,1003.0,282.0,17.0,1,20.0,35.0,55.0,25.0,37.0,300.0,46,9,,
5.0,ABB,115/22,50,13,2022.0,13322,70115,1274.0,436.0,5.0,5,20.0,1.0,55.0,2.0,37.0,449.0,35,13,,
5.0,ABB,115/22,50,13,2023.0,20020,58380,950.0,160.0,31.0,60,20.0,35.0,1.0,4.0,37.0,196.0,48,14,,
5.0,ABB,115/22,50,13,2024.0,25570,68190,2341.0,279.0,5.0,2,20.0,35.0,55.0,2.0,37.0,288.0,49,9,,
6.0,MITSUBISHI,115/22,50,25,2021.0,11532,53926,2020.0,70.0,29.0,59,20.0,35.0,219.0,25.0,148.0,525.0,62,20,,
6.0,MITSUBISHI,115/22,50,25,2022.0,3128,39156,3338.0,140.0,32.0,94,20.0,35.0,586.0,25.0,115.0,967.0,36,18,,
6.0,MITSUBISHI,115/22,50,25,2023.0,2513,37051,2740.0,112.0,44.0,82,20.0,35.0,261.0,25.0,170.0,669.0,58,17,,
6.0,MITSUBISHI,115/22,50,25,2024.0,4431,42556,2231.0,84.0,16.0,69,20.0,6.0,208.0,25.0,114.0,497.0,44,26,,
6.0,MITSUBISHI,115/22,50,25,2021.0,6420,50210,2300.0,90.0,33.0,70,20.0,35.0,166.0,17.0,126.0,502.0,57,17,,
6.0,MITSUBISHI,115/22,50,25,2022.0,6023,46054,3290.0,20.0,50.0,25,20.0,6.0,296.0,25.0,150.0,547.0,58,15,,
6.0,MITSUBISHI,115/22,50,25,2023.0,3360,47950,3055.0,57.0,55.0,71,20.0,2.0,237.0,15.0,147.0,584.0,36,17,,
6.0,MITSUBISHI,115/22,50,25,2024.0,7390,50440,4316.0,59.0,24.0,66,20.0,2.0,217.0,16.0,161.0,545.0,60,22,,
7.0,EBG,115/22,50,17,2020.0,10147,61062,3329.0,1066.0,25.0,4,20.0,35.0,55.0,25.0,37.0,1095.0,48,8,,
7.0,EBG,115/22,50,17,2021.0,2934,61432,4065.0,1338.0,17.0,10,20.0,35.0,55.0,25.0,37.0,1365.0,60,11,,
7.0,EBG,115/22,50,17,2022.0,6570,79950,1400.0,20.0,25.0,15,20.0,35.0,2.0,56.0,3.0,121.0,40,13,,
7.0,EBG,115/22,50,17,2023.0,6600,69760,2652.0,648.0,31.0,4,20.0,35.0,2.0,6.0,3.0,694.0,42,11,,
7.0,EBG,115/22,50,17,2024.0,6830,60910,3874.0,764.0,24.0,5,20.0,35.0,2.0,7.0,4.0,806.0,42,10,,
8.0,FUJI,115/22,50,26,2019.0,7531,30963,762.0,112.0,18.0,60,20.0,3.0,11.0,25.0,6.0,150.0,52,10,,
8.0,FUJI,115/22,50,26,2020.0,3178,23009,812.0,120.0,37.0,11,20.0,35.0,29.0,25.0,37.0,197.0,47,11,,
8.0,FUJI,115/22,50,26,2021.0,7385,37012,818.0,119.0,33.0,5,20.0,35.0,16.0,25.0,13.0,186.0,40,49,,
8.0,FUJI,115/22,50,26,2022.0,5856,41763,1198.0,78.0,40.0,19,20.0,1.0,47.0,10.0,30.0,225.0,49,7,,
8.0,FUJI,115/22,50,26,2023.0,9299,31295,1147.0,113.0,31.0,26,20.0,6.0,53.0,4.0,15.0,248.0,56,10,,
8.0,FUJI,115/22,50,26,2024.0,6885,40347,1579.0,133.0,35.0,32,20.0,8.0,91.0,4.0,35.0,338.0,60,5,,
9.0,FUJI,115/22,50,26,2020.0,5486,31968,2781.0,74.0,7.0,51,20.0,35.0,131.0,25.0,50.0,313.0,55,24,,
9.0,FUJI,115/22,50,26,2021.0,8075,45706,2116.0,25.0,5.0,26,20.0,15.0,123.0,5.0,80.0,279.0,63,19,,
9.0,FUJI,115/22,50,26,2022.0,17401,42983,2617.0,36.0,8.0,19,20.0,2.0,155.0,2.0,64.0,286.0,64,22,,
9.0,FUJI,115/22,50,26,2023.0,4470,39130,2369.0,29.0,2.0,39,20.0,1.0,150.0,2.0,9.0,232.0,53,15,,
9.0,FUJI,115/22,50,26,2024.0,3773,37435,3211.0,65.0,13.0,70,20.0,25.0,227.0,5.0,84.0,489.0,64,13,,
10.0,MEIDEN,115/22,50,11,2020.0,15440,41727,1669.0,712.0,7.0,6,20.0,35.0,55.0,25.0,37.0,725.0,57,9,,
10.0,MEIDEN,115/22,50,11,2021.0,17097,82417,3739.0,1666.0,10.0,7,20.0,7.0,4.0,2.0,3.0,1699.0,52,39,,
10.0,MEIDEN,115/22,50,11,2022.0,5317,70625,4606.0,1797.0,5.0,16,20.0,7.0,3.0,2.0,2.0,1832.0,47,11,,
10.0,MEIDEN,115/22,50,11,2023.0,9654,62498,3900.0,1690.0,8.0,11,20.0,7.0,55.0,25.0,37.0,1716.0,53,5,,
10.0,MEIDEN,115/22,50,11,2024.0,17719,70326,5054.0,2139.0,2.0,7,20.0,12.0,8.0,4.0,10.0,2182.0,56,8,,
11.0,MEIDEN,115/22,50,11,2021.0,9303,38169,1152.0,319.0,42.0,6,20.0,35.0,55.0,25.0,37.0,367.0,54,18,,
11.0,MEIDEN,115/22,50,11,2022.0,5420,30250,3718.0,859.0,40.0,4,20.0,35.0,2.0,25.0,1.0,906.0,50,6,,
11.0,MEIDEN,115/22,50,11,2023.0,9860,66720,3778.0,767.0,4.0,4,20.0,1.0,2.0,25.0,2.0,780.0,48,11,,
11.0,MEIDEN,115/22,50,11,2024.0,13803,57168,4057.0,842.0,7.0,9,20.0,8.0,8.0,25.0,37.0,874.0,54,13,,
11.0,MEIDEN,115/22,50,11,2018.0,25908,68980,4250.0,872.0,14.0,9,20.0,10.0,10.0,3.0,2.0,920.0,57,6,,
12.0,MEIDENSHA,115/22,50,13,2019.0,8363,39690,4811.0,846.0,3.0,33,20.0,35.0,10.0,25.0,37.0,892.0,53,11,,
12.0,MEIDENSHA,115/22,50,13,2020.0,9645,51990,3002.0,610.0,31.0,14,20.0,35.0,11.0,25.0,8.0,674.0,52,22,,
12.0,MEIDENSHA,115/22,50,13,2021.0,28615,76951,559.0,13.0,17.0,29,20.0,4.0,55.0,25.0,37.0,63.0,61,8,,
12.0,MEIDENSHA,115/22,50,13,2022.0,8100,14754,152.0,5.0,6.0,4,20.0,35.0,55.0,25.0,37.0,15.0,36,10,,
12.0,MEIDENSHA,115/22,50,13,2023.0,13987,29441,1702.0,202.0,5.0,1,20.0,2.0,5.0,25.0,37.0,215.0,51,14,,
12.0,MEIDENSHA,115/22,50,13,2024.0,15503,51632,845.0,57.0,1.0,3,20.0,1.0,1.0,5.0,2.0,70.0,53,5,,
13.0,MEIDEN,115/22,50,12,2021.0,6579,46664,1358.0,314.0,4.0,3,20.0,1.0,3.0,25.0,6.0,331.0,48,5,,
13.0,MEIDEN,115/22,50,12,2022.0,10192,66552,1577.0,354.0,7.0,9,20.0,2.0,6.0,25.0,3.0,381.0,52,4,,
13.0,MEIDEN,115/22,50,12,2023.0,7373,48683,1085.0,251.0,5.0,3,20.0,1.0,2.0,25.0,4.0,266.0,46,7,,
13.0,MEIDEN,115/22,50,12,2024.0,20720,73901,1687.0,911.0,3.0,1,20.0,2.0,7.0,1.0,2.0,927.0,50,5,,
14.0,EKARAT,115/22,50,26,2020.0,6441,47051,2645.0,804.0,53.0,19,20.0,9.0,55.0,25.0,37.0,885.0,46,25,,
14.0,EKARAT,115/22,50,26,2021.0,6500,50000,2700.0,800.0,29.0,60,20.0,35.0,3.0,25.0,37.0,832.0,50,16,,
14.0,EKARAT,115/22,50,26,2022.0,7586,56355,3529.0,940.0,31.0,60,20.0,9.0,8.0,25.0,37.0,988.0,49,9,,
14.0,EKARAT,115/22,50,26,2023.0,6173,68652,3568.0,975.0,17.0,10,20.0,7.0,5.0,2.0,8.0,1024.0,49,6,,
14.0,EKARAT,115/22,50,26,2024.0,9579,66799,4392.0,1289.0,24.0,11,20.0,14.0,6.0,9.0,12.0,1365.0,52,11,,
15.0,OSAKA,115/22,50,15,2018.0,4388,21315,1051.0,52.0,9.0,5,20.0,35.0,11.0,25.0,37.0,77.0,50,22,,
15.0,OSAKA,115/22,50,15,2019.0,6776,39516,645.0,54.0,2.0,3,20.0,1.0,3.0,1.0,3.0,67.0,35,30,,
15.0,OSAKA,115/22,50,15,2020.0,4499,38522,1177.0,61.0,22.0,9,20.0,35.0,5.0,1.0,4.0,102.0,33,19,,
15.0,OSAKA,115/22,50,15,2021.0,4267,24212,833.0,79.0,6.0,60,20.0,35.0,25.0,25.0,37.0,110.0,31,13,,
15.0,OSAKA,115/22,50,15,2022.0,6596,23958,992.0,81.0,8.0,8,20.0,35.0,11.0,9.0,8.0,125.0,32,10,,
15.0,OSAKA,115/22,50,15,2023.0,6400,25560,837.0,72.0,5.0,6,20.0,35.0,6.0,2.0,8.0,99.0,38,16,,
15.0,OSAKA,115/22,50,15,2024.0,8556,25584,1063.0,94.0,8.0,2,20.0,35.0,5.0,25.0,37.0,109.0,30,11,,
16.0,MEIDEN,115/22,50,13,2020.0,13960,66913,3798.0,743.0,6.0,20,20.0,11.0,15.0,25.0,37.0,795.0,75,8,,
16.0,MEIDEN,115/22,50,13,2021.0,3232,51994,3503.0,568.0,3.0,2,20.0,4.0,5.0,8.0,3.0,593.0,71,10,,
16.0,MEIDEN,115/22,50,13,2022.0,12302,50038,3327.0,521.0,6.0,1,20.0,3.0,5.0,3.0,5.0,544.0,65,13,,
16.0,MEIDEN,115/22,50,13,2023.0,8030,61050,3451.0,542.0,2.0,25,20.0,3.0,4.0,25.0,3.0,579.0,56,5,,
16.0,MEIDEN,115/22,50,13,2024.0,15049,59140,3729.0,622.0,8.0,15,20.0,10.0,7.0,4.0,5.0,671.0,60,7,,
17.0,MEIDEN,115/22,50,13,2020.0,8823,66047,4508.0,1086.0,7.0,14,20.0,35.0,9.0,25.0,37.0,1116.0,62,11,,
17.0,MEIDEN,115/22,50,13,2021.0,11795,69152,5102.0,876.0,4.0,7,20.0,35.0,3.0,25.0,2.0,892.0,68,9,,
17.0,MEIDEN,115/22,50,13,2022.0,11873,63094,4720.0,902.0,7.0,1,20.0,6.0,7.0,3.0,2.0,928.0,60,10,,
17.0,MEIDEN,115/22,50,13,2023.0,10100,69730,4904.0,983.0,2.0,30,20.0,3.0,4.0,4.0,37.0,1026.0,54,6,,
17.0,MEIDEN,115/22,50,13,2024.0,18760,84036,3288.0,829.0,23.0,20,20.0,8.0,5.0,4.0,3.0,892.0,60,15,,
18.0,MEIDEN,115/22,50,20,2020.0,9470,69300,3766.0,168.0,32.0,112,20.0,35.0,366.0,25.0,232.0,910.0,29,18,,
18.0,MEIDEN,115/22,50,20,2021.0,12083,64952,3954.0,172.0,22.0,213,20.0,35.0,388.0,25.0,245.0,1040.0,60,32,,
18.0,MEIDEN,115/22,50,20,2022.0,4220,27070,3233.0,85.0,3.0,30,20.0,35.0,119.0,15.0,122.0,374.0,56,9,,
18.0,MEIDEN,115/22,50,20,2023.0,2810,35500,2682.0,99.0,3.0,47,20.0,35.0,153.0,13.0,143.0,458.0,69,9,,
18.0,MEIDEN,115/22,50,20,2024.0,8203,44426,2680.0,127.0,18.0,60,20.0,3.0,232.0,6.0,119.0,565.0,48,15,,
19.0,MEIDEN,115/22,50,20,2020.0,21000,61020,2281.0,58.0,30.0,44,20.0,35.0,214.0,25.0,181.0,527.0,58,18,,
19.0,MEIDEN,115/22,50,20,2021.0,16164,69507,3186.0,74.0,23.0,64,20.0,35.0,248.0,25.0,201.0,610.0,65,11,,
19.0,MEIDEN,115/22,50,20,2022.0,2390,36420,4198.0,144.0,8.0,88,20.0,35.0,313.0,30.0,209.0,792.0,56,11,,
19.0,MEIDEN,115/22,50,20,2023.0,11941,54573,5963.0,184.0,8.0,98,20.0,1.0,384.0,9.0,211.0,895.0,52,12,,
19.0,MEIDEN,115/22,50,20,2024.0,5793,46627,4429.0,164.0,15.0,75,20.0,4.0,302.0,13.0,152.0,725.0,55,21,,
20.0,MEIDEN,115/22,50,17,2020.0,15794,42214,1581.0,163.0,19.0,66,20.0,35.0,281.0,25.0,244.0,773.0,67,10,,
20.0,MEIDEN,115/22,50,17,2021.0,17582,53798,1372.0,160.0,25.0,54,20.0,35.0,238.0,25.0,209.0,686.0,64,13,,
20.0,MEIDEN,115/22,50,17,2022.0,6098,43642,2781.0,215.0,21.0,95,20.0,1.0,315.0,25.0,313.0,960.0,61,10,,
20.0,MEIDEN,115/22,50,17,2023.0,2467,58273,1889.0,242.0,21.0,121,20.0,4.0,394.0,3.0,314.0,1099.0,34,10,,
20.0,MEIDEN,115/22,50,17,2024.0,13020,42400,1963.0,256.0,16.0,177,20.0,6.0,553.0,56.0,441.0,1505.0,62,9,,
21.0,MEIDEN,115/22,50,20,2021.0,6662,36789,2152.0,94.0,28.0,67,20.0,35.0,222.0,25.0,83.0,494.0,60,11,,
21.0,MEIDEN,115/22,50,20,2022.0,9970,40000,2250.0,96.0,29.0,70,20.0,35.0,180.0,25.0,89.0,464.0,53,19,,
21.0,MEIDEN,115/22,50,20,2023.0,6865,47128,2459.0,84.0,9.0,113,20.0,4.0,298.0,25.0,128.0,636.0,55,10,,
21.0,MEIDEN,115/22,50,20,2024.0,6070,50410,4660.0,104.0,14.0,88,20.0,2.0,260.0,7.0,150.0,625.0,54,10,,
22.0,MEIDEN,115/22,50,20,2020.0,6713,35695,1541.0,137.0,11.0,19,20.0,35.0,9.0,25.0,37.0,176.0,59,10,,
22.0,MEIDEN,115/22,50,20,2021.0,9790,47330,805.0,130.0,30.0,45,20.0,35.0,14.0,25.0,21.0,240.0,58,13,,
22.0,MEIDEN,115/22,50,20,2022.0,6782,32985,1644.0,263.0,2.0,85,20.0,2.0,25.0,3.0,17.0,397.0,57,10,,
22.0,MEIDEN,115/22,50,20,2023.0,2060,39470,3544.0,239.0,4.0,55,20.0,1.0,22.0,7.0,12.0,340.0,58,11,,
22.0,MEIDEN,115/22,50,20,2024.0,8483,51603,1684.0,237.0,21.0,70,20.0,4.0,28.0,5.0,18.0,383.0,54,10,,
23.0,MITSUBISHI,115/22,50,15,2018.0,9797,43237,1826.0,209.0,14.0,23,20.0,2.0,24.0,3.0,11.0,286.0,61,24,,
23.0,MITSUBISHI,115/22,50,15,2019.0,6381,49773,873.0,132.0,20.0,38,20.0,2.0,47.0,25.0,28.0,267.0,36,22,,
23.0,MITSUBISHI,115/22,50,15,2020.0,9284,53567,914.0,146.0,15.0,35,20.0,35.0,38.0,25.0,29.0,263.0,51,28,,
23.0,MITSUBISHI,115/22,50,15,2021.0,8211,56329,2289.0,177.0,53.0,63,20.0,5.0,66.0,13.0,63.0,440.0,58,35,,
23.0,MITSUBISHI,115/22,50,15,2022.0,3775,57803,1616.0,221.0,50.0,34,20.0,4.0,63.0,25.0,20.0,392.0,57,13,,
23.0,MITSUBISHI,115/22,50,15,2023.0,2507,73915,1851.0,240.0,53.0,51,20.0,2.0,66.0,15.0,41.0,468.0,56,10,,
23.0,MITSUBISHI,115/22,50,15,2024.0,6110,56940,1687.0,217.0,54.0,84,20.0,6.0,106.0,46.0,71.0,584.0,55,13,,
24.0,VOLTA WERKE,115/22,50,15,2019.0,7759,54478,1829.0,261.0,13.0,2,20.0,35.0,6.0,25.0,37.0,282.0,42,27,,
24.0,VOLTA WERKE,115/22,50,15,2020.0,9116,59483,2345.0,565.0,11.0,8,20.0,35.0,3.0,25.0,4.0,591.0,28,16,,
24.0,VOLTA WERKE,115/22,50,15,2021.0,16254,65582,4305.0,635.0,17.0,7,20.0,3.0,55.0,2.0,2.0,666.0,32,24,,
24.0,VOLTA WERKE,115/22,50,15,2022.0,10856,56524,2938.0,323.0,11.0,4,20.0,1.0,2.0,2.0,2.0,345.0,33,10,,
24.0,VOLTA WERKE,115/22,50,15,2023.0,5824,53682,2529.0,298.0,8.0,5,20.0,2.0,2.0,2.0,2.0,319.0,26,8,,
24.0,VOLTA WERKE,115/22,50,15,2024.0,7160,44590,5218.0,2437.0,10.0,18,20.0,7.0,4.0,5.0,4.0,2485.0,29,10,,
25.0,EBG,115/22,50,24,2021.0,4956,38946,5656.0,279.0,87.0,56,20.0,35.0,132.0,25.0,76.0,630.0,67,13,,
25.0,EBG,115/22,50,24,2022.0,3714,37873,7041.0,370.0,125.0,48,20.0,35.0,110.0,25.0,42.0,695.0,62,9,,
25.0,EBG,115/22,50,24,2023.0,7509,43415,6774.0,342.0,100.0,70,20.0,1.0,120.0,10.0,81.0,724.0,69,21,,
25.0,EBG,115/22,50,24,2024.0,8851,43749,6592.0,329.0,34.0,63,20.0,3.0,128.0,25.0,46.0,603.0,65,8,,
26.0,MEIDENSHA,115/22,50,15,2021.0,11280,49057,549.0,63.0,7.0,22,20.0,35.0,82.0,25.0,34.0,208.0,63,10,,
26.0,MEIDENSHA,115/22,50,15,2022.0,5330,40713,1837.0,113.0,26.0,32,20.0,3.0,133.0,25.0,33.0,340.0,58,14,,
26.0,MEIDENSHA,115/22,50,15,2023.0,7134,49464,1773.0,132.0,21.0,51,20.0,3.0,135.0,25.0,72.0,414.0,59,7,,
26.0,MEIDENSHA,115/22,50,15,2024.0,6916,39770,1804.0,146.0,23.0,47,20.0,2.0,142.0,25.0,36.0,396.0,57,10,,
27.0,ELIN,115/22,50,47,2018.0,10115,46333,5105.0,319.0,10.0,3,100.0,45.0,11.0,15.0,37.0,503.0,47,34,,
27.0,ELIN,115/22,50,47,2019.0,12665,46542,6023.0,371.0,22.0,24,115.0,50.0,5.0,16.0,37.0,603.0,58,35,,
27.0,ELIN,115/22,50,47,2020.0,9622,50112,5741.0,401.0,17.0,21,95.0,47.0,14.0,21.0,37.0,616.0,58,26,,
27.0,ELIN,115/22,50,47,2021.0,13847,58351,12451.0,208.0,533.0,13,65.0,33.0,55.0,13.0,2.0,867.0,63,32,,
27.0,ELIN,115/22,50,47,2022.0,5763,81193,20231.0,273.0,49.0,2,14.0,18.0,14.0,25.0,37.0,370.0,54,40,,
27.0,ELIN,115/22,50,47,2023.0,19995,55072,7760.0,36.0,7.0,1,9.0,8.0,3.0,2.0,7.0,73.0,38,17,,
27.0,ELIN,115/22,50,47,2024.0,23270,37090,5053.0,72.0,10.0,4,8.0,19.0,3.0,5.0,3.0,124.0,33,27,,
28.0,ELIN,115/22,50,47,2018.0,16541,54793,3180.0,516.0,43.0,20,125.0,22.0,55.0,25.0,37.0,726.0,66,27,,
28.0,ELIN,115/22,50,47,2019.0,13330,45288,2146.0,373.0,41.0,8,56.0,24.0,2.0,11.0,37.0,515.0,66,29,,
28.0,ELIN,115/22,50,47,2020.0,12926,47571,2138.0,450.0,23.0,9,38.0,26.0,55.0,14.0,1.0,561.0,-64,24,,
28.0,ELIN,115/22,50,47,2021.0,10863,53477,1683.0,197.0,38.0,60,37.0,15.0,6.0,25.0,59.0,352.0,67,16,,
28.0,ELIN,115/22,50,47,2022.0,10540,71630,4695.0,608.0,59.0,4,20.0,8.0,3.0,7.0,88.0,777.0,36,20,,
28.0,ELIN,115/22,50,47,2023.0,33550,53850,4137.0,552.0,3.0,17,24.0,27.0,2.0,6.0,2.0,633.0,32,27,,
28.0,ELIN,115/22,50,47,2024.0,23524,85953,4815.0,606.0,9.0,9,29.0,36.0,2.0,7.0,1.0,699.0,32,19,,
29.0,MEIDEN,115/22,50,17,2020.0,6762,45049,846.0,53.0,30.0,43,20.0,1.0,203.0,21.0,185.0,536.0,48,9,,
29.0,MEIDEN,115/22,50,17,2021.0,14583,46823,850.0,77.0,13.0,54,20.0,16.0,291.0,25.0,85.0,536.0,51,33,,
29.0,MEIDEN,115/22,50,17,2022.0,4213,49144,1321.0,181.0,38.0,214,20.0,8.0,375.0,25.0,226.0,1042.0,52,10,,
29.0,MEIDEN,115/22,50,17,2023.0,3605,54027,1019.0,129.0,12.0,83,20.0,5.0,336.0,25.0,262.0,827.0,52,18,,
29.0,MEIDEN,115/22,50,17,2024.0,72800,39540,1261.0,120.0,17.0,143,20.0,10.0,532.0,49.0,394.0,1265.0,56,6,,
30.0,MEIDEN,115/22,50,17,2020.0,6794,38084,1239.0,165.0,42.0,190,20.0,15.0,758.0,81.0,703.0,1954.0,49,5,,
30.0,MEIDEN,115/22,50,17,2021.0,10646,60750,977.0,153.0,12.0,144,20.0,34.0,577.0,25.0,370.0,1290.0,51,26,,
30.0,MEIDEN,115/22,50,17,2022.0,4449,73062,1452.0,251.0,32.0,254,20.0,25.0,848.0,25.0,596.0,2006.0,53,7,,
30.0,MEIDEN,115/22,50,17,2023.0,2664,75851,1053.0,244.0,7.0,184,20.0,26.0,679.0,24.0,602.0,1766.0,46,9,,
30.0,MEIDEN,115/22,50,17,2024.0,5750,52810,1323.0,215.0,10.0,308,20.0,31.0,1011.0,149.0,852.0,2576.0,57,8,,
31.0,MEIDEN,115/22,50,12,2019.0,9759,47592,2800.0,1069.0,7.0,13,20.0,35.0,55.0,25.0,37.0,1089.0,54,16,,
31.0,MEIDEN,115/22,50,12,2020.0,12930,67660,1625.0,888.0,27.0,9,20.0,35.0,3.0,25.0,1.0,928.0,55,11,,
31.0,MEIDEN,115/22,50,12,2021.0,8685,61327,2810.0,977.0,33.0,9,20.0,35.0,8.0,25.0,8.0,1035.0,54,13,,
31.0,MEIDEN,115/22,50,12,2022.0,13056,60475,2776.0,1027.0,5.0,60,20.0,35.0,55.0,25.0,37.0,1032.0,48,10,,
31.0,MEIDEN,115/22,50,12,2023.0,17486,62456,3080.0,1107.0,7.0,10,20.0,8.0,16.0,25.0,37.0,1148.0,56,11,,
31.0,MEIDEN,115/22,50,12,2024.0,16921,36032,1307.0,264.0,1.0,3,20.0,2.0,55.0,1.0,37.0,271.0,57,7,,
32.0,MEIDEN,115/22,50,12,2019.0,12985,45228,2018.0,920.0,10.0,7,20.0,5.0,8.0,25.0,11.0,961.0,51,11,,
32.0,MEIDEN,115/22,50,12,2020.0,14880,72550,1577.0,927.0,49.0,8,20.0,35.0,2.0,25.0,2.0,988.0,53,12,,
32.0,MEIDEN,115/22,50,12,2021.0,9112,61160,3214.0,1000.0,33.0,8,20.0,35.0,2.0,25.0,2.0,1045.0,52,12,,
32.0,MEIDEN,115/22,50,12,2022.0,17556,61887,2613.0,912.0,5.0,60,20.0,5.0,55.0,25.0,37.0,922.0,46,9,,
32.0,MEIDEN,115/22,50,12,2023.0,19126,62830,3010.0,1014.0,5.0,16,20.0,8.0,7.0,25.0,37.0,1050.0,53,15,,
32.0,MEIDEN,115/22,50,12,2024.0,19138,34398,1133.0,189.0,2.0,2,20.0,2.0,55.0,1.0,37.0,196.0,55,8,,
33.0,OSAKA,115/22,50,35,2018.0,13338,37766,3679.0,318.0,12.0,67,20.0,10.0,103.0,25.0,54.0,564.0,54,42,,
33.0,OSAKA,115/22,50,35,2019.0,7436,39032,4879.0,335.0,15.0,70,20.0,7.0,91.0,25.0,31.0,549.0,50,16,,
33.0,OSAKA,115/22,50,35,2020.0,5630,20460,845.0,52.0,4.0,8,20.0,1.0,23.0,25.0,27.0,115.0,40,10,,
33.0,OSAKA,115/22,50,35,2021.0,7890,38006,1015.0,67.0,40.0,60,20.0,35.0,22.0,20.0,21.0,170.0,50,16,,
33.0,OSAKA,115/22,50,35,2022.0,5035,48874,2081.0,142.0,21.0,34,20.0,28.0,28.0,10.0,18.0,281.0,54,11,,
33.0,OSAKA,115/22,50,35,2023.0,8497,30808,2958.0,221.0,12.0,9,20.0,14.0,18.0,25.0,37.0,274.0,57,14,,
33.0,OSAKA,115/22,50,35,2024.0,11005,46048,2709.0,289.0,22.0,11,20.0,21.0,23.0,9.0,25.0,400.0,54,10,,
34.0,VOLTA WERKE,115/22,50,31,2018.0,4761,44859,3913.0,253.0,13.0,123,20.0,7.0,266.0,25.0,209.0,871.0,59,31,,
34.0,VOLTA WERKE,115/22,50,31,2019.0,7220,48174,4187.0,275.0,7.0,91,20.0,7.0,222.0,25.0,132.0,734.0,52,16,,
34.0,VOLTA WERKE,115/22,50,31,2020.0,8284,44791,3246.0,289.0,34.0,190,20.0,35.0,395.0,25.0,304.0,1212.0,36,11,,
34.0,VOLTA WERKE,115/22,50,31,2021.0,19330,45000,2038.0,78.0,29.0,89,20.0,2.0,229.0,25.0,242.0,694.0,52,24,,
34.0,VOLTA WERKE,115/22,50,31,2022.0,9082,55867,3817.0,197.0,9.0,97,20.0,7.0,282.0,25.0,133.0,725.0,52,15,,
34.0,VOLTA WERKE,115/22,50,31,2023.0,6336,57268,4599.0,280.0,9.0,140,20.0,35.0,333.0,25.0,177.0,939.0,54,16,,
34.0,VOLTA WERKE,115/22,50,31,2024.0,7166,72646,4765.0,292.0,7.0,161,20.0,35.0,343.0,25.0,231.0,1034.0,54,8,,
35.0,ELEKTRO-BAU,115/22,50,15,2017.0,9674,36546,1194.0,91.0,8.0,56,20.0,16.0,210.0,25.0,86.0,467.0,62,39,,
35.0,ELEKTRO-BAU,115/22,50,15,2018.0,8312,37658,1123.0,94.0,10.0,62,20.0,13.0,204.0,25.0,93.0,476.0,62,21,,
35.0,ELEKTRO-BAU,115/22,50,15,2019.0,15302,44281,6176.0,261.0,50.0,129,20.0,4.0,333.0,25.0,288.0,1065.0,36,15,,
35.0,ELEKTRO-BAU,115/22,50,15,2020.0,5950,52110,1314.0,82.0,33.0,57,20.0,4.0,157.0,28.0,215.0,494.0,50,21,,
35.0,ELEKTRO-BAU,115/22,50,15,2021.0,5732,49048,2754.0,137.0,55.0,19,20.0,7.0,242.0,25.0,228.0,688.0,50,8,,
35.0,ELEKTRO-BAU,115/22,50,15,2022.0,4654,35623,2319.0,107.0,38.0,68,20.0,9.0,214.0,25.0,110.0,546.0,42,11,,
35.0,ELEKTRO-BAU,115/22,50,15,2023.0,6683,39244,2802.0,212.0,49.0,79,20.0,35.0,222.0,25.0,161.0,723.0,50,16,,
35.0,ELEKTRO-BAU,115/22,50,15,2024.0,11229,59705,2913.0,217.0,31.0,74,20.0,13.0,246.0,25.0,218.0,799.0,50,16,,
36.0,MITSUBISHI,115/22,50,26,2020.0,11098,47027,7689.0,131.0,34.0,127,20.0,7.0,346.0,25.0,166.0,811.0,69,34,,
36.0,MITSUBISHI,115/22,50,26,2021.0,15975,60311,6081.0,108.0,30.0,97,20.0,7.0,355.0,25.0,119.0,716.0,72,23,,
36.0,MITSUBISHI,115/22,50,26,2022.0,6560,56760,4946.0,61.0,79.0,72,20.0,42.0,282.0,11.0,183.0,730.0,68,25,,
36.0,MITSUBISHI,115/22,50,26,2023.0,5384,43889,5263.0,135.0,117.0,116,20.0,8.0,469.0,5.0,109.0,959.0,78,24,,
36.0,MITSUBISHI,115/22,50,26,2024.0,4953,39642,6945.0,166.0,148.0,265,20.0,13.0,715.0,62.0,483.0,1852.0,68,23,,
37.0,MITSUBISHI,115/22,50,26,2020.0,8595,47211,5404.0,135.0,44.0,127,20.0,9.0,384.0,25.0,216.0,915.0,59,22,,
37.0,MITSUBISHI,115/22,50,26,2021.0,10795,54466,3971.0,104.0,38.0,82,20.0,8.0,320.0,25.0,115.0,667.0,60,23,,
37.0,MITSUBISHI,115/22,50,26,2022.0,3850,61880,3299.0,69.0,86.0,76,20.0,31.0,296.0,14.0,185.0,757.0,61,22,,
37.0,MITSUBISHI,115/22,50,26,2023.0,4806,42220,4180.0,121.0,92.0,116,20.0,11.0,397.0,25.0,110.0,847.0,65,20,,
37.0,MITSUBISHI,115/22,50,26,2024.0,10152,59688,4371.0,138.0,48.0,134,20.0,20.0,584.0,12.0,248.0,1184.0,62,17,,
38.0,RADE KONCAR,115/22,50,19,2019.0,4691,50982,4730.0,547.0,24.0,28,20.0,7.0,13.0,25.0,37.0,619.0,37,12,,
38.0,RADE KONCAR,115/22,50,19,2020.0,10210,49512,3784.0,412.0,31.0,62,20.0,15.0,16.0,26.0,6.0,568.0,39,15,,
38.0,RADE KONCAR,115/22,50,19,2021.0,6192,50424,6010.0,530.0,30.0,20,20.0,8.0,12.0,25.0,4.0,604.0,36,8,,
38.0,RADE KONCAR,115/22,50,19,2022.0,4931,48976,4580.0,664.0,21.0,60,20.0,29.0,27.0,25.0,37.0,741.0,38,15,,
38.0,RADE KONCAR,115/22,50,19,2023.0,7018,65424,5665.0,762.0,42.0,48,20.0,33.0,23.0,31.0,8.0,947.0,60,10,,
38.0,RADE KONCAR,115/22,50,19,2024.0,7316,44416,5583.0,843.0,18.0,37,20.0,34.0,55.0,16.0,37.0,948.0,60,6,,
39.0,EKARAT-DAIHEN,115/22,50,13,2019.0,7592,42123,1940.0,690.0,39.0,60,20.0,35.0,18.0,25.0,37.0,747.0,60,9,,
39.0,EKARAT-DAIHEN,115/22,50,13,2020.0,9454,41201,1096.0,680.0,42.0,4,20.0,35.0,2.0,25.0,3.0,731.0,54,10,,
39.0,EKARAT-DAIHEN,115/22,50,13,2021.0,6301,57961,2603.0,762.0,38.0,3,20.0,35.0,1.0,25.0,3.0,807.0,32,11,,
39.0,EKARAT-DAIHEN,115/22,50,13,2022.0,7936,49319,2492.0,916.0,26.0,60,20.0,6.0,55.0,25.0,37.0,948.0,52,12,,
39.0,EKARAT-DAIHEN,115/22,50,13,2023.0,8668,62645,2800.0,1027.0,48.0,8,20.0,8.0,2.0,7.0,4.0,1104.0,52,9,,
39.0,EKARAT-DAIHEN,115/22,50,13,2024.0,14488,66086,3344.0,1154.0,21.0,64,20.0,18.0,71.0,7.0,5.0,1340.0,53,7,,
40.0,MEIDENSHA,115/22,50,16,2020.0,5400,31570,1700.0,180.0,18.0,20,20.0,10.0,22.0,68.0,16.0,334.0,57,10,,
40.0,MEIDENSHA,115/22,50,16,2021.0,5481,27580,2349.0,218.0,27.0,23,20.0,35.0,23.0,25.0,17.0,308.0,57,16,,
40.0,MEIDENSHA,115/22,50,16,2022.0,7877,33784,1652.0,186.0,2.0,19,20.0,2.0,16.0,4.0,12.0,241.0,47,9,,
40.0,MEIDENSHA,115/22,50,16,2023.0,3803,23972,2458.0,216.0,14.0,22,20.0,3.0,25.0,92.0,10.0,382.0,50,10,,
40.0,MEIDENSHA,115/22,50,16,2024.0,8093,38283,3507.0,277.0,23.0,35,20.0,3.0,38.0,5.0,25.0,406.0,70,16,,
41.0,RADEKONCAR,115/22,50,20,2018.0,8295,41639,6189.0,810.0,14.0,49,20.0,54.0,56.0,25.0,49.0,1032.0,57,17,,
41.0,RADEKONCAR,115/22,50,20,2019.0,8290,51580,6703.0,851.0,35.0,123,20.0,21.0,50.0,25.0,17.0,1097.0,57,15,,
41.0,RADEKONCAR,115/22,50,20,2020.0,5741,62477,7798.0,814.0,25.0,108,20.0,15.0,37.0,12.0,13.0,1024.0,50,8,,
41.0,RADEKONCAR,115/22,50,20,2021.0,14790,77260,5281.0,508.0,12.0,51,20.0,14.0,31.0,37.0,12.0,665.0,45,12,,
41.0,RADEKONCAR,115/22,50,20,2022.0,7863,56673,7034.0,1245.0,10.0,68,20.0,40.0,45.0,62.0,11.0,1481.0,40,8,,
41.0,RADEKONCAR,115/22,50,20,2023.0,12886,45291,6996.0,1113.0,11.0,56,20.0,38.0,36.0,34.0,8.0,1296.0,56,11,,
41.0,RADEKONCAR,115/22,50,20,2024.0,12481,52099,7526.0,1021.0,4.0,3,20.0,55.0,43.0,58.0,13.0,1197.0,55,11,,
42.0,ABB,115/22,50,17,2019.0,8149,38953,1408.0,164.0,12.0,53,20.0,35.0,22.0,25.0,37.0,251.0,53,15,,
42.0,ABB,115/22,50,17,2020.0,7520,46660,1095.0,165.0,28.0,87,20.0,35.0,29.0,25.0,14.0,323.0,43,18,,
42.0,ABB,115/22,50,17,2021.0,6532,51974,1765.0,98.0,18.0,60,20.0,35.0,21.0,25.0,11.0,208.0,45,8,,
42.0,ABB,115/22,50,17,2022.0,5775,37174,1502.0,168.0,15.0,60,20.0,35.0,32.0,25.0,37.0,215.0,36,14,,
42.0,ABB,115/22,50,17,2023.0,8205,46345,4598.0,229.0,5.0,61,20.0,1.0,25.0,25.0,12.0,333.0,56,17,,
42.0,ABB,115/22,50,17,2024.0,8547,41725,2080.0,250.0,4.0,102,20.0,4.0,37.0,7.0,19.0,423.0,48,13,,
43.0,MEIDEN,115/22,50,15,2020.0,8217,41902,681.0,77.0,13.0,58,20.0,7.0,217.0,25.0,151.0,523.0,66,27,,
43.0,MEIDEN,115/22,50,15,2021.0,5840,144690,1483.0,63.0,22.0,106,20.0,3.0,457.0,33.0,322.0,1006.0,36,12,,
43.0,MEIDEN,115/22,50,15,2022.0,8510,75410,1504.0,73.0,15.0,89,20.0,4.0,398.0,16.0,341.0,936.0,50,22,,
43.0,MEIDEN,115/22,50,15,2023.0,6737,74082,1574.0,119.0,33.0,165,20.0,11.0,617.0,19.0,379.0,1343.0,48,8,,
43.0,MEIDEN,115/22,50,15,2024.0,8497,84943,1465.0,131.0,14.0,174,20.0,14.0,719.0,21.0,379.0,1452.0,48,10,,
44.0,MEIDEN,115/22,50,18,2020.0,7512,41843,1517.0,93.0,21.0,53,20.0,35.0,128.0,25.0,57.0,352.0,49,20,,
44.0,MEIDEN,115/22,50,18,2021.0,7024,84917,1961.0,162.0,5.0,72,20.0,4.0,202.0,25.0,96.0,541.0,52,17,,
44.0,MEIDEN,115/22,50,18,2022.0,7800,86740,2134.0,150.0,1.0,59,20.0,1.0,156.0,41.0,116.0,524.0,48,12,,
44.0,MEIDEN,115/22,50,18,2023.0,7056,89458,2246.0,188.0,18.0,118,20.0,7.0,256.0,6.0,121.0,714.0,47,6,,
44.0,MEIDEN,115/22,50,18,2024.0,10007,94218,1662.0,176.0,3.0,103,20.0,9.0,236.0,12.0,114.0,653.0,44,8,,
45.0,MEIDEN,115/22,50,20,2020.0,7520,62670,4800.0,180.0,18.0,122,20.0,35.0,493.0,35.0,306.0,1154.0,24,10,,
45.0,MEIDEN,115/22,50,20,2021.0,5479,46278,3532.0,65.0,11.0,24,20.0,4.0,145.0,25.0,54.0,303.0,65,10,,
45.0,MEIDEN,115/22,50,20,2022.0,5691,31604,4152.0,61.0,3.0,31,20.0,19.0,119.0,2.0,113.0,348.0,50,8,,
45.0,MEIDEN,115/22,50,20,2023.0,4369,34642,3591.0,81.0,2.0,42,20.0,2.0,150.0,5.0,158.0,440.0,54,11,,
45.0,MEIDEN,115/22,50,20,2024.0,6130,26260,4307.0,93.0,204.0,118,20.0,6.0,324.0,88.0,284.0,1117.0,45,7,,
46.0,MEIDEN,115/22,50,17,2020.0,4350,33520,1300.0,192.0,10.0,68,20.0,35.0,125.0,36.0,88.0,519.0,62,9,,
46.0,MEIDEN,115/22,50,17,2021.0,6971,21619,3456.0,132.0,7.0,25,20.0,35.0,66.0,25.0,19.0,249.0,68,13,,
46.0,MEIDEN,115/22,50,17,2022.0,5551,24895,3291.0,84.0,3.0,23,20.0,35.0,42.0,25.0,34.0,186.0,57,10,,
46.0,MEIDEN,115/22,50,17,2023.0,4245,25726,2852.0,82.0,1.0,35,20.0,1.0,62.0,25.0,42.0,223.0,58,7,,
46.0,MEIDEN,115/22,50,17,2024.0,5780,23900,3481.0,152.0,4.0,88,20.0,4.0,151.0,17.0,121.0,537.0,64,7,,
47.0,ABB,115/22,50,9,2021.0,21958,54390,3811.0,718.0,9.0,2,20.0,6.0,7.0,25.0,37.0,742.0,60,10,,
47.0,ABB,115/22,50,9,2022.0,14776,32001,3068.0,797.0,9.0,4,20.0,5.0,3.0,25.0,37.0,818.0,49,15,,
47.0,ABB,115/22,50,9,2023.0,15876,69588,3804.0,864.0,5.0,4,20.0,6.0,3.0,2.0,1.0,885.0,50,5,,
47.0,ABB,115/22,50,9,2024.0,36880,50610,3808.0,826.0,5.0,11,20.0,8.0,1.0,25.0,37.0,876.0,49,12,,
48.0,ABB,115/22,50,9,2019.0,19820,56382,1651.0,331.0,47.0,60,20.0,11.0,55.0,25.0,37.0,389.0,44,12,,
48.0,ABB,115/22,50,9,2020.0,14755,50878,3344.0,781.0,12.0,4,20.0,14.0,4.0,25.0,37.0,815.0,48,6,,
48.0,ABB,115/22,50,9,2021.0,20999,54576,2395.0,788.0,7.0,4,20.0,11.0,6.0,25.0,37.0,816.0,40,18,,
48.0,ABB,115/22,50,9,2022.0,28227,58722,2519.0,672.0,4.0,10,20.0,27.0,9.0,25.0,37.0,722.0,40,6,,
48.0,ABB,115/22,50,9,2023.0,11011,67644,3060.0,850.0,4.0,6,20.0,14.0,6.0,6.0,2.0,888.0,40,15,,
48.0,ABB,115/22,50,9,2024.0,36680,51900,3483.0,714.0,3.0,20,20.0,18.0,6.0,25.0,5.0,791.0,48,15,,
49.0,MITSUBISHI,115/22,50,26,2020.0,2108,69204,5998.0,237.0,71.0,236,20.0,17.0,543.0,38.0,301.0,1443.0,68,22,,
49.0,MITSUBISHI,115/22,50,26,2021.0,3264,52248,4838.0,196.0,80.0,99,20.0,35.0,291.0,25.0,176.0,842.0,72,18,,
49.0,MITSUBISHI,115/22,50,26,2022.0,4580,55950,4517.0,167.0,89.0,97,20.0,1.0,296.0,8.0,178.0,836.0,57,18,,
49.0,MITSUBISHI,115/22,50,26,2023.0,4361,41600,4639.0,177.0,88.0,132,20.0,10.0,366.0,26.0,182.0,981.0,36,10,,
49.0,MITSUBISHI,115/22,50,26,2024.0,3236,49665,4706.0,180.0,77.0,112,20.0,6.0,306.0,8.0,189.0,878.0,57,16,,
50.0,MITSUBISHI,115/22,50,26,2020.0,3297,45621,2720.0,207.0,44.0,28,20.0,35.0,39.0,11.0,59.0,388.0,66,22,,
50.0,MITSUBISHI,115/22,50,26,2021.0,6800,26290,2800.0,220.0,37.0,1,20.0,35.0,55.0,25.0,37.0,258.0,36,20,,
50.0,MITSUBISHI,115/22,50,26,2022.0,2373,22795,2291.0,207.0,44.0,15,20.0,35.0,18.0,25.0,10.0,294.0,65,25,,
50.0,MITSUBISHI,115/22,50,26,2023.0,4980,37110,2463.0,244.0,55.0,18,20.0,14.0,28.0,6.0,16.0,381.0,72,21,,
50.0,MITSUBISHI,115/22,50,26,2024.0,4229,21271,3102.0,271.0,81.0,39,20.0,3.0,51.0,12.0,25.0,482.0,54,12,,
51.0,MITSUBISHI,115/22,50,26,2022.0,1859,47165,3592.0,151.0,56.0,76,20.0,10.0,276.0,89.0,134.0,792.0,74,9,,
51.0,MITSUBISHI,115/22,50,26,2023.0,5384,53081,3281.0,89.0,15.0,43,20.0,1.0,155.0,25.0,97.0,400.0,30,14,,
51.0,MITSUBISHI,115/22,50,26,2024.0,5358,35047,3932.0,124.0,15.0,53,20.0,7.0,183.0,63.0,49.0,494.0,36,5,,
52.0,SAVIGLIANO,115/22,50,18,2023.0,5596,24478,1313.0,75.0,7.0,5,20.0,35.0,14.0,25.0,5.0,106.0,32,20,,
52.0,SAVIGLIANO,115/22,50,18,2024.0,3726,37923,2214.0,146.0,54.0,21,20.0,13.0,12.0,13.0,6.0,265.0,36,38,,
53.0,MEIDEN,115/22,50,20,2019.0,5811,60321,2893.0,116.0,8.0,122,20.0,35.0,421.0,25.0,247.0,914.0,58,12,,
53.0,MEIDEN,115/22,50,20,2020.0,2839,60990,2952.0,119.0,2.0,137,20.0,4.0,445.0,25.0,204.0,911.0,57,10,,
53.0,MEIDEN,115/22,50,20,2021.0,4136,72361,2262.0,22.0,5.0,20,20.0,3.0,505.0,25.0,228.0,783.0,36,21,,
53.0,MEIDEN,115/22,50,20,2022.0,2745,73156,2463.0,72.0,5.0,101,20.0,25.0,379.0,8.0,226.0,816.0,61,17,,
53.0,MEIDEN,115/22,50,20,2023.0,3793,69197,3229.0,95.0,2.0,65,20.0,7.0,388.0,5.0,185.0,747.0,56,14,,
53.0,MEIDEN,115/22,50,20,2024.0,10574,63068,4363.0,129.0,2.0,184,20.0,9.0,649.0,94.0,439.0,1506.0,36,18,,
54.0,MEIDEN,115/22,50,20,2019.0,7342,53401,3461.0,121.0,15.0,90,20.0,35.0,275.0,25.0,157.0,658.0,55,11,,
54.0,MEIDEN,115/22,50,20,2020.0,2222,51659,4343.0,127.0,17.0,108,20.0,35.0,279.0,25.0,134.0,665.0,61,10,,
54.0,MEIDEN,115/22,50,20,2021.0,13477,53404,3925.0,131.0,12.0,71,20.0,35.0,253.0,25.0,116.0,583.0,36,21,,
54.0,MEIDEN,115/22,50,20,2022.0,15093,61902,2820.0,91.0,5.0,41,20.0,11.0,153.0,3.0,115.0,419.0,66,15,,
54.0,MEIDEN,115/22,50,20,2023.0,10303,64584,4471.0,149.0,10.0,46,20.0,1.0,246.0,6.0,126.0,584.0,61,13,,
54.0,MEIDEN,115/22,50,20,2024.0,14416,68000,5782.0,184.0,13.0,102,20.0,4.0,337.0,5.0,153.0,798.0,36,33,,
55.0,MEIDEN,115/22,50,17,2019.0,6843,44317,2922.0,268.0,18.0,92,20.0,2.0,299.0,76.0,245.0,1000.0,65,9,,
55.0,MEIDEN,115/22,50,17,2020.0,2564,53378,3060.0,282.0,8.0,192,20.0,35.0,457.0,25.0,329.0,1268.0,65,9,,
55.0,MEIDEN,115/22,50,17,2021.0,4354,59854,2309.0,297.0,18.0,270,20.0,3.0,416.0,25.0,255.0,1259.0,36,31,,
55.0,MEIDEN,115/22,50,17,2022.0,6279,5935,2573.0,235.0,4.0,109,20.0,22.0,305.0,71.0,244.0,990.0,36,12,,
55.0,MEIDEN,115/22,50,17,2023.0,9990,61591,2718.0,219.0,7.0,123,20.0,12.0,344.0,10.0,224.0,939.0,53,9,,
55.0,MEIDEN,115/22,50,17,2024.0,7424,62656,3580.0,374.0,3.0,166,20.0,4.0,456.0,12.0,266.0,1281.0,36,11,,
56.0,MEIDEN,115/22,50,17,2020.0,7016,52519,2880.0,284.0,10.0,187,20.0,35.0,535.0,25.0,423.0,1439.0,43,7,,
56.0,MEIDEN,115/22,50,17,2021.0,14211,53974,1828.0,274.0,6.0,113,20.0,35.0,403.0,25.0,253.0,1049.0,36,19,,
56.0,MEIDEN,115/22,50,17,2022.0,16115,63617,1758.0,258.0,2.0,76,20.0,13.0,298.0,70.0,286.0,1003.0,74,11,,
56.0,MEIDEN,115/22,50,17,2023.0,17698,71717,2715.0,269.0,4.0,180,20.0,7.0,529.0,8.0,346.0,1343.0,57,12,,
56.0,MEIDEN,115/22,50,17,2024.0,2462,30911,2811.0,211.0,5.0,177,20.0,8.0,605.0,25.0,432.0,1438.0,36,10,,
57.0,FUJI,115/22,50,26,2020.0,4508,80257,1704.0,64.0,32.0,78,20.0,3.0,332.0,25.0,183.0,692.0,58,11,,
57.0,FUJI,115/22,50,26,2021.0,14241,69760,1394.0,59.0,34.0,89,20.0,8.0,271.0,25.0,121.0,582.0,36,13,,
57.0,FUJI,115/22,50,26,2022.0,5556,73401,1547.0,61.0,9.0,56,20.0,12.0,267.0,3.0,148.0,556.0,54,12,,
57.0,FUJI,115/22,50,26,2023.0,9410,72068,1608.0,63.0,4.0,58,20.0,14.0,276.0,4.0,137.0,556.0,53,16,,
57.0,FUJI,115/22,50,26,2024.0,3551,44502,2130.0,80.0,61.0,73,20.0,10.0,391.0,25.0,179.0,794.0,49,12,,
58.0,MEIDEN,115/22,50,20,2020.0,7863,48725,2756.0,128.0,42.0,130,20.0,35.0,311.0,25.0,170.0,781.0,64,16,,
58.0,MEIDEN,115/22,50,20,2021.0,11171,60485,2092.0,15.0,20.0,15,20.0,2.0,253.0,25.0,126.0,431.0,36,22,,
58.0,MEIDEN,115/22,50,20,2022.0,5713,61804,2522.0,86.0,26.0,78,20.0,14.0,218.0,20.0,131.0,573.0,64,13,,
58.0,MEIDEN,115/22,50,20,2023.0,29787,72583,2857.0,109.0,1.0,84,20.0,5.0,201.0,4.0,68.0,472.0,60,8,,
58.0,MEIDEN,115/22,50,20,2024.0,7280,51619,1228.0,52.0,5.0,11,20.0,2.0,25.0,25.0,28.0,123.0,53,15,,
59.0,MEIDEN,115/22,50,16,2020.0,16670,72760,1355.0,107.0,20.0,83,20.0,1.0,327.0,80.0,264.0,882.0,54,11,,
59.0,MEIDEN,115/22,50,16,2021.0,7762,73495,1621.0,126.0,42.0,81,20.0,3.0,223.0,69.0,180.0,724.0,53,12,,
59.0,MEIDEN,115/22,50,16,2022.0,4465,40315,1633.0,161.0,22.0,108,20.0,6.0,361.0,25.0,107.0,765.0,64,11,,
59.0,MEIDEN,115/22,50,16,2023.0,4991,41428,1631.0,168.0,21.0,115,20.0,5.0,354.0,211.0,196.0,1070.0,59,13,,
59.0,MEIDEN,115/22,50,16,2024.0,7577,63962,1631.0,207.0,31.0,142,20.0,2.0,400.0,13.0,251.0,1046.0,58,17,,
60.0,MEIDEN,115/22,50,16,2019.0,2826,48024,2145.0,275.0,26.0,115,20.0,5.0,279.0,25.0,164.0,864.0,34,7,,
60.0,MEIDEN,115/22,50,16,2020.0,5610,59630,3019.0,366.0,34.0,161,20.0,35.0,434.0,96.0,317.0,1408.0,59,10,,
60.0,MEIDEN,115/22,50,16,2021.0,6408,56553,3166.0,387.0,40.0,105,20.0,2.0,313.0,85.0,237.0,1169.0,58,13,,
60.0,MEIDEN,115/22,50,16,2022.0,4820,42400,2924.0,193.0,13.0,109,20.0,35.0,324.0,104.0,273.0,1016.0,64,11,,
60.0,MEIDEN,115/22,50,16,2023.0,3330,50390,2422.0,192.0,13.0,109,20.0,2.0,323.0,83.0,269.0,991.0,60,8,,
60.0,MEIDEN,115/22,50,16,2024.0,9399,47023,1875.0,194.0,28.0,103,20.0,5.0,340.0,12.0,197.0,879.0,62,15,,
61.0,NATIONAL,115/22,50,23,2021.0,13052,53950,399.0,6.0,4.0,60,20.0,35.0,55.0,25.0,37.0,10.0,40,31,,
61.0,NATIONAL,115/22,50,23,2022.0,4260,47610,2432.0,530.0,9.0,2,20.0,1.0,1.0,3.0,3.0,549.0,30,11,,
61.0,NATIONAL,115/22,50,23,2023.0,21169,71375,2484.0,898.0,18.0,5,20.0,1.0,3.0,6.0,5.0,936.0,36,17,,
61.0,NATIONAL,115/22,50,23,2024.0,16936,62804,2782.0,733.0,6.0,7,20.0,1.0,2.0,2.0,4.0,755.0,45,20,,
62.0,ABB,115/22,50,13,2018.0,7183,48161,1218.0,301.0,10.0,60,20.0,35.0,55.0,25.0,37.0,311.0,43,23,,
62.0,ABB,115/22,50,13,2019.0,16630,51241,1630.0,691.0,46.0,15,20.0,10.0,14.0,19.0,17.0,812.0,45,12,,
62.0,ABB,115/22,50,13,2020.0,12321,48905,1829.0,437.0,25.0,2,20.0,35.0,1.0,25.0,37.0,465.0,43,20,,
62.0,ABB,115/22,50,13,2021.0,22404,58999,648.0,296.0,13.0,2,20.0,3.0,55.0,25.0,37.0,314.0,41,27,,
62.0,ABB,115/22,50,13,2022.0,12442,60017,2381.0,799.0,3.0,7,20.0,5.0,1.0,1.0,3.0,819.0,39,14,,
62.0,ABB,115/22,50,13,2023.0,24306,64387,2325.0,788.0,24.0,5,20.0,5.0,1.0,1.0,1.0,825.0,32,10,,
62.0,ABB,115/22,50,13,2024.0,32920,44650,2343.0,798.0,3.0,6,20.0,8.0,1.0,28.0,1.0,845.0,41,20,,
63.0,ABB,115/22,50,14,2019.0,10374,48462,1340.0,316.0,8.0,60,20.0,35.0,55.0,25.0,37.0,324.0,44,22,,
63.0,ABB,115/22,50,14,2020.0,7726,48851,3022.0,193.0,119.0,112,20.0,6.0,270.0,35.0,148.0,883.0,45,24,,
63.0,ABB,115/22,50,14,2021.0,20581,60876,3257.0,494.0,54.0,3,20.0,1.0,1.0,1.0,1.0,555.0,40,25,,
63.0,ABB,115/22,50,14,2022.0,18543,61584,2436.0,456.0,5.0,2,20.0,35.0,1.0,25.0,1.0,465.0,39,11,,
63.0,ABB,115/22,50,14,2023.0,16967,57905,1274.0,455.0,3.0,2,20.0,3.0,1.0,1.0,1.0,466.0,32,5,,
63.0,ABB,115/22,50,14,2024.0,35020,43530,1588.0,441.0,5.0,5,20.0,6.0,1.0,12.0,1.0,471.0,41,12,,
64.0,MEIDEN,115/22,50,18,2021.0,9917,69237,845.0,110.0,32.0,34,20.0,35.0,16.0,25.0,37.0,192.0,36,13,,
64.0,MEIDEN,115/22,50,18,2022.0,14083,68204,1464.0,115.0,12.0,42,20.0,17.0,30.0,6.0,17.0,239.0,36,13,,
64.0,MEIDEN,115/22,50,18,2023.0,5603,43271,3059.0,271.0,8.0,66,20.0,3.0,52.0,2.0,14.0,416.0,36,12,,
64.0,MEIDEN,115/22,50,18,2024.0,3195,21680,2965.0,260.0,9.0,52,20.0,5.0,59.0,25.0,36.0,421.0,58,10,,
65.0,MEIDEN,115/22,50,17,2020.0,3204,44035,934.0,116.0,47.0,60,20.0,35.0,55.0,25.0,37.0,223.0,36,8,,
65.0,MEIDEN,115/22,50,17,2021.0,7077,45997,2088.0,142.0,9.0,47,20.0,35.0,95.0,25.0,11.0,304.0,36,13,,
65.0,MEIDEN,115/22,50,17,2022.0,3981,47772,1733.0,107.0,18.0,63,20.0,22.0,106.0,36.0,72.0,424.0,36,8,,
65.0,MEIDEN,115/22,50,17,2023.0,5395,44786,5366.0,311.0,13.0,114,20.0,5.0,170.0,4.0,55.0,672.0,36,15,,
65.0,MEIDEN,115/22,50,17,2024.0,5428,43244,2429.0,128.0,6.0,35,20.0,4.0,103.0,25.0,74.0,350.0,60,11,,
66.0,MEIDEN,115/22,50,20,2020.0,5936,65684,4158.0,131.0,41.0,155,20.0,35.0,612.0,25.0,385.0,1324.0,51,12,,
66.0,MEIDEN,115/22,50,20,2021.0,4983,65524,4967.0,142.0,8.0,105,20.0,35.0,473.0,25.0,312.0,1040.0,65,12,,
66.0,MEIDEN,115/22,50,20,2022.0,5082,75984,4701.0,119.0,9.0,112,20.0,4.0,508.0,25.0,339.0,1091.0,47,8,,
66.0,MEIDEN,115/22,50,20,2023.0,6504,55232,3045.0,78.0,31.0,147,20.0,5.0,563.0,796.0,96.0,1716.0,52,8,,
66.0,MEIDEN,115/22,50,20,2024.0,7432,77442,3811.0,88.0,10.0,181,20.0,8.0,749.0,13.0,355.0,1404.0,48,12,,
67.0,MEIDEN,115/22,50,20,2020.0,10397,47483,4084.0,134.0,50.0,172,20.0,35.0,558.0,25.0,347.0,1261.0,61,17,,
67.0,MEIDEN,115/22,50,20,2021.0,7115,60994,4364.0,145.0,7.0,171,20.0,2.0,485.0,25.0,196.0,1006.0,71,13,,
67.0,MEIDEN,115/22,50,20,2022.0,4308,64513,4554.0,139.0,9.0,94,20.0,5.0,355.0,9.0,234.0,845.0,62,11,,
67.0,MEIDEN,115/22,50,20,2023.0,6807,19776,3588.0,98.0,9.0,119,20.0,9.0,389.0,61.0,104.0,789.0,67,4,,
67.0,MEIDEN,115/22,50,20,2024.0,9597,56583,3912.0,107.0,7.0,143,20.0,9.0,467.0,15.0,272.0,1020.0,69,10,,
68.0,FUJI,115/22,50,24,2021.0,8497,43926,2592.0,102.0,9.0,54,20.0,35.0,179.0,25.0,115.0,459.0,68,12,,
68.0,FUJI,115/22,50,24,2022.0,8360,60858,2050.0,214.0,16.0,254,20.0,35.0,181.0,25.0,81.0,746.0,36,30,,
68.0,FUJI,115/22,50,24,2023.0,6486,57392,1979.0,68.0,6.0,44,20.0,19.0,144.0,6.0,88.0,375.0,63,19,,
68.0,FUJI,115/22,50,24,2024.0,36000,66087,2150.0,76.0,1.0,60,20.0,2.0,155.0,2.0,55.0,291.0,54,15,,
69.0,VOLTA WERKE,115/22,50,30,2020.0,2498,54193,3391.0,145.0,12.0,99,20.0,14.0,177.0,26.0,109.0,582.0,70,7,,
69.0,VOLTA WERKE,115/22,50,30,2021.0,6218,54196,1747.0,228.0,53.0,234,20.0,23.0,177.0,25.0,91.0,806.0,36,19,,
69.0,VOLTA WERKE,115/22,50,30,2022.0,4018,71374,1653.0,194.0,34.0,54,20.0,29.0,99.0,21.0,76.0,507.0,68,11,,
69.0,VOLTA WERKE,115/22,50,30,2023.0,7487,70359,2015.0,264.0,40.0,24,20.0,20.0,118.0,19.0,90.0,575.0,56,15,,
69.0,VOLTA WERKE,115/22,50,30,2024.0,4560,73857,3288.0,418.0,66.0,62,20.0,30.0,110.0,33.0,94.0,813.0,56,30,,
70.0,MEIDEN,115/22,50,16,2019.0,4770,53080,528.0,76.0,47.0,58,20.0,2.0,222.0,29.0,172.0,606.0,50,11,,
70.0,MEIDEN,115/22,50,16,2020.0,8768,40222,693.0,61.0,11.0,42,20.0,6.0,191.0,25.0,79.0,390.0,59,9,,
70.0,MEIDEN,115/22,50,16,2021.0,2243,56270,785.0,82.0,6.0,53,20.0,6.0,237.0,25.0,156.0,540.0,58,12,,
70.0,MEIDEN,115/22,50,16,2022.0,4312,52234,804.0,103.0,53.0,66,20.0,7.0,251.0,25.0,152.0,632.0,54,5,,
70.0,MEIDEN,115/22,50,16,2023.0,4266,50274,735.0,82.0,21.0,52,20.0,8.0,201.0,10.0,170.0,544.0,55,15,,
70.0,MEIDEN,115/22,50,16,2024.0,14486,31341,593.0,46.0,16.0,7,20.0,1.0,16.0,1.0,9.0,96.0,54,10,,
71.0,MEIDEN,115/22,50,16,2019.0,6500,59990,722.0,76.0,43.0,57,20.0,2.0,226.0,25.0,174.0,578.0,58,11,,
71.0,MEIDEN,115/22,50,16,2020.0,9704,46177,1201.0,102.0,19.0,53,20.0,4.0,225.0,25.0,37.0,403.0,65,12,,
71.0,MEIDEN,115/22,50,16,2021.0,8269,61389,1282.0,125.0,9.0,69,20.0,5.0,274.0,25.0,171.0,653.0,60,8,,
71.0,MEIDEN,115/22,50,16,2022.0,5058,57952,1329.0,153.0,22.0,82,20.0,6.0,294.0,25.0,187.0,744.0,55,6,,
71.0,MEIDEN,115/22,50,16,2023.0,5786,55441,1208.0,139.0,17.0,62,20.0,9.0,223.0,1.0,187.0,638.0,55,13,,
71.0,MEIDEN,115/22,50,16,2024.0,5295,49805,749.0,86.0,4.0,19,20.0,2.0,39.0,13.0,31.0,194.0,58,13,,
72.0,MEIDEN,115/22,50,12,2018.0,6891,23055,378.0,33.0,8.0,1,20.0,35.0,55.0,25.0,37.0,42.0,32,13,,
72.0,MEIDEN,115/22,50,12,2019.0,9616,33112,478.0,74.0,9.0,60,20.0,1.0,2.0,25.0,6.0,92.0,58,21,,
72.0,MEIDEN,115/22,50,12,2020.0,10701,23600,1589.0,107.0,26.0,60,20.0,35.0,55.0,25.0,37.0,133.0,54,19,,
72.0,MEIDEN,115/22,50,12,2021.0,6215,33374,2788.0,107.0,53.0,22,20.0,35.0,5.0,25.0,3.0,190.0,56,14,,
72.0,MEIDEN,115/22,50,12,2022.0,9287,24739,3280.0,159.0,37.0,60,20.0,35.0,14.0,25.0,37.0,210.0,49,11,,
72.0,MEIDEN,115/22,50,12,2023.0,5561,27529,4045.0,242.0,76.0,28,20.0,35.0,20.0,25.0,11.0,377.0,55,10,,
72.0,MEIDEN,115/22,50,12,2024.0,3711,19584,4425.0,243.0,52.0,28,20.0,35.0,55.0,25.0,37.0,323.0,64,22,,
73.0,ABB,115/22,50,17,2019.0,3578,34962,3313.0,246.0,18.0,15,20.0,35.0,52.0,25.0,37.0,331.0,53,15,,
73.0,ABB,115/22,50,17,2020.0,7943,35506,3197.0,209.0,29.0,13,20.0,35.0,5.0,25.0,37.0,256.0,45,13,,
73.0,ABB,115/22,50,17,2021.0,3586,50412,4120.0,160.0,34.0,30,20.0,35.0,5.0,25.0,2.0,231.0,52,8,,
73.0,ABB,115/22,50,17,2022.0,9050,47590,2762.0,119.0,13.0,16,20.0,35.0,4.0,2.0,3.0,157.0,38,6,,
73.0,ABB,115/22,50,17,2023.0,6265,40387,3702.0,265.0,26.0,22,20.0,35.0,7.0,25.0,37.0,320.0,45,16,,
73.0,ABB,115/22,50,17,2024.0,5299,33977,3507.0,284.0,18.0,13,20.0,35.0,55.0,25.0,37.0,315.0,50,12,,
74.0,TOSHIBA,115/22,50,21,2021.0,7397,41798,5732.0,118.0,64.0,196,20.0,8.0,596.0,25.0,302.0,1284.0,53,24,,
74.0,TOSHIBA,115/22,50,21,2022.0,28470,42300,2415.0,35.0,44.0,124,20.0,4.0,489.0,53.0,493.0,1242.0,53,28,,
74.0,TOSHIBA,115/22,50,21,2023.0,6066,60048,6287.0,170.0,77.0,107,20.0,13.0,788.0,25.0,494.0,1649.0,57,22,,
74.0,TOSHIBA,115/22,50,21,2024.0,7396,45012,5292.0,144.0,33.0,67,20.0,1.0,243.0,13.0,318.0,819.0,54,19,,
75.0,MEIDEN,115/22,50,20,2020.0,8321,44210,1944.0,140.0,41.0,121,20.0,8.0,263.0,25.0,133.0,706.0,51,10,,
75.0,MEIDEN,115/22,50,20,2021.0,15850,60172,1706.0,150.0,34.0,158,20.0,8.0,349.0,6.0,176.0,881.0,48,24,,
75.0,MEIDEN,115/22,50,20,2022.0,5910,54550,2046.0,171.0,44.0,131,20.0,8.0,378.0,25.0,168.0,900.0,60,10,,
75.0,MEIDEN,115/22,50,20,2023.0,6537,39389,1606.0,135.0,15.0,22,20.0,35.0,57.0,2.0,60.0,291.0,59,10,,
75.0,MEIDEN,115/22,50,20,2024.0,7816,24880,1730.0,138.0,21.0,33,20.0,35.0,96.0,25.0,66.0,354.0,56,12,,
77.0,MEIDEN,115/22,50,20,2019.0,13023,50018,2368.0,133.0,15.0,68,20.0,35.0,222.0,25.0,110.0,548.0,59,25,,
77.0,MEIDEN,115/22,50,20,2020.0,13879,47126,2252.0,103.0,10.0,65,20.0,35.0,235.0,25.0,73.0,486.0,53,20,,
77.0,MEIDEN,115/22,50,20,2021.0,7334,65081,2931.0,141.0,16.0,94,20.0,2.0,282.0,25.0,139.0,674.0,36,11,,
77.0,MEIDEN,115/22,50,20,2022.0,12545,58541,2317.0,131.0,11.0,71,20.0,35.0,281.0,25.0,56.0,550.0,56,16,,
77.0,MEIDEN,115/22,50,20,2023.0,7680,59770,2454.0,164.0,23.0,45,20.0,13.0,295.0,10.0,142.0,692.0,54,11,,
77.0,MEIDEN,115/22,50,20,2024.0,6145,41623,2239.0,97.0,18.0,57,20.0,3.0,217.0,4.0,164.0,560.0,59,18,,
78.0,MEIDEN,115/22,50,20,2020.0,10088,60369,1544.0,100.0,4.0,64,20.0,2.0,209.0,25.0,114.0,493.0,59,24,,
78.0,MEIDEN,115/22,50,20,2021.0,10486,58035,2157.0,107.0,8.0,68,20.0,2.0,217.0,25.0,112.0,514.0,51,19,,
78.0,MEIDEN,115/22,50,20,2022.0,15689,61137,2107.0,103.0,10.0,62,20.0,35.0,249.0,25.0,51.0,475.0,62,20,,
78.0,MEIDEN,115/22,50,20,2023.0,6600,66206,2852.0,124.0,14.0,58,20.0,4.0,285.0,25.0,92.0,577.0,59,13,,
78.0,MEIDEN,115/22,50,20,2024.0,7296,48886,2823.0,106.0,11.0,65,20.0,3.0,228.0,4.0,165.0,582.0,63,19,,
79.0,HYUNDAI,115/22,50,16,2021.0,4567,49511,851.0,116.0,15.0,48,20.0,8.0,91.0,25.0,56.0,334.0,52,25,,
79.0,HYUNDAI,115/22,50,16,2022.0,4444,42773,468.0,66.0,25.0,45,20.0,2.0,60.0,25.0,55.0,253.0,36,22,,
79.0,HYUNDAI,115/22,50,16,2023.0,2830,57450,1323.0,92.0,4.0,50,20.0,3.0,97.0,28.0,109.0,383.0,49,26,,
79.0,HYUNDAI,115/22,50,16,2024.0,5046,72593,1091.0,124.0,11.0,75,20.0,10.0,172.0,25.0,92.0,484.0,49,18,,
80.0,HYUNDAI,115/22,50,16,2021.0,11162,45196,637.0,16.0,9.0,34,20.0,2.0,73.0,25.0,53.0,187.0,54,32,,
80.0,HYUNDAI,115/22,50,16,2022.0,6144,46254,891.0,13.0,11.0,33,20.0,35.0,110.0,25.0,28.0,195.0,36,20,,
80.0,HYUNDAI,115/22,50,16,2023.0,5860,45320,1392.0,17.0,7.0,34,20.0,35.0,85.0,12.0,83.0,238.0,52,17,,
80.0,HYUNDAI,115/22,50,16,2024.0,6052,55237,1261.0,24.0,12.0,54,20.0,3.0,128.0,25.0,72.0,293.0,54,19,,
81.0,VOLTA WERKE,115/22,50,31,2019.0,11435,42104,929.0,155.0,18.0,31,20.0,3.0,60.0,25.0,32.0,299.0,50,25,,
81.0,VOLTA WERKE,115/22,50,31,2020.0,5620,82960,950.0,950.0,39.0,42,20.0,35.0,89.0,25.0,61.0,231.0,34,21,,
81.0,VOLTA WERKE,115/22,50,31,2021.0,8042,69739,1472.0,170.0,23.0,39,20.0,35.0,99.0,28.0,37.0,359.0,52,12,,
81.0,VOLTA WERKE,115/22,50,31,2022.0,3650,69000,1907.0,154.0,14.0,47,20.0,1.0,101.0,14.0,80.0,411.0,58,17,,
81.0,VOLTA WERKE,115/22,50,31,2023.0,2843,74301,1936.0,171.0,4.0,54,20.0,4.0,130.0,8.0,77.0,448.0,29,12,,
81.0,VOLTA WERKE,115/22,50,31,2024.0,11600,58550,2473.0,149.0,4.0,41,20.0,9.0,135.0,8.0,91.0,437.0,30,20,,
82.0,VOLTA WERKE,115/22,50,31,2019.0,9780,41359,1978.0,189.0,11.0,20,20.0,35.0,34.0,25.0,11.0,265.0,44,28,,
82.0,VOLTA WERKE,115/22,50,31,2020.0,7710,39800,950.0,950.0,18.0,33,20.0,35.0,44.0,25.0,26.0,121.0,46,22,,
82.0,VOLTA WERKE,115/22,50,31,2021.0,9090,54090,713.0,52.0,25.0,10,20.0,35.0,17.0,2.0,10.0,116.0,40,16,,
82.0,VOLTA WERKE,115/22,50,31,2022.0,11582,41795,2846.0,215.0,14.0,18,20.0,35.0,37.0,25.0,37.0,284.0,62,24,,
82.0,VOLTA WERKE,115/22,50,31,2023.0,18704,47566,2955.0,194.0,10.0,1,20.0,1.0,42.0,25.0,20.0,268.0,60,18,,
82.0,VOLTA WERKE,115/22,50,31,2024.0,10084,46494,3367.0,215.0,11.0,39,20.0,35.0,45.0,25.0,26.0,336.0,46,9,,
83.0,MEIDENSHA,115/22,50,31,2020.0,8003,37916,4410.0,161.0,8.0,49,20.0,7.0,128.0,25.0,77.0,430.0,55,24,,
83.0,MEIDENSHA,115/22,50,31,2021.0,3440,77400,5868.0,135.0,49.0,43,20.0,35.0,96.0,32.0,78.0,433.0,58,19,,
83.0,MEIDENSHA,115/22,50,31,2022.0,2925,46392,3627.0,127.0,17.0,48,20.0,30.0,113.0,8.0,85.0,428.0,62,5,,
83.0,MEIDENSHA,115/22,50,31,2023.0,4720,42540,3600.0,120.0,7.0,57,20.0,5.0,115.0,27.0,94.0,425.0,55,9,,
83.0,MEIDENSHA,115/22,50,31,2024.0,2346,30799,5634.0,241.0,14.0,67,20.0,10.0,148.0,25.0,89.0,569.0,53,6,,
84.0,MEIDEN,115/22,50,16,2021.0,2710,26430,2697.0,155.0,44.0,128,20.0,2.0,317.0,19.0,261.0,926.0,63,10,,
84.0,MEIDEN,115/22,50,16,2022.0,5941,48848,1736.0,127.0,10.0,159,20.0,12.0,479.0,19.0,377.0,1183.0,62,9,,
84.0,MEIDEN,115/22,50,16,2023.0,3911,80200,2142.0,235.0,5.0,244,20.0,12.0,623.0,33.0,394.0,1546.0,60,10,,
84.0,MEIDEN,115/22,50,16,2024.0,3157,61696,2436.0,259.0,11.0,258,20.0,8.0,794.0,25.0,503.0,1833.0,63,5,,
85.0,MITSUBISHI,115/22,50,39,2018.0,10097,32587,1863.0,109.0,7.0,16,20.0,35.0,36.0,25.0,39.0,207.0,52,26,,
85.0,MITSUBISHI,115/22,50,39,2019.0,9052,32264,1924.0,135.0,11.0,15,20.0,35.0,30.0,25.0,37.0,191.0,36,13,,
85.0,MITSUBISHI,115/22,50,39,2020.0,18420,45590,1263.0,51.0,43.0,10,20.0,35.0,14.0,2.0,11.0,131.0,54,26,,
85.0,MITSUBISHI,115/22,50,39,2021.0,3285,28142,214.0,37.0,6.0,13,20.0,3.0,26.0,4.0,23.0,112.0,30,13,,
85.0,MITSUBISHI,115/22,50,39,2022.0,10281,28336,1881.0,100.0,10.0,8,20.0,2.0,30.0,3.0,3.0,156.0,63,16,,
85.0,MITSUBISHI,115/22,50,39,2023.0,5996,37579,2008.0,134.0,3.0,17,20.0,5.0,32.0,3.0,30.0,224.0,48,22,,
85.0,MITSUBISHI,115/22,50,39,2024.0,4996,26799,2744.0,163.0,13.0,22,20.0,3.0,23.0,25.0,16.0,240.0,53,16,,
86.0,MEIDEN,115/22,50,20,2017.0,11967,53665,2246.0,107.0,34.0,67,20.0,35.0,193.0,25.0,89.0,490.0,73,28,,
86.0,MEIDEN,115/22,50,20,2018.0,7215,56694,1733.0,120.0,76.0,89,20.0,35.0,253.0,25.0,149.0,687.0,58,7,,
86.0,MEIDEN,115/22,50,20,2019.0,22485,72806,1686.0,112.0,13.0,64,0.3,2.0,170.0,25.0,103.0,464.3,55,7,,
86.0,MEIDEN,115/22,50,20,2020.0,17982,74816,2821.0,124.0,48.0,62,0.6,2.0,256.0,25.0,135.0,627.6,64,6,,
86.0,MEIDEN,115/22,50,20,2021.0,6977,50609,2662.0,116.0,53.0,69,20.0,2.0,218.0,17.0,62.0,319.0,54,6,,
86.0,MEIDEN,115/22,50,20,2022.0,8937,60489,2215.0,138.0,57.0,80,3.0,5.0,231.0,8.0,115.0,637.0,57,10,,
86.0,MEIDEN,115/22,50,20,2023.0,11880,43620,2708.0,135.0,26.0,63,20.0,2.0,193.0,6.0,130.0,555.0,58,12,,
86.0,MEIDEN,115/22,50,20,2024.0,6041,45933,2191.0,133.0,37.0,76,20.0,5.0,230.0,8.0,110.0,599.0,59,10,,
87.0,DAIHEN,115/22,50,12,2019.0,14658,49659,1353.0,401.0,17.0,2,20.0,3.0,55.0,2.0,37.0,425.0,49,13,,
87.0,DAIHEN,115/22,50,12,2020.0,9703,39157,1255.0,463.0,53.0,3,20.0,35.0,55.0,25.0,37.0,519.0,48,7,,
87.0,DAIHEN,115/22,50,12,2021.0,10367,54273,1418.0,229.0,5.0,60,20.0,3.0,1.0,2.0,2.0,242.0,43,6,,
87.0,DAIHEN,115/22,50,12,2022.0,11390,60890,1891.0,408.0,39.0,2,20.0,2.0,1.0,83.0,3.0,538.0,44,16,,
87.0,DAIHEN,115/22,50,12,2023.0,13985,44255,1967.0,695.0,15.0,1,20.0,8.0,4.0,1.0,1.0,725.0,47,10,,
87.0,DAIHEN,115/22,50,12,2024.0,15166,46667,1936.0,681.0,17.0,7,20.0,10.0,2.0,5.0,3.0,725.0,49,9,,
88.0,ABB,115/22,50,13,2019.0,15566,47307,2440.0,640.0,9.0,60,20.0,35.0,55.0,25.0,37.0,649.0,42,23,,
88.0,ABB,115/22,50,13,2020.0,13406,57064,2176.0,899.0,30.0,3,20.0,35.0,1.0,25.0,37.0,933.0,39,13,,
88.0,ABB,115/22,50,13,2021.0,12525,57886,1610.0,299.0,5.0,60,20.0,35.0,1.0,1.0,37.0,306.0,36,18,,
88.0,ABB,115/22,50,13,2022.0,10417,58073,3935.0,1178.0,6.0,10,20.0,4.0,1.0,1.0,1.0,1201.0,42,15,,
88.0,ABB,115/22,50,13,2023.0,20557,70820,3400.0,1141.0,20.0,8,20.0,6.0,1.0,2.0,3.0,1181.0,47,26,,
88.0,ABB,115/22,50,13,2024.0,12696,46842,4150.0,1198.0,7.0,9,20.0,10.0,1.0,18.0,1.0,1244.0,53,14,,
89.0,MEIDEN,115/22,50,12,2019.0,13673,54636,2148.0,638.0,7.0,17,20.0,35.0,4.0,25.0,37.0,666.0,53,24,,
89.0,MEIDEN,115/22,50,12,2020.0,9936,51495,2434.0,724.0,6.0,16,20.0,35.0,5.0,25.0,6.0,757.0,67,10,,
89.0,MEIDEN,115/22,50,12,2021.0,16589,65207,1434.0,531.0,15.0,16,20.0,6.0,4.0,3.0,4.0,579.0,66,29,,
89.0,MEIDEN,115/22,50,12,2022.0,10118,63521,3623.0,870.0,12.0,60,20.0,6.0,5.0,25.0,37.0,893.0,54,14,,
89.0,MEIDEN,115/22,50,12,2023.0,9507,63123,3676.0,945.0,6.0,19,20.0,5.0,7.0,25.0,37.0,982.0,48,8,,
89.0,MEIDEN,115/22,50,12,2024.0,17516,45201,3587.0,969.0,12.0,10,20.0,2.0,2.0,3.0,2.0,1000.0,59,8,,
90.0,MEIDEN,115/22,50,12,2018.0,11531,60237,2640.0,889.0,10.0,12,20.0,4.0,55.0,25.0,37.0,915.0,50,20,,
90.0,MEIDEN,115/22,50,12,2019.0,11003,67164,2666.0,896.0,6.0,13,20.0,35.0,4.0,25.0,3.0,922.0,63,9,,
90.0,MEIDEN,115/22,50,12,2020.0,21669,78804,2912.0,1029.0,7.0,13,20.0,5.0,3.0,2.0,3.0,462.0,61,18,,
90.0,MEIDEN,115/22,50,12,2021.0,11818,72224,3795.0,1217.0,11.0,17,20.0,5.0,55.0,3.0,4.0,1257.0,55,11,,
90.0,MEIDEN,115/22,50,12,2022.0,8577,80548,4023.0,1234.0,2.0,26,20.0,6.0,3.0,2.0,2.0,1275.0,54,10,,
90.0,MEIDEN,115/22,50,12,2023.0,12993,62572,3820.0,1004.0,9.0,13,20.0,7.0,5.0,25.0,37.0,1038.0,44,8,,
90.0,MEIDEN,115/22,50,12,2024.0,16470,27170,3933.0,1070.0,3.0,7,20.0,4.0,1.0,3.0,2.0,1090.0,58,9,,
91.0,FUJI,115/22,50,26,2019.0,19634,55348,285.0,15.0,1.0,2,20.0,35.0,55.0,25.0,37.0,18.0,35,15,,
91.0,FUJI,115/22,50,26,2020.0,3950,24330,685.0,49.0,37.0,10,20.0,35.0,5.0,2.0,2.0,105.0,46,11,,
91.0,FUJI,115/22,50,26,2021.0,2315,14873,934.0,104.0,2.0,15,20.0,2.0,14.0,2.0,5.0,144.0,46,18,,
91.0,FUJI,115/22,50,26,2022.0,3859,24988,988.0,122.0,2.0,21,20.0,2.0,29.0,2.0,17.0,195.0,48,8,,
91.0,FUJI,115/22,50,26,2023.0,9221,34373,990.0,111.0,2.0,31,20.0,3.0,34.0,3.0,17.0,201.0,43,14,,
91.0,FUJI,115/22,50,26,2024.0,11376,42791,1029.0,99.0,3.0,28,20.0,3.0,51.0,25.0,30.0,214.0,42,26,,
92.0,DAIHEN,115/22,50,11,2020.0,11558,63227,1572.0,802.0,12.0,4,20.0,2.0,2.0,1.0,5.0,828.0,52,12,,
92.0,DAIHEN,115/22,50,11,2021.0,10588,48287,1739.0,694.0,18.0,60,20.0,7.0,58.0,25.0,37.0,777.0,51,17,,
92.0,DAIHEN,115/22,50,11,2022.0,10432,64407,1995.0,550.0,14.0,3,20.0,3.0,2.0,3.0,3.0,578.0,50,11,,
92.0,DAIHEN,115/22,50,11,2023.0,7830,60470,2114.0,778.0,8.0,5,20.0,6.0,2.0,31.0,6.0,836.0,45,8,,
92.0,DAIHEN,115/22,50,11,2024.0,8374,38378,2000.0,520.0,7.0,3,20.0,7.0,1.0,3.0,4.0,545.0,48,13,,
93.0,DAIHEN,115/22,50,11,2019.0,13439,64905,1750.0,882.0,65.0,9,20.0,2.0,10.0,3.0,12.0,983.0,53,10,,
93.0,DAIHEN,115/22,50,11,2020.0,4797,54671,2158.0,976.0,26.0,5,20.0,5.0,6.0,7.0,6.0,1031.0,50,7,,
93.0,DAIHEN,115/22,50,11,2021.0,6097,54671,2052.0,358.0,40.0,5,20.0,3.0,4.0,5.0,6.0,421.0,54,9,,
93.0,DAIHEN,115/22,50,11,2022.0,8947,63684,2145.0,599.0,7.0,6,20.0,3.0,6.0,2.0,7.0,630.0,50,7,,
93.0,DAIHEN,115/22,50,11,2023.0,10846,63849,2703.0,1195.0,27.0,14,20.0,12.0,11.0,7.0,14.0,1280.0,48,8,,
93.0,DAIHEN,115/22,50,11,2024.0,7193,47072,2529.0,1161.0,26.0,12,20.0,12.0,9.0,15.0,3.0,1238.0,50,9,,
94.0,MEIDEN,115/22,50,25,2020.0,10888,48166,4481.0,920.0,17.0,12,20.0,35.0,4.0,25.0,37.0,953.0,52,19,,
94.0,MEIDEN,115/22,50,25,2021.0,7036,54713,4340.0,1022.0,3.0,19,20.0,13.0,4.0,6.0,2.0,1069.0,58,15,,
94.0,MEIDEN,115/22,50,25,2022.0,12874,66972,4582.0,965.0,4.0,7,20.0,8.0,3.0,3.0,37.0,990.0,58,10,,
94.0,MEIDEN,115/22,50,25,2023.0,8770,55150,4957.0,981.0,2.0,27,20.0,29.0,5.0,6.0,4.0,1054.0,54,15,,
94.0,MEIDEN,115/22,50,25,2024.0,11161,50554,5234.0,1045.0,18.0,10,20.0,17.0,7.0,6.0,4.0,1107.0,63,13,,
95.0,MEIDEN,115/22,50,25,2020.0,7384,48229,4038.0,961.0,17.0,15,20.0,35.0,5.0,25.0,2.0,1000.0,54,10,,
95.0,MEIDEN,115/22,50,25,2021.0,11570,67470,3602.0,423.0,3.0,6,20.0,1.0,3.0,25.0,2.0,438.0,58,11,,
95.0,MEIDEN,115/22,50,25,2022.0,10253,77914,4129.0,849.0,4.0,8,20.0,3.0,5.0,25.0,3.0,872.0,53,9,,
95.0,MEIDEN,115/22,50,25,2023.0,10490,65160,4370.0,956.0,3.0,31,20.0,4.0,4.0,3.0,4.0,1005.0,48,13,,
95.0,MEIDEN,115/22,50,25,2024.0,12638,86874,4987.0,1024.0,7.0,16,20.0,12.0,6.0,4.0,5.0,1074.0,62,11,,
96.0,HYUNDAI,115/22,50,16,2019.0,8400,45580,953.0,20.0,13.0,32,20.0,35.0,85.0,25.0,66.0,216.0,55,9,,
96.0,HYUNDAI,115/22,50,16,2020.0,2846,33547,896.0,20.0,7.0,36,20.0,35.0,77.0,25.0,20.0,160.0,40,9,,
96.0,HYUNDAI,115/22,50,16,2021.0,6397,52309,934.0,28.0,21.0,36,20.0,21.0,76.0,15.0,56.0,253.0,47,11,,
96.0,HYUNDAI,115/22,50,16,2022.0,3697,43662,953.0,28.0,2.0,32,20.0,5.0,86.0,14.0,68.0,235.0,48,15,,
96.0,HYUNDAI,115/22,50,16,2023.0,4060,41870,795.0,14.0,2.0,32,20.0,5.0,83.0,13.0,60.0,209.0,32,4,,
96.0,HYUNDAI,115/22,50,16,2024.0,5840,45376,790.0,21.0,7.0,50,20.0,9.0,112.0,13.0,69.0,281.0,30,11,,
97.0,MEIDEN,115/22,50,12,2018.0,9172,44542,1460.0,110.0,10.0,60,20.0,35.0,55.0,25.0,37.0,120.0,57,23,,
97.0,MEIDEN,115/22,50,12,2019.0,20750,67380,1503.0,736.0,24.0,6,20.0,35.0,55.0,25.0,37.0,766.0,30,24,,
97.0,MEIDEN,115/22,50,12,2020.0,10426,43109,1778.0,764.0,29.0,7,20.0,1.0,2.0,1.0,1.0,805.0,48,14,,
97.0,MEIDEN,115/22,50,12,2021.0,9516,72728,3425.0,997.0,7.0,7,20.0,35.0,2.0,25.0,2.0,1015.0,44,13,,
97.0,MEIDEN,115/22,50,12,2022.0,9210,67450,3699.0,1199.0,5.0,8,20.0,35.0,2.0,4.0,1.0,1219.0,60,10,,
97.0,MEIDEN,115/22,50,12,2023.0,12225,63426,2890.0,930.0,2.0,8,20.0,2.0,1.0,5.0,1.0,949.0,38,13,,
97.0,MEIDEN,115/22,50,12,2024.0,15163,77975,3741.0,1353.0,7.0,16,20.0,4.0,3.0,1.0,2.0,1386.0,58,11,,
98.0,MITSUBISHI,115/22,50,26,2019.0,7608,27668,1176.0,98.0,47.0,23,20.0,35.0,87.0,25.0,14.0,269.0,48,19,,
98.0,MITSUBISHI,115/22,50,26,2020.0,2491,27271,1204.0,127.0,60.0,40,20.0,6.0,48.0,11.0,24.0,316.0,51,13,,
98.0,MITSUBISHI,115/22,50,26,2021.0,4589,37288,1150.0,73.0,55.0,35,20.0,8.0,51.0,2.0,32.0,256.0,43,9,,
98.0,MITSUBISHI,115/22,50,26,2022.0,7944,28462,1166.0,113.0,44.0,60,20.0,35.0,75.0,25.0,18.0,250.0,44,14,,
98.0,MITSUBISHI,115/22,50,26,2023.0,3889,32241,5621.0,243.0,46.0,38,20.0,1.0,64.0,8.0,39.0,439.0,62,21,,
98.0,MITSUBISHI,115/22,50,26,2024.0,9497,32592,1592.0,250.0,22.0,53,20.0,6.0,87.0,11.0,50.0,479.0,55,16,,
99.0,FUJI,115/22,50,31,2019.0,8011,37299,1371.0,105.0,33.0,48,20.0,10.0,122.0,25.0,65.0,383.0,47,18,,
99.0,FUJI,115/22,50,31,2020.0,15330,50000,958.0,94.0,67.0,67,20.0,4.0,176.0,25.0,99.0,507.0,63,17,,
99.0,FUJI,115/22,50,31,2021.0,5510,50476,1866.0,85.0,36.0,57,20.0,3.0,134.0,25.0,76.0,391.0,50,9,,
99.0,FUJI,115/22,50,31,2022.0,6851,33815,1518.0,121.0,30.0,60,20.0,9.0,154.0,25.0,40.0,354.0,49,18,,
99.0,FUJI,115/22,50,31,2023.0,5304,33095,3761.0,131.0,10.0,36,20.0,3.0,117.0,2.0,62.0,361.0,55,6,,
99.0,FUJI,115/22,50,31,2024.0,11498,32702,1370.0,156.0,15.0,57,20.0,9.0,184.0,7.0,83.0,511.0,61,17,,
100.0,EKARAT,115/22,50,26,2019.0,8010,50681,1272.0,396.0,64.0,7,20.0,35.0,55.0,25.0,37.0,467.0,46,15,,
100.0,EKARAT,115/22,50,26,2020.0,8660,53000,1300.0,300.0,28.0,60,20.0,35.0,55.0,25.0,37.0,328.0,48,21,,
100.0,EKARAT,115/22,50,26,2021.0,9199,53713,2603.0,638.0,26.0,60,20.0,12.0,11.0,25.0,37.0,687.0,47,11,,
100.0,EKARAT,115/22,50,26,2022.0,6923,60212,3755.0,1387.0,29.0,12,20.0,11.0,2.0,4.0,3.0,1448.0,47,7,,
100.0,EKARAT,115/22,50,26,2023.0,4541,66715,3120.0,794.0,18.0,6,20.0,8.0,2.0,2.0,1.0,831.0,50,9,,
100.0,EKARAT,115/22,50,26,2024.0,11529,69504,4228.0,1431.0,22.0,8,20.0,17.0,7.0,7.0,13.0,1505.0,48,9,,
101.0,VOLTA WERKE,115/22,50,31,2015.0,5784,24443,281.0,34.0,13.0,9,20.0,2.0,6.0,5.0,9.0,78.0,51,9,,
101.0,VOLTA WERKE,115/22,50,31,2016.0,4880,18279,857.0,108.0,24.0,18,20.0,5.0,12.0,3.0,11.0,181.0,53,8,,
101.0,VOLTA WERKE,115/22,50,31,2017.0,9731,34141,1038.0,186.0,133.0,76,98.0,47.0,23.0,22.0,12.0,597.0,34,10,,
101.0,VOLTA WERKE,115/22,50,31,2018.0,6796,23818,1222.0,205.0,173.0,132,153.0,78.0,38.0,24.0,19.0,822.0,34,8,,
101.0,VOLTA WERKE,115/22,50,31,2019.0,8843,27425,429.0,26.0,21.0,11,24.0,14.0,9.0,9.0,8.0,122.0,34,8,,
101.0,VOLTA WERKE,115/22,50,31,2020.0,20054,49554,669.0,37.0,16.0,16,21.0,15.0,10.0,11.0,7.0,133.0,50,12,,
101.0,VOLTA WERKE,115/22,50,31,2021.0,2768,10776,96.0,8.0,12.0,60,20.0,35.0,1.0,25.0,37.0,21.0,30,6,,
101.0,VOLTA WERKE,115/22,50,31,2022.0,5214,15216,157.0,15.0,35.0,1,2.0,1.0,3.0,25.0,5.0,62.0,46,8,,
101.0,VOLTA WERKE,115/22,50,31,2023.0,18235,50854,315.0,23.0,16.0,1,2.0,1.0,55.0,1.0,1.0,45.0,25,9,,
101.0,VOLTA WERKE,115/22,50,31,2024.0,7476,23967,521.0,53.0,5.0,2,20.0,1.0,4.0,1.0,6.0,72.0,51,19,,
102.0,TAKAOKA,115/22,50,29,2017.0,9426,37568,171.0,15.0,45.0,60,20.0,35.0,3.0,25.0,10.0,28.0,32,12,,
102.0,TAKAOKA,115/22,50,29,2018.0,13150,41025,260.0,30.0,44.0,60,20.0,35.0,55.0,25.0,37.0,74.0,44,14,,
102.0,TAKAOKA,115/22,50,29,2019.0,4997,24874,537.0,14.0,14.0,60,20.0,35.0,6.0,25.0,37.0,34.0,48,19,,
102.0,TAKAOKA,115/22,50,29,2020.0,12274,41658,586.0,19.0,9.0,60,20.0,35.0,11.0,25.0,37.0,39.0,45,13,,
102.0,TAKAOKA,115/22,50,29,2021.0,6375,35320,670.0,58.0,16.0,9,20.0,35.0,7.0,2.0,4.0,96.0,56,15,,
102.0,TAKAOKA,115/22,50,29,2022.0,6263,23370,864.0,74.0,126.0,29,20.0,3.0,14.0,25.0,6.0,252.0,56,14,,
102.0,TAKAOKA,115/22,50,29,2023.0,4910,32830,776.0,62.0,101.0,15,20.0,1.0,12.0,2.0,7.0,200.0,62,17,,
102.0,TAKAOKA,115/22,50,29,2024.0,3275,21666,1027.0,175.0,105.0,17,20.0,13.0,18.0,5.0,6.0,339.0,57,10,,
103.0,RADE KONCAR,115/22,50,20,2017.0,10372,46921,950.0,950.0,302.0,76,340.0,135.0,9.0,37.0,37.0,899.0,40,8,,
103.0,RADE KONCAR,115/22,50,20,2018.0,30764,61585,247.0,26.0,45.0,60,20.0,35.0,55.0,25.0,37.0,26.0,36,15,,
103.0,RADE KONCAR,115/22,50,20,2019.0,12989,30227,25.0,950.0,2.0,60,20.0,35.0,55.0,25.0,37.0,2.0,42,14,,
103.0,RADE KONCAR,115/22,50,20,2020.0,19918,42698,32.0,950.0,20.0,60,20.0,35.0,55.0,25.0,37.0,20.0,42,16,,
103.0,RADE KONCAR,115/22,50,20,2021.0,11570,25384,218.0,11.0,10.0,60,20.0,35.0,55.0,25.0,37.0,21.0,34,18,,
103.0,RADE KONCAR,115/22,50,20,2022.0,21307,57698,1408.0,95.0,10.0,1,20.0,35.0,55.0,25.0,37.0,106.0,47,14,,
103.0,RADE KONCAR,115/22,50,20,2023.0,31905,79451,1729.0,129.0,23.0,2,20.0,1.0,1.0,2.0,1.0,159.0,40,16,,
103.0,RADE KONCAR,115/22,50,20,2024.0,29203,75427,5188.0,537.0,23.0,5,20.0,2.0,2.0,2.0,2.0,573.0,49,15,,
104.0,VOLTA WERKE,115/22,50,31,2019.0,10720,43042,1225.0,105.0,12.0,75,20.0,11.0,199.0,25.0,103.0,505.0,49,16,,
104.0,VOLTA WERKE,115/22,50,31,2020.0,8785,37054,1928.0,127.0,33.0,71,20.0,15.0,165.0,25.0,43.0,454.0,54,13,,
104.0,VOLTA WERKE,115/22,50,31,2021.0,5712,46800,1523.0,102.0,21.0,5,20.0,35.0,16.0,25.0,15.0,159.0,47,30,,
104.0,VOLTA WERKE,115/22,50,31,2022.0,7583,39784,1276.0,82.0,12.0,19,20.0,2.0,111.0,8.0,119.0,353.0,48,8,,
104.0,VOLTA WERKE,115/22,50,31,2023.0,8220,28918,1149.0,82.0,21.0,31,20.0,8.0,147.0,7.0,89.0,385.0,35,11,,
104.0,VOLTA WERKE,115/22,50,31,2024.0,7350,27070,1126.0,88.0,29.0,51,20.0,15.0,210.0,46.0,200.0,639.0,47,25,,
105.0,MITSUBISHI,115/22,50,27,2019.0,3098,28782,1971.0,169.0,10.0,20,20.0,35.0,43.0,25.0,10.0,252.0,54,18,,
105.0,MITSUBISHI,115/22,50,27,2020.0,6317,45758,1443.0,146.0,5.0,23,20.0,2.0,20.0,25.0,9.0,205.0,52,32,,
105.0,MITSUBISHI,115/22,50,27,2021.0,4195,49255,1776.0,89.0,18.0,18,20.0,35.0,16.0,25.0,16.0,157.0,57,24,,
105.0,MITSUBISHI,115/22,50,27,2022.0,6099,25130,1941.0,102.0,13.0,13,20.0,35.0,33.0,25.0,37.0,161.0,53,17,,
105.0,MITSUBISHI,115/22,50,27,2023.0,13492,55850,2554.0,172.0,20.0,6,20.0,3.0,33.0,2.0,6.0,242.0,56,18,,
105.0,MITSUBISHI,115/22,50,27,2024.0,18169,44864,2571.0,230.0,15.0,15,20.0,2.0,37.0,3.0,18.0,320.0,64,18,,
106.0,MITSUBISHI,115/22,50,26,2020.0,5102,30005,1627.0,132.0,9.0,21,20.0,35.0,31.0,25.0,7.0,200.0,55,24,,
106.0,MITSUBISHI,115/22,50,26,2021.0,7895,46766,1170.0,94.0,12.0,27,20.0,35.0,17.0,25.0,3.0,153.0,34,26,,
106.0,MITSUBISHI,115/22,50,26,2022.0,10463,41044,1093.0,65.0,6.0,16,20.0,35.0,25.0,25.0,37.0,112.0,36,18,,
106.0,MITSUBISHI,115/22,50,26,2023.0,4363,53394,1366.0,276.0,10.0,69,20.0,22.0,43.0,148.0,31.0,599.0,37,18,,
106.0,MITSUBISHI,115/22,50,26,2024.0,4980,43270,1388.0,261.0,8.0,62,20.0,22.0,41.0,6.0,28.0,428.0,36,14,,
107.0,MEIDEN,115/22,50,13,2020.0,29516,76368,2832.0,828.0,13.0,3,20.0,35.0,3.0,25.0,2.0,849.0,54,35,,
107.0,MEIDEN,115/22,50,13,2021.0,19489,57791,2646.0,836.0,6.0,60,20.0,35.0,31.0,25.0,37.0,873.0,36,32,,
107.0,MEIDEN,115/22,50,13,2022.0,22548,61539,1779.0,315.0,3.0,15,20.0,20.0,2.0,25.0,2.0,357.0,36,14,,
107.0,MEIDEN,115/22,50,13,2023.0,7352,63223,1959.0,676.0,2.0,7,20.0,9.0,4.0,3.0,2.0,703.0,65,11,,
107.0,MEIDEN,115/22,50,13,2024.0,6423,38458,2493.0,854.0,4.0,11,20.0,11.0,9.0,25.0,37.0,889.0,36,19,,
108.0,MEIDEN,115/22,50,27,2020.0,5665,60459,4412.0,353.0,3.0,147,20.0,3.0,465.0,25.0,280.0,1251.0,67,12,,
108.0,MEIDEN,115/22,50,27,2021.0,7651,64569,3461.0,331.0,7.0,272,20.0,2.0,519.0,25.0,313.0,1444.0,36,20,,
108.0,MEIDEN,115/22,50,27,2022.0,15526,48207,1652.0,154.0,2.0,20,20.0,8.0,68.0,25.0,66.0,318.0,90,14,,
108.0,MEIDEN,115/22,50,27,2023.0,7635,37408,1009.0,95.0,2.0,10,20.0,4.0,44.0,3.0,39.0,197.0,63,11,,
108.0,MEIDEN,115/22,50,27,2024.0,6344,37503,1360.0,125.0,3.0,29,20.0,5.0,72.0,25.0,61.0,295.0,36,16,,
109.0,MEIDEN,115/22,50,18,2020.0,6015,74038,2521.0,182.0,9.0,110,20.0,17.0,418.0,77.0,489.0,1302.0,58,15,,
109.0,MEIDEN,115/22,50,18,2021.0,7181,62836,2260.0,186.0,6.0,81,20.0,11.0,357.0,25.0,278.0,919.0,36,22,,
109.0,MEIDEN,115/22,50,18,2022.0,12084,70613,1714.0,138.0,2.0,40,20.0,7.0,209.0,6.0,269.0,671.0,36,14,,
109.0,MEIDEN,115/22,50,18,2023.0,8282,61147,1819.0,147.0,2.0,69,20.0,8.0,222.0,6.0,227.0,681.0,62,12,,
109.0,MEIDEN,115/22,50,18,2024.0,6134,68431,2119.0,168.0,6.0,83,20.0,6.0,332.0,25.0,320.0,915.0,36,17,,
110.0,MIDENSHA,115/22,50,13,2020.0,11758,47052,3375.0,1125.0,2.0,10,20.0,35.0,3.0,25.0,37.0,1140.0,60,12,,
110.0,MIDENSHA,115/22,50,13,2021.0,14773,71875,2056.0,835.0,14.0,7,20.0,35.0,3.0,25.0,3.0,862.0,58,7,,
110.0,MIDENSHA,115/22,50,13,2022.0,16210,152660,2438.0,601.0,57.0,4,20.0,35.0,2.0,25.0,37.0,664.0,57,15,,
110.0,MIDENSHA,115/22,50,13,2023.0,13615,61535,3114.0,909.0,6.0,60,20.0,35.0,13.0,25.0,10.0,938.0,52,5,,
110.0,MIDENSHA,115/22,50,13,2024.0,9090,66751,3254.0,1081.0,1.0,9,20.0,35.0,3.0,4.0,3.0,1101.0,55,11,,
111.0,MEIDENSHA,115/22,50,12,2020.0,11282,40095,4061.0,1269.0,3.0,10,20.0,3.0,3.0,25.0,37.0,1288.0,62,13,,
111.0,MEIDENSHA,115/22,50,12,2021.0,14708,71602,2606.0,1065.0,11.0,8,20.0,35.0,4.0,25.0,9.0,1097.0,60,7,,
111.0,MEIDENSHA,115/22,50,12,2022.0,570,3840,107.0,33.0,2.0,60,20.0,35.0,55.0,25.0,37.0,35.0,58,15,,
111.0,MEIDENSHA,115/22,50,12,2023.0,12076,60028,3620.0,1151.0,5.0,60,20.0,6.0,55.0,25.0,37.0,1162.0,52,8,,
111.0,MEIDENSHA,115/22,50,12,2024.0,11600,70630,3366.0,1064.0,3.0,8,20.0,4.0,3.0,25.0,37.0,1082.0,54,9,,
112.0,FUJI,115/22,50,26,2020.0,4111,38190,4800.0,91.0,4.0,66,20.0,3.0,164.0,25.0,104.0,432.0,60,20,,
112.0,FUJI,115/22,50,26,2021.0,23492,62861,1821.0,32.0,5.0,39,20.0,35.0,156.0,25.0,120.0,352.0,58,13,,
112.0,FUJI,115/22,50,26,2022.0,4910,47550,3611.0,52.0,42.0,40,20.0,35.0,111.0,44.0,77.0,366.0,67,19,,
112.0,FUJI,115/22,50,26,2023.0,3724,32529,4787.0,97.0,7.0,60,20.0,5.0,220.0,25.0,55.0,384.0,52,11,,
112.0,FUJI,115/22,50,26,2024.0,4280,43320,4120.0,77.0,2.0,71,20.0,35.0,199.0,6.0,108.0,463.0,60,16,,
113.0,OSAKA,115/22,50,34,2017.0,3291,45202,2986.0,389.0,9.0,89,20.0,12.0,239.0,25.0,238.0,976.0,60,21,,
113.0,OSAKA,115/22,50,34,2018.0,10523,53214,1560.0,216.0,7.0,42,20.0,9.0,167.0,25.0,196.0,637.0,46,41,,
113.0,OSAKA,115/22,50,34,2019.0,4159,39724,750.0,174.0,8.0,9,20.0,1.0,53.0,25.0,106.0,351.0,50,18,,
113.0,OSAKA,115/22,50,34,2020.0,3370,162150,1129.0,169.0,76.0,35,20.0,1.0,29.0,10.0,58.0,378.0,54,17,,
113.0,OSAKA,115/22,50,34,2021.0,3434,68612,1912.0,451.0,33.0,68,20.0,6.0,48.0,25.0,79.0,685.0,36,18,,
113.0,OSAKA,115/22,50,34,2022.0,7043,56656,1581.0,345.0,13.0,60,20.0,5.0,52.0,25.0,36.0,451.0,42,12,,
113.0,OSAKA,115/22,50,34,2023.0,3940,68500,1803.0,363.0,15.0,61,20.0,3.0,49.0,16.0,87.0,594.0,50,20,,
113.0,OSAKA,115/22,50,34,2024.0,4441,48222,1592.0,311.0,28.0,14,20.0,5.0,42.0,12.0,52.0,464.0,45,17,,
114.0,VOLTA WERKE,115/22,50,30,2019.0,9587,41391,1557.0,104.0,16.0,80,20.0,35.0,167.0,25.0,82.0,449.0,54,26,,
114.0,VOLTA WERKE,115/22,50,30,2020.0,9330,48060,950.0,950.0,23.0,89,20.0,35.0,223.0,25.0,147.0,482.0,52,24,,
114.0,VOLTA WERKE,115/22,50,30,2021.0,8865,41590,1639.0,90.0,22.0,99,20.0,6.0,226.0,143.0,37.0,586.0,49,10,,
114.0,VOLTA WERKE,115/22,50,30,2022.0,6830,42720,2351.0,81.0,12.0,84,20.0,1.0,202.0,17.0,154.0,551.0,50,17,,
114.0,VOLTA WERKE,115/22,50,30,2023.0,4052,60101,2586.0,148.0,4.0,105,20.0,5.0,274.0,8.0,140.0,684.0,54,13,,
114.0,VOLTA WERKE,115/22,50,30,2024.0,13190,32370,2712.0,144.0,5.0,65,20.0,4.0,179.0,9.0,149.0,555.0,60,14,,
115.0,OSAKA,115/22,50,32,2018.0,8308,35086,3287.0,342.0,141.0,83,20.0,19.0,270.0,12.0,171.0,1038.0,60,34,,
115.0,OSAKA,115/22,50,32,2019.0,9540,70060,950.0,950.0,79.0,67,20.0,25.0,280.0,106.0,288.0,845.0,53,6,,
115.0,OSAKA,115/22,50,32,2020.0,8590,231570,1142.0,86.0,22.0,32,20.0,4.0,120.0,56.0,126.0,446.0,54,24,,
115.0,OSAKA,115/22,50,32,2021.0,5390,70035,4182.0,462.0,44.0,80,20.0,21.0,269.0,44.0,147.0,1067.0,54,20,,
115.0,OSAKA,115/22,50,32,2022.0,4310,76822,4642.0,499.0,40.0,63,20.0,17.0,245.0,68.0,231.0,1163.0,54,29,,
115.0,OSAKA,115/22,50,32,2023.0,9390,47300,6445.0,322.0,41.0,55,20.0,19.0,164.0,67.0,266.0,934.0,52,27,,
115.0,OSAKA,115/22,50,32,2024.0,10070,52620,5664.0,545.0,32.0,122,20.0,114.0,330.0,323.0,445.0,1911.0,65,31,,
116.0,MITSUBISHI,115/22,50,33,2019.0,13318,40923,2324.0,148.0,18.0,39,20.0,12.0,51.0,54.0,17.0,339.0,54,27,,
116.0,MITSUBISHI,115/22,50,33,2020.0,11444,84370,2695.0,275.0,23.0,42,20.0,5.0,55.0,12.0,35.0,392.0,52,29,,
116.0,MITSUBISHI,115/22,50,33,2021.0,10550,202740,850.0,66.0,40.0,14,20.0,1.0,25.0,6.0,18.0,170.0,49,25,,
116.0,MITSUBISHI,115/22,50,33,2022.0,11803,40155,1354.0,363.0,9.0,60,20.0,35.0,10.0,25.0,37.0,382.0,53,30,,
116.0,MITSUBISHI,115/22,50,33,2023.0,12920,73909,1987.0,354.0,4.0,30,20.0,5.0,52.0,9.0,33.0,487.0,55,26,,
116.0,MITSUBISHI,115/22,50,33,2024.0,12560,43470,5024.0,229.0,7.0,26,20.0,6.0,41.0,17.0,39.0,365.0,52,25,,
117.0,MITSUBISHI,115/22,50,24,2019.0,11912,44532,2602.0,119.0,9.0,34,20.0,35.0,115.0,25.0,71.0,348.0,49,11,,
117.0,MITSUBISHI,115/22,50,24,2020.0,6552,44809,2247.0,103.0,9.0,53,20.0,3.0,148.0,25.0,69.0,385.0,60,15,,
117.0,MITSUBISHI,115/22,50,24,2021.0,9955,46868,2495.0,94.0,16.0,28,20.0,35.0,98.0,9.0,67.0,279.0,36,16,,
117.0,MITSUBISHI,115/22,50,24,2022.0,6203,40401,2551.0,98.0,26.0,12,20.0,2.0,161.0,25.0,74.0,373.0,56,15,,
117.0,MITSUBISHI,115/22,50,24,2023.0,9429,52896,2615.0,105.0,4.0,48,20.0,3.0,153.0,25.0,80.0,393.0,51,21,,
117.0,MITSUBISHI,115/22,50,24,2024.0,9452,44425,2346.0,89.0,32.0,54,20.0,4.0,227.0,6.0,91.0,503.0,57,13,,
118.0,MITSUBISHI,115/22,50,26,2017.0,6502,41957,2967.0,124.0,10.0,27,20.0,35.0,51.0,25.0,40.0,252.0,47,15,,
118.0,MITSUBISHI,115/22,50,26,2018.0,4263,44779,2292.0,113.0,17.0,52,20.0,3.0,94.0,25.0,40.0,319.0,68,24,,
118.0,MITSUBISHI,115/22,50,26,2019.0,10041,50936,2759.0,103.0,25.0,27,20.0,35.0,79.0,25.0,54.0,288.0,45,15,,
118.0,MITSUBISHI,115/22,50,26,2020.0,6174,24826,2389.0,47.0,9.0,30,20.0,35.0,95.0,10.0,71.0,262.0,54,15,,
118.0,MITSUBISHI,115/22,50,26,2021.0,4427,35643,1906.0,775.0,38.0,64,20.0,3.0,109.0,25.0,54.0,1043.0,48,17,,
118.0,MITSUBISHI,115/22,50,26,2022.0,2915,26778,2805.0,61.0,19.0,36,20.0,35.0,109.0,10.0,76.0,311.0,50,13,,
118.0,MITSUBISHI,115/22,50,26,2023.0,4095,31679,1680.0,78.0,19.0,48,20.0,6.0,126.0,9.0,57.0,343.0,52,19,,
118.0,MITSUBISHI,115/22,50,26,2024.0,4804,18547,1166.0,42.0,49.0,23,20.0,2.0,75.0,3.0,45.0,239.0,55,19,,
119.0,ABB,115/22,50,13,2019.0,27330,95190,1865.0,561.0,19.0,3,20.0,35.0,55.0,25.0,37.0,583.0,40,18,,
119.0,ABB,115/22,50,13,2020.0,17546,72003,1460.0,367.0,29.0,2,20.0,1.0,1.0,1.0,1.0,402.0,40,13,,
119.0,ABB,115/22,50,13,2021.0,14960,55120,2843.0,590.0,3.0,2,20.0,35.0,55.0,1.0,1.0,597.0,44,7,,
119.0,ABB,115/22,50,13,2022.0,19470,63430,2292.0,583.0,4.0,2,20.0,35.0,55.0,5.0,1.0,595.0,56,11,,
119.0,ABB,115/22,50,13,2023.0,20871,64042,1831.0,563.0,3.0,3,20.0,2.0,1.0,4.0,37.0,576.0,45,8,,
119.0,ABB,115/22,50,13,2024.0,22169,71759,2125.0,616.0,6.0,3,20.0,6.0,1.0,1.0,2.0,635.0,40,22,,
120.0,ABB,115/22,50,13,2020.0,24340,37000,1496.0,396.0,17.0,2,20.0,35.0,55.0,25.0,37.0,415.0,40,18,,
120.0,ABB,115/22,50,13,2021.0,18889,34205,1844.0,408.0,22.0,4,20.0,35.0,8.0,25.0,1.0,443.0,42,16,,
120.0,ABB,115/22,50,13,2022.0,25852,55180,1706.0,490.0,7.0,60,20.0,35.0,11.0,25.0,37.0,508.0,46,14,,
120.0,ABB,115/22,50,13,2023.0,27476,56008,2086.0,473.0,10.0,4,20.0,4.0,55.0,25.0,37.0,491.0,56,8,,
120.0,ABB,115/22,50,13,2024.0,27710,68992,2874.0,687.0,7.0,7,20.0,7.0,1.0,1.0,1.0,711.0,43,14,,
121.0,ABB,115/22,50,13,2020.0,36492,59936,644.0,30.0,4.0,60,20.0,35.0,55.0,25.0,37.0,34.0,36,36,,
121.0,ABB,115/22,50,13,2021.0,15472,62534,1045.0,305.0,9.0,2,20.0,17.0,3.0,7.0,2.0,345.0,36,8,,
121.0,ABB,115/22,50,13,2022.0,14235,75664,1270.0,450.0,2.0,6,20.0,14.0,13.0,6.0,5.0,496.0,36,9,,
121.0,ABB,115/22,50,13,2023.0,5378,67956,2295.0,685.0,18.0,16,20.0,15.0,4.0,4.0,2.0,744.0,36,25,,
121.0,ABB,115/22,50,13,2024.0,4766,36204,2557.0,781.0,16.0,5,20.0,15.0,11.0,25.0,37.0,828.0,40,25,,
122.0,ABB,115/22,50,18,2020.0,2533,40702,1510.0,131.0,50.0,114,20.0,6.0,242.0,25.0,128.0,671.0,48,13,,
122.0,ABB,115/22,50,18,2021.0,16036,43907,1016.0,83.0,18.0,68,20.0,5.0,437.0,25.0,125.0,736.0,50,37,,
122.0,ABB,115/22,50,18,2022.0,18462,49174,1531.0,136.0,39.0,71,20.0,2.0,292.0,4.0,143.0,687.0,33,10,,
122.0,ABB,115/22,50,18,2023.0,5285,45291,1735.0,155.0,19.0,126,20.0,7.0,288.0,25.0,157.0,752.0,39,9,,
122.0,ABB,115/22,50,18,2024.0,9048,37164,1388.0,159.0,13.0,53,20.0,3.0,206.0,33.0,208.0,675.0,48,19,,
123.0,DAIHEN,115/22,50,11,2020.0,15254,61704,714.0,452.0,26.0,4,20.0,2.0,4.0,25.0,7.0,495.0,48,18,,
123.0,DAIHEN,115/22,50,11,2021.0,18137,63192,475.0,376.0,40.0,6,20.0,7.0,3.0,5.0,4.0,441.0,51,13,,
123.0,DAIHEN,115/22,50,11,2022.0,12638,62651,1046.0,475.0,34.0,2,20.0,2.0,3.0,25.0,4.0,520.0,35,10,,
123.0,DAIHEN,115/22,50,11,2023.0,7030,52210,1213.0,561.0,15.0,4,20.0,9.0,3.0,26.0,4.0,622.0,41,9,,
123.0,DAIHEN,115/22,50,11,2024.0,20033,39245,1588.0,531.0,13.0,6,20.0,8.0,4.0,3.0,7.0,572.0,50,10,,
124.0,VOLTA WERKE,115/22,50,31,2020.0,8540,20347,451.0,38.0,14.0,18,20.0,35.0,23.0,25.0,14.0,107.0,43,8,,
124.0,VOLTA WERKE,115/22,50,31,2021.0,21266,53777,747.0,48.0,29.0,60,20.0,35.0,72.0,25.0,15.0,164.0,41,18,,
124.0,VOLTA WERKE,115/22,50,31,2022.0,7361,27693,778.0,54.0,37.0,12,20.0,35.0,22.0,25.0,14.0,139.0,34,16,,
124.0,VOLTA WERKE,115/22,50,31,2023.0,3460,19430,849.0,52.0,45.0,21,20.0,1.0,34.0,14.0,18.0,185.0,44,6,,
124.0,VOLTA WERKE,115/22,50,31,2024.0,9901,42377,834.0,110.0,45.0,27,20.0,9.0,39.0,2.0,27.0,259.0,48,15,,
125.0,ABB,115/22,50,17,2019.0,9515,41133,1469.0,127.0,12.0,17,20.0,35.0,10.0,25.0,37.0,166.0,50,20,,
125.0,ABB,115/22,50,17,2020.0,8642,42569,1529.0,132.0,12.0,30,20.0,35.0,8.0,25.0,7.0,189.0,59,12,,
125.0,ABB,115/22,50,17,2021.0,5396,51962,2439.0,107.0,15.0,33,20.0,35.0,7.0,25.0,4.0,166.0,45,12,,
125.0,ABB,115/22,50,17,2022.0,8008,37407,1819.0,134.0,14.0,30,20.0,35.0,12.0,25.0,37.0,190.0,43,13,,
125.0,ABB,115/22,50,17,2023.0,5094,36681,1939.0,171.0,12.0,32,20.0,2.0,10.0,25.0,37.0,227.0,47,20,,
125.0,ABB,115/22,50,17,2024.0,7623,37565,1974.0,181.0,13.0,25,20.0,3.0,9.0,25.0,37.0,231.0,51,16,,
126.0,ABB,115/22,50,13,2018.0,12676,43580,1695.0,562.0,7.0,60,20.0,4.0,55.0,25.0,37.0,573.0,43,24,,
126.0,ABB,115/22,50,13,2019.0,17648,66305,1762.0,584.0,46.0,3,20.0,6.0,55.0,25.0,37.0,639.0,50,12,,
126.0,ABB,115/22,50,13,2020.0,12596,52147,2529.0,571.0,26.0,3,20.0,7.0,1.0,3.0,1.0,612.0,37,4,,
126.0,ABB,115/22,50,13,2021.0,20663,60233,2556.0,753.0,28.0,3,20.0,19.0,55.0,25.0,37.0,803.0,35,14,,
126.0,ABB,115/22,50,13,2022.0,23715,62368,2644.0,892.0,6.0,6,20.0,21.0,9.0,25.0,12.0,946.0,42,12,,
126.0,ABB,115/22,50,13,2023.0,28000,51214,2005.0,766.0,4.0,7,20.0,20.0,1.0,11.0,1.0,810.0,47,13,,
126.0,ABB,115/22,50,13,2024.0,17271,60250,2107.0,512.0,4.0,5,20.0,16.0,1.0,1.0,1.0,540.0,42,8,,
127.0,OSAKA,115/22,50,22,2020.0,4160,43382,2637.0,108.0,9.0,5,20.0,1.0,7.0,25.0,37.0,130.0,47,18,,
127.0,OSAKA,115/22,50,22,2021.0,21102,68703,943.0,19.0,4.0,4,20.0,35.0,2.0,25.0,1.0,30.0,48,16,,
127.0,OSAKA,115/22,50,22,2022.0,17746,65248,1610.0,22.0,25.0,5,20.0,35.0,2.0,25.0,2.0,56.0,45,15,,
127.0,OSAKA,115/22,50,22,2023.0,4032,76590,2970.0,15.0,15.0,5,20.0,35.0,6.0,25.0,37.0,41.0,44,19,,
127.0,OSAKA,115/22,50,22,2024.0,6955,95347,3180.0,33.0,28.0,6,20.0,1.0,5.0,6.0,3.0,82.0,32,15,,
128.0,EBG,115/22,50,24,2019.0,4445,36060,3025.0,647.0,22.0,39,20.0,12.0,85.0,25.0,75.0,880.0,52,24,,
128.0,EBG,115/22,50,24,2020.0,20674,61907,884.0,96.0,8.0,21,20.0,2.0,72.0,25.0,96.0,295.0,53,28,,
128.0,EBG,115/22,50,24,2021.0,2764,67926,2622.0,515.0,23.0,37,20.0,11.0,124.0,55.0,99.0,864.0,50,24,,
128.0,EBG,115/22,50,24,2022.0,13803,69142,485.0,40.0,48.0,23,20.0,10.0,24.0,18.0,19.0,182.0,52,10,,
128.0,EBG,115/22,50,24,2023.0,1508,60936,2552.0,495.0,21.0,60,20.0,10.0,159.0,25.0,65.0,750.0,49,15,,
128.0,EBG,115/22,50,24,2024.0,6581,88536,2788.0,620.0,18.0,81,20.0,10.0,217.0,13.0,148.0,1107.0,49,21,,
129.0,EBG,115/22,50,24,2020.0,4972,43683,2415.0,255.0,16.0,134,20.0,7.0,217.0,25.0,146.0,775.0,52,19,,
129.0,EBG,115/22,50,24,2021.0,5142,69643,1944.0,198.0,24.0,77,20.0,35.0,174.0,25.0,108.0,581.0,50,16,,
129.0,EBG,115/22,50,24,2022.0,6364,64192,1039.0,78.0,30.0,73,20.0,1.0,162.0,10.0,156.0,510.0,50,10,,
129.0,EBG,115/22,50,24,2023.0,6241,81685,2540.0,177.0,15.0,84,20.0,4.0,257.0,25.0,140.0,677.0,48,8,,
129.0,EBG,115/22,50,24,2024.0,5776,93047,2438.0,248.0,50.0,115,20.0,4.0,274.0,25.0,162.0,853.0,47,8,,
130.0,SHENYANG,115/22,50,18,2019.0,10803,40916,2676.0,688.0,117.0,6,20.0,13.0,4.0,25.0,4.0,832.0,50,27,,
130.0,SHENYANG,115/22,50,18,2020.0,16872,76184,2006.0,627.0,8.0,4,20.0,5.0,2.0,25.0,3.0,649.0,49,56,,
130.0,SHENYANG,115/22,50,18,2021.0,6156,55084,2687.0,183.0,12.0,60,20.0,16.0,55.0,25.0,37.0,211.0,44,12,,
130.0,SHENYANG,115/22,50,18,2022.0,5314,57627,1849.0,562.0,77.0,5,20.0,9.0,2.0,3.0,2.0,660.0,51,53,,
130.0,SHENYANG,115/22,50,18,2023.0,5880,78740,3284.0,696.0,1.0,4,20.0,7.0,2.0,25.0,1.0,711.0,46,28,,
130.0,SHENYANG,115/22,50,18,2024.0,4825,58282,3373.0,970.0,21.0,10,20.0,21.0,4.0,25.0,37.0,1026.0,46,47,,
131.0,OSAKA,115/22,50,34,2019.0,10701,37467,1905.0,136.0,7.0,12,20.0,2.0,15.0,25.0,10.0,182.0,55,26,,
131.0,OSAKA,115/22,50,34,2020.0,6950,20013,1920.0,205.0,9.0,10,20.0,35.0,14.0,25.0,37.0,238.0,52,11,,
131.0,OSAKA,115/22,50,34,2021.0,6334,38571,1130.0,94.0,39.0,21,20.0,35.0,13.0,25.0,9.0,176.0,50,10,,
131.0,OSAKA,115/22,50,34,2022.0,8795,29053,1945.0,195.0,8.0,60,20.0,18.0,27.0,25.0,37.0,248.0,53,13,,
131.0,OSAKA,115/22,50,34,2023.0,4356,30511,2170.0,211.0,22.0,18,20.0,3.0,21.0,25.0,19.0,294.0,48,7,,
131.0,OSAKA,115/22,50,34,2024.0,9740,25250,2714.0,246.0,4.0,27,20.0,3.0,25.0,9.0,13.0,327.0,54,7,,
132.0,MEIDENSHA,115/22,50,16,2019.0,6249,49350,1777.0,175.0,2.0,61,20.0,4.0,202.0,25.0,129.0,573.0,62,6,,
132.0,MEIDENSHA,115/22,50,16,2020.0,16675,61079,976.0,81.0,4.0,53,20.0,35.0,201.0,25.0,187.0,526.0,58,7,,
132.0,MEIDENSHA,115/22,50,16,2021.0,6803,69187,1071.0,103.0,48.0,51,20.0,2.0,206.0,13.0,193.0,616.0,54,11,,
132.0,MEIDENSHA,115/22,50,16,2022.0,10732,70411,1207.0,142.0,8.0,86,20.0,6.0,281.0,25.0,175.0,698.0,58,9,,
132.0,MEIDENSHA,115/22,50,16,2023.0,5394,48557,1908.0,157.0,8.0,60,20.0,53.0,275.0,110.0,103.0,706.0,55,8,,
132.0,MEIDENSHA,115/22,50,16,2024.0,6444,51013,2017.0,177.0,6.0,87,20.0,35.0,304.0,25.0,154.0,728.0,53,5,,
133.0,MEIDENSHA,115/22,50,16,2019.0,6306,47095,1105.0,128.0,53.0,39,20.0,4.0,136.0,25.0,99.0,459.0,61,18,,
133.0,MEIDENSHA,115/22,50,16,2020.0,10795,61178,820.0,90.0,17.0,49,20.0,1.0,185.0,25.0,161.0,503.0,58,17,,
133.0,MEIDENSHA,115/22,50,16,2021.0,4537,54379,644.0,57.0,85.0,47,20.0,1.0,154.0,11.0,15.0,370.0,52,10,,
133.0,MEIDENSHA,115/22,50,16,2022.0,5397,59316,859.0,142.0,5.0,57,20.0,4.0,199.0,25.0,125.0,532.0,35,5,,
133.0,MEIDENSHA,115/22,50,16,2023.0,7049,46446,1115.0,112.0,56.0,60,20.0,10.0,180.0,25.0,74.0,432.0,54,13,,
133.0,MEIDENSHA,115/22,50,16,2024.0,8403,48737,1208.0,123.0,39.0,51,20.0,35.0,210.0,25.0,109.0,532.0,51,19,,
134.0,MEIDENSHA,115/22,50,16,2019.0,6651,49888,1079.0,125.0,21.0,64,20.0,6.0,211.0,25.0,141.0,568.0,59,23,,
134.0,MEIDENSHA,115/22,50,16,2020.0,3704,62819,1203.0,140.0,57.0,104,20.0,4.0,346.0,25.0,251.0,902.0,56,7,,
134.0,MEIDENSHA,115/22,50,16,2021.0,4837,59942,647.0,43.0,37.0,63,20.0,3.0,211.0,15.0,193.0,565.0,50,12,,
134.0,MEIDENSHA,115/22,50,16,2022.0,8353,21142,890.0,62.0,8.0,60,20.0,5.0,19.0,25.0,37.0,94.0,65,15,,
134.0,MEIDENSHA,115/22,50,16,2023.0,10435,30491,1555.0,86.0,11.0,7,20.0,4.0,25.0,25.0,37.0,133.0,60,11,,
134.0,MEIDENSHA,115/22,50,16,2024.0,7175,19655,1818.0,113.0,7.0,28,20.0,35.0,44.0,25.0,8.0,200.0,61,8,,
135.0,EKARAT DAIHEN,115/22,50,17,2020.0,7339,45251,1687.0,225.0,11.0,117,20.0,35.0,221.0,25.0,125.0,699.0,47,10,,
135.0,EKARAT DAIHEN,115/22,50,17,2021.0,2063,42933,1776.0,269.0,15.0,129,20.0,3.0,248.0,25.0,138.0,802.0,46,12,,
135.0,EKARAT DAIHEN,115/22,50,17,2022.0,8734,44125,1794.0,261.0,10.0,109,20.0,35.0,243.0,25.0,118.0,741.0,49,10,,
135.0,EKARAT DAIHEN,115/22,50,17,2023.0,4540,44070,1780.0,268.0,14.0,120,20.0,1.0,244.0,14.0,202.0,863.0,47,6,,
135.0,EKARAT DAIHEN,115/22,50,17,2024.0,8823,54068,1619.0,264.0,13.0,156,20.0,4.0,373.0,12.0,202.0,1024.0,50,7,,
136.0,MEIDEN,115/22,50,16,2021.0,3573,58674,1281.0,122.0,19.0,188,20.0,20.0,615.0,25.0,327.0,1291.0,53,15,,
136.0,MEIDEN,115/22,50,16,2022.0,12756,63974,1589.0,132.0,21.0,165,20.0,27.0,631.0,25.0,291.0,1267.0,57,6,,
136.0,MEIDEN,115/22,50,16,2023.0,2930,77800,1536.0,136.0,5.0,185,20.0,26.0,632.0,37.0,548.0,1569.0,48,8,,
136.0,MEIDEN,115/22,50,16,2024.0,8748,70055,1145.0,148.0,5.0,196,20.0,21.0,583.0,23.0,449.0,1425.0,56,10,,
137.0,EKARAT DAIHEN,115/22,50,12,2020.0,6696,34586,631.0,103.0,7.0,60,20.0,35.0,17.0,25.0,37.0,127.0,40,12,,
137.0,EKARAT DAIHEN,115/22,50,12,2021.0,7486,56152,2227.0,650.0,29.0,2,20.0,35.0,5.0,25.0,6.0,692.0,34,10,,
137.0,EKARAT DAIHEN,115/22,50,12,2022.0,8261,20654,52.0,31.0,2.0,60,20.0,35.0,55.0,25.0,37.0,33.0,45,25,,
137.0,EKARAT DAIHEN,115/22,50,12,2023.0,8795,46401,1562.0,595.0,10.0,3,20.0,2.0,5.0,25.0,7.0,622.0,50,21,,
137.0,EKARAT DAIHEN,115/22,50,12,2024.0,5020,48500,1745.0,753.0,12.0,4,20.0,2.0,5.0,50.0,9.0,835.0,41,7,,
138.0,EKARAT-DAIHEN,115/22,50,12,2020.0,8357,43253,911.0,141.0,10.0,2,20.0,35.0,24.0,25.0,37.0,177.0,48,8,,
138.0,EKARAT-DAIHEN,115/22,50,12,2021.0,6274,50897,3668.0,999.0,39.0,4,20.0,35.0,11.0,25.0,14.0,1067.0,42,10,,
138.0,EKARAT-DAIHEN,115/22,50,12,2022.0,5366,41409,5337.0,1291.0,36.0,5,20.0,1.0,12.0,5.0,17.0,1367.0,47,17,,
138.0,EKARAT-DAIHEN,115/22,50,12,2023.0,10102,50271,5413.0,1317.0,17.0,10,20.0,7.0,13.0,7.0,15.0,1386.0,52,19,,
138.0,EKARAT-DAIHEN,115/22,50,12,2024.0,16431,79425,5227.0,1245.0,14.0,10,20.0,8.0,13.0,7.0,15.0,1312.0,44,6,,
139.0,FUJI,115/22,50,26,2017.0,9277,47057,434.0,46.0,5.0,7,20.0,2.0,9.0,1.0,4.0,74.0,32,19,,
139.0,FUJI,115/22,50,26,2018.0,3647,63618,1551.0,114.0,47.0,37,20.0,5.0,213.0,50.0,76.0,542.0,36,23,,
139.0,FUJI,115/22,50,26,2019.0,2985,69546,932.0,206.0,13.0,42,20.0,6.0,165.0,25.0,81.0,713.0,36,27,,
139.0,FUJI,115/22,50,26,2020.0,3469,55943,2188.0,182.0,8.0,41,20.0,7.0,184.0,25.0,49.0,471.0,36,29,,
139.0,FUJI,115/22,50,26,2021.0,6814,75331,2384.0,185.0,2.0,38,20.0,15.0,119.0,19.0,143.0,521.0,60,15,,
139.0,FUJI,115/22,50,26,2022.0,7200,76570,2414.0,184.0,3.0,42,20.0,2.0,135.0,23.0,91.0,480.0,49,13,,
139.0,FUJI,115/22,50,26,2023.0,6664,74567,2548.0,193.0,1.0,39,20.0,8.0,197.0,6.0,92.0,536.0,53,19,,
139.0,FUJI,115/22,50,26,2024.0,7221,72521,2619.0,199.0,2.0,81,20.0,6.0,244.0,12.0,132.0,676.0,36,9,,
140.0,ABB,115/22,50,13,2020.0,8951,50029,1752.0,416.0,27.0,3,20.0,2.0,1.0,25.0,37.0,449.0,50,15,,
140.0,ABB,115/22,50,13,2021.0,6018,54983,1022.0,484.0,8.0,1,20.0,2.0,1.0,25.0,1.0,497.0,44,8,,
140.0,ABB,115/22,50,13,2022.0,49900,73160,824.0,160.0,44.0,1,20.0,35.0,55.0,2.0,37.0,207.0,45,8,,
140.0,ABB,115/22,50,13,2023.0,17436,51987,1621.0,517.0,10.0,60,20.0,35.0,8.0,25.0,37.0,535.0,30,11,,
140.0,ABB,115/22,50,13,2024.0,16142,58975,2214.0,834.0,9.0,4,20.0,3.0,1.0,2.0,1.0,854.0,41,11,,
141.0,ABB,115/22,50,13,2019.0,14555,50454,1403.0,356.0,5.0,1,20.0,1.0,1.0,25.0,37.0,364.0,50,10,,
141.0,ABB,115/22,50,13,2020.0,7307,46995,1207.0,277.0,3.0,3,20.0,35.0,1.0,25.0,2.0,286.0,33,10,,
141.0,ABB,115/22,50,13,2021.0,7527,60469,902.0,447.0,4.0,4,20.0,2.0,4.0,25.0,28.0,489.0,45,9,,
141.0,ABB,115/22,50,13,2022.0,19444,51002,713.0,91.0,41.0,1,20.0,35.0,55.0,25.0,37.0,133.0,46,10,,
141.0,ABB,115/22,50,13,2023.0,17492,54252,1378.0,451.0,7.0,60,20.0,35.0,4.0,25.0,37.0,462.0,32,5,,
141.0,ABB,115/22,50,13,2024.0,11458,67643,2189.0,908.0,11.0,5,20.0,3.0,1.0,1.0,1.0,930.0,42,13,,
142.0,MITSUBISHI,115/22,50,24,2017.0,16702,60465,1390.0,104.0,8.0,42,20.0,4.0,112.0,25.0,59.0,329.0,58,43,,
142.0,MITSUBISHI,115/22,50,24,2018.0,5394,50582,2534.0,108.0,32.0,52,20.0,2.0,133.0,5.0,85.0,417.0,50,7,,
142.0,MITSUBISHI,115/22,50,24,2019.0,8803,41143,2418.0,140.0,23.0,70,20.0,5.0,169.0,7.0,67.0,481.0,41,7,,
142.0,MITSUBISHI,115/22,50,24,2020.0,5725,51561,2080.0,163.0,92.0,87,31.0,9.0,169.0,25.0,94.0,645.0,28,7,,
142.0,MITSUBISHI,115/22,50,24,2021.0,23310,54510,327.0,17.0,3.0,7,20.0,3.0,1.0,25.0,37.0,31.0,27,18,,
142.0,MITSUBISHI,115/22,50,24,2022.0,25267,63794,1023.0,69.0,8.0,9,20.0,2.0,11.0,2.0,6.0,107.0,61,17,,
142.0,MITSUBISHI,115/22,50,24,2023.0,20967,42478,571.0,52.0,21.0,9,20.0,1.0,11.0,2.0,7.0,103.0,51,7,,
142.0,MITSUBISHI,115/22,50,24,2024.0,4611,12245,101.0,14.0,1.0,10,20.0,3.0,1.0,1.0,1.0,31.0,30,8,,
143.0,MITSUBISHI,115/22,50,37,2017.0,4704,43974,983.0,71.0,28.0,30,20.0,5.0,50.0,6.0,28.0,218.0,56,25,,
143.0,MITSUBISHI,115/22,50,37,2018.0,11831,51209,687.0,31.0,2.0,13,20.0,3.0,35.0,25.0,30.0,114.0,36,20,,
143.0,MITSUBISHI,115/22,50,37,2019.0,3042,40931,999.0,78.0,66.0,39,20.0,2.0,68.0,25.0,59.0,312.0,66,25,,
143.0,MITSUBISHI,115/22,50,37,2020.0,6074,60757,3945.0,1332.0,32.0,38,20.0,6.0,58.0,6.0,42.0,1514.0,64,34,,
143.0,MITSUBISHI,115/22,50,37,2021.0,2481,22084,472.0,32.0,19.0,10,20.0,35.0,33.0,25.0,37.0,94.0,52,19,,
143.0,MITSUBISHI,115/22,50,37,2022.0,1354,16754,571.0,36.0,30.0,17,20.0,35.0,31.0,25.0,19.0,133.0,45,11,,
143.0,MITSUBISHI,115/22,50,37,2023.0,4514,29660,608.0,89.0,28.0,14,20.0,2.0,25.0,25.0,36.0,194.0,60,21,,
143.0,MITSUBISHI,115/22,50,37,2024.0,5655,69518,849.0,126.0,40.0,14,20.0,7.0,39.0,6.0,31.0,263.0,58,18,,
144.0,EKARAT DAIHEN,115/22,50,12,2019.0,12158,47361,1698.0,494.0,37.0,60,20.0,5.0,13.0,25.0,37.0,549.0,50,18,,
144.0,EKARAT DAIHEN,115/22,50,12,2020.0,7785,60631,2749.0,1024.0,64.0,7,20.0,35.0,11.0,25.0,16.0,1243.0,58,12,,
144.0,EKARAT DAIHEN,115/22,50,12,2021.0,15890,69497,5082.0,1438.0,36.0,9,20.0,4.0,55.0,7.0,7.0,1501.0,53,23,,
144.0,EKARAT DAIHEN,115/22,50,12,2022.0,9324,60951,3595.0,773.0,46.0,4,20.0,2.0,7.0,4.0,9.0,845.0,45,5,,
144.0,EKARAT DAIHEN,115/22,50,12,2023.0,4077,48373,3762.0,1073.0,38.0,13,20.0,8.0,7.0,25.0,37.0,1139.0,36,5,,
144.0,EKARAT DAIHEN,115/22,50,12,2024.0,15555,64747,2817.0,966.0,43.0,12,20.0,8.0,8.0,7.0,8.0,1052.0,44,7,,
145.0,OSAKA,115/22,50,34,2017.0,11360,40444,6040.0,684.0,16.0,58,20.0,9.0,108.0,25.0,60.0,935.0,68,37,,
145.0,OSAKA,115/22,50,34,2018.0,12123,54954,9499.0,787.0,63.0,54,20.0,3.0,72.0,2.0,43.0,1024.0,55,18,,
145.0,OSAKA,115/22,50,34,2019.0,7005,47198,7535.0,614.0,19.0,84,20.0,5.0,94.0,3.0,55.0,874.0,52,10,,
145.0,OSAKA,115/22,50,34,2020.0,26951,67523,7384.0,636.0,6.0,56,20.0,8.0,109.0,5.0,50.0,870.0,52,7,,
146.0,OSAKA,115/22,50,34,2021.0,7581,43692,5430.0,484.0,23.0,124,20.0,76.0,130.0,25.0,85.0,922.0,68,28,,
146.0,OSAKA,115/22,50,34,2022.0,8258,53482,8282.0,623.0,43.0,103,20.0,41.0,104.0,19.0,63.0,996.0,55,20,,
146.0,OSAKA,115/22,50,34,2023.0,8000,48222,5751.0,480.0,19.0,142,20.0,72.0,127.0,15.0,56.0,911.0,54,9,,
146.0,OSAKA,115/22,50,34,2024.0,22885,69611,5367.0,437.0,8.0,121,20.0,98.0,153.0,23.0,56.0,896.0,55,8,,
147.0,MEIDEN,115/22,50,34,2020.0,4551,64418,2393.0,206.0,9.0,157,20.0,12.0,947.0,25.0,574.0,1905.0,31,31,,
147.0,MEIDEN,115/22,50,34,2021.0,3806,72368,2518.0,214.0,12.0,276,20.0,15.0,1085.0,25.0,666.0,2268.0,39,13,,
147.0,MEIDEN,115/22,50,34,2022.0,10022,63975,2446.0,209.0,6.0,250,20.0,14.0,1033.0,25.0,630.0,2142.0,57,9,,
147.0,MEIDEN,115/22,50,34,2023.0,15736,75737,2643.0,232.0,4.0,205,20.0,14.0,850.0,25.0,558.0,1863.0,52,7,,
147.0,MEIDEN,115/22,50,34,2024.0,22654,88612,2307.0,219.0,2.0,191,20.0,26.0,985.0,25.0,612.0,2035.0,55,8,,
148.0,MEIDEN,115/22,50,34,2020.0,7020,54196,1616.0,174.0,32.0,46,20.0,5.0,291.0,25.0,173.0,721.0,54,22,,
148.0,MEIDEN,115/22,50,34,2021.0,5185,49423,1971.0,143.0,36.0,70,20.0,4.0,295.0,23.0,255.0,826.0,55,7,,
148.0,MEIDEN,115/22,50,34,2022.0,26038,72108,1931.0,149.0,5.0,67,20.0,9.0,337.0,9.0,216.0,792.0,60,6,,
149.0,MITSUBISHI,115/22,50,26,2019.0,7130,46729,2376.0,77.0,19.0,47,20.0,6.0,193.0,25.0,79.0,421.0,58,20,,
149.0,MITSUBISHI,115/22,50,26,2020.0,7341,41175,2858.0,108.0,48.0,81,20.0,43.0,331.0,28.0,188.0,827.0,54,23,,
149.0,MITSUBISHI,115/22,50,26,2021.0,6235,52008,5764.0,111.0,56.0,86,20.0,2.0,235.0,12.0,155.0,657.0,56,23,,
149.0,MITSUBISHI,115/22,50,26,2022.0,5704,56742,3827.0,75.0,40.0,50,20.0,2.0,212.0,24.0,138.0,541.0,49,13,,
149.0,MITSUBISHI,115/22,50,26,2023.0,2435,52528,3875.0,82.0,33.0,66,20.0,5.0,248.0,8.0,125.0,567.0,48,13,,
149.0,MITSUBISHI,115/22,50,26,2024.0,8963,56890,3013.0,112.0,38.0,77,20.0,11.0,295.0,11.0,136.0,680.0,53,12,,
150.0,DAIHEN,115/22,50,12,2019.0,12576,47181,1346.0,711.0,21.0,4,20.0,4.0,1.0,4.0,1.0,746.0,49,21,,
150.0,DAIHEN,115/22,50,12,2020.0,13085,65064,1878.0,1049.0,37.0,3,20.0,1.0,1.0,3.0,4.0,1098.0,40,16,,
150.0,DAIHEN,115/22,50,12,2021.0,13311,52557,3843.0,945.0,46.0,5,20.0,5.0,2.0,12.0,6.0,1021.0,48,19,,
150.0,DAIHEN,115/22,50,12,2022.0,13207,61135,2138.0,605.0,27.0,2,20.0,3.0,1.0,8.0,3.0,649.0,42,14,,
150.0,DAIHEN,115/22,50,12,2023.0,12744,66861,2327.0,966.0,30.0,7,20.0,12.0,1.0,5.0,3.0,1024.0,47,10,,
150.0,DAIHEN,115/22,50,12,2024.0,16814,63924,2107.0,873.0,33.0,4,20.0,13.0,2.0,4.0,6.0,935.0,41,13,,
151.0,ABB,115/22,50,13,2019.0,19733,55538,1422.0,512.0,2.0,3,20.0,4.0,55.0,1.0,37.0,522.0,45,27,,
151.0,ABB,115/22,50,13,2020.0,20816,58274,2129.0,869.0,7.0,4,20.0,4.0,1.0,25.0,37.0,885.0,45,17,,
151.0,ABB,115/22,50,13,2021.0,23004,63186,4740.0,1419.0,13.0,5,20.0,7.0,55.0,25.0,37.0,1444.0,42,14,,
151.0,ABB,115/22,50,13,2022.0,18814,73476,3142.0,650.0,5.0,2,20.0,4.0,1.0,8.0,1.0,671.0,42,11,,
151.0,ABB,115/22,50,13,2023.0,17614,65712,2834.0,528.0,4.0,3,20.0,6.0,1.0,9.0,37.0,551.0,32,10,,
151.0,ABB,115/22,50,13,2024.0,28549,72653,2574.0,723.0,13.0,5,20.0,17.0,1.0,2.0,1.0,762.0,38,9,,
152.0,ABB,115/22,50,13,2019.0,17907,43339,1358.0,253.0,2.0,2,20.0,5.0,55.0,1.0,37.0,263.0,46,24,,
152.0,ABB,115/22,50,13,2020.0,10685,41041,2732.0,106.0,75.0,75,20.0,38.0,311.0,25.0,173.0,803.0,45,11,,
152.0,ABB,115/22,50,13,2021.0,7400,46280,1712.0,259.0,28.0,1,20.0,4.0,55.0,25.0,37.0,292.0,46,6,,
152.0,ABB,115/22,50,13,2022.0,24672,78647,2519.0,421.0,4.0,2,20.0,5.0,55.0,11.0,37.0,443.0,45,10,,
152.0,ABB,115/22,50,13,2023.0,22263,67614,2250.0,319.0,3.0,2,20.0,8.0,1.0,10.0,1.0,344.0,36,11,,
152.0,ABB,115/22,50,13,2024.0,31948,73698,1650.0,578.0,9.0,3,20.0,19.0,1.0,1.0,37.0,611.0,41,9,,
153.0,FUJI,115/22,50,27,2018.0,7064,24955,634.0,75.0,20.0,60,20.0,35.0,15.0,25.0,10.0,120.0,52,18,,
153.0,FUJI,115/22,50,27,2019.0,11972,39594,544.0,40.0,3.0,15,20.0,1.0,14.0,25.0,9.0,82.0,36,16,,
153.0,FUJI,115/22,50,27,2020.0,9591,23947,565.0,64.0,20.0,60,20.0,35.0,16.0,25.0,37.0,100.0,55,20,,
153.0,FUJI,115/22,50,27,2021.0,12582,45313,1410.0,137.0,19.0,12,20.0,2.0,22.0,25.0,13.0,205.0,53,22,,
153.0,FUJI,115/22,50,27,2022.0,4631,28647,731.0,51.0,15.0,10,20.0,1.0,20.0,25.0,15.0,112.0,48,11,,
153.0,FUJI,115/22,50,27,2023.0,5778,27129,796.0,80.0,10.0,13,20.0,1.0,29.0,25.0,16.0,149.0,50,18,,
153.0,FUJI,115/22,50,27,2024.0,4740,9510,795.0,85.0,15.0,14,20.0,13.0,27.0,13.0,8.0,175.0,48,7,,
154.0,FUJI,115/22,50,26,2019.0,10123,32638,829.0,76.0,35.0,25,20.0,4.0,67.0,25.0,18.0,225.0,53,26,,
154.0,FUJI,115/22,50,26,2020.0,10458,26705,887.0,78.0,24.0,27,20.0,6.0,64.0,25.0,23.0,222.0,55,34,,
154.0,FUJI,115/22,50,26,2021.0,10144,44244,1955.0,150.0,30.0,38,20.0,6.0,94.0,25.0,41.0,359.0,52,28,,
154.0,FUJI,115/22,50,26,2022.0,4334,31797,2151.0,186.0,53.0,18,20.0,7.0,115.0,25.0,66.0,445.0,48,16,,
154.0,FUJI,115/22,50,26,2023.0,2971,32305,1641.0,111.0,25.0,36,20.0,4.0,93.0,29.0,46.0,344.0,49,15,,
154.0,FUJI,115/22,50,26,2024.0,5690,26820,1902.0,118.0,34.0,66,20.0,12.0,164.0,91.0,88.0,573.0,47,17,,
155.0,FUJI,115/22,50,26,2019.0,5442,31004,425.0,55.0,28.0,39,20.0,1.0,87.0,8.0,52.0,270.0,52,18,,
155.0,FUJI,115/22,50,26,2020.0,5109,30960,684.0,81.0,3.0,13,20.0,2.0,58.0,25.0,30.0,187.0,36,21,,
155.0,FUJI,115/22,50,26,2021.0,5374,31563,691.0,76.0,36.0,17,20.0,2.0,54.0,3.0,39.0,227.0,50,17,,
155.0,FUJI,115/22,50,26,2022.0,6074,33992,632.0,70.0,14.0,15,20.0,35.0,44.0,25.0,29.0,172.0,51,18,,
155.0,FUJI,115/22,50,26,2023.0,10392,38063,855.0,80.0,17.0,30,20.0,3.0,81.0,25.0,41.0,252.0,50,8,,
155.0,FUJI,115/22,50,26,2024.0,12098,34906,1114.0,89.0,6.0,22,20.0,3.0,71.0,25.0,51.0,242.0,52,20,,
156.0,FUJI,115/22,50,26,2019.0,19012,48114,1100.0,81.0,20.0,74,20.0,3.0,246.0,15.0,155.0,594.0,55,18,,
156.0,FUJI,115/22,50,26,2020.0,5910,53923,1009.0,97.0,6.0,37,20.0,5.0,167.0,25.0,83.0,395.0,36,15,,
156.0,FUJI,115/22,50,26,2021.0,6444,57611,1098.0,102.0,37.0,35,20.0,4.0,129.0,2.0,107.0,416.0,48,29,,
156.0,FUJI,115/22,50,26,2022.0,4902,68604,918.0,90.0,20.0,37,20.0,2.0,129.0,1.0,90.0,369.0,48,14,,
156.0,FUJI,115/22,50,26,2023.0,5760,63230,912.0,78.0,36.0,49,20.0,3.0,161.0,17.0,109.0,453.0,54,8,,
156.0,FUJI,115/22,50,26,2024.0,8253,43365,1007.0,80.0,7.0,42,20.0,5.0,190.0,47.0,154.0,525.0,50,15,,
157.0,OSAKA,115/22,50,39,2017.0,5289,31713,1942.0,175.0,34.0,31,12.0,16.0,47.0,25.0,37.0,315.0,41,19,,
157.0,OSAKA,115/22,50,39,2018.0,6805,35716,1005.0,138.0,72.0,52,3.0,10.0,63.0,17.0,38.0,393.0,29,21,,
157.0,OSAKA,115/22,50,39,2019.0,3903,41565,1835.0,162.0,29.0,30,2.0,14.0,42.0,6.0,19.0,304.0,41,29,,
157.0,OSAKA,115/22,50,39,2020.0,7434,44723,719.0,116.0,30.0,38,2.0,17.0,53.0,6.0,23.0,285.0,39,29,,
157.0,OSAKA,115/22,50,39,2021.0,5294,37268,1867.0,112.0,23.0,28,20.0,6.0,42.0,25.0,26.0,237.0,38,13,,
157.0,OSAKA,115/22,50,39,2022.0,6600,39008,2405.0,241.0,15.0,60,20.0,19.0,66.0,8.0,36.0,385.0,32,15,,
157.0,OSAKA,115/22,50,39,2023.0,14411,36584,1654.0,176.0,10.0,44,20.0,8.0,20.0,16.0,2.0,276.0,32,19,,
157.0,OSAKA,115/22,50,39,2024.0,2870,20145,2419.0,272.0,56.0,54,17.0,33.0,82.0,10.0,24.0,548.0,32,12,,
158.0,RADE KONGAR,115/22,50,20,2018.0,8410,55823,16117.0,686.0,15.0,33,20.0,8.0,8.0,25.0,37.0,750.0,72,13,,
158.0,RADE KONGAR,115/22,50,20,2019.0,6749,51265,11195.0,790.0,11.0,29,20.0,3.0,10.0,25.0,2.0,845.0,65,20,,
158.0,RADE KONGAR,115/22,50,20,2020.0,6170,72830,12090.0,959.0,33.0,36,20.0,35.0,12.0,25.0,4.0,1044.0,74,15,,
158.0,RADE KONGAR,115/22,50,20,2021.0,5531,52769,13778.0,812.0,29.0,26,20.0,35.0,9.0,25.0,3.0,879.0,57,7,,
158.0,RADE KONGAR,115/22,50,20,2022.0,5548,64149,18234.0,1057.0,14.0,59,20.0,4.0,21.0,10.0,43.0,1208.0,63,12,,
158.0,RADE KONGAR,115/22,50,20,2023.0,7940,55668,16116.0,1037.0,14.0,37,20.0,10.0,12.0,7.0,6.0,1123.0,62,12,,
158.0,RADE KONGAR,115/22,50,20,2024.0,19822,57769,9889.0,684.0,3.0,35,20.0,10.0,10.0,15.0,5.0,762.0,65,11,,
159.0,RADE KONCAR,115/22,50,20,2017.0,8402,49207,12455.0,620.0,18.0,137,20.0,92.0,80.0,69.0,29.0,1045.0,52,17,,
159.0,RADE KONCAR,115/22,50,20,2018.0,10090,60484,15768.0,728.0,18.0,130,20.0,107.0,84.0,55.0,20.0,1142.0,65,9,,
159.0,RADE KONCAR,115/22,50,20,2019.0,8420,54251,11142.0,758.0,13.0,152,20.0,93.0,57.0,84.0,11.0,1168.0,66,24,,
159.0,RADE KONCAR,115/22,50,20,2020.0,10980,62250,12002.0,820.0,37.0,203,20.0,62.0,101.0,25.0,37.0,1260.0,74,21,,
159.0,RADE KONCAR,115/22,50,20,2021.0,5284,59935,13028.0,632.0,33.0,180,20.0,48.0,81.0,15.0,26.0,1015.0,60,7,,
159.0,RADE KONCAR,115/22,50,20,2022.0,6141,64997,13564.0,818.0,14.0,70,20.0,109.0,93.0,117.0,17.0,1238.0,58,20,,
159.0,RADE KONCAR,115/22,50,20,2023.0,11611,56399,14904.0,877.0,13.0,138,20.0,90.0,73.0,74.0,18.0,1283.0,63,11,,
159.0,RADE KONCAR,115/22,50,20,2024.0,13715,50331,9897.0,633.0,12.0,120,20.0,78.0,71.0,94.0,18.0,1026.0,65,8,,
160.0,RADE KONCAR,115/22,50,20,2018.0,9618,57540,12087.0,787.0,13.0,16,20.0,35.0,5.0,25.0,37.0,821.0,61,13,,
160.0,RADE KONCAR,115/22,50,20,2019.0,7687,57271,10324.0,825.0,8.0,18,20.0,35.0,6.0,25.0,1.0,858.0,62,16,,
160.0,RADE KONCAR,115/22,50,20,2020.0,11014,50163,10676.0,882.0,19.0,15,20.0,35.0,7.0,25.0,37.0,923.0,60,18,,
160.0,RADE KONCAR,115/22,50,20,2021.0,7974,54187,9404.0,685.0,19.0,11,20.0,35.0,4.0,25.0,2.0,721.0,54,11,,
160.0,RADE KONCAR,115/22,50,20,2022.0,8657,62227,9505.0,695.0,13.0,10,20.0,35.0,4.0,25.0,2.0,724.0,52,10,,
160.0,RADE KONCAR,115/22,50,20,2023.0,8125,65401,14841.0,903.0,7.0,10,20.0,35.0,4.0,25.0,2.0,926.0,68,7,,
160.0,RADE KONCAR,115/22,50,20,2024.0,7263,53826,9546.0,1035.0,10.0,15,20.0,6.0,55.0,25.0,37.0,1066.0,55,15,,
161.0,RADE KONCAR,115/22,50,20,2017.0,10269,51387,16553.0,549.0,14.0,23,20.0,5.0,8.0,25.0,37.0,599.0,66,12,,
161.0,RADE KONCAR,115/22,50,20,2018.0,8553,50400,13191.0,654.0,41.0,28,18.0,3.0,55.0,9.0,4.0,757.0,58,13,,
161.0,RADE KONCAR,115/22,50,20,2019.0,10397,52493,11998.0,551.0,11.0,23,20.0,5.0,6.0,10.0,4.0,610.0,58,18,,
161.0,RADE KONCAR,115/22,50,20,2020.0,11710,68240,11655.0,672.0,33.0,27,20.0,35.0,10.0,25.0,7.0,749.0,72,28,,
161.0,RADE KONCAR,115/22,50,20,2021.0,8265,64231,16618.0,721.0,19.0,37,20.0,6.0,8.0,11.0,5.0,807.0,50,11,,
161.0,RADE KONCAR,115/22,50,20,2022.0,7810,59954,19113.0,773.0,17.0,54,20.0,6.0,6.0,9.0,4.0,869.0,58,9,,
161.0,RADE KONCAR,115/22,50,20,2023.0,5339,48684,23574.0,995.0,9.0,13,20.0,35.0,5.0,25.0,3.0,1025.0,63,9,,
161.0,RADE KONCAR,115/22,50,20,2024.0,6366,36022,11989.0,636.0,12.0,19,20.0,7.0,55.0,25.0,37.0,674.0,50,13,,
162.0,MEIDEN,115/22,50,23,2020.0,9404,63819,2614.0,281.0,4.0,88,20.0,4.0,305.0,25.0,202.0,884.0,60,14,,
162.0,MEIDEN,115/22,50,23,2021.0,4840,55450,2807.0,259.0,12.0,96,20.0,1.0,320.0,42.0,262.0,992.0,57,15,,
162.0,MEIDEN,115/22,50,23,2022.0,18488,78132,2771.0,241.0,2.0,52,20.0,3.0,208.0,7.0,208.0,721.0,58,19,,
162.0,MEIDEN,115/22,50,23,2023.0,16155,54878,2645.0,236.0,3.0,92,20.0,5.0,306.0,25.0,218.0,860.0,64,7,,
162.0,MEIDEN,115/22,50,23,2024.0,6788,49662,2138.0,179.0,5.0,128,20.0,7.0,465.0,10.0,271.0,1065.0,58,9,,
163.0,MEIDEN,115/22,50,23,2020.0,9593,67375,1813.0,161.0,12.0,61,20.0,5.0,248.0,25.0,168.0,655.0,60,11,,
163.0,MEIDEN,115/22,50,23,2021.0,5278,54158,1233.0,139.0,7.0,81,20.0,7.0,252.0,25.0,60.0,546.0,49,12,,
163.0,MEIDEN,115/22,50,23,2022.0,3981,63234,1680.0,158.0,2.0,64,20.0,11.0,248.0,58.0,229.0,770.0,55,10,,
163.0,MEIDEN,115/22,50,23,2023.0,26253,66447,1711.0,172.0,10.0,74,20.0,7.0,297.0,22.0,211.0,793.0,53,9,,
163.0,MEIDEN,115/22,50,23,2024.0,10085,71657,1319.0,162.0,1.0,122,20.0,19.0,447.0,11.0,258.0,1020.0,51,12,,
164.0,VOLTA WERKE,115/22,50,26,2020.0,11800,54630,1303.0,545.0,45.0,15,20.0,35.0,55.0,25.0,37.0,560.0,32,29,,
164.0,VOLTA WERKE,115/22,50,26,2021.0,6920,49920,1865.0,469.0,3.0,6,20.0,2.0,4.0,18.0,7.0,509.0,36,14,,
164.0,VOLTA WERKE,115/22,50,26,2022.0,8535,60562,1932.0,400.0,3.0,6,20.0,2.0,4.0,20.0,6.0,341.0,36,8,,
164.0,VOLTA WERKE,115/22,50,26,2023.0,11112,58867,1960.0,372.0,1.0,1,20.0,4.0,1.0,3.0,2.0,384.0,32,10,,
164.0,VOLTA WERKE,115/22,50,26,2024.0,11443,69117,1628.0,563.0,2.0,16,20.0,13.0,5.0,5.0,10.0,614.0,30,18,,
165.0,MEIDEN,115/22,50,20,2020.0,8160,72400,950.0,950.0,14.0,89,20.0,35.0,284.0,25.0,166.0,553.0,50,18,,
165.0,MEIDEN,115/22,50,20,2021.0,10548,63254,1814.0,109.0,4.0,59,20.0,2.0,212.0,25.0,110.0,496.0,55,64,,
165.0,MEIDEN,115/22,50,20,2022.0,11271,56984,1810.0,107.0,12.0,67,20.0,35.0,244.0,25.0,59.0,489.0,60,14,,
165.0,MEIDEN,115/22,50,20,2023.0,7340,68950,1637.0,252.0,7.0,73,20.0,1.0,252.0,25.0,170.0,755.0,58,9,,
165.0,MEIDEN,115/22,50,20,2024.0,7845,27453,1678.0,245.0,12.0,9,20.0,6.0,20.0,18.0,6.0,316.0,57,12,,
166.0,MEIDEN,115/22,50,20,2019.0,12110,53360,950.0,950.0,18.0,48,20.0,35.0,189.0,25.0,139.0,394.0,32,23,,
166.0,MEIDEN,115/22,50,20,2020.0,3125,40992,1357.0,85.0,45.0,117,20.0,35.0,287.0,25.0,171.0,705.0,57,10,,
166.0,MEIDEN,115/22,50,20,2021.0,10046,50531,2440.0,446.0,3.0,60,20.0,35.0,3.0,25.0,2.0,454.0,59,25,,
166.0,MEIDEN,115/22,50,20,2022.0,9943,50793,2182.0,100.0,12.0,66,20.0,35.0,241.0,25.0,57.0,476.0,66,12,,
166.0,MEIDEN,115/22,50,20,2023.0,4380,69580,2299.0,86.0,6.0,95,20.0,1.0,303.0,6.0,235.0,732.0,60,9,,
166.0,MEIDEN,115/22,50,20,2024.0,8152,64060,1927.0,126.0,14.0,100,20.0,1.0,273.0,25.0,145.0,659.0,63,11,,
167.0,FUJI,115/22,50,27,2018.0,15504,45338,1709.0,161.0,13.0,43,20.0,11.0,166.0,25.0,85.0,479.0,32,24,,
167.0,FUJI,115/22,50,27,2019.0,5051,56404,1652.0,169.0,26.0,54,20.0,18.0,206.0,15.0,113.0,601.0,47,23,,
167.0,FUJI,115/22,50,27,2020.0,6577,47854,1089.0,58.0,28.0,64,20.0,8.0,201.0,13.0,117.0,489.0,50,18,,
167.0,FUJI,115/22,50,27,2021.0,13948,54891,1460.0,73.0,44.0,65,20.0,12.0,207.0,25.0,24.0,425.0,50,25,,
167.0,FUJI,115/22,50,27,2022.0,11100,59620,2556.0,443.0,9.0,2,20.0,2.0,1.0,15.0,3.0,475.0,51,19,,
167.0,FUJI,115/22,50,27,2023.0,2081,53417,1165.0,99.0,11.0,44,20.0,90.0,273.0,18.0,110.0,645.0,36,22,,
167.0,FUJI,115/22,50,27,2024.0,5691,60586,1139.0,93.0,19.0,59,20.0,14.0,245.0,25.0,106.0,536.0,32,12,,
168.0,FUJI,115/22,50,27,2019.0,7165,40048,981.0,73.0,8.0,29,20.0,7.0,101.0,25.0,61.0,279.0,49,24,,
168.0,FUJI,115/22,50,27,2020.0,1218,65014,1182.0,40.0,21.0,44,20.0,15.0,134.0,21.0,87.0,362.0,46,23,,
168.0,FUJI,115/22,50,27,2021.0,6637,49718,949.0,74.0,17.0,40,20.0,8.0,128.0,25.0,66.0,333.0,51,18,,
168.0,FUJI,115/22,50,27,2022.0,29791,75184,777.0,51.0,34.0,41,20.0,6.0,109.0,25.0,19.0,260.0,51,31,,
168.0,FUJI,115/22,50,27,2023.0,14195,55009,1199.0,65.0,45.0,39,20.0,14.0,240.0,25.0,58.0,461.0,51,21,,
168.0,FUJI,115/22,50,27,2024.0,6418,58246,1174.0,90.0,18.0,46,20.0,10.0,171.0,9.0,74.0,418.0,52,11,,
169.0,DAIHEN,115/22,50,12,2020.0,7319,42409,1958.0,496.0,9.0,60,20.0,35.0,5.0,25.0,37.0,510.0,44,28,,
169.0,DAIHEN,115/22,50,12,2021.0,9795,48369,2033.0,453.0,35.0,60,20.0,35.0,1.0,25.0,3.0,492.0,48,14,,
169.0,DAIHEN,115/22,50,12,2022.0,24685,55269,1876.0,526.0,12.0,60,20.0,35.0,55.0,25.0,37.0,538.0,48,37,,
169.0,DAIHEN,115/22,50,12,2023.0,20593,62062,1915.0,538.0,27.0,17,20.0,9.0,124.0,25.0,38.0,753.0,48,25,,
169.0,DAIHEN,115/22,50,12,2024.0,8660,66241,3861.0,886.0,38.0,6,20.0,9.0,4.0,5.0,8.0,956.0,47,15,,
170.0,EKARAT,115/22,50,12,2020.0,16681,61669,2126.0,601.0,18.0,3,20.0,35.0,3.0,25.0,7.0,632.0,40,12,,
170.0,EKARAT,115/22,50,12,2021.0,10500,112890,3985.0,818.0,38.0,60,20.0,35.0,1.0,31.0,1.0,889.0,52,14,,
170.0,EKARAT,115/22,50,12,2022.0,9240,61510,3981.0,820.0,19.0,2,20.0,35.0,1.0,34.0,2.0,878.0,25,11,,
170.0,EKARAT,115/22,50,12,2023.0,17042,60525,3992.0,1079.0,20.0,2,20.0,6.0,4.0,20.0,37.0,1131.0,52,15,,
170.0,EKARAT,115/22,50,12,2024.0,24205,57549,3498.0,932.0,12.0,7,20.0,6.0,3.0,25.0,37.0,960.0,40,7,,
171.0,MEIDEN,115/22,50,12,2020.0,13735,45252,3053.0,1648.0,23.0,6,20.0,35.0,2.0,25.0,6.0,1685.0,26,11,,
171.0,MEIDEN,115/22,50,12,2021.0,24926,83441,1896.0,570.0,3.0,6,20.0,3.0,1.0,1.0,2.0,586.0,35,17,,
171.0,MEIDEN,115/22,50,12,2022.0,26370,79130,2334.0,292.0,1.0,2,20.0,35.0,1.0,161.0,3.0,460.0,53,12,,
171.0,MEIDEN,115/22,50,12,2023.0,23363,70547,2718.0,1085.0,8.0,1,20.0,6.0,9.0,25.0,37.0,1109.0,41,29,,
171.0,MEIDEN,115/22,50,12,2024.0,20095,63287,3379.0,1331.0,7.0,7,20.0,12.0,5.0,25.0,37.0,1362.0,60,7,,
172.0,EKARAT,115/22,50,11,2020.0,3600,65490,2426.0,500.0,31.0,9,20.0,35.0,5.0,5.0,8.0,558.0,50,12,,
172.0,EKARAT,115/22,50,11,2021.0,5570,12487,2500.0,525.0,33.0,60,20.0,35.0,3.0,25.0,37.0,561.0,54,9,,
172.0,EKARAT,115/22,50,11,2022.0,10543,74826,2519.0,520.0,15.0,4,20.0,3.0,3.0,6.0,4.0,555.0,47,14,,
172.0,EKARAT,115/22,50,11,2023.0,8612,54803,2623.0,529.0,9.0,5,20.0,10.0,12.0,25.0,37.0,565.0,50,5,,
172.0,EKARAT,115/22,50,11,2024.0,21748,58018,2455.0,616.0,14.0,10,20.0,12.0,8.0,7.0,15.0,682.0,50,13,,
173.0,EKARAT,115/22,50,11,2020.0,4310,68350,2162.0,1033.0,31.0,8,20.0,2.0,5.0,9.0,7.0,1095.0,42,15,,
173.0,EKARAT,115/22,50,11,2021.0,8520,62665,2200.0,498.0,20.0,60,20.0,5.0,4.0,25.0,5.0,532.0,50,17,,
173.0,EKARAT,115/22,50,11,2022.0,10062,71895,2276.0,577.0,17.0,4,20.0,4.0,3.0,5.0,4.0,614.0,42,16,,
173.0,EKARAT,115/22,50,11,2023.0,18305,56964,1926.0,528.0,7.0,3,20.0,12.0,6.0,25.0,37.0,556.0,55,13,,
173.0,EKARAT,115/22,50,11,2024.0,18650,48000,2100.0,588.0,7.0,11,20.0,15.0,5.0,37.0,9.0,672.0,48,13,,
174.0,MITSUBISHI,115/22,50,27,2019.0,3490,65310,4608.0,224.0,49.0,75,20.0,35.0,223.0,55.0,192.0,818.0,54,17,,
174.0,MITSUBISHI,115/22,50,27,2020.0,3030,65300,4800.0,250.0,38.0,80,20.0,35.0,193.0,21.0,170.0,752.0,55,18,,
174.0,MITSUBISHI,115/22,50,27,2021.0,10060,80780,6039.0,138.0,10.0,70,20.0,35.0,215.0,17.0,37.0,450.0,80,25,,
174.0,MITSUBISHI,115/22,50,27,2022.0,4280,72640,5811.0,147.0,16.0,71,20.0,3.0,226.0,14.0,174.0,651.0,57,13,,
174.0,MITSUBISHI,115/22,50,27,2023.0,2670,76800,5403.0,125.0,11.0,97,20.0,3.0,285.0,10.0,16.0,547.0,58,14,,
174.0,MITSUBISHI,115/22,50,27,2024.0,8656,87939,4052.0,222.0,24.0,115,20.0,4.0,387.0,15.0,202.0,969.0,56,13,,
175.0,ALSTHOM,115/22,50,29,2019.0,9520,93990,2968.0,277.0,39.0,92,20.0,35.0,214.0,27.0,151.0,800.0,56,11,,
175.0,ALSTHOM,115/22,50,29,2020.0,3580,66260,3000.0,280.0,32.0,100,20.0,35.0,160.0,25.0,126.0,698.0,51,18,,
175.0,ALSTHOM,115/22,50,29,2021.0,9580,85180,3665.0,161.0,5.0,73,20.0,35.0,194.0,8.0,37.0,441.0,55,8,,
175.0,ALSTHOM,115/22,50,29,2022.0,3470,84920,3743.0,182.0,11.0,86,20.0,2.0,239.0,11.0,171.0,702.0,70,13,,
175.0,ALSTHOM,115/22,50,29,2023.0,4320,78070,3624.0,162.0,8.0,101,20.0,2.0,284.0,13.0,217.0,787.0,32,13,,
175.0,ALSTHOM,115/22,50,29,2024.0,15166,79809,3502.0,159.0,19.0,105,20.0,6.0,319.0,19.0,184.0,811.0,32,10,,
176.0,ABB,115/22,50,18,2020.0,10984,56737,2429.0,150.0,8.0,39,20.0,4.0,103.0,25.0,55.0,359.0,36,17,,
176.0,ABB,115/22,50,18,2021.0,6932,46668,2169.0,125.0,16.0,45,20.0,35.0,118.0,25.0,42.0,346.0,50,25,,
176.0,ABB,115/22,50,18,2022.0,10452,45289,2271.0,151.0,15.0,36,20.0,4.0,126.0,25.0,38.0,370.0,58,18,,
176.0,ABB,115/22,50,18,2023.0,6694,49345,2464.0,164.0,16.0,74,20.0,1.0,157.0,25.0,108.0,520.0,52,14,,
176.0,ABB,115/22,50,18,2024.0,10044,52979,2337.0,184.0,24.0,75,20.0,2.0,159.0,8.0,83.0,535.0,46,9,,
177.0,MEIDEN,115/22,50,27,2021.0,10158,64575,4675.0,1229.0,8.0,60,20.0,8.0,10.0,25.0,37.0,1255.0,59,22,,
177.0,MEIDEN,115/22,50,27,2022.0,8879,69747,5225.0,1492.0,8.0,2,20.0,9.0,6.0,25.0,37.0,1517.0,60,13,,
177.0,MEIDEN,115/22,50,27,2023.0,12249,66627,4757.0,1323.0,3.0,7,20.0,2.0,4.0,25.0,37.0,1339.0,52,18,,
177.0,MEIDEN,115/22,50,27,2024.0,19669,85142,4045.0,1086.0,3.0,11,20.0,15.0,5.0,3.0,3.0,1126.0,50,10,,
178.0,ALSTHOM,115/22,50,29,2019.0,7921,49022,2478.0,250.0,54.0,111,20.0,35.0,216.0,25.0,167.0,798.0,52,5,,
178.0,ALSTHOM,115/22,50,29,2020.0,5414,48301,2120.0,276.0,11.0,98,20.0,7.0,236.0,25.0,154.0,782.0,55,36,,
178.0,ALSTHOM,115/22,50,29,2021.0,3713,20422,1152.0,16.0,28.0,2,20.0,1.0,15.0,25.0,14.0,76.0,56,7,,
178.0,ALSTHOM,115/22,50,29,2022.0,7944,33758,1578.0,117.0,25.0,14,20.0,1.0,18.0,25.0,11.0,186.0,50,9,,
178.0,ALSTHOM,115/22,50,29,2023.0,4910,19552,1553.0,105.0,14.0,16,20.0,35.0,16.0,25.0,6.0,157.0,55,8,,
178.0,ALSTHOM,115/22,50,29,2024.0,12148,32816,2167.0,141.0,18.0,15,20.0,1.0,20.0,2.0,12.0,209.0,57,10,,
179.0,MITSUBISHI,115/22,50,26,2020.0,4131,62884,5222.0,124.0,25.0,142,20.0,35.0,262.0,25.0,247.0,800.0,55,17,,
179.0,MITSUBISHI,115/22,50,26,2021.0,9104,56495,4244.0,112.0,21.0,117,20.0,16.0,468.0,25.0,189.0,923.0,62,27,,
179.0,MITSUBISHI,115/22,50,26,2022.0,3441,67091,6854.0,34.0,49.0,44,20.0,8.0,641.0,25.0,309.0,1085.0,60,15,,
179.0,MITSUBISHI,115/22,50,26,2023.0,9916,59451,5160.0,132.0,183.0,148,20.0,1.0,560.0,25.0,257.0,1281.0,57,17,,
179.0,MITSUBISHI,115/22,50,26,2024.0,4460,48960,4539.0,128.0,30.0,228,20.0,10.0,789.0,68.0,482.0,1735.0,51,15,,
180.0,ALSTHOM,115/22,50,29,2020.0,5998,30804,1596.0,161.0,13.0,12,20.0,13.0,26.0,25.0,37.0,225.0,55,30,,
180.0,ALSTHOM,115/22,50,29,2021.0,3746,30813,2288.0,36.0,34.0,5,20.0,4.0,22.0,3.0,18.0,122.0,40,11,,
180.0,ALSTHOM,115/22,50,29,2022.0,14344,46321,2226.0,164.0,20.0,16,20.0,4.0,19.0,4.0,11.0,238.0,50,15,,
180.0,ALSTHOM,115/22,50,29,2023.0,4877,32432,2566.0,204.0,13.0,19,20.0,3.0,23.0,25.0,5.0,267.0,50,14,,
180.0,ALSTHOM,115/22,50,29,2024.0,13170,34550,2435.0,157.0,8.0,22,20.0,4.0,23.0,13.0,16.0,243.0,53,16,,
181.0,ABB,115/22,50,17,2019.0,7413,36144,2881.0,204.0,12.0,14,20.0,35.0,5.0,25.0,37.0,235.0,58,18,,
181.0,ABB,115/22,50,17,2020.0,8339,36239,2611.0,210.0,17.0,12,20.0,35.0,5.0,25.0,37.0,244.0,50,10,,
181.0,ABB,115/22,50,17,2021.0,5956,50974,3146.0,137.0,25.0,27,20.0,35.0,4.0,25.0,2.0,195.0,48,8,,
181.0,ABB,115/22,50,17,2022.0,6190,47880,2765.0,149.0,12.0,18,20.0,35.0,5.0,2.0,3.0,189.0,40,9,,
181.0,ABB,115/22,50,17,2023.0,13915,40250,3571.0,214.0,6.0,17,20.0,35.0,7.0,25.0,37.0,244.0,46,16,,
181.0,ABB,115/22,50,17,2024.0,9535,39592,2789.0,262.0,4.0,24,20.0,2.0,6.0,3.0,2.0,303.0,52,7,,
182.0,ABB,115/22,50,17,2020.0,7390,37151,3303.0,242.0,14.0,20,20.0,35.0,10.0,25.0,37.0,286.0,63,22,,
182.0,ABB,115/22,50,17,2021.0,4932,51074,3827.0,174.0,29.0,43,20.0,35.0,7.0,25.0,4.0,257.0,53,11,,
182.0,ABB,115/22,50,17,2022.0,5850,46820,2932.0,147.0,13.0,21,20.0,35.0,6.0,77.0,4.0,268.0,38,7,,
182.0,ABB,115/22,50,17,2023.0,11002,39700,3456.0,249.0,8.0,27,20.0,35.0,9.0,25.0,37.0,293.0,49,11,,
182.0,ABB,115/22,50,17,2024.0,11425,40502,3227.0,271.0,3.0,30,20.0,2.0,8.0,3.0,4.0,321.0,52,10,,
183.0,ABB,115/22,50,13,2018.0,22805,61217,1108.0,279.0,7.0,1,20.0,35.0,55.0,25.0,37.0,287.0,49,8,,
183.0,ABB,115/22,50,13,2019.0,12331,57931,821.0,135.0,16.0,60,20.0,35.0,55.0,25.0,37.0,151.0,47,20,,
183.0,ABB,115/22,50,13,2020.0,14697,61673,843.0,139.0,25.0,60,20.0,35.0,1.0,25.0,1.0,166.0,36,16,,
183.0,ABB,115/22,50,13,2021.0,13997,44782,2142.0,435.0,3.0,2,20.0,35.0,1.0,25.0,1.0,442.0,42,14,,
183.0,ABB,115/22,50,13,2022.0,25906,67279,1929.0,360.0,1.0,4,20.0,2.0,1.0,1.0,37.0,369.0,43,18,,
183.0,ABB,115/22,50,13,2023.0,27529,51606,1882.0,516.0,7.0,1,20.0,1.0,12.0,25.0,10.0,547.0,50,5,,
183.0,ABB,115/22,50,13,2024.0,32890,43170,1666.0,527.0,2.0,6,20.0,3.0,1.0,33.0,37.0,572.0,40,10,,
184.0,DAIHEN,115/22,50,34,2016.0,6125,18154,4049.0,173.0,36.0,16,20.0,35.0,18.0,25.0,8.0,251.0,59,14,,
184.0,DAIHEN,115/22,50,34,2017.0,6579,32917,2801.0,141.0,28.0,13,20.0,35.0,3.0,25.0,8.0,193.0,58,25,,
184.0,DAIHEN,115/22,50,34,2018.0,9361,51952,3239.0,154.0,34.0,7,20.0,35.0,2.0,25.0,1.0,198.0,58,15,,
184.0,DAIHEN,115/22,50,34,2019.0,6835,16688,1673.0,133.0,8.0,5,20.0,35.0,4.0,25.0,3.0,153.0,54,14,,
184.0,DAIHEN,115/22,50,34,2020.0,3689,15501,2085.0,156.0,40.0,8,20.0,35.0,6.0,25.0,4.0,214.0,53,14,,
184.0,DAIHEN,115/22,50,34,2021.0,3284,14446,2099.0,42.0,13.0,6,20.0,35.0,5.0,25.0,3.0,69.0,60,11,,
184.0,DAIHEN,115/22,50,34,2022.0,20554,54471,1824.0,143.0,10.0,3,20.0,1.0,7.0,2.0,3.0,169.0,40,19,,
184.0,DAIHEN,115/22,50,34,2023.0,8039,13837,1854.0,151.0,16.0,6,20.0,1.0,12.0,25.0,7.0,193.0,71,12,,
184.0,DAIHEN,115/22,50,34,2024.0,16290,19380,1570.0,57.0,10.0,8,20.0,1.0,12.0,25.0,7.0,95.0,54,13,,
185.0,FUJI,115/22,50,26,2019.0,6783,44042,424.0,84.0,26.0,42,20.0,2.0,55.0,25.0,37.0,246.0,52,17,,
185.0,FUJI,115/22,50,26,2020.0,11278,69042,716.0,112.0,85.0,41,20.0,2.0,59.0,25.0,41.0,340.0,52,62,,
185.0,FUJI,115/22,50,26,2021.0,10349,61385,253.0,86.0,18.0,38,20.0,6.0,65.0,7.0,30.0,250.0,54,24,,
185.0,FUJI,115/22,50,26,2022.0,6304,51837,663.0,75.0,16.0,32,20.0,2.0,63.0,25.0,41.0,229.0,44,19,,
185.0,FUJI,115/22,50,26,2023.0,6590,50030,590.0,89.0,12.0,47,20.0,3.0,93.0,14.0,57.0,315.0,48,8,,
185.0,FUJI,115/22,50,26,2024.0,13040,43567,670.0,97.0,13.0,30,20.0,6.0,32.0,11.0,21.0,210.0,53,14,,
186.0,FUJI,115/22,50,26,2020.0,4615,20748,345.0,31.0,73.0,16,20.0,35.0,20.0,25.0,11.0,151.0,51,10,,
186.0,FUJI,115/22,50,26,2021.0,11458,42225,228.0,34.0,40.0,16,20.0,3.0,28.0,2.0,12.0,135.0,54,23,,
186.0,FUJI,115/22,50,26,2022.0,5645,23184,760.0,50.0,34.0,18,20.0,4.0,44.0,25.0,4.0,154.0,54,20,,
186.0,FUJI,115/22,50,26,2023.0,6860,25360,537.0,38.0,29.0,21,20.0,2.0,45.0,25.0,22.0,157.0,47,10,,
186.0,FUJI,115/22,50,26,2024.0,15546,48911,253.0,30.0,12.0,27,20.0,6.0,76.0,3.0,23.0,177.0,40,11,,
187.0,EKARAT DAIHEN,115/22,50,13,2020.0,8489,42236,2437.0,1035.0,40.0,7,20.0,6.0,55.0,6.0,3.0,1097.0,50,58,,
187.0,EKARAT DAIHEN,115/22,50,13,2021.0,26859,58907,1390.0,503.0,19.0,60,20.0,5.0,55.0,25.0,37.0,527.0,51,28,,
187.0,EKARAT DAIHEN,115/22,50,13,2022.0,11130,57056,1486.0,676.0,51.0,3,20.0,2.0,1.0,25.0,3.0,736.0,41,10,,
187.0,EKARAT DAIHEN,115/22,50,13,2023.0,13442,68212,2573.0,1151.0,19.0,8,20.0,10.0,2.0,7.0,4.0,1201.0,45,10,,
187.0,EKARAT DAIHEN,115/22,50,13,2024.0,9081,47819,2597.0,965.0,32.0,5,20.0,11.0,2.0,5.0,6.0,1026.0,50,12,,
188.0,ABB,115/22,50,17,2020.0,6647,55260,2289.0,94.0,18.0,111,20.0,4.0,250.0,25.0,172.0,649.0,49,26,,
188.0,ABB,115/22,50,17,2021.0,4299,37958,2494.0,96.0,10.0,105,20.0,35.0,263.0,180.0,37.0,654.0,59,16,,
188.0,ABB,115/22,50,17,2022.0,6057,39370,2552.0,101.0,11.0,108,20.0,35.0,282.0,25.0,69.0,571.0,49,18,,
188.0,ABB,115/22,50,17,2023.0,3225,36016,3325.0,84.0,16.0,135,20.0,3.0,293.0,11.0,150.0,692.0,48,9,,
188.0,ABB,115/22,50,17,2024.0,2741,53953,4253.0,139.0,32.0,161,20.0,8.0,373.0,16.0,229.0,958.0,50,9,,
189.0,HYUNDAI,115/22,50,17,2020.0,9850,49420,950.0,950.0,15.0,33,20.0,35.0,70.0,25.0,59.0,177.0,54,29,,
189.0,HYUNDAI,115/22,50,17,2021.0,8385,44938,1769.0,15.0,13.0,43,20.0,35.0,116.0,31.0,37.0,218.0,54,11,,
189.0,HYUNDAI,115/22,50,17,2022.0,11669,42565,1516.0,14.0,9.0,34,20.0,35.0,83.0,25.0,16.0,156.0,48,14,,
189.0,HYUNDAI,115/22,50,17,2023.0,5023,40856,1983.0,15.0,14.0,40,20.0,3.0,96.0,13.0,48.0,229.0,51,9,,
189.0,HYUNDAI,115/22,50,17,2024.0,8532,55216,2298.0,22.0,4.0,60,20.0,3.0,96.0,25.0,79.0,264.0,49,5,,
190.0,FUJI,115/22,50,26,2019.0,13927,41078,1573.0,99.0,17.0,27,20.0,6.0,69.0,25.0,22.0,240.0,56,23,,
190.0,FUJI,115/22,50,26,2020.0,14076,49833,1476.0,89.0,17.0,22,20.0,5.0,77.0,25.0,32.0,242.0,53,28,,
190.0,FUJI,115/22,50,26,2021.0,9127,38171,1780.0,99.0,18.0,33,20.0,6.0,94.0,42.0,37.0,292.0,56,19,,
190.0,FUJI,115/22,50,26,2022.0,10804,38751,1948.0,105.0,20.0,36,20.0,6.0,107.0,25.0,22.0,296.0,62,13,,
190.0,FUJI,115/22,50,26,2023.0,10892,31294,2088.0,193.0,15.0,2,20.0,7.0,76.0,6.0,38.0,337.0,56,12,,
190.0,FUJI,115/22,50,26,2024.0,8794,43896,1939.0,236.0,11.0,24,20.0,4.0,72.0,25.0,49.0,396.0,60,18,,
191.0,MITSUBISHI,115/22,50,25,2019.0,10470,52589,4219.0,102.0,17.0,78,20.0,8.0,273.0,25.0,135.0,613.0,32,36,,
191.0,MITSUBISHI,115/22,50,25,2020.0,10310,62740,950.0,950.0,23.0,63,20.0,3.0,317.0,17.0,201.0,624.0,54,6,,
191.0,MITSUBISHI,115/22,50,25,2021.0,8550,169030,1427.0,23.0,37.0,32,20.0,35.0,145.0,13.0,99.0,349.0,53,22,,
191.0,MITSUBISHI,115/22,50,25,2022.0,8453,57509,5721.0,106.0,22.0,87,20.0,10.0,366.0,25.0,79.0,670.0,53,15,,
191.0,MITSUBISHI,115/22,50,25,2023.0,8581,56701,6395.0,73.0,26.0,109,20.0,8.0,387.0,8.0,172.0,783.0,64,12,,
191.0,MITSUBISHI,115/22,50,25,2024.0,7458,71956,7224.0,143.0,23.0,128,20.0,8.0,541.0,5.0,200.0,1048.0,46,19,,
192.0,VOLTA WERKE,115/22,50,31,2018.0,9071,45706,1364.0,108.0,21.0,61,20.0,8.0,106.0,25.0,56.0,360.0,44,19,,
192.0,VOLTA WERKE,115/22,50,31,2019.0,10243,34565,950.0,950.0,8.0,20,20.0,3.0,55.0,25.0,39.0,70.0,40,34,,
192.0,VOLTA WERKE,115/22,50,31,2020.0,16547,44635,1621.0,83.0,15.0,43,20.0,22.0,133.0,25.0,53.0,349.0,36,24,,
192.0,VOLTA WERKE,115/22,50,31,2021.0,7650,61080,1125.0,55.0,20.0,60,20.0,3.0,112.0,11.0,86.0,347.0,43,17,,
192.0,VOLTA WERKE,115/22,50,31,2022.0,6298,42654,1668.0,112.0,24.0,69,20.0,9.0,165.0,25.0,34.0,413.0,50,15,,
192.0,VOLTA WERKE,115/22,50,31,2023.0,7192,39979,1750.0,106.0,17.0,98,20.0,10.0,162.0,25.0,66.0,459.0,41,9,,
192.0,VOLTA WERKE,115/22,50,31,2024.0,9585,52101,1847.0,129.0,24.0,88,20.0,17.0,198.0,25.0,94.0,550.0,45,9,,
193.0,VOLTA WERKE,115/22,50,30,2019.0,6531,42432,2221.0,210.0,17.0,41,20.0,7.0,26.0,25.0,5.0,306.0,45,22,,
193.0,VOLTA WERKE,115/22,50,30,2020.0,12090,51470,950.0,950.0,18.0,43,20.0,8.0,28.0,25.0,17.0,114.0,40,36,,
193.0,VOLTA WERKE,115/22,50,30,2021.0,15520,172150,673.0,62.0,31.0,6,20.0,2.0,9.0,5.0,7.0,122.0,41,20,,
193.0,VOLTA WERKE,115/22,50,30,2022.0,14150,64970,3503.0,388.0,11.0,4,20.0,9.0,10.0,16.0,14.0,452.0,50,13,,
193.0,VOLTA WERKE,115/22,50,30,2023.0,25136,64548,3430.0,378.0,15.0,2,20.0,26.0,8.0,6.0,5.0,440.0,44,11,,
193.0,VOLTA WERKE,115/22,50,30,2024.0,25741,76181,3947.0,457.0,21.0,7,20.0,60.0,26.0,11.0,13.0,595.0,45,16,,
194.0,ABB,115/22,50,17,2019.0,6302,37085,1568.0,199.0,19.0,14,20.0,35.0,55.0,25.0,37.0,232.0,52,9,,
194.0,ABB,115/22,50,17,2020.0,7435,43592,1605.0,204.0,27.0,30,20.0,35.0,6.0,25.0,3.0,270.0,42,14,,
194.0,ABB,115/22,50,17,2021.0,16333,42797,1214.0,149.0,18.0,60,20.0,35.0,35.0,25.0,37.0,202.0,41,24,,
194.0,ABB,115/22,50,17,2022.0,6496,37053,1741.0,216.0,15.0,60,20.0,35.0,7.0,25.0,37.0,238.0,40,15,,
194.0,ABB,115/22,50,17,2023.0,8663,40353,2016.0,238.0,13.0,18,20.0,35.0,9.0,25.0,3.0,281.0,53,12,,
194.0,ABB,115/22,50,17,2024.0,9196,40018,1674.0,331.0,12.0,24,20.0,3.0,10.0,10.0,12.0,402.0,48,11,,
195.0,MITSUBISHI,115/22,50,9,2017.0,8597,49004,1226.0,491.0,14.0,2,1.6,1.0,1.0,25.0,37.0,510.6,50,10,,
195.0,MITSUBISHI,115/22,50,9,2018.0,6934,39834,1257.0,502.0,17.0,4,2.2,35.0,3.0,25.0,4.0,532.2,41,8,,
195.0,MITSUBISHI,115/22,50,9,2019.0,11917,45423,1804.0,615.0,14.0,6,2.0,2.0,2.0,25.0,1.0,642.0,56,6,,
195.0,MITSUBISHI,115/22,50,9,2020.0,19787,49326,1410.0,471.0,24.0,60,2.1,4.0,1.0,25.0,37.0,502.1,39,22,,
195.0,MITSUBISHI,115/22,50,9,2021.0,11650,52550,1808.0,396.0,19.0,3,20.0,35.0,1.0,1.0,1.0,421.0,56,16,,
195.0,MITSUBISHI,115/22,50,9,2022.0,2934,50212,1700.0,679.0,5.0,4,20.0,1.0,2.0,25.0,37.0,691.0,41,15,,
195.0,MITSUBISHI,115/22,50,9,2023.0,6789,45571,2033.0,897.0,14.0,4,20.0,1.0,2.0,2.0,1.0,921.0,48,13,,
195.0,MITSUBISHI,115/22,50,9,2024.0,8808,33590,1868.0,771.0,12.0,6,20.0,35.0,2.0,25.0,37.0,791.0,46,9,,
196.0,MITSUBISHI,115/22,50,17,2020.0,24440,60500,3538.0,142.0,54.0,52,20.0,1.0,62.0,10.0,45.0,366.0,68,19,,
196.0,MITSUBISHI,115/22,50,17,2021.0,13900,50517,4337.0,307.0,16.0,56,20.0,16.0,116.0,25.0,24.0,535.0,67,22,,
196.0,MITSUBISHI,115/22,50,17,2022.0,5370,52230,4385.0,308.0,13.0,100,20.0,5.0,97.0,11.0,64.0,598.0,68,19,,
196.0,MITSUBISHI,115/22,50,17,2023.0,9020,50780,950.0,950.0,45.0,60,20.0,35.0,55.0,25.0,37.0,200.0,32,20,,
196.0,MITSUBISHI,115/22,50,17,2024.0,3679,59403,3372.0,562.0,20.0,151,20.0,50.0,174.0,13.0,71.0,1041.0,30,9,,
197.0,MITSUBISHI,115/22,50,17,2022.0,13780,52033,4254.0,107.0,45.0,96,20.0,3.0,283.0,25.0,164.0,715.0,36,15,,
197.0,MITSUBISHI,115/22,50,17,2023.0,3280,46870,2909.0,146.0,28.0,98,20.0,16.0,257.0,13.0,162.0,720.0,30,7,,
197.0,MITSUBISHI,115/22,50,17,2024.0,3808,40180,3671.0,167.0,31.0,184,20.0,10.0,271.0,55.0,298.0,1016.0,67,19,,
198.0,MEIDEN,115/22,50,20,2020.0,6184,50515,2475.0,98.0,23.0,80,20.0,35.0,227.0,25.0,144.0,572.0,58,13,,
198.0,MEIDEN,115/22,50,20,2021.0,7385,28262,1139.0,8.0,5.0,10,20.0,35.0,24.0,25.0,37.0,47.0,56,12,,
198.0,MEIDEN,115/22,50,20,2022.0,4520,37850,2274.0,89.0,4.0,22,20.0,7.0,43.0,4.0,24.0,193.0,64,12,,
198.0,MEIDEN,115/22,50,20,2023.0,2590,36000,1980.0,91.0,2.0,38,20.0,1.0,67.0,3.0,33.0,235.0,65,8,,
198.0,MEIDEN,115/22,50,20,2024.0,1800,27460,1728.0,113.0,4.0,63,20.0,4.0,125.0,17.0,75.0,401.0,58,9,,
199.0,MEIDEN,115/22,50,20,2020.0,5734,49999,2791.0,119.0,30.0,73,20.0,35.0,190.0,25.0,117.0,529.0,51,14,,
199.0,MEIDEN,115/22,50,20,2021.0,7281,26945,1038.0,65.0,4.0,60,20.0,35.0,25.0,25.0,37.0,94.0,50,10,,
199.0,MEIDEN,115/22,50,20,2022.0,5210,33230,1851.0,84.0,3.0,14,20.0,35.0,32.0,1.0,18.0,152.0,57,9,,
199.0,MEIDEN,115/22,50,20,2023.0,4130,31250,1700.0,89.0,2.0,20,20.0,1.0,44.0,1.0,27.0,184.0,59,4,,
199.0,MEIDEN,115/22,50,20,2024.0,19440,34980,1161.0,76.0,2.0,27,20.0,3.0,81.0,13.0,48.0,250.0,51,8,,
200.0,OSAKA,115/22,50,40,2019.0,64250,49978,4867.0,127.0,8.0,15,20.0,5.0,54.0,8.0,27.0,244.0,57,30,,
200.0,OSAKA,115/22,50,40,2020.0,20185,54042,1201.0,34.0,60.0,21,20.0,6.0,55.0,25.0,53.0,254.0,56,15,,
200.0,OSAKA,115/22,50,40,2021.0,4395,51035,2448.0,91.0,31.0,18,20.0,3.0,64.0,9.0,46.0,262.0,54,17,,
200.0,OSAKA,115/22,50,40,2022.0,3754,44892,2832.0,95.0,153.0,40,20.0,11.0,82.0,16.0,100.0,497.0,54,13,,
200.0,OSAKA,115/22,50,40,2023.0,2445,43827,2698.0,107.0,42.0,39,20.0,3.0,54.0,5.0,24.0,274.0,53,15,,
200.0,OSAKA,115/22,50,40,2024.0,4220,32720,2682.0,115.0,12.0,40,20.0,3.0,52.0,12.0,36.0,270.0,37,12,,
201.0,FUJI,115/22,50,27,2018.0,8352,40696,753.0,103.0,10.0,2,20.0,4.0,1.0,2.0,37.0,122.0,32,28,,
201.0,FUJI,115/22,50,27,2019.0,7800,45490,950.0,950.0,17.0,7,20.0,35.0,55.0,25.0,37.0,24.0,50,34,,
201.0,FUJI,115/22,50,27,2020.0,245592,172990,1597.0,226.0,48.0,8,20.0,1.0,16.0,3.0,6.0,308.0,37,16,,
201.0,FUJI,115/22,50,27,2021.0,6231,32199,1359.0,213.0,54.0,3,20.0,35.0,2.0,25.0,37.0,272.0,37,13,,
201.0,FUJI,115/22,50,27,2022.0,7210,26590,468.0,51.0,1.0,60,20.0,35.0,55.0,2.0,37.0,54.0,31,19,,
201.0,FUJI,115/22,50,27,2023.0,5381,22242,842.0,112.0,11.0,1,20.0,5.0,6.0,2.0,1.0,138.0,28,11,,
201.0,FUJI,115/22,50,27,2024.0,11890,35637,1131.0,134.0,12.0,7,20.0,7.0,10.0,2.0,2.0,174.0,27,21,,
202.0,FUJI,115/22,50,26,2020.0,5599,41664,424.0,67.0,10.0,9,20.0,2.0,12.0,25.0,6.0,106.0,32,24,,
202.0,FUJI,115/22,50,26,2021.0,8680,51910,184.0,38.0,25.0,5,20.0,35.0,7.0,10.0,4.0,89.0,54,26,,
202.0,FUJI,115/22,50,26,2022.0,4220,29580,1529.0,163.0,5.0,27,20.0,35.0,19.0,29.0,13.0,256.0,52,17,,
202.0,FUJI,115/22,50,26,2023.0,4382,30907,1534.0,218.0,10.0,2,20.0,5.0,24.0,25.0,7.0,266.0,51,13,,
202.0,FUJI,115/22,50,26,2024.0,8487,33722,1405.0,265.0,13.0,15,20.0,8.0,18.0,3.0,9.0,331.0,54,15,,
203.0,VOLTA WERKE,115/22,50,31,2018.0,8366,60042,1307.0,108.0,33.0,98,20.0,12.0,268.0,25.0,138.0,657.0,52,11,,
203.0,VOLTA WERKE,115/22,50,31,2019.0,12035,53447,774.0,57.0,2.0,51,20.0,5.0,170.0,25.0,129.0,414.0,36,17,,
203.0,VOLTA WERKE,115/22,50,31,2020.0,5910,64510,756.0,84.0,49.0,102,20.0,4.0,282.0,30.0,240.0,791.0,50,28,,
203.0,VOLTA WERKE,115/22,50,31,2021.0,6662,53842,1639.0,76.0,47.0,92,20.0,3.0,249.0,1.0,196.0,664.0,47,8,,
203.0,VOLTA WERKE,115/22,50,31,2022.0,4990,65061,1429.0,119.0,77.0,60,20.0,12.0,262.0,25.0,103.0,573.0,48,13,,
203.0,VOLTA WERKE,115/22,50,31,2023.0,6972,59867,1458.0,118.0,34.0,105,20.0,6.0,303.0,25.0,147.0,713.0,43,8,,
203.0,VOLTA WERKE,115/22,50,31,2024.0,8841,51300,1270.0,120.0,29.0,92,20.0,9.0,235.0,25.0,171.0,656.0,48,9,,
204.0,FUJI,115/22,50,27,2018.0,5440,41839,1014.0,76.0,9.0,22,20.0,11.0,136.0,25.0,63.0,317.0,54,13,,
204.0,FUJI,115/22,50,27,2019.0,6748,43555,762.0,74.0,29.0,42,20.0,6.0,174.0,25.0,91.0,416.0,55,25,,
204.0,FUJI,115/22,50,27,2020.0,6123,44490,650.0,67.0,13.0,27,20.0,5.0,169.0,25.0,88.0,369.0,36,14,,
204.0,FUJI,115/22,50,27,2021.0,3065,51092,898.0,64.0,27.0,36,20.0,2.0,147.0,25.0,106.0,382.0,50,7,,
204.0,FUJI,115/22,50,27,2022.0,6050,55270,797.0,69.0,29.0,32,20.0,2.0,134.0,10.0,101.0,377.0,52,13,,
204.0,FUJI,115/22,50,27,2023.0,5689,52960,861.0,93.0,35.0,61,20.0,8.0,198.0,25.0,106.0,501.0,48,12,,
204.0,FUJI,115/22,50,27,2024.0,5966,41352,870.0,144.0,17.0,58,20.0,8.0,180.0,25.0,101.0,508.0,51,14,,
205.0,MITSUBISHI,115/22,50,24,2020.0,3524,21978,2475.0,91.0,16.0,27,20.0,35.0,72.0,25.0,55.0,261.0,59,14,,
205.0,MITSUBISHI,115/22,50,24,2021.0,6266,42071,2510.0,101.0,22.0,17,20.0,2.0,65.0,4.0,56.0,267.0,46,48,,
205.0,MITSUBISHI,115/22,50,24,2022.0,9397,40223,1045.0,37.0,16.0,21,20.0,1.0,71.0,3.0,55.0,204.0,45,14,,
205.0,MITSUBISHI,115/22,50,24,2023.0,12439,32057,1251.0,62.0,14.0,38,20.0,4.0,95.0,25.0,50.0,263.0,54,14,,
205.0,MITSUBISHI,115/22,50,24,2024.0,9301,45141,1074.0,119.0,11.0,21,20.0,14.0,68.0,7.0,42.0,282.0,59,20,,
206.0,MITSUBISHI,115/22,50,11,2018.0,10457,41090,1450.0,520.0,18.0,4,0.8,1.0,1.0,25.0,37.0,544.8,34,4,,
206.0,MITSUBISHI,115/22,50,11,2019.0,13065,50521,1430.0,511.0,28.0,3,20.0,1.0,1.0,1.0,1.0,546.0,33,36,,
206.0,MITSUBISHI,115/22,50,11,2020.0,12277,46306,1763.0,620.0,23.0,4,0.8,0.7,0.9,0.4,0.2,650.0,36,7,,
206.0,MITSUBISHI,115/22,50,11,2021.0,16293,38326,1379.0,452.0,17.0,60,20.0,35.0,5.0,25.0,37.0,474.0,32,12,,
206.0,MITSUBISHI,115/22,50,11,2022.0,2831,46206,1501.0,592.0,6.0,3,20.0,1.0,2.0,25.0,37.0,604.0,40,13,,
206.0,MITSUBISHI,115/22,50,11,2023.0,19759,40532,1531.0,560.0,11.0,2,20.0,1.0,5.0,25.0,1.0,580.0,44,11,,
206.0,MITSUBISHI,115/22,50,11,2024.0,13026,38315,2389.0,488.0,6.0,5,20.0,4.0,2.0,5.0,1.0,511.0,47,8,,
207.0,MITSUBISHI,115/22,50,27,2019.0,7158,32326,1871.0,113.0,8.0,37,20.0,35.0,58.0,25.0,11.0,227.0,52,16,,
207.0,MITSUBISHI,115/22,50,27,2020.0,5562,32589,1962.0,119.0,11.0,24,20.0,35.0,15.0,25.0,7.0,176.0,57,13,,
207.0,MITSUBISHI,115/22,50,27,2021.0,4399,41116,2089.0,210.0,39.0,19,20.0,3.0,33.0,7.0,20.0,331.0,46,27,,
207.0,MITSUBISHI,115/22,50,27,2022.0,8922,34719,1651.0,155.0,16.0,22,20.0,4.0,50.0,25.0,19.0,266.0,45,19,,
207.0,MITSUBISHI,115/22,50,27,2023.0,4631,37000,1781.0,189.0,40.0,16,20.0,4.0,67.0,25.0,28.0,344.0,52,12,,
207.0,MITSUBISHI,115/22,50,27,2024.0,7340,45256,1604.0,170.0,29.0,52,20.0,5.0,88.0,4.0,36.0,384.0,58,18,,
208.0,ABB,115/22,50,11,2020.0,15190,67850,3310.0,1170.0,16.0,6,20.0,3.0,55.0,25.0,37.0,1195.0,46,22,,
208.0,ABB,115/22,50,11,2021.0,11267,68947,3363.0,915.0,34.0,3,20.0,5.0,2.0,6.0,2.0,967.0,35,15,,
208.0,ABB,115/22,50,11,2022.0,11540,54210,3619.0,858.0,3.0,3,20.0,5.0,2.0,5.0,1.0,877.0,40,15,,
208.0,ABB,115/22,50,11,2023.0,15963,55291,2765.0,917.0,12.0,8,20.0,14.0,3.0,5.0,4.0,963.0,36,10,,
208.0,ABB,115/22,50,11,2024.0,21833,72272,2548.0,857.0,11.0,9,20.0,4.0,3.0,5.0,7.0,896.0,42,22,,
209.0,ABB,115/22,50,13,2019.0,9377,34457,1058.0,388.0,5.0,2,20.0,5.0,1.0,2.0,2.0,405.0,48,23,,
209.0,ABB,115/22,50,13,2020.0,17851,65715,2056.0,565.0,8.0,60,20.0,6.0,55.0,3.0,2.0,584.0,46,20,,
209.0,ABB,115/22,50,13,2021.0,12953,64971,2133.0,534.0,18.0,3,20.0,6.0,2.0,5.0,1.0,569.0,35,12,,
209.0,ABB,115/22,50,13,2022.0,11950,56390,4094.0,877.0,6.0,2,20.0,3.0,1.0,5.0,1.0,895.0,40,7,,
209.0,ABB,115/22,50,13,2023.0,14970,66230,3090.0,842.0,8.0,3,20.0,5.0,1.0,1.0,1.0,861.0,38,10,,
209.0,ABB,115/22,50,13,2024.0,19268,70764,2872.0,894.0,18.0,6,20.0,13.0,4.0,3.0,5.0,943.0,42,19,,
210.0,MEIDEN,115/22,50,17,2017.0,6550,113780,689.0,42.0,30.0,59,20.0,3.0,195.0,9.0,166.0,504.0,59,9,,
210.0,MEIDEN,115/22,50,17,2018.0,5865,46023,813.0,72.0,8.0,60,20.0,8.0,392.0,25.0,150.0,630.0,52,7,,
210.0,MEIDEN,115/22,50,17,2019.0,4067,56314,946.0,83.0,3.0,108,20.0,14.0,434.0,82.0,320.0,1044.0,63,8,,
211.0,MEIDEN,115/22,50,17,2020.0,8474,50379,2081.0,223.0,26.0,71,20.0,3.0,148.0,25.0,258.0,729.0,60,14,,
211.0,MEIDEN,115/22,50,17,2021.0,1831,72116,766.0,174.0,2.0,285,20.0,29.0,904.0,25.0,645.0,2039.0,36,10,,
211.0,MEIDEN,115/22,50,17,2022.0,1670,184790,941.0,85.0,47.0,126,20.0,10.0,403.0,33.0,395.0,1099.0,57,17,,
211.0,MEIDEN,115/22,50,17,2023.0,7389,61225,1003.0,137.0,5.0,60,20.0,22.0,685.0,19.0,354.0,1222.0,50,6,,
211.0,MEIDEN,115/22,50,17,2024.0,4063,73604,1161.0,161.0,3.0,207,20.0,26.0,756.0,45.0,716.0,1914.0,61,10,,
212.0,MEIDEN,115/22,50,17,2017.0,8518,23505,205.0,36.8,4.5,60,20.0,0.5,0.1,0.4,37.0,42.3,29,20,,
212.0,MEIDEN,115/22,50,17,2018.0,6680,16010,93.1,950.0,45.0,60,20.0,35.0,55.0,25.0,37.0,200.0,32,9,,
212.0,MEIDEN,115/22,50,17,2019.0,4731,18335,189.0,56.0,1.0,60,20.0,35.0,1.0,1.0,2.0,61.0,36,17,,
212.0,MEIDEN,115/22,50,17,2020.0,3020,28060,953.0,67.0,38.0,10,20.0,35.0,4.0,25.0,3.0,122.0,65,19,,
212.0,MEIDEN,115/22,50,17,2021.0,4720,20381,1599.0,100.0,7.0,10,20.0,35.0,16.0,25.0,37.0,133.0,58,12,,
212.0,MEIDEN,115/22,50,17,2022.0,4916,29656,2058.0,149.0,4.0,19,20.0,35.0,55.0,2.0,37.0,174.0,56,13,,
212.0,MEIDEN,115/22,50,17,2023.0,28140,43570,1694.0,201.0,4.0,8,20.0,10.0,3.0,28.0,1.0,255.0,70,27,,
212.0,MEIDEN,115/22,50,17,2024.0,4344,35645,2730.0,164.0,11.0,25,20.0,5.0,33.0,25.0,37.0,238.0,32,11,,
213.0,MEIDEN,115/22,50,17,2020.0,4784,16233,133.0,76.0,45.0,60,20.0,35.0,1.0,25.0,1.0,78.0,36,14,,
213.0,MEIDEN,115/22,50,17,2021.0,4300,31290,516.0,36.0,56.0,7,20.0,35.0,3.0,25.0,2.0,104.0,70,18,,
213.0,MEIDEN,115/22,50,17,2022.0,5942,21665,2524.0,183.0,8.0,13,20.0,35.0,24.0,25.0,2.0,230.0,62,9,,
213.0,MEIDEN,115/22,50,17,2023.0,4768,28903,3437.0,254.0,13.0,29,20.0,35.0,32.0,3.0,23.0,354.0,60,15,,
213.0,MEIDEN,115/22,50,17,2024.0,1443,18166,3799.0,277.0,19.0,40,20.0,5.0,61.0,3.0,22.0,427.0,62,14,,
214.0,MEIDEN,115/22,50,13,2021.0,15172,57280,1898.0,458.0,4.0,60,20.0,8.0,55.0,25.0,37.0,470.0,47,15,,
214.0,MEIDEN,115/22,50,13,2022.0,14566,71081,3031.0,1380.0,5.0,60,20.0,2.0,2.0,1.0,1.0,1391.0,34,9,,
214.0,MEIDEN,115/22,50,13,2023.0,18321,77532,3165.0,1403.0,2.0,9,20.0,9.0,2.0,2.0,1.0,1428.0,50,7,,
214.0,MEIDEN,115/22,50,13,2024.0,10994,76749,3113.0,1377.0,4.0,6,20.0,11.0,2.0,2.0,1.0,1403.0,56,9,,
215.0,MEIDEN,115/22,50,15,2021.0,11256,44192,776.0,83.0,10.0,48,20.0,20.0,140.0,25.0,45.0,346.0,38,14,,
215.0,MEIDEN,115/22,50,15,2022.0,8753,47716,1121.0,96.0,11.0,39,20.0,6.0,196.0,25.0,54.0,402.0,57,10,,
215.0,MEIDEN,115/22,50,15,2023.0,7117,54441,1248.0,104.0,9.0,66,20.0,4.0,206.0,5.0,97.0,491.0,35,8,,
215.0,MEIDEN,115/22,50,15,2024.0,4964,54644,1414.0,83.0,9.0,61,20.0,8.0,181.0,7.0,81.0,430.0,40,9,,
216.0,MITSUBISHI,115/22,50,26,2019.0,10945,47906,2394.0,98.0,11.0,49,20.0,7.0,262.0,25.0,141.0,568.0,26,27,,
216.0,MITSUBISHI,115/22,50,26,2020.0,3246,57898,5171.0,122.0,10.0,97,20.0,12.0,395.0,2.0,192.0,830.0,28,29,,
216.0,MITSUBISHI,115/22,50,26,2021.0,5401,58183,5781.0,116.0,18.0,102,20.0,13.0,431.0,1.0,108.0,789.0,55,19,,
216.0,MITSUBISHI,115/22,50,26,2022.0,8342,71274,6803.0,129.0,21.0,109,20.0,12.0,480.0,25.0,71.0,822.0,36,19,,
216.0,MITSUBISHI,115/22,50,26,2023.0,7011,37424,3377.0,50.0,9.0,24,20.0,7.0,272.0,25.0,97.0,459.0,53,17,,
216.0,MITSUBISHI,115/22,50,26,2024.0,7629,74447,4037.0,173.0,7.0,137,20.0,14.0,483.0,13.0,223.0,1050.0,56,29,,
217.0,MITSUBISHI,115/22,50,26,2017.0,8645,49840,3889.0,122.0,7.0,68,20.0,11.0,397.0,25.0,198.0,803.0,39,28,,
217.0,MITSUBISHI,115/22,50,26,2018.0,7308,47936,3785.0,115.0,25.0,72,20.0,11.0,354.0,25.0,166.0,743.0,54,39,,
217.0,MITSUBISHI,115/22,50,26,2019.0,13241,48429,3683.0,181.0,13.0,87,20.0,9.0,391.0,25.0,177.0,858.0,67,28,,
217.0,MITSUBISHI,115/22,50,26,2020.0,3926,59753,3544.0,66.0,44.0,87,20.0,3.0,460.0,22.0,251.0,933.0,55,14,,
217.0,MITSUBISHI,115/22,50,26,2021.0,9736,69744,3358.0,100.0,13.0,78,20.0,11.0,437.0,25.0,62.0,701.0,36,29,,
217.0,MITSUBISHI,115/22,50,26,2022.0,3567,81629,4865.0,101.0,27.0,66,20.0,19.0,522.0,25.0,152.0,887.0,59,17,,
217.0,MITSUBISHI,115/22,50,26,2023.0,1768,43323,3149.0,77.0,2.0,35,20.0,6.0,323.0,25.0,195.0,638.0,36,15,,
217.0,MITSUBISHI,115/22,50,26,2024.0,8773,84739,3501.0,192.0,14.0,179,20.0,17.0,506.0,14.0,256.0,1178.0,58,22,,
218.0,FUJI,115/22,50,26,2019.0,10598,45480,1137.0,114.0,8.0,32,20.0,5.0,100.0,25.0,50.0,309.0,51,29,,
218.0,FUJI,115/22,50,26,2020.0,12017,51284,1284.0,121.0,11.0,37,20.0,3.0,132.0,25.0,67.0,371.0,49,-27,,
218.0,FUJI,115/22,50,26,2021.0,3955,47554,1265.0,101.0,21.0,41,20.0,2.0,134.0,25.0,79.0,378.0,48,20,,
218.0,FUJI,115/22,50,26,2022.0,5094,30030,935.0,89.0,12.0,23,20.0,5.0,105.0,25.0,10.0,244.0,36,20,,
218.0,FUJI,115/22,50,26,2023.0,6006,34477,1421.0,126.0,17.0,19,20.0,8.0,108.0,25.0,29.0,307.0,52,19,,
218.0,FUJI,115/22,50,26,2024.0,9183,46110,1816.0,172.0,10.0,60,20.0,8.0,122.0,9.0,70.0,451.0,50,20,,
219.0,MEIDEN,115/22,50,12,2020.0,23094,64968,2670.0,889.0,8.0,10,20.0,4.0,55.0,25.0,37.0,911.0,52,19,,
219.0,MEIDEN,115/22,50,12,2021.0,23640,197070,1470.0,273.0,39.0,6,20.0,35.0,2.0,515.0,37.0,835.0,52,14,,
219.0,MEIDEN,115/22,50,12,2022.0,11477,64672,4288.0,1195.0,6.0,12,20.0,7.0,8.0,25.0,37.0,1228.0,52,15,,
219.0,MEIDEN,115/22,50,12,2023.0,10861,84854,3406.0,908.0,6.0,20,20.0,7.0,8.0,3.0,12.0,964.0,56,9,,
219.0,MEIDEN,115/22,50,12,2024.0,13136,79450,4093.0,1414.0,11.0,20,20.0,5.0,4.0,3.0,3.0,1460.0,32,13,,
220.0,MEIDEN,115/22,50,12,2020.0,16330,68360,950.0,950.0,17.0,21,20.0,35.0,55.0,25.0,37.0,38.0,32,29,,
220.0,MEIDEN,115/22,50,12,2021.0,12830,143860,2089.0,425.0,19.0,8,20.0,35.0,2.0,588.0,37.0,1042.0,58,15,,
220.0,MEIDEN,115/22,50,12,2022.0,14248,64920,3440.0,1215.0,8.0,60,20.0,6.0,12.0,25.0,37.0,1241.0,50,13,,
220.0,MEIDEN,115/22,50,12,2023.0,12830,75430,2812.0,815.0,5.0,11,20.0,3.0,4.0,25.0,3.0,841.0,55,8,,
220.0,MEIDEN,115/22,50,12,2024.0,14901,76254,4369.0,1515.0,11.0,20,20.0,6.0,5.0,2.0,4.0,1563.0,49,13,,
221.0,MEIDEN,115/22,50,17,2020.0,17970,80970,1325.0,96.0,1.0,57,20.0,35.0,80.0,73.0,58.0,365.0,32,14,,
221.0,MEIDEN,115/22,50,17,2021.0,8199,39188,2363.0,145.0,7.0,61,20.0,35.0,134.0,25.0,15.0,362.0,36,16,,
221.0,MEIDEN,115/22,50,17,2022.0,5816,40146,3125.0,169.0,10.0,56,20.0,5.0,164.0,25.0,51.0,455.0,36,21,,
221.0,MEIDEN,115/22,50,17,2023.0,7752,40946,3479.0,207.0,4.0,110,20.0,5.0,193.0,6.0,67.0,592.0,63,19,,
221.0,MEIDEN,115/22,50,17,2024.0,5502,36758,2960.0,192.0,3.0,96,20.0,4.0,171.0,6.0,86.0,558.0,60,14,,
222.0,MEIDEN,115/22,50,17,2020.0,19380,79510,665.0,51.0,45.0,52,20.0,35.0,121.0,20.0,86.0,330.0,32,7,,
222.0,MEIDEN,115/22,50,17,2021.0,7412,42749,870.0,69.0,6.0,46,20.0,35.0,141.0,25.0,19.0,281.0,36,9,,
222.0,MEIDEN,115/22,50,17,2022.0,6108,33982,1135.0,78.0,7.0,49,20.0,4.0,205.0,25.0,65.0,408.0,36,19,,
222.0,MEIDEN,115/22,50,17,2023.0,29067,88108,1303.0,75.0,5.0,85,20.0,5.0,207.0,4.0,81.0,462.0,60,22,,
222.0,MEIDEN,115/22,50,17,2024.0,9157,43001,1393.0,94.0,2.0,23,20.0,3.0,54.0,25.0,50.0,226.0,59,13,,
223.0,VOLTA WERKE,115/22,50,31,2019.0,8943,39412,1840.0,143.0,19.0,39,20.0,3.0,31.0,25.0,13.0,248.0,58,17,,
223.0,VOLTA WERKE,115/22,50,31,2020.0,14937,55746,1682.0,163.0,25.0,40,20.0,8.0,34.0,25.0,37.0,270.0,42,11,,
223.0,VOLTA WERKE,115/22,50,31,2021.0,5289,51732,1835.0,114.0,31.0,48,20.0,3.0,34.0,25.0,20.0,250.0,36,12,,
223.0,VOLTA WERKE,115/22,50,31,2022.0,11190,65050,2470.0,190.0,19.0,29,20.0,3.0,26.0,6.0,18.0,291.0,53,10,,
223.0,VOLTA WERKE,115/22,50,31,2023.0,7864,45682,3156.0,225.0,15.0,40,20.0,4.0,33.0,7.0,19.0,343.0,56,13,,
223.0,VOLTA WERKE,115/22,50,31,2024.0,21427,62945,1485.0,159.0,4.0,49,20.0,9.0,40.0,5.0,20.0,286.0,47,9,,
224.0,DAIHEN,115/22,50,12,2020.0,14717,44560,1261.0,475.0,33.0,60,20.0,35.0,13.0,25.0,37.0,521.0,37,23,,
224.0,DAIHEN,115/22,50,12,2021.0,18312,45913,1418.0,512.0,34.0,60,20.0,35.0,6.0,25.0,37.0,552.0,50,23,,
224.0,DAIHEN,115/22,50,12,2022.0,11463,53685,2374.0,586.0,42.0,3,20.0,35.0,4.0,25.0,6.0,641.0,40,11,,
224.0,DAIHEN,115/22,50,12,2023.0,11460,62910,1994.0,557.0,44.0,3,20.0,2.0,4.0,16.0,6.0,632.0,53,16,,
224.0,DAIHEN,115/22,50,12,2024.0,16153,52924,2640.0,1226.0,36.0,8,20.0,9.0,7.0,3.0,2.0,1291.0,60,10,,
225.0,DAIHEN,115/22,50,16,2020.0,11906,50564,692.0,100.0,25.0,70,20.0,3.0,55.0,25.0,37.0,198.0,28,18,,
225.0,DAIHEN,115/22,50,16,2021.0,2715,31532,1113.0,118.0,21.0,65,20.0,35.0,183.0,25.0,70.0,457.0,56,13,,
225.0,DAIHEN,115/22,50,16,2022.0,7920,40020,1778.0,101.0,24.0,61,20.0,35.0,171.0,18.0,142.0,517.0,57,17,,
225.0,DAIHEN,115/22,50,16,2023.0,6710,51520,1879.0,108.0,39.0,78,20.0,1.0,224.0,11.0,187.0,648.0,30,10,,
225.0,DAIHEN,115/22,50,16,2024.0,11624,51519,1755.0,134.0,27.0,78,20.0,3.0,203.0,11.0,121.0,577.0,56,15,,
226.0,HYUNDAI,115/22,50,16,2020.0,8490,49190,950.0,950.0,8.0,40,20.0,35.0,50.0,25.0,29.0,127.0,32,24,,
226.0,HYUNDAI,115/22,50,16,2021.0,4615,35731,623.0,26.0,7.0,38,20.0,35.0,78.0,25.0,10.0,159.0,38,15,,
226.0,HYUNDAI,115/22,50,16,2022.0,8625,67890,3157.0,326.0,27.0,36,20.0,5.0,76.0,25.0,7.0,477.0,33,14,,
226.0,HYUNDAI,115/22,50,16,2023.0,8490,53620,3204.0,360.0,26.0,52,20.0,1.0,62.0,10.0,41.0,552.0,60,10,,
226.0,HYUNDAI,115/22,50,16,2024.0,8628,50913,3297.0,312.0,11.0,50,20.0,7.0,61.0,66.0,43.0,550.0,56,14,,
227.0,ABB,115/22,50,26,2021.0,07-Sep-07,19658,57004.0,1666.0,538.0,10,35.0,42.0,10.0,14.0,20.0,200.0,562,42,25.0,
227.0,ABB,115/22,50,26,2022.0,08-Jul-08,21575,64003.0,2384.0,672.0,9,8.0,26.0,17.0,4.0,26.0,200.0,710,48,12.0,
227.0,ABB,115/22,50,26,2023.0,23-Jun-09,18751,73742.0,2167.0,572.0,6,3.0,26.0,24.0,1.0,17.0,200.0,623,42,12.0,
227.0,ABB,115/22,50,26,2024.0,12-Jun-10,23741,79746.0,2087.0,816.0,4,8.0,26.0,27.0,2.0,1.0,200.0,859,44,5.0,
228.0,OSAKA,115/22,50,34,2020.0,05-Sep-07,5191,28983.0,3169.0,255.0,23,18.0,26.0,5.0,26.0,26.0,200.0,327,61,19.0,
228.0,OSAKA,115/22,50,34,2021.0,25-Nov-07,5451,38507.0,4420.0,286.0,40,18.0,26.0,2.0,29.0,3.0,13.0,391,20,28.0,
228.0,OSAKA,115/22,50,34,2022.0,08-Jul-08,6684,30957.0,4074.0,267.0,22,10.0,26.0,5.0,29.0,2.0,9.0,344,54,15.0,
228.0,OSAKA,115/22,50,34,2023.0,23-Jun-09,6726,35869.0,3996.0,275.0,21,11.0,26.0,3.0,30.0,2.0,10.0,352,58,13.0,
228.0,OSAKA,115/22,50,34,2024.0,12-Jun-10,7689,55864.0,2896.0,524.0,14,7.0,26.0,14.0,25.0,3.0,11.0,598,60,12.0,
228.0,DAIHEN,230/115,200,5,,05-Sep-07,6564,23725.0,428.0,62.0,14,35.0,42.0,10.0,12.0,20.0,200.0,76,53,16.0,
228.0,DAIHEN,230/115,200,5,,02-Jul-08,6820,30570.0,1168.0,107.0,28,3.0,26.0,5.0,2.0,1.0,200.0,147,57,7.0,
228.0,DAIHEN,230/115,200,5,,15-Jan-09,11863,36301.0,1167.0,187.0,39,7.0,26.0,1.0,6.0,2.0,4.0,246,50,9.0,
228.0,DAIHEN,230/115,200,5,,23-Jun-09,4549,30378.0,1509.0,192.0,50,13.0,26.0,25.0,2.0,3.0,4.0,264,55,8.0,
228.0,DAIHEN,230/115,200,5,,04-Feb-10,1610,18210.0,1654.0,225.0,68,16.0,26.0,21.0,7.0,8.0,2.0,347,57,18.0,
229.0,ABB,115/22,50,13,2020.0,02-Oct-06,17412,58800.0,2416.0,559.0,7,3.0,26.0,9.0,22.0,26.0,200.0,578,20,8.0,เนื่องจากมี Fault จาก PEA
229.0,ABB,115/22,50,13,2021.0,07-Sep-07,12940,65158.0,1904.0,607.0,9,35.0,42.0,9.0,12.0,20.0,200.0,625,36,20.0,
229.0,ABB,115/22,50,13,2022.0,02-Jul-08,10080,73740.0,2967.0,479.0,5,3.0,26.0,5.0,1.0,15.0,2.0,510,47,5.0,
229.0,ABB,115/22,50,13,2023.0,24-Jun-09,11372,72754.0,2829.0,605.0,6,14.0,26.0,15.0,2.0,13.0,200.0,656,48,10.0,
229.0,ABB,115/22,50,13,2024.0,28-Jun-10,5080,74509.0,4416.0,962.0,8,14.0,26.0,26.0,2.0,3.0,200.0,58,48,7.0,
230.0,FUJI,115/22,50,27,2022.0,07-Sep-07,8460,42318.0,1813.0,140.0,7,25.0,26.0,25.0,58.0,26.0,28.0,258,36,21.0,
230.0,FUJI,115/22,50,27,2023.0,23-Jun-09,7519,42691.0,1307.0,173.0,7,52.0,26.0,6.0,69.0,2.0,23.0,332,52,10.0,
230.0,FUJI,115/22,50,27,2024.0,28-Jun-10,2822,39592.0,1897.0,221.0,20,58.0,26.0,5.0,98.0,46.0,200.0,448,50,8.0,
,DAIHEN,230/115,200,5,,07-Sep-07,5339,20257.0,284.0,53.0,11,35.0,42.0,10.0,12.0,20.0,200.0,64,53,14.0,
,DAIHEN,230/115,200,5,,29-Jan-10,11721,41099.0,493.0,144.0,22,35.0,42.0,2.0,4.0,1.0,6.0,179,30,17.0,
,DAIHEN,230/115,200,5,,28-Jun-10,5007,28803.0,846.0,210.0,16,7.0,26.0,2.0,16.0,1.0,22.0,274,52,6.0,
,DAIHEN,230/115,200,4,,07-Sep-07,5178,20730.0,309.0,68.0,11,35.0,42.0,10.0,6.0,20.0,200.0,85,46,15.0,
,DAIHEN,230/115,200,4,,02-Jul-08,6690,30150.0,962.0,101.0,27,2.0,26.0,25.0,1.0,1.0,200.0,133,56,5.0,
,DAIHEN,230/115,200,4,,15-Jan-09,13358,38539.0,965.0,171.0,43,4.0,26.0,1.0,2.0,2.0,2.0,225,50,9.0,
,DAIHEN,230/115,200,4,,23-Jun-09,4352,32089.0,1206.0,192.0,61,14.0,26.0,25.0,2.0,3.0,2.0,274,53,12.0,
,DAIHEN,230/115,200,4,,29-Jan-10,11114,33230.0,2184.0,339.0,42,8.0,26.0,2.0,4.0,4.0,4.0,403,52,17.0,
,DAIHEN,230/115,200,4,,28-Jun-10,7389,32233.0,1931.0,241.0,50,10.0,26.0,2.0,3.0,7.0,200.0,313,54,7.0,
